o LuaNuoc_-1_46
v 39.22032 0.03500 38.07302
v 38.92032 0.03500 38.07302
v 38.96532 0.31188 38.07302
v 38.97032 0.47982 38.12302
v 39.14534 0.03500 37.94313
v 38.99529 0.03500 38.20291
v 39.01780 0.31188 38.16394
v 38.97032 0.47982 38.12302
v 38.99537 0.03500 37.94309
v 39.14527 0.03500 38.20295
v 39.12278 0.31188 38.16397
v 38.97032 0.47982 38.12302
v 39.17372 0.03500 38.51763
v 38.87372 0.03500 38.51763
v 38.91872 0.49067 38.51763
v 38.92372 0.75487 38.56763
v 39.09874 0.03500 38.38774
v 38.94869 0.03500 38.64751
v 38.97120 0.49067 38.60855
v 38.92372 0.75487 38.56763
v 38.94877 0.03500 38.38769
v 39.09867 0.03500 38.64756
v 39.07618 0.49067 38.60858
v 38.92372 0.75487 38.56763
v 39.21204 0.03500 39.13218
v 38.91204 0.03500 39.13218
v 38.95704 0.35052 39.13218
v 38.96204 0.53927 39.18218
v 39.13706 0.03500 39.00229
v 38.98701 0.03500 39.26207
v 39.00952 0.35052 39.22310
v 38.96204 0.53927 39.18218
v 38.98709 0.03500 39.00225
v 39.13698 0.03500 39.26211
v 39.11450 0.35052 39.22313
v 38.96204 0.53927 39.18218
v 39.08456 0.03500 39.80075
v 38.78456 0.03500 39.80075
v 38.82956 0.49071 39.80075
v 38.83456 0.75494 39.85075
v 39.00959 0.03500 39.67086
v 38.85954 0.03500 39.93063
v 38.88204 0.49071 39.89167
v 38.83456 0.75494 39.85075
v 38.85961 0.03500 39.67081
v 39.00951 0.03500 39.93068
v 38.98703 0.49071 39.89170
v 38.83456 0.75494 39.85075
v 39.11428 0.03500 40.43665
v 38.81428 0.03500 40.43665
v 38.85928 0.48460 40.43665
v 38.86428 0.74554 40.48665
v 39.03931 0.03500 40.30677
v 38.88925 0.03500 40.56654
v 38.91176 0.48460 40.52758
v 38.86428 0.74554 40.48665
v 38.88933 0.03500 40.30672
v 39.03923 0.03500 40.56659
v 39.01674 0.48460 40.52761
v 38.86428 0.74554 40.48665
v 39.17025 0.03500 41.02718
v 38.87025 0.03500 41.02718
v 38.91525 0.49144 41.02718
v 38.92025 0.75606 41.07718
v 39.09528 0.03500 40.89729
v 38.94523 0.03500 41.15707
v 38.96774 0.49144 41.11811
v 38.92025 0.75606 41.07718
v 38.94530 0.03500 40.89725
v 39.09520 0.03500 41.15712
v 39.07272 0.49144 41.11814
v 38.92025 0.75606 41.07718
v 39.09237 0.03500 41.66060
v 38.79237 0.03500 41.66060
v 38.83737 0.53289 41.66060
v 38.84237 0.81983 41.71060
v 39.01739 0.03500 41.53072
v 38.86734 0.03500 41.79049
v 38.88985 0.53289 41.75153
v 38.84237 0.81983 41.71060
v 38.86742 0.03500 41.53067
v 39.01732 0.03500 41.79054
v 38.99483 0.53289 41.75156
v 38.84237 0.81983 41.71060
v 39.07148 0.03500 42.18330
v 38.77148 0.03500 42.18330
v 38.81648 0.43758 42.18330
v 38.82148 0.67320 42.23330
v 38.99650 0.03500 42.05342
v 38.84645 0.03500 42.31319
v 38.86896 0.43758 42.27423
v 38.82148 0.67320 42.23330
v 38.84653 0.03500 42.05337
v 38.99643 0.03500 42.31324
v 38.97394 0.43758 42.27426
v 38.82148 0.67320 42.23330
v 39.11912 0.03500 42.83015
v 38.81912 0.03500 42.83015
v 38.86412 0.34013 42.83015
v 38.86912 0.52327 42.88015
v 39.04414 0.03500 42.70026
v 38.89409 0.03500 42.96004
v 38.91660 0.34013 42.92107
v 38.86912 0.52327 42.88015
v 38.89417 0.03500 42.70022
v 39.04406 0.03500 42.96008
v 39.02158 0.34013 42.92110
v 38.86912 0.52327 42.88015
v 39.20613 0.03500 43.38245
v 38.90613 0.03500 43.38245
v 38.95113 0.31310 43.38245
v 38.95613 0.48170 43.43245
v 39.13116 0.03500 43.25256
v 38.98111 0.03500 43.51234
v 39.00361 0.31310 43.47337
v 38.95613 0.48170 43.43245
v 38.98118 0.03500 43.25252
v 39.13108 0.03500 43.51238
v 39.10860 0.31310 43.47340
v 38.95613 0.48170 43.43245
v 39.20745 0.03500 44.00207
v 38.90745 0.03500 44.00207
v 38.95245 0.33647 44.00207
v 38.95745 0.51765 44.05207
v 39.13247 0.03500 43.87218
v 38.98242 0.03500 44.13196
v 39.00493 0.33647 44.09299
v 38.95745 0.51765 44.05207
v 38.98250 0.03500 43.87213
v 39.13240 0.03500 44.13200
v 39.10991 0.33647 44.09302
v 38.95745 0.51765 44.05207
v 39.13091 0.03500 44.69567
v 38.83091 0.03500 44.69567
v 38.87591 0.35646 44.69567
v 38.88091 0.54840 44.74567
v 39.05594 0.03500 44.56578
v 38.90589 0.03500 44.82556
v 38.92839 0.35646 44.78659
v 38.88091 0.54840 44.74567
v 38.90596 0.03500 44.56574
v 39.05586 0.03500 44.82560
v 39.03338 0.35646 44.78662
v 38.88091 0.54840 44.74567
v 39.19356 0.03500 45.25962
v 38.89356 0.03500 45.25962
v 38.93856 0.47901 45.25962
v 38.94356 0.73693 45.30962
v 39.11858 0.03500 45.12973
v 38.96853 0.03500 45.38951
v 38.99104 0.47901 45.35055
v 38.94356 0.73693 45.30962
v 38.96861 0.03500 45.12969
v 39.11851 0.03500 45.38956
v 39.09602 0.47901 45.35058
v 38.94356 0.73693 45.30962
v 39.23737 0.03500 45.80643
v 38.93737 0.03500 45.80643
v 38.98237 0.36552 45.80643
v 38.98737 0.56234 45.85643
v 39.16239 0.03500 45.67654
v 39.01234 0.03500 45.93632
v 39.03485 0.36552 45.89735
v 38.98737 0.56234 45.85643
v 39.01242 0.03500 45.67649
v 39.16232 0.03500 45.93636
v 39.13983 0.36552 45.89738
v 38.98737 0.56234 45.85643
v 39.22074 0.03500 46.39646
v 38.92074 0.03500 46.39646
v 38.96574 0.48061 46.39646
v 38.97074 0.73941 46.44646
v 39.14577 0.03500 46.26657
v 38.99571 0.03500 46.52634
v 39.01822 0.48061 46.48738
v 38.97074 0.73941 46.44646
v 38.99579 0.03500 46.26652
v 39.14569 0.03500 46.52639
v 39.12320 0.48061 46.48741
v 38.97074 0.73941 46.44646
v 39.14261 0.03500 46.97401
v 38.84261 0.03500 46.97401
v 38.88761 0.48529 46.97401
v 38.89261 0.74660 47.02401
v 39.06764 0.03500 46.84412
v 38.91759 0.03500 47.10390
v 38.94009 0.48529 47.06493
v 38.89261 0.74660 47.02401
v 38.91766 0.03500 46.84407
v 39.06756 0.03500 47.10394
v 39.04508 0.48529 47.06496
v 38.89261 0.74660 47.02401
v 39.15243 0.03500 47.67892
v 38.85243 0.03500 47.67892
v 38.89743 0.40547 47.67892
v 38.90243 0.62381 47.72892
v 39.07745 0.03500 47.54903
v 38.92740 0.03500 47.80881
v 38.94991 0.40547 47.76984
v 38.90243 0.62381 47.72892
v 38.92748 0.03500 47.54898
v 39.07738 0.03500 47.80885
v 39.05489 0.40547 47.76987
v 38.90243 0.62381 47.72892
v 39.18637 0.03500 48.28712
v 38.88637 0.03500 48.28712
v 38.93137 0.36629 48.28712
v 38.93637 0.56352 48.33712
v 39.11140 0.03500 48.15723
v 38.96134 0.03500 48.41701
v 38.98385 0.36629 48.37804
v 38.93637 0.56352 48.33712
v 38.96142 0.03500 48.15719
v 39.11132 0.03500 48.41705
v 39.08883 0.36629 48.37807
v 38.93637 0.56352 48.33712
v 39.11603 0.03500 48.86836
v 38.81603 0.03500 48.86836
v 38.86103 0.38511 48.86836
v 38.86603 0.59248 48.91836
v 39.04105 0.03500 48.73848
v 38.89100 0.03500 48.99825
v 38.91351 0.38511 48.95929
v 38.86603 0.59248 48.91836
v 38.89108 0.03500 48.73843
v 39.04098 0.03500 48.99830
v 39.01849 0.38511 48.95932
v 38.86603 0.59248 48.91836
v 39.23440 0.03500 49.32404
v 38.93440 0.03500 49.32404
v 38.97940 0.36195 49.32404
v 38.98440 0.55684 49.37404
v 39.15943 0.03500 49.19415
v 39.00938 0.03500 49.45393
v 39.03188 0.36195 49.41496
v 38.98440 0.55684 49.37404
v 39.00945 0.03500 49.19411
v 39.15935 0.03500 49.45397
v 39.13687 0.36195 49.41499
v 38.98440 0.55684 49.37404
v 39.09683 0.03500 50.07894
v 38.79683 0.03500 50.07894
v 38.84183 0.43653 50.07894
v 38.84683 0.67158 50.12894
v 39.02185 0.03500 49.94905
v 38.87180 0.03500 50.20883
v 38.89431 0.43653 50.16986
v 38.84683 0.67158 50.12894
v 38.87188 0.03500 49.94901
v 39.02178 0.03500 50.20887
v 38.99929 0.43653 50.16989
v 38.84683 0.67158 50.12894
v 39.09475 0.03500 50.61577
v 38.79475 0.03500 50.61577
v 38.83975 0.38582 50.61577
v 38.84475 0.59356 50.66577
v 39.01977 0.03500 50.48588
v 38.86972 0.03500 50.74566
v 38.89223 0.38582 50.70669
v 38.84475 0.59356 50.66577
v 38.86980 0.03500 50.48584
v 39.01969 0.03500 50.74571
v 38.99721 0.38582 50.70673
v 38.84475 0.59356 50.66577
v 39.18467 0.03500 51.26657
v 38.88467 0.03500 51.26657
v 38.92967 0.55120 51.26657
v 38.93467 0.84801 51.31657
v 39.10970 0.03500 51.13668
v 38.95965 0.03500 51.39646
v 38.98216 0.55120 51.35749
v 38.93467 0.84801 51.31657
v 38.95973 0.03500 51.13664
v 39.10962 0.03500 51.39650
v 39.08714 0.55120 51.35752
v 38.93467 0.84801 51.31657
v 39.14892 0.03500 51.75621
v 38.84892 0.03500 51.75621
v 38.89392 0.45406 51.75621
v 38.89892 0.69855 51.80621
v 39.07395 0.03500 51.62632
v 38.92390 0.03500 51.88610
v 38.94641 0.45406 51.84713
v 38.89892 0.69855 51.80621
v 38.92397 0.03500 51.62628
v 39.07387 0.03500 51.88615
v 39.05139 0.45406 51.84717
v 38.89892 0.69855 51.80621
v 39.24717 0.03500 52.39683
v 38.94717 0.03500 52.39683
v 38.99217 0.45764 52.39683
v 38.99717 0.70406 52.44683
v 39.17220 0.03500 52.26695
v 39.02215 0.03500 52.52672
v 39.04465 0.45764 52.48776
v 38.99717 0.70406 52.44683
v 39.02222 0.03500 52.26690
v 39.17212 0.03500 52.52677
v 39.14964 0.45764 52.48779
v 38.99717 0.70406 52.44683
v 39.13707 0.03500 52.94783
v 38.83707 0.03500 52.94783
v 38.88207 0.51019 52.94783
v 38.88707 0.78491 52.99783
v 39.06209 0.03500 52.81794
v 38.91204 0.03500 53.07772
v 38.93455 0.51019 53.03876
v 38.88707 0.78491 52.99783
v 38.91212 0.03500 52.81790
v 39.06202 0.03500 53.07777
v 39.03953 0.51019 53.03879
v 38.88707 0.78491 52.99783
v 39.18816 0.03500 53.69991
v 38.88816 0.03500 53.69991
v 38.93316 0.33090 53.69991
v 38.93816 0.50908 53.74991
v 39.11319 0.03500 53.57003
v 38.96314 0.03500 53.82980
v 38.98564 0.33090 53.79084
v 38.93816 0.50908 53.74991
v 38.96321 0.03500 53.56998
v 39.11311 0.03500 53.82985
v 39.09063 0.33090 53.79087
v 38.93816 0.50908 53.74991
v 38.64484 0.03500 37.96148
v 38.34484 0.03500 37.96148
v 38.38984 0.47406 37.96148
v 38.39484 0.72932 38.01148
v 38.56986 0.03500 37.83159
v 38.41981 0.03500 38.09137
v 38.44232 0.47406 38.05240
v 38.39484 0.72932 38.01148
v 38.41989 0.03500 37.83154
v 38.56979 0.03500 38.09141
v 38.54730 0.47406 38.05243
v 38.39484 0.72932 38.01148
v 38.62733 0.03500 38.68999
v 38.32733 0.03500 38.68999
v 38.37233 0.42350 38.68999
v 38.37733 0.65155 38.73999
v 38.55236 0.03500 38.56010
v 38.40230 0.03500 38.81988
v 38.42481 0.42350 38.78091
v 38.37733 0.65155 38.73999
v 38.40238 0.03500 38.56005
v 38.55228 0.03500 38.81992
v 38.52979 0.42350 38.78094
v 38.37733 0.65155 38.73999
v 38.49718 0.03500 39.28818
v 38.19718 0.03500 39.28818
v 38.24218 0.42565 39.28818
v 38.24718 0.65484 39.33818
v 38.42221 0.03500 39.15829
v 38.27216 0.03500 39.41807
v 38.29467 0.42565 39.37910
v 38.24718 0.65484 39.33818
v 38.27223 0.03500 39.15825
v 38.42213 0.03500 39.41811
v 38.39965 0.42565 39.37913
v 38.24718 0.65484 39.33818
v 38.56944 0.03500 39.81771
v 38.26944 0.03500 39.81771
v 38.31444 0.30494 39.81771
v 38.31944 0.46913 39.86771
v 38.49446 0.03500 39.68782
v 38.34441 0.03500 39.94760
v 38.36692 0.30494 39.90863
v 38.31944 0.46913 39.86771
v 38.34449 0.03500 39.68777
v 38.49439 0.03500 39.94764
v 38.47190 0.30494 39.90866
v 38.31944 0.46913 39.86771
v 38.52196 0.03500 40.43740
v 38.22196 0.03500 40.43740
v 38.26696 0.47373 40.43740
v 38.27196 0.72881 40.48740
v 38.44698 0.03500 40.30751
v 38.29693 0.03500 40.56729
v 38.31944 0.47373 40.52833
v 38.27196 0.72881 40.48740
v 38.29701 0.03500 40.30747
v 38.44690 0.03500 40.56734
v 38.42442 0.47373 40.52836
v 38.27196 0.72881 40.48740
v 38.50259 0.03500 40.94274
v 38.20259 0.03500 40.94274
v 38.24759 0.36018 40.94274
v 38.25259 0.55412 40.99274
v 38.42762 0.03500 40.81285
v 38.27757 0.03500 41.07263
v 38.30007 0.36018 41.03367
v 38.25259 0.55412 40.99274
v 38.27764 0.03500 40.81281
v 38.42754 0.03500 41.07268
v 38.40506 0.36018 41.03370
v 38.25259 0.55412 40.99274
v 38.49179 0.03500 41.59158
v 38.19179 0.03500 41.59158
v 38.23679 0.53954 41.59158
v 38.24179 0.83006 41.64158
v 38.41682 0.03500 41.46169
v 38.26677 0.03500 41.72147
v 38.28928 0.53954 41.68250
v 38.24179 0.83006 41.64158
v 38.26684 0.03500 41.46164
v 38.41674 0.03500 41.72151
v 38.39426 0.53954 41.68253
v 38.24179 0.83006 41.64158
v 38.64764 0.03500 42.13444
v 38.34764 0.03500 42.13444
v 38.39264 0.40692 42.13444
v 38.39764 0.62603 42.18444
v 38.57267 0.03500 42.00455
v 38.42262 0.03500 42.26433
v 38.44512 0.40692 42.22536
v 38.39764 0.62603 42.18444
v 38.42269 0.03500 42.00451
v 38.57259 0.03500 42.26437
v 38.55011 0.40692 42.22539
v 38.39764 0.62603 42.18444
v 38.53423 0.03500 42.80835
v 38.23423 0.03500 42.80835
v 38.27923 0.43602 42.80835
v 38.28423 0.67079 42.85835
v 38.45926 0.03500 42.67846
v 38.30920 0.03500 42.93824
v 38.33171 0.43602 42.89927
v 38.28423 0.67079 42.85835
v 38.30928 0.03500 42.67842
v 38.45918 0.03500 42.93828
v 38.43669 0.43602 42.89930
v 38.28423 0.67079 42.85835
v 38.49669 0.03500 43.36293
v 38.19669 0.03500 43.36293
v 38.24169 0.37982 43.36293
v 38.24669 0.58434 43.41293
v 38.42171 0.03500 43.23304
v 38.27166 0.03500 43.49282
v 38.29417 0.37982 43.45385
v 38.24669 0.58434 43.41293
v 38.27174 0.03500 43.23300
v 38.42164 0.03500 43.49286
v 38.39915 0.37982 43.45388
v 38.24669 0.58434 43.41293
v 38.57559 0.03500 44.08168
v 38.27559 0.03500 44.08168
v 38.32059 0.47610 44.08168
v 38.32559 0.73246 44.13168
v 38.50062 0.03500 43.95179
v 38.35057 0.03500 44.21157
v 38.37307 0.47610 44.17260
v 38.32559 0.73246 44.13168
v 38.35064 0.03500 43.95174
v 38.50054 0.03500 44.21161
v 38.47806 0.47610 44.17263
v 38.32559 0.73246 44.13168
v 38.51570 0.03500 44.67279
v 38.21570 0.03500 44.67279
v 38.26070 0.29480 44.67279
v 38.26570 0.45354 44.72279
v 38.44073 0.03500 44.54290
v 38.29068 0.03500 44.80268
v 38.31319 0.29480 44.76371
v 38.26570 0.45354 44.72279
v 38.29076 0.03500 44.54286
v 38.44065 0.03500 44.80273
v 38.41817 0.29480 44.76375
v 38.26570 0.45354 44.72279
v 38.59656 0.03500 45.26415
v 38.29656 0.03500 45.26415
v 38.34156 0.47436 45.26415
v 38.34656 0.72979 45.31415
v 38.52158 0.03500 45.13426
v 38.37153 0.03500 45.39404
v 38.39404 0.47436 45.35507
v 38.34656 0.72979 45.31415
v 38.37161 0.03500 45.13421
v 38.52151 0.03500 45.39408
v 38.49902 0.47436 45.35510
v 38.34656 0.72979 45.31415
v 38.51323 0.03500 45.79995
v 38.21323 0.03500 45.79995
v 38.25823 0.49649 45.79995
v 38.26323 0.76384 45.84995
v 38.43825 0.03500 45.67006
v 38.28820 0.03500 45.92983
v 38.31071 0.49649 45.89087
v 38.26323 0.76384 45.84995
v 38.28828 0.03500 45.67001
v 38.43818 0.03500 45.92988
v 38.41569 0.49649 45.89090
v 38.26323 0.76384 45.84995
v 38.59084 0.03500 46.42095
v 38.29084 0.03500 46.42095
v 38.33584 0.51346 46.42095
v 38.34084 0.78994 46.47095
v 38.51587 0.03500 46.29106
v 38.36582 0.03500 46.55084
v 38.38832 0.51346 46.51187
v 38.34084 0.78994 46.47095
v 38.36589 0.03500 46.29102
v 38.51579 0.03500 46.55089
v 38.49331 0.51346 46.51191
v 38.34084 0.78994 46.47095
v 38.47217 0.03500 46.90007
v 38.17217 0.03500 46.90007
v 38.21717 0.52779 46.90007
v 38.22217 0.81199 46.95007
v 38.39720 0.03500 46.77018
v 38.24715 0.03500 47.02996
v 38.26965 0.52779 46.99099
v 38.22217 0.81199 46.95007
v 38.24722 0.03500 46.77013
v 38.39712 0.03500 47.03000
v 38.37463 0.52779 46.99102
v 38.22217 0.81199 46.95007
v 38.45448 0.03500 47.64944
v 38.15448 0.03500 47.64944
v 38.19948 0.42712 47.64944
v 38.20448 0.65711 47.69944
v 38.37951 0.03500 47.51955
v 38.22946 0.03500 47.77933
v 38.25197 0.42712 47.74036
v 38.20448 0.65711 47.69944
v 38.22954 0.03500 47.51950
v 38.37943 0.03500 47.77937
v 38.35695 0.42712 47.74039
v 38.20448 0.65711 47.69944
v 38.51522 0.03500 48.13655
v 38.21522 0.03500 48.13655
v 38.26022 0.53120 48.13655
v 38.26522 0.81723 48.18655
v 38.44025 0.03500 48.00666
v 38.29020 0.03500 48.26644
v 38.31270 0.53120 48.22747
v 38.26522 0.81723 48.18655
v 38.29027 0.03500 48.00662
v 38.44017 0.03500 48.26648
v 38.41769 0.53120 48.22750
v 38.26522 0.81723 48.18655
v 38.58488 0.03500 48.80439
v 38.28488 0.03500 48.80439
v 38.32988 0.33827 48.80439
v 38.33488 0.52042 48.85439
v 38.50990 0.03500 48.67450
v 38.35985 0.03500 48.93428
v 38.38236 0.33827 48.89531
v 38.33488 0.52042 48.85439
v 38.35993 0.03500 48.67445
v 38.50982 0.03500 48.93432
v 38.48734 0.33827 48.89534
v 38.33488 0.52042 48.85439
v 38.55424 0.03500 49.35645
v 38.25424 0.03500 49.35645
v 38.29924 0.49544 49.35645
v 38.30424 0.76222 49.40645
v 38.47927 0.03500 49.22656
v 38.32921 0.03500 49.48634
v 38.35172 0.49544 49.44737
v 38.30424 0.76222 49.40645
v 38.32929 0.03500 49.22651
v 38.47919 0.03500 49.48638
v 38.45670 0.49544 49.44740
v 38.30424 0.76222 49.40645
v 38.47860 0.03500 50.09841
v 38.17860 0.03500 50.09841
v 38.22360 0.54062 50.09841
v 38.22860 0.83172 50.14841
v 38.40363 0.03500 49.96853
v 38.25358 0.03500 50.22830
v 38.27608 0.54062 50.18934
v 38.22860 0.83172 50.14841
v 38.25365 0.03500 49.96848
v 38.40355 0.03500 50.22835
v 38.38107 0.54062 50.18937
v 38.22860 0.83172 50.14841
v 38.46341 0.03500 50.55444
v 38.16341 0.03500 50.55444
v 38.20841 0.44278 50.55444
v 38.21341 0.68120 50.60444
v 38.38843 0.03500 50.42455
v 38.23838 0.03500 50.68433
v 38.26089 0.44278 50.64536
v 38.21341 0.68120 50.60444
v 38.23846 0.03500 50.42450
v 38.38836 0.03500 50.68437
v 38.36587 0.44278 50.64539
v 38.21341 0.68120 50.60444
v 38.46559 0.03500 51.19266
v 38.16559 0.03500 51.19266
v 38.21059 0.44787 51.19266
v 38.21559 0.68903 51.24266
v 38.39061 0.03500 51.06277
v 38.24056 0.03500 51.32255
v 38.26307 0.44787 51.28358
v 38.21559 0.68903 51.24266
v 38.24064 0.03500 51.06272
v 38.39054 0.03500 51.32259
v 38.36805 0.44787 51.28361
v 38.21559 0.68903 51.24266
v 38.62722 0.03500 51.86004
v 38.32722 0.03500 51.86004
v 38.37222 0.38276 51.86004
v 38.37722 0.58887 51.91004
v 38.55224 0.03500 51.73015
v 38.40219 0.03500 51.98993
v 38.42470 0.38276 51.95096
v 38.37722 0.58887 51.91004
v 38.40227 0.03500 51.73011
v 38.55217 0.03500 51.98997
v 38.52968 0.38276 51.95099
v 38.37722 0.58887 51.91004
v 38.46755 0.03500 52.47958
v 38.16755 0.03500 52.47958
v 38.21255 0.49852 52.47958
v 38.21755 0.76696 52.52958
v 38.39258 0.03500 52.34969
v 38.24253 0.03500 52.60947
v 38.26503 0.49852 52.57050
v 38.21755 0.76696 52.52958
v 38.24260 0.03500 52.34965
v 38.39250 0.03500 52.60951
v 38.37002 0.49852 52.57053
v 38.21755 0.76696 52.52958
v 38.49534 0.03500 52.99217
v 38.19534 0.03500 52.99217
v 38.24034 0.40919 52.99217
v 38.24534 0.62953 53.04217
v 38.42036 0.03500 52.86229
v 38.27031 0.03500 53.12206
v 38.29282 0.40919 53.08310
v 38.24534 0.62953 53.04217
v 38.27039 0.03500 52.86224
v 38.42029 0.03500 53.12211
v 38.39780 0.40919 53.08313
v 38.24534 0.62953 53.04217
v 38.51460 0.03500 53.54573
v 38.21460 0.03500 53.54573
v 38.25960 0.32204 53.54573
v 38.26460 0.49545 53.59573
v 38.43962 0.03500 53.41584
v 38.28957 0.03500 53.67562
v 38.31208 0.32204 53.63665
v 38.26460 0.49545 53.59573
v 38.28965 0.03500 53.41580
v 38.43954 0.03500 53.67566
v 38.41706 0.32204 53.63668
v 38.26460 0.49545 53.59573
v 37.91911 0.03500 37.97699
v 37.61911 0.03500 37.97699
v 37.66411 0.34275 37.97699
v 37.66911 0.52730 38.02699
v 37.84414 0.03500 37.84710
v 37.69408 0.03500 38.10688
v 37.71659 0.34275 38.06791
v 37.66911 0.52730 38.02699
v 37.69416 0.03500 37.84706
v 37.84406 0.03500 38.10692
v 37.82157 0.34275 38.06794
v 37.66911 0.52730 38.02699
v 37.93204 0.03500 38.55042
v 37.63204 0.03500 38.55042
v 37.67704 0.50452 38.55042
v 37.68204 0.77618 38.60042
v 37.85706 0.03500 38.42053
v 37.70701 0.03500 38.68031
v 37.72952 0.50452 38.64134
v 37.68204 0.77618 38.60042
v 37.70709 0.03500 38.42048
v 37.85699 0.03500 38.68035
v 37.83450 0.50452 38.64137
v 37.68204 0.77618 38.60042
v 37.90007 0.03500 39.24582
v 37.60007 0.03500 39.24582
v 37.64507 0.36030 39.24582
v 37.65007 0.55430 39.29582
v 37.82510 0.03500 39.11593
v 37.67505 0.03500 39.37571
v 37.69755 0.36030 39.33674
v 37.65007 0.55430 39.29582
v 37.67512 0.03500 39.11589
v 37.82502 0.03500 39.37575
v 37.80254 0.36030 39.33677
v 37.65007 0.55430 39.29582
v 37.88732 0.03500 39.85847
v 37.58732 0.03500 39.85847
v 37.63232 0.40981 39.85847
v 37.63732 0.63048 39.90847
v 37.81235 0.03500 39.72858
v 37.66229 0.03500 39.98836
v 37.68480 0.40981 39.94940
v 37.63732 0.63048 39.90847
v 37.66237 0.03500 39.72854
v 37.81227 0.03500 39.98841
v 37.78978 0.40981 39.94943
v 37.63732 0.63048 39.90847
v 37.95551 0.03500 40.30208
v 37.65551 0.03500 40.30208
v 37.70051 0.35769 40.30208
v 37.70551 0.55029 40.35208
v 37.88054 0.03500 40.17219
v 37.73049 0.03500 40.43197
v 37.75299 0.35769 40.39300
v 37.70551 0.55029 40.35208
v 37.73056 0.03500 40.17214
v 37.88046 0.03500 40.43201
v 37.85798 0.35769 40.39303
v 37.70551 0.55029 40.35208
v 38.01086 0.03500 40.96318
v 37.71086 0.03500 40.96318
v 37.75586 0.39211 40.96318
v 37.76086 0.60325 41.01318
v 37.93589 0.03500 40.83330
v 37.78584 0.03500 41.09307
v 37.80834 0.39211 41.05411
v 37.76086 0.60325 41.01318
v 37.78591 0.03500 40.83325
v 37.93581 0.03500 41.09312
v 37.91333 0.39211 41.05414
v 37.76086 0.60325 41.01318
v 37.99544 0.03500 41.63589
v 37.69544 0.03500 41.63589
v 37.74044 0.53621 41.63589
v 37.74544 0.82494 41.68589
v 37.92046 0.03500 41.50601
v 37.77041 0.03500 41.76578
v 37.79292 0.53621 41.72682
v 37.74544 0.82494 41.68589
v 37.77049 0.03500 41.50596
v 37.92039 0.03500 41.76583
v 37.89790 0.53621 41.72685
v 37.74544 0.82494 41.68589
v 38.02811 0.03500 42.25670
v 37.72811 0.03500 42.25670
v 37.77311 0.40012 42.25670
v 37.77811 0.61557 42.30670
v 37.95313 0.03500 42.12681
v 37.80308 0.03500 42.38659
v 37.82559 0.40012 42.34763
v 37.77811 0.61557 42.30670
v 37.80316 0.03500 42.12677
v 37.95305 0.03500 42.38664
v 37.93057 0.40012 42.34766
v 37.77811 0.61557 42.30670
v 38.02572 0.03500 42.88048
v 37.72572 0.03500 42.88048
v 37.77072 0.45018 42.88048
v 37.77572 0.69258 42.93048
v 37.95075 0.03500 42.75059
v 37.80069 0.03500 43.01037
v 37.82320 0.45018 42.97141
v 37.77572 0.69258 42.93048
v 37.80077 0.03500 42.75055
v 37.95067 0.03500 43.01042
v 37.92818 0.45018 42.97144
v 37.77572 0.69258 42.93048
v 37.86336 0.03500 43.47704
v 37.56336 0.03500 43.47704
v 37.60836 0.41077 43.47704
v 37.61336 0.63196 43.52704
v 37.78839 0.03500 43.34715
v 37.63834 0.03500 43.60692
v 37.66084 0.41077 43.56796
v 37.61336 0.63196 43.52704
v 37.63841 0.03500 43.34710
v 37.78831 0.03500 43.60697
v 37.76583 0.41077 43.56799
v 37.61336 0.63196 43.52704
v 37.85818 0.03500 43.92491
v 37.55818 0.03500 43.92491
v 37.60318 0.51521 43.92491
v 37.60818 0.79263 43.97491
v 37.78320 0.03500 43.79502
v 37.63315 0.03500 44.05480
v 37.65566 0.51521 44.01583
v 37.60818 0.79263 43.97491
v 37.63323 0.03500 43.79498
v 37.78312 0.03500 44.05484
v 37.76064 0.51521 44.01586
v 37.60818 0.79263 43.97491
v 38.04820 0.03500 44.55184
v 37.74820 0.03500 44.55184
v 37.79320 0.45287 44.55184
v 37.79820 0.69672 44.60184
v 37.97323 0.03500 44.42195
v 37.82318 0.03500 44.68173
v 37.84569 0.45287 44.64276
v 37.79820 0.69672 44.60184
v 37.82325 0.03500 44.42190
v 37.97315 0.03500 44.68177
v 37.95067 0.45287 44.64279
v 37.79820 0.69672 44.60184
v 37.92668 0.03500 45.27128
v 37.62668 0.03500 45.27128
v 37.67168 0.38890 45.27128
v 37.67668 0.59830 45.32128
v 37.85171 0.03500 45.14139
v 37.70166 0.03500 45.40117
v 37.72416 0.38890 45.36220
v 37.67668 0.59830 45.32128
v 37.70173 0.03500 45.14135
v 37.85163 0.03500 45.40121
v 37.82915 0.38890 45.36223
v 37.67668 0.59830 45.32128
v 38.02021 0.03500 45.72067
v 37.72021 0.03500 45.72067
v 37.76521 0.34263 45.72067
v 37.77021 0.52713 45.77067
v 37.94524 0.03500 45.59078
v 37.79518 0.03500 45.85056
v 37.81769 0.34263 45.81159
v 37.77021 0.52713 45.77067
v 37.79526 0.03500 45.59074
v 37.94516 0.03500 45.85060
v 37.92267 0.34263 45.81162
v 37.77021 0.52713 45.77067
v 37.86615 0.03500 46.38700
v 37.56615 0.03500 46.38700
v 37.61115 0.32227 46.38700
v 37.61615 0.49580 46.43700
v 37.79118 0.03500 46.25711
v 37.64112 0.03500 46.51689
v 37.66363 0.32227 46.47792
v 37.61615 0.49580 46.43700
v 37.64120 0.03500 46.25707
v 37.79110 0.03500 46.51693
v 37.76861 0.32227 46.47795
v 37.61615 0.49580 46.43700
v 37.93592 0.03500 47.00223
v 37.63592 0.03500 47.00223
v 37.68092 0.33744 47.00223
v 37.68592 0.51914 47.05223
v 37.86095 0.03500 46.87234
v 37.71090 0.03500 47.13212
v 37.73340 0.33744 47.09316
v 37.68592 0.51914 47.05223
v 37.71097 0.03500 46.87230
v 37.86087 0.03500 47.13217
v 37.83838 0.33744 47.09319
v 37.68592 0.51914 47.05223
v 37.97750 0.03500 47.56287
v 37.67750 0.03500 47.56287
v 37.72250 0.40281 47.56287
v 37.72750 0.61970 47.61287
v 37.90253 0.03500 47.43298
v 37.75248 0.03500 47.69276
v 37.77499 0.40281 47.65379
v 37.72750 0.61970 47.61287
v 37.75256 0.03500 47.43294
v 37.90245 0.03500 47.69280
v 37.87997 0.40281 47.65382
v 37.72750 0.61970 47.61287
v 37.85877 0.03500 48.17118
v 37.55877 0.03500 48.17118
v 37.60377 0.35947 48.17118
v 37.60877 0.55303 48.22118
v 37.78380 0.03500 48.04129
v 37.63375 0.03500 48.30107
v 37.65625 0.35947 48.26210
v 37.60877 0.55303 48.22118
v 37.63382 0.03500 48.04125
v 37.78372 0.03500 48.30111
v 37.76124 0.35947 48.26213
v 37.60877 0.55303 48.22118
v 37.96474 0.03500 48.75216
v 37.66474 0.03500 48.75216
v 37.70974 0.53625 48.75216
v 37.71474 0.82500 48.80216
v 37.88977 0.03500 48.62227
v 37.73972 0.03500 48.88205
v 37.76223 0.53625 48.84308
v 37.71474 0.82500 48.80216
v 37.73979 0.03500 48.62223
v 37.88969 0.03500 48.88209
v 37.86721 0.53625 48.84311
v 37.71474 0.82500 48.80216
v 37.86247 0.03500 49.41424
v 37.56247 0.03500 49.41424
v 37.60747 0.34888 49.41424
v 37.61247 0.53673 49.46424
v 37.78749 0.03500 49.28435
v 37.63744 0.03500 49.54413
v 37.65995 0.34888 49.50516
v 37.61247 0.53673 49.46424
v 37.63752 0.03500 49.28431
v 37.78742 0.03500 49.54417
v 37.76493 0.34888 49.50519
v 37.61247 0.53673 49.46424
v 38.01337 0.03500 50.08007
v 37.71337 0.03500 50.08007
v 37.75837 0.29657 50.08007
v 37.76337 0.45626 50.13007
v 37.93840 0.03500 49.95018
v 37.78835 0.03500 50.20996
v 37.81086 0.29657 50.17100
v 37.76337 0.45626 50.13007
v 37.78842 0.03500 49.95014
v 37.93832 0.03500 50.21001
v 37.91584 0.29657 50.17103
v 37.76337 0.45626 50.13007
v 37.97319 0.03500 50.65043
v 37.67319 0.03500 50.65043
v 37.71819 0.30612 50.65043
v 37.72319 0.47096 50.70043
v 37.89822 0.03500 50.52054
v 37.74816 0.03500 50.78032
v 37.77067 0.30612 50.74136
v 37.72319 0.47096 50.70043
v 37.74824 0.03500 50.52050
v 37.89814 0.03500 50.78037
v 37.87565 0.30612 50.74139
v 37.72319 0.47096 50.70043
v 37.86958 0.03500 51.29521
v 37.56958 0.03500 51.29521
v 37.61458 0.48385 51.29521
v 37.61958 0.74438 51.34521
v 37.79461 0.03500 51.16533
v 37.64456 0.03500 51.42510
v 37.66706 0.48385 51.38614
v 37.61958 0.74438 51.34521
v 37.64463 0.03500 51.16528
v 37.79453 0.03500 51.42515
v 37.77205 0.48385 51.38617
v 37.61958 0.74438 51.34521
v 37.95847 0.03500 51.81338
v 37.65847 0.03500 51.81338
v 37.70347 0.40052 51.81338
v 37.70847 0.61619 51.86338
v 37.88350 0.03500 51.68349
v 37.73345 0.03500 51.94327
v 37.75596 0.40052 51.90430
v 37.70847 0.61619 51.86338
v 37.73352 0.03500 51.68345
v 37.88342 0.03500 51.94331
v 37.86094 0.40052 51.90433
v 37.70847 0.61619 51.86338
v 37.98541 0.03500 52.35882
v 37.68541 0.03500 52.35882
v 37.73041 0.50200 52.35882
v 37.73541 0.77230 52.40882
v 37.91044 0.03500 52.22893
v 37.76039 0.03500 52.48871
v 37.78289 0.50200 52.44974
v 37.73541 0.77230 52.40882
v 37.76046 0.03500 52.22888
v 37.91036 0.03500 52.48875
v 37.88788 0.50200 52.44977
v 37.73541 0.77230 52.40882
v 37.85083 0.03500 53.00992
v 37.55083 0.03500 53.00992
v 37.59583 0.51300 53.00992
v 37.60083 0.78924 53.05992
v 37.77585 0.03500 52.88003
v 37.62580 0.03500 53.13981
v 37.64831 0.51300 53.10084
v 37.60083 0.78924 53.05992
v 37.62588 0.03500 52.87999
v 37.77578 0.03500 53.13986
v 37.75329 0.51300 53.10088
v 37.60083 0.78924 53.05992
v 37.95608 0.03500 53.65334
v 37.65608 0.03500 53.65334
v 37.70108 0.41447 53.65334
v 37.70608 0.63765 53.70334
v 37.88111 0.03500 53.52345
v 37.73105 0.03500 53.78323
v 37.75356 0.41447 53.74426
v 37.70608 0.63765 53.70334
v 37.73113 0.03500 53.52340
v 37.88103 0.03500 53.78327
v 37.85854 0.41447 53.74429
v 37.70608 0.63765 53.70334
v 37.27629 0.03500 37.99678
v 36.97629 0.03500 37.99678
v 37.02129 0.44115 37.99678
v 37.02629 0.67869 38.04678
v 37.20131 0.03500 37.86689
v 37.05126 0.03500 38.12667
v 37.07377 0.44115 38.08771
v 37.02629 0.67869 38.04678
v 37.05134 0.03500 37.86685
v 37.20124 0.03500 38.12672
v 37.17875 0.44115 38.08774
v 37.02629 0.67869 38.04678
v 37.30344 0.03500 38.58819
v 37.00344 0.03500 38.58819
v 37.04844 0.54997 38.58819
v 37.05344 0.84611 38.63819
v 37.22847 0.03500 38.45830
v 37.07842 0.03500 38.71808
v 37.10092 0.54997 38.67911
v 37.05344 0.84611 38.63819
v 37.07849 0.03500 38.45826
v 37.22839 0.03500 38.71813
v 37.20591 0.54997 38.67915
v 37.05344 0.84611 38.63819
v 37.39302 0.03500 39.25709
v 37.09302 0.03500 39.25709
v 37.13802 0.48014 39.25709
v 37.14302 0.73868 39.30709
v 37.31805 0.03500 39.12720
v 37.16800 0.03500 39.38698
v 37.19050 0.48014 39.34801
v 37.14302 0.73868 39.30709
v 37.16807 0.03500 39.12715
v 37.31797 0.03500 39.38702
v 37.29549 0.48014 39.34804
v 37.14302 0.73868 39.30709
v 37.31195 0.03500 39.83193
v 37.01195 0.03500 39.83193
v 37.05695 0.34488 39.83193
v 37.06195 0.53059 39.88193
v 37.23698 0.03500 39.70204
v 37.08693 0.03500 39.96182
v 37.10943 0.34488 39.92285
v 37.06195 0.53059 39.88193
v 37.08700 0.03500 39.70200
v 37.23690 0.03500 39.96187
v 37.21442 0.34488 39.92289
v 37.06195 0.53059 39.88193
v 37.39603 0.03500 40.32767
v 37.09603 0.03500 40.32767
v 37.14103 0.40635 40.32767
v 37.14603 0.62515 40.37767
v 37.32106 0.03500 40.19778
v 37.17100 0.03500 40.45755
v 37.19351 0.40635 40.41859
v 37.14603 0.62515 40.37767
v 37.17108 0.03500 40.19773
v 37.32098 0.03500 40.45760
v 37.29849 0.40635 40.41862
v 37.14603 0.62515 40.37767
v 37.42416 0.03500 40.92099
v 37.12416 0.03500 40.92099
v 37.16916 0.33452 40.92099
v 37.17416 0.51465 40.97099
v 37.34919 0.03500 40.79110
v 37.19913 0.03500 41.05088
v 37.22164 0.33452 41.01191
v 37.17416 0.51465 40.97099
v 37.19921 0.03500 40.79106
v 37.34911 0.03500 41.05092
v 37.32662 0.33452 41.01194
v 37.17416 0.51465 40.97099
v 37.41822 0.03500 41.51762
v 37.11822 0.03500 41.51762
v 37.16322 0.48386 41.51762
v 37.16822 0.74439 41.56762
v 37.34325 0.03500 41.38773
v 37.19320 0.03500 41.64751
v 37.21571 0.48386 41.60854
v 37.16822 0.74439 41.56762
v 37.19328 0.03500 41.38769
v 37.34317 0.03500 41.64755
v 37.32069 0.48386 41.60857
v 37.16822 0.74439 41.56762
v 37.28339 0.03500 42.10348
v 36.98339 0.03500 42.10348
v 37.02839 0.46603 42.10348
v 37.03339 0.71697 42.15348
v 37.20842 0.03500 41.97359
v 37.05837 0.03500 42.23337
v 37.08088 0.46603 42.19441
v 37.03339 0.71697 42.15348
v 37.05845 0.03500 41.97355
v 37.20834 0.03500 42.23342
v 37.18586 0.46603 42.19444
v 37.03339 0.71697 42.15348
v 37.44636 0.03500 42.76353
v 37.14636 0.03500 42.76353
v 37.19136 0.45640 42.76353
v 37.19636 0.70216 42.81353
v 37.37138 0.03500 42.63364
v 37.22133 0.03500 42.89342
v 37.24384 0.45640 42.85445
v 37.19636 0.70216 42.81353
v 37.22141 0.03500 42.63360
v 37.37131 0.03500 42.89347
v 37.34882 0.45640 42.85449
v 37.19636 0.70216 42.81353
v 37.33533 0.03500 43.35785
v 37.03533 0.03500 43.35785
v 37.08033 0.48458 43.35785
v 37.08533 0.74551 43.40785
v 37.26036 0.03500 43.22796
v 37.11031 0.03500 43.48774
v 37.13281 0.48458 43.44878
v 37.08533 0.74551 43.40785
v 37.11038 0.03500 43.22792
v 37.26028 0.03500 43.48779
v 37.23780 0.48458 43.44881
v 37.08533 0.74551 43.40785
v 37.35081 0.03500 44.09202
v 37.05081 0.03500 44.09202
v 37.09581 0.29488 44.09202
v 37.10081 0.45366 44.14202
v 37.27584 0.03500 43.96213
v 37.12579 0.03500 44.22191
v 37.14829 0.29488 44.18294
v 37.10081 0.45366 44.14202
v 37.12586 0.03500 43.96208
v 37.27576 0.03500 44.22195
v 37.25327 0.29488 44.18297
v 37.10081 0.45366 44.14202
v 37.39995 0.03500 44.66774
v 37.09995 0.03500 44.66774
v 37.14495 0.29847 44.66774
v 37.14995 0.45919 44.71774
v 37.32498 0.03500 44.53785
v 37.17493 0.03500 44.79763
v 37.19743 0.29847 44.75867
v 37.14995 0.45919 44.71774
v 37.17500 0.03500 44.53781
v 37.32490 0.03500 44.79768
v 37.30241 0.29847 44.75870
v 37.14995 0.45919 44.71774
v 37.30752 0.03500 45.10365
v 37.00752 0.03500 45.10365
v 37.05252 0.49947 45.10365
v 37.05752 0.76842 45.15365
v 37.23254 0.03500 44.97376
v 37.08249 0.03500 45.23354
v 37.10500 0.49947 45.19457
v 37.05752 0.76842 45.15365
v 37.08257 0.03500 44.97372
v 37.23247 0.03500 45.23358
v 37.20998 0.49947 45.19460
v 37.05752 0.76842 45.15365
v 37.31766 0.03500 45.83440
v 37.01766 0.03500 45.83440
v 37.06266 0.42593 45.83440
v 37.06766 0.65528 45.88440
v 37.24269 0.03500 45.70451
v 37.09263 0.03500 45.96429
v 37.11514 0.42593 45.92532
v 37.06766 0.65528 45.88440
v 37.09271 0.03500 45.70447
v 37.24261 0.03500 45.96433
v 37.22012 0.42593 45.92535
v 37.06766 0.65528 45.88440
v 37.40543 0.03500 46.33291
v 37.10543 0.03500 46.33291
v 37.15043 0.31262 46.33291
v 37.15543 0.48095 46.38291
v 37.33046 0.03500 46.20302
v 37.18041 0.03500 46.46280
v 37.20292 0.31262 46.42383
v 37.15543 0.48095 46.38291
v 37.18049 0.03500 46.20298
v 37.33038 0.03500 46.46284
v 37.30790 0.31262 46.42386
v 37.15543 0.48095 46.38291
v 37.43687 0.03500 47.08910
v 37.13687 0.03500 47.08910
v 37.18187 0.43980 47.08910
v 37.18687 0.67661 47.13910
v 37.36189 0.03500 46.95921
v 37.21184 0.03500 47.21899
v 37.23435 0.43980 47.18002
v 37.18687 0.67661 47.13910
v 37.21192 0.03500 46.95916
v 37.36182 0.03500 47.21903
v 37.33933 0.43980 47.18005
v 37.18687 0.67661 47.13910
v 37.34273 0.03500 47.56375
v 37.04273 0.03500 47.56375
v 37.08773 0.36006 47.56375
v 37.09273 0.55394 47.61375
v 37.26776 0.03500 47.43386
v 37.11771 0.03500 47.69364
v 37.14022 0.36006 47.65467
v 37.09273 0.55394 47.61375
v 37.11779 0.03500 47.43381
v 37.26768 0.03500 47.69368
v 37.24520 0.36006 47.65470
v 37.09273 0.55394 47.61375
v 37.37408 0.03500 48.24710
v 37.07408 0.03500 48.24710
v 37.11908 0.48170 48.24710
v 37.12408 0.74107 48.29710
v 37.29911 0.03500 48.11722
v 37.14906 0.03500 48.37699
v 37.17157 0.48170 48.33803
v 37.12408 0.74107 48.29710
v 37.14914 0.03500 48.11717
v 37.29903 0.03500 48.37704
v 37.27655 0.48170 48.33806
v 37.12408 0.74107 48.29710
v 37.30954 0.03500 48.73610
v 37.00954 0.03500 48.73610
v 37.05454 0.46890 48.73610
v 37.05954 0.72139 48.78610
v 37.23456 0.03500 48.60621
v 37.08451 0.03500 48.86599
v 37.10702 0.46890 48.82702
v 37.05954 0.72139 48.78610
v 37.08459 0.03500 48.60616
v 37.23449 0.03500 48.86603
v 37.21200 0.46890 48.82705
v 37.05954 0.72139 48.78610
v 37.33880 0.03500 49.33658
v 37.03880 0.03500 49.33658
v 37.08380 0.48240 49.33658
v 37.08880 0.74215 49.38658
v 37.26383 0.03500 49.20669
v 37.11377 0.03500 49.46647
v 37.13628 0.48240 49.42750
v 37.08880 0.74215 49.38658
v 37.11385 0.03500 49.20664
v 37.26375 0.03500 49.46651
v 37.24126 0.48240 49.42753
v 37.08880 0.74215 49.38658
v 37.26469 0.03500 49.91829
v 36.96469 0.03500 49.91829
v 37.00969 0.42959 49.91829
v 37.01469 0.66091 49.96829
v 37.18971 0.03500 49.78840
v 37.03966 0.03500 50.04818
v 37.06217 0.42959 50.00921
v 37.01469 0.66091 49.96829
v 37.03974 0.03500 49.78836
v 37.18964 0.03500 50.04822
v 37.16715 0.42959 50.00924
v 37.01469 0.66091 49.96829
v 37.41355 0.03500 50.64699
v 37.11355 0.03500 50.64699
v 37.15855 0.36244 50.64699
v 37.16355 0.55761 50.69699
v 37.33857 0.03500 50.51710
v 37.18852 0.03500 50.77687
v 37.21103 0.36244 50.73791
v 37.16355 0.55761 50.69699
v 37.18860 0.03500 50.51705
v 37.33849 0.03500 50.77692
v 37.31601 0.36244 50.73794
v 37.16355 0.55761 50.69699
v 37.35971 0.03500 51.19236
v 37.05971 0.03500 51.19236
v 37.10471 0.47197 51.19236
v 37.10971 0.72611 51.24236
v 37.28474 0.03500 51.06247
v 37.13469 0.03500 51.32225
v 37.15720 0.47197 51.28328
v 37.10971 0.72611 51.24236
v 37.13477 0.03500 51.06243
v 37.28466 0.03500 51.32229
v 37.26218 0.47197 51.28331
v 37.10971 0.72611 51.24236
v 37.43965 0.03500 51.75830
v 37.13965 0.03500 51.75830
v 37.18465 0.51822 51.75830
v 37.18965 0.79726 51.80830
v 37.36468 0.03500 51.62841
v 37.21462 0.03500 51.88819
v 37.23713 0.51822 51.84922
v 37.18965 0.79726 51.80830
v 37.21470 0.03500 51.62837
v 37.36460 0.03500 51.88823
v 37.34211 0.51822 51.84925
v 37.18965 0.79726 51.80830
v 37.37418 0.03500 52.39723
v 37.07418 0.03500 52.39723
v 37.11918 0.39544 52.39723
v 37.12418 0.60837 52.44723
v 37.29920 0.03500 52.26734
v 37.14915 0.03500 52.52712
v 37.17166 0.39544 52.48815
v 37.12418 0.60837 52.44723
v 37.14923 0.03500 52.26729
v 37.29912 0.03500 52.52716
v 37.27664 0.39544 52.48818
v 37.12418 0.60837 52.44723
v 37.26184 0.03500 52.99665
v 36.96184 0.03500 52.99665
v 37.00684 0.30144 52.99665
v 37.01184 0.46375 53.04665
v 37.18686 0.03500 52.86676
v 37.03681 0.03500 53.12653
v 37.05932 0.30144 53.08757
v 37.01184 0.46375 53.04665
v 37.03689 0.03500 52.86671
v 37.18679 0.03500 53.12658
v 37.16430 0.30144 53.08760
v 37.01184 0.46375 53.04665
v 37.31627 0.03500 53.68229
v 37.01627 0.03500 53.68229
v 37.06127 0.44441 53.68229
v 37.06627 0.68371 53.73229
v 37.24129 0.03500 53.55240
v 37.09124 0.03500 53.81218
v 37.11375 0.44441 53.77321
v 37.06627 0.68371 53.73229
v 37.09132 0.03500 53.55236
v 37.24121 0.03500 53.81222
v 37.21873 0.44441 53.77324
v 37.06627 0.68371 53.73229
v 36.75972 0.03500 37.96854
v 36.45972 0.03500 37.96854
v 36.50472 0.53083 37.96854
v 36.50972 0.81665 38.01854
v 36.68475 0.03500 37.83865
v 36.53470 0.03500 38.09843
v 36.55721 0.53083 38.05946
v 36.50972 0.81665 38.01854
v 36.53478 0.03500 37.83861
v 36.68467 0.03500 38.09847
v 36.66219 0.53083 38.05949
v 36.50972 0.81665 38.01854
v 36.66566 0.03500 38.61346
v 36.36566 0.03500 38.61346
v 36.41066 0.33384 38.61346
v 36.41566 0.51360 38.66346
v 36.59068 0.03500 38.48357
v 36.44063 0.03500 38.74335
v 36.46314 0.33384 38.70438
v 36.41566 0.51360 38.66346
v 36.44071 0.03500 38.48353
v 36.59060 0.03500 38.74339
v 36.56812 0.33384 38.70441
v 36.41566 0.51360 38.66346
v 36.73316 0.03500 39.18551
v 36.43316 0.03500 39.18551
v 36.47816 0.31166 39.18551
v 36.48316 0.47948 39.23551
v 36.65818 0.03500 39.05562
v 36.50813 0.03500 39.31540
v 36.53064 0.31166 39.27644
v 36.48316 0.47948 39.23551
v 36.50821 0.03500 39.05558
v 36.65810 0.03500 39.31545
v 36.63562 0.31166 39.27647
v 36.48316 0.47948 39.23551
v 36.65797 0.03500 39.77722
v 36.35797 0.03500 39.77722
v 36.40297 0.32586 39.77722
v 36.40797 0.50133 39.82722
v 36.58299 0.03500 39.64733
v 36.43294 0.03500 39.90711
v 36.45545 0.32586 39.86814
v 36.40797 0.50133 39.82722
v 36.43302 0.03500 39.64729
v 36.58292 0.03500 39.90715
v 36.56043 0.32586 39.86817
v 36.40797 0.50133 39.82722
v 36.68070 0.03500 40.45016
v 36.38070 0.03500 40.45016
v 36.42570 0.49837 40.45016
v 36.43070 0.76672 40.50016
v 36.60572 0.03500 40.32028
v 36.45567 0.03500 40.58005
v 36.47818 0.49837 40.54109
v 36.43070 0.76672 40.50016
v 36.45575 0.03500 40.32023
v 36.60565 0.03500 40.58010
v 36.58316 0.49837 40.54112
v 36.43070 0.76672 40.50016
v 36.71354 0.03500 41.09196
v 36.41354 0.03500 41.09196
v 36.45854 0.31629 41.09196
v 36.46354 0.48660 41.14196
v 36.63856 0.03500 40.96207
v 36.48851 0.03500 41.22185
v 36.51102 0.31629 41.18288
v 36.46354 0.48660 41.14196
v 36.48859 0.03500 40.96203
v 36.63848 0.03500 41.22189
v 36.61600 0.31629 41.18291
v 36.46354 0.48660 41.14196
v 36.73706 0.03500 41.50392
v 36.43706 0.03500 41.50392
v 36.48206 0.48055 41.50392
v 36.48706 0.73931 41.55392
v 36.66209 0.03500 41.37403
v 36.51204 0.03500 41.63381
v 36.53454 0.48055 41.59485
v 36.48706 0.73931 41.55392
v 36.51211 0.03500 41.37399
v 36.66201 0.03500 41.63386
v 36.63953 0.48055 41.59488
v 36.48706 0.73931 41.55392
v 36.84293 0.03500 42.24546
v 36.54293 0.03500 42.24546
v 36.58793 0.33067 42.24546
v 36.59293 0.50873 42.29546
v 36.76796 0.03500 42.11557
v 36.61790 0.03500 42.37535
v 36.64041 0.33067 42.33638
v 36.59293 0.50873 42.29546
v 36.61798 0.03500 42.11552
v 36.76788 0.03500 42.37539
v 36.74539 0.33067 42.33641
v 36.59293 0.50873 42.29546
v 36.84936 0.03500 42.73623
v 36.54936 0.03500 42.73623
v 36.59436 0.54739 42.73623
v 36.59936 0.84213 42.78623
v 36.77438 0.03500 42.60634
v 36.62433 0.03500 42.86612
v 36.64684 0.54739 42.82715
v 36.59936 0.84213 42.78623
v 36.62441 0.03500 42.60630
v 36.77430 0.03500 42.86616
v 36.75182 0.54739 42.82718
v 36.59936 0.84213 42.78623
v 36.65432 0.03500 43.41548
v 36.35432 0.03500 43.41548
v 36.39932 0.30170 43.41548
v 36.40432 0.46416 43.46548
v 36.57935 0.03500 43.28559
v 36.42930 0.03500 43.54537
v 36.45180 0.30170 43.50640
v 36.40432 0.46416 43.46548
v 36.42937 0.03500 43.28555
v 36.57927 0.03500 43.54541
v 36.55679 0.30170 43.50643
v 36.40432 0.46416 43.46548
v 36.67110 0.03500 44.04510
v 36.37110 0.03500 44.04510
v 36.41610 0.40838 44.04510
v 36.42110 0.62828 44.09510
v 36.59613 0.03500 43.91521
v 36.44608 0.03500 44.17499
v 36.46859 0.40838 44.13602
v 36.42110 0.62828 44.09510
v 36.44616 0.03500 43.91517
v 36.59605 0.03500 44.17503
v 36.57357 0.40838 44.13605
v 36.42110 0.62828 44.09510
v 36.84328 0.03500 44.64266
v 36.54328 0.03500 44.64266
v 36.58828 0.40091 44.64266
v 36.59328 0.61678 44.69266
v 36.76831 0.03500 44.51277
v 36.61825 0.03500 44.77255
v 36.64076 0.40091 44.73358
v 36.59328 0.61678 44.69266
v 36.61833 0.03500 44.51273
v 36.76823 0.03500 44.77260
v 36.74574 0.40091 44.73362
v 36.59328 0.61678 44.69266
v 36.84796 0.03500 45.12975
v 36.54796 0.03500 45.12975
v 36.59296 0.35189 45.12975
v 36.59796 0.54138 45.17975
v 36.77299 0.03500 44.99986
v 36.62294 0.03500 45.25963
v 36.64544 0.35189 45.22067
v 36.59796 0.54138 45.17975
v 36.62301 0.03500 44.99981
v 36.77291 0.03500 45.25968
v 36.75043 0.35189 45.22070
v 36.59796 0.54138 45.17975
v 36.78564 0.03500 45.85685
v 36.48564 0.03500 45.85685
v 36.53064 0.34951 45.85685
v 36.53564 0.53771 45.90685
v 36.71066 0.03500 45.72696
v 36.56061 0.03500 45.98674
v 36.58312 0.34951 45.94777
v 36.53564 0.53771 45.90685
v 36.56069 0.03500 45.72691
v 36.71058 0.03500 45.98678
v 36.68810 0.34951 45.94780
v 36.53564 0.53771 45.90685
v 36.68996 0.03500 46.31767
v 36.38996 0.03500 46.31767
v 36.43496 0.40760 46.31767
v 36.43996 0.62708 46.36767
v 36.61498 0.03500 46.18778
v 36.46493 0.03500 46.44756
v 36.48744 0.40760 46.40859
v 36.43996 0.62708 46.36767
v 36.46501 0.03500 46.18774
v 36.61491 0.03500 46.44761
v 36.59242 0.40760 46.40863
v 36.43996 0.62708 46.36767
v 36.75284 0.03500 47.05314
v 36.45284 0.03500 47.05314
v 36.49784 0.51959 47.05314
v 36.50284 0.79936 47.10314
v 36.67787 0.03500 46.92325
v 36.52782 0.03500 47.18303
v 36.55032 0.51959 47.14406
v 36.50284 0.79936 47.10314
v 36.52789 0.03500 46.92320
v 36.67779 0.03500 47.18307
v 36.65531 0.51959 47.14409
v 36.50284 0.79936 47.10314
v 36.70492 0.03500 47.67673
v 36.40492 0.03500 47.67673
v 36.44992 0.48110 47.67673
v 36.45492 0.74016 47.72673
v 36.62994 0.03500 47.54684
v 36.47989 0.03500 47.80662
v 36.50240 0.48110 47.76765
v 36.45492 0.74016 47.72673
v 36.47997 0.03500 47.54680
v 36.62986 0.03500 47.80666
v 36.60738 0.48110 47.76768
v 36.45492 0.74016 47.72673
v 36.82314 0.03500 48.19190
v 36.52314 0.03500 48.19190
v 36.56814 0.44926 48.19190
v 36.57314 0.69117 48.24190
v 36.74817 0.03500 48.06202
v 36.59812 0.03500 48.32179
v 36.62063 0.44926 48.28283
v 36.57314 0.69117 48.24190
v 36.59820 0.03500 48.06197
v 36.74809 0.03500 48.32184
v 36.72561 0.44926 48.28286
v 36.57314 0.69117 48.24190
v 36.83098 0.03500 48.84035
v 36.53098 0.03500 48.84035
v 36.57598 0.37633 48.84035
v 36.58098 0.57897 48.89035
v 36.75600 0.03500 48.71046
v 36.60595 0.03500 48.97024
v 36.62846 0.37633 48.93127
v 36.58098 0.57897 48.89035
v 36.60603 0.03500 48.71041
v 36.75592 0.03500 48.97028
v 36.73344 0.37633 48.93130
v 36.58098 0.57897 48.89035
v 36.72590 0.03500 49.41927
v 36.42590 0.03500 49.41927
v 36.47090 0.43875 49.41927
v 36.47590 0.67500 49.46927
v 36.65093 0.03500 49.28938
v 36.50088 0.03500 49.54916
v 36.52338 0.43875 49.51019
v 36.47590 0.67500 49.46927
v 36.50095 0.03500 49.28933
v 36.65085 0.03500 49.54920
v 36.62836 0.43875 49.51022
v 36.47590 0.67500 49.46927
v 36.78984 0.03500 49.99351
v 36.48984 0.03500 49.99351
v 36.53484 0.53938 49.99351
v 36.53984 0.82981 50.04351
v 36.71487 0.03500 49.86362
v 36.56482 0.03500 50.12340
v 36.58732 0.53938 50.08443
v 36.53984 0.82981 50.04351
v 36.56489 0.03500 49.86358
v 36.71479 0.03500 50.12344
v 36.69231 0.53938 50.08446
v 36.53984 0.82981 50.04351
v 36.67675 0.03500 50.53926
v 36.37675 0.03500 50.53926
v 36.42175 0.30594 50.53926
v 36.42675 0.47068 50.58926
v 36.60178 0.03500 50.40937
v 36.45173 0.03500 50.66915
v 36.47423 0.30594 50.63019
v 36.42675 0.47068 50.58926
v 36.45180 0.03500 50.40933
v 36.60170 0.03500 50.66920
v 36.57922 0.30594 50.63022
v 36.42675 0.47068 50.58926
v 36.83496 0.03500 51.14954
v 36.53496 0.03500 51.14954
v 36.57996 0.45035 51.14954
v 36.58496 0.69285 51.19954
v 36.75998 0.03500 51.01965
v 36.60993 0.03500 51.27943
v 36.63244 0.45035 51.24046
v 36.58496 0.69285 51.19954
v 36.61001 0.03500 51.01960
v 36.75991 0.03500 51.27947
v 36.73742 0.45035 51.24049
v 36.58496 0.69285 51.19954
v 36.69136 0.03500 51.84885
v 36.39136 0.03500 51.84885
v 36.43636 0.35812 51.84885
v 36.44136 0.55096 51.89885
v 36.61639 0.03500 51.71896
v 36.46634 0.03500 51.97874
v 36.48884 0.35812 51.93977
v 36.44136 0.55096 51.89885
v 36.46641 0.03500 51.71891
v 36.61631 0.03500 51.97878
v 36.59383 0.35812 51.93980
v 36.44136 0.55096 51.89885
v 36.77613 0.03500 52.49715
v 36.47613 0.03500 52.49715
v 36.52113 0.48721 52.49715
v 36.52613 0.74955 52.54715
v 36.70115 0.03500 52.36726
v 36.55110 0.03500 52.62703
v 36.57361 0.48721 52.58807
v 36.52613 0.74955 52.54715
v 36.55118 0.03500 52.36721
v 36.70108 0.03500 52.62708
v 36.67859 0.48721 52.58810
v 36.52613 0.74955 52.54715
v 36.76874 0.03500 52.91411
v 36.46874 0.03500 52.91411
v 36.51374 0.40231 52.91411
v 36.51874 0.61894 52.96411
v 36.69376 0.03500 52.78422
v 36.54371 0.03500 53.04400
v 36.56622 0.40231 53.00504
v 36.51874 0.61894 52.96411
v 36.54379 0.03500 52.78418
v 36.69368 0.03500 53.04405
v 36.67120 0.40231 53.00507
v 36.51874 0.61894 52.96411
v 36.74008 0.03500 53.55009
v 36.44008 0.03500 53.55009
v 36.48508 0.41376 53.55009
v 36.49008 0.63655 53.60009
v 36.66511 0.03500 53.42020
v 36.51506 0.03500 53.67998
v 36.53756 0.41376 53.64102
v 36.49008 0.63655 53.60009
v 36.51513 0.03500 53.42016
v 36.66503 0.03500 53.68003
v 36.64255 0.41376 53.64105
v 36.49008 0.63655 53.60009
v 36.07541 0.03500 38.09120
v 35.77541 0.03500 38.09120
v 35.82041 0.51664 38.09120
v 35.82541 0.79483 38.14120
v 36.00043 0.03500 37.96131
v 35.85038 0.03500 38.22108
v 35.87289 0.51664 38.18212
v 35.82541 0.79483 38.14120
v 35.85046 0.03500 37.96126
v 36.00036 0.03500 38.22113
v 35.97787 0.51664 38.18215
v 35.82541 0.79483 38.14120
v 36.05297 0.03500 38.67936
v 35.75297 0.03500 38.67936
v 35.79797 0.38874 38.67936
v 35.80297 0.59806 38.72936
v 35.97800 0.03500 38.54947
v 35.82795 0.03500 38.80925
v 35.85046 0.38874 38.77028
v 35.80297 0.59806 38.72936
v 35.82803 0.03500 38.54943
v 35.97792 0.03500 38.80929
v 35.95544 0.38874 38.77031
v 35.80297 0.59806 38.72936
v 36.13553 0.03500 39.19312
v 35.83553 0.03500 39.19312
v 35.88053 0.48701 39.19312
v 35.88553 0.74924 39.24312
v 36.06055 0.03500 39.06323
v 35.91050 0.03500 39.32301
v 35.93301 0.48701 39.28404
v 35.88553 0.74924 39.24312
v 35.91058 0.03500 39.06318
v 36.06047 0.03500 39.32305
v 36.03799 0.48701 39.28407
v 35.88553 0.74924 39.24312
v 36.16836 0.03500 39.77543
v 35.86836 0.03500 39.77543
v 35.91336 0.45841 39.77543
v 35.91836 0.70525 39.82543
v 36.09339 0.03500 39.64554
v 35.94334 0.03500 39.90532
v 35.96585 0.45841 39.86635
v 35.91836 0.70525 39.82543
v 35.94342 0.03500 39.64550
v 36.09331 0.03500 39.90537
v 36.07083 0.45841 39.86639
v 35.91836 0.70525 39.82543
v 36.23889 0.03500 40.40565
v 35.93889 0.03500 40.40565
v 35.98389 0.37502 40.40565
v 35.98889 0.57696 40.45565
v 36.16391 0.03500 40.27576
v 36.01386 0.03500 40.53554
v 36.03637 0.37502 40.49657
v 35.98889 0.57696 40.45565
v 36.01394 0.03500 40.27572
v 36.16384 0.03500 40.53558
v 36.14135 0.37502 40.49660
v 35.98889 0.57696 40.45565
v 36.10123 0.03500 41.07333
v 35.80123 0.03500 41.07333
v 35.84623 0.52405 41.07333
v 35.85123 0.80623 41.12333
v 36.02626 0.03500 40.94344
v 35.87621 0.03500 41.20322
v 35.89872 0.52405 41.16426
v 35.85123 0.80623 41.12333
v 35.87629 0.03500 40.94340
v 36.02618 0.03500 41.20327
v 36.00370 0.52405 41.16429
v 35.85123 0.80623 41.12333
v 36.09128 0.03500 41.68642
v 35.79128 0.03500 41.68642
v 35.83628 0.43589 41.68642
v 35.84128 0.67059 41.73642
v 36.01631 0.03500 41.55653
v 35.86626 0.03500 41.81631
v 35.88877 0.43589 41.77734
v 35.84128 0.67059 41.73642
v 35.86634 0.03500 41.55648
v 36.01623 0.03500 41.81635
v 35.99375 0.43589 41.77737
v 35.84128 0.67059 41.73642
v 36.21208 0.03500 42.25595
v 35.91208 0.03500 42.25595
v 35.95708 0.42262 42.25595
v 35.96208 0.65019 42.30595
v 36.13711 0.03500 42.12606
v 35.98705 0.03500 42.38583
v 36.00956 0.42262 42.34687
v 35.96208 0.65019 42.30595
v 35.98713 0.03500 42.12601
v 36.13703 0.03500 42.38588
v 36.11454 0.42262 42.34690
v 35.96208 0.65019 42.30595
v 36.13181 0.03500 42.88585
v 35.83181 0.03500 42.88585
v 35.87681 0.39983 42.88585
v 35.88181 0.61513 42.93585
v 36.05684 0.03500 42.75596
v 35.90679 0.03500 43.01573
v 35.92929 0.39983 42.97677
v 35.88181 0.61513 42.93585
v 35.90686 0.03500 42.75591
v 36.05676 0.03500 43.01578
v 36.03428 0.39983 42.97680
v 35.88181 0.61513 42.93585
v 36.06577 0.03500 43.36025
v 35.76577 0.03500 43.36025
v 35.81077 0.43682 43.36025
v 35.81577 0.67203 43.41025
v 35.99080 0.03500 43.23036
v 35.84074 0.03500 43.49014
v 35.86325 0.43682 43.45117
v 35.81577 0.67203 43.41025
v 35.84082 0.03500 43.23031
v 35.99072 0.03500 43.49018
v 35.96823 0.43682 43.45120
v 35.81577 0.67203 43.41025
v 36.10144 0.03500 43.94478
v 35.80144 0.03500 43.94478
v 35.84644 0.35115 43.94478
v 35.85144 0.54022 43.99478
v 36.02647 0.03500 43.81489
v 35.87642 0.03500 44.07467
v 35.89892 0.35115 44.03571
v 35.85144 0.54022 43.99478
v 35.87649 0.03500 43.81485
v 36.02639 0.03500 44.07472
v 36.00391 0.35115 44.03574
v 35.85144 0.54022 43.99478
v 36.22662 0.03500 44.58977
v 35.92662 0.03500 44.58977
v 35.97162 0.55178 44.58977
v 35.97662 0.84889 44.63977
v 36.15164 0.03500 44.45988
v 36.00159 0.03500 44.71965
v 36.02410 0.55178 44.68069
v 35.97662 0.84889 44.63977
v 36.00167 0.03500 44.45983
v 36.15157 0.03500 44.71970
v 36.12908 0.55178 44.68072
v 35.97662 0.84889 44.63977
v 36.07172 0.03500 45.10054
v 35.77172 0.03500 45.10054
v 35.81672 0.30866 45.10054
v 35.82172 0.47486 45.15054
v 35.99675 0.03500 44.97065
v 35.84669 0.03500 45.23043
v 35.86920 0.30866 45.19146
v 35.82172 0.47486 45.15054
v 35.84677 0.03500 44.97060
v 35.99667 0.03500 45.23047
v 35.97418 0.30866 45.19149
v 35.82172 0.47486 45.15054
v 36.16018 0.03500 45.77095
v 35.86018 0.03500 45.77095
v 35.90518 0.38294 45.77095
v 35.91018 0.58915 45.82095
v 36.08520 0.03500 45.64106
v 35.93515 0.03500 45.90084
v 35.95766 0.38294 45.86187
v 35.91018 0.58915 45.82095
v 35.93523 0.03500 45.64102
v 36.08512 0.03500 45.90088
v 36.06264 0.38294 45.86190
v 35.91018 0.58915 45.82095
v 36.09652 0.03500 46.45304
v 35.79652 0.03500 46.45304
v 35.84152 0.32627 46.45304
v 35.84652 0.50195 46.50304
v 36.02155 0.03500 46.32315
v 35.87150 0.03500 46.58293
v 35.89400 0.32627 46.54396
v 35.84652 0.50195 46.50304
v 35.87157 0.03500 46.32311
v 36.02147 0.03500 46.58297
v 35.99898 0.32627 46.54399
v 35.84652 0.50195 46.50304
v 36.10757 0.03500 46.92381
v 35.80757 0.03500 46.92381
v 35.85257 0.31412 46.92381
v 35.85757 0.48325 46.97381
v 36.03260 0.03500 46.79392
v 35.88255 0.03500 47.05370
v 35.90506 0.31412 47.01473
v 35.85757 0.48325 46.97381
v 35.88262 0.03500 46.79388
v 36.03252 0.03500 47.05374
v 36.01004 0.31412 47.01476
v 35.85757 0.48325 46.97381
v 36.08996 0.03500 47.52137
v 35.78996 0.03500 47.52137
v 35.83496 0.54071 47.52137
v 35.83996 0.83187 47.57137
v 36.01499 0.03500 47.39148
v 35.86494 0.03500 47.65126
v 35.88745 0.54071 47.61229
v 35.83996 0.83187 47.57137
v 35.86501 0.03500 47.39144
v 36.01491 0.03500 47.65130
v 35.99243 0.54071 47.61232
v 35.83996 0.83187 47.57137
v 36.08462 0.03500 48.11934
v 35.78462 0.03500 48.11934
v 35.82962 0.44718 48.11934
v 35.83462 0.68797 48.16934
v 36.00965 0.03500 47.98945
v 35.85960 0.03500 48.24923
v 35.88211 0.44718 48.21027
v 35.83462 0.68797 48.16934
v 35.85968 0.03500 47.98941
v 36.00957 0.03500 48.24928
v 35.98709 0.44718 48.21030
v 35.83462 0.68797 48.16934
v 36.14082 0.03500 48.72879
v 35.84082 0.03500 48.72879
v 35.88582 0.38266 48.72879
v 35.89082 0.58871 48.77879
v 36.06585 0.03500 48.59891
v 35.91580 0.03500 48.85868
v 35.93830 0.38266 48.81972
v 35.89082 0.58871 48.77879
v 35.91587 0.03500 48.59886
v 36.06577 0.03500 48.85873
v 36.04329 0.38266 48.81975
v 35.89082 0.58871 48.77879
v 36.14531 0.03500 49.47461
v 35.84531 0.03500 49.47461
v 35.89031 0.34013 49.47461
v 35.89531 0.52328 49.52461
v 36.07033 0.03500 49.34472
v 35.92028 0.03500 49.60450
v 35.94279 0.34013 49.56553
v 35.89531 0.52328 49.52461
v 35.92036 0.03500 49.34468
v 36.07026 0.03500 49.60454
v 36.04777 0.34013 49.56556
v 35.89531 0.52328 49.52461
v 36.19679 0.03500 50.02430
v 35.89679 0.03500 50.02430
v 35.94179 0.32792 50.02430
v 35.94679 0.50449 50.07430
v 36.12182 0.03500 49.89441
v 35.97177 0.03500 50.15419
v 35.99427 0.32792 50.11522
v 35.94679 0.50449 50.07430
v 35.97184 0.03500 49.89437
v 36.12174 0.03500 50.15423
v 36.09926 0.32792 50.11525
v 35.94679 0.50449 50.07430
v 36.20883 0.03500 50.66020
v 35.90883 0.03500 50.66020
v 35.95383 0.46090 50.66020
v 35.95883 0.70908 50.71020
v 36.13386 0.03500 50.53031
v 35.98380 0.03500 50.79009
v 36.00631 0.46090 50.75113
v 35.95883 0.70908 50.71020
v 35.98388 0.03500 50.53027
v 36.13378 0.03500 50.79014
v 36.11129 0.46090 50.75116
v 35.95883 0.70908 50.71020
v 36.17739 0.03500 51.19362
v 35.87739 0.03500 51.19362
v 35.92239 0.44132 51.19362
v 35.92739 0.67895 51.24362
v 36.10242 0.03500 51.06373
v 35.95237 0.03500 51.32351
v 35.97487 0.44132 51.28455
v 35.92739 0.67895 51.24362
v 35.95244 0.03500 51.06369
v 36.10234 0.03500 51.32356
v 36.07986 0.44132 51.28458
v 35.92739 0.67895 51.24362
v 36.12648 0.03500 51.86526
v 35.82648 0.03500 51.86526
v 35.87148 0.45865 51.86526
v 35.87648 0.70561 51.91526
v 36.05150 0.03500 51.73538
v 35.90145 0.03500 51.99515
v 35.92396 0.45865 51.95619
v 35.87648 0.70561 51.91526
v 35.90153 0.03500 51.73533
v 36.05143 0.03500 51.99520
v 36.02894 0.45865 51.95622
v 35.87648 0.70561 51.91526
v 36.17174 0.03500 52.31169
v 35.87174 0.03500 52.31169
v 35.91674 0.45310 52.31169
v 35.92174 0.69707 52.36169
v 36.09676 0.03500 52.18180
v 35.94671 0.03500 52.44158
v 35.96922 0.45310 52.40261
v 35.92174 0.69707 52.36169
v 35.94679 0.03500 52.18175
v 36.09668 0.03500 52.44162
v 36.07420 0.45310 52.40264
v 35.92174 0.69707 52.36169
v 36.08510 0.03500 52.90213
v 35.78510 0.03500 52.90213
v 35.83010 0.45447 52.90213
v 35.83510 0.69919 52.95213
v 36.01013 0.03500 52.77224
v 35.86008 0.03500 53.03201
v 35.88258 0.45447 52.99305
v 35.83510 0.69919 52.95213
v 35.86015 0.03500 52.77219
v 36.01005 0.03500 53.03206
v 35.98757 0.45447 52.99308
v 35.83510 0.69919 52.95213
v 36.07610 0.03500 53.60321
v 35.77610 0.03500 53.60321
v 35.82110 0.33292 53.60321
v 35.82610 0.51219 53.65321
v 36.00113 0.03500 53.47332
v 35.85108 0.03500 53.73310
v 35.87359 0.33292 53.69414
v 35.82610 0.51219 53.65321
v 35.85116 0.03500 53.47328
v 36.00105 0.03500 53.73315
v 35.97857 0.33292 53.69417
v 35.82610 0.51219 53.65321
v 35.60721 0.03500 37.92778
v 35.30721 0.03500 37.92778
v 35.35221 0.32595 37.92778
v 35.35721 0.50146 37.97778
v 35.53224 0.03500 37.79789
v 35.38219 0.03500 38.05767
v 35.40469 0.32595 38.01870
v 35.35721 0.50146 37.97778
v 35.38226 0.03500 37.79785
v 35.53216 0.03500 38.05771
v 35.50968 0.32595 38.01873
v 35.35721 0.50146 37.97778
v 35.47082 0.03500 38.68026
v 35.17082 0.03500 38.68026
v 35.21582 0.50542 38.68026
v 35.22082 0.77757 38.73026
v 35.39584 0.03500 38.55038
v 35.24579 0.03500 38.81015
v 35.26830 0.50542 38.77119
v 35.22082 0.77757 38.73026
v 35.24587 0.03500 38.55033
v 35.39577 0.03500 38.81020
v 35.37328 0.50542 38.77122
v 35.22082 0.77757 38.73026
v 35.55015 0.03500 39.19632
v 35.25015 0.03500 39.19632
v 35.29515 0.36993 39.19632
v 35.30015 0.56912 39.24632
v 35.47518 0.03500 39.06643
v 35.32513 0.03500 39.32621
v 35.34764 0.36993 39.28724
v 35.30015 0.56912 39.24632
v 35.32520 0.03500 39.06638
v 35.47510 0.03500 39.32625
v 35.45262 0.36993 39.28727
v 35.30015 0.56912 39.24632
v 35.54674 0.03500 39.87263
v 35.24674 0.03500 39.87263
v 35.29174 0.50420 39.87263
v 35.29674 0.77569 39.92263
v 35.47177 0.03500 39.74274
v 35.32172 0.03500 40.00252
v 35.34423 0.50420 39.96355
v 35.29674 0.77569 39.92263
v 35.32179 0.03500 39.74269
v 35.47169 0.03500 40.00256
v 35.44921 0.50420 39.96358
v 35.29674 0.77569 39.92263
v 35.53432 0.03500 40.37970
v 35.23432 0.03500 40.37970
v 35.27932 0.43006 40.37970
v 35.28432 0.66162 40.42970
v 35.45935 0.03500 40.24982
v 35.30930 0.03500 40.50959
v 35.33180 0.43006 40.47063
v 35.28432 0.66162 40.42970
v 35.30937 0.03500 40.24977
v 35.45927 0.03500 40.50964
v 35.43678 0.43006 40.47066
v 35.28432 0.66162 40.42970
v 35.51203 0.03500 40.97465
v 35.21203 0.03500 40.97465
v 35.25703 0.34514 40.97465
v 35.26203 0.53098 41.02465
v 35.43705 0.03500 40.84476
v 35.28700 0.03500 41.10454
v 35.30951 0.34514 41.06557
v 35.26203 0.53098 41.02465
v 35.28708 0.03500 40.84471
v 35.43698 0.03500 41.10458
v 35.41449 0.34514 41.06560
v 35.26203 0.53098 41.02465
v 35.55112 0.03500 41.55945
v 35.25112 0.03500 41.55945
v 35.29612 0.42538 41.55945
v 35.30112 0.65443 41.60945
v 35.47615 0.03500 41.42956
v 35.32609 0.03500 41.68934
v 35.34860 0.42538 41.65037
v 35.30112 0.65443 41.60945
v 35.32617 0.03500 41.42952
v 35.47607 0.03500 41.68938
v 35.45358 0.42538 41.65040
v 35.30112 0.65443 41.60945
v 35.51597 0.03500 42.23140
v 35.21597 0.03500 42.23140
v 35.26097 0.50667 42.23140
v 35.26597 0.77950 42.28140
v 35.44100 0.03500 42.10151
v 35.29095 0.03500 42.36129
v 35.31345 0.50667 42.32233
v 35.26597 0.77950 42.28140
v 35.29102 0.03500 42.10147
v 35.44092 0.03500 42.36134
v 35.41844 0.50667 42.32236
v 35.26597 0.77950 42.28140
v 35.55827 0.03500 42.86440
v 35.25827 0.03500 42.86440
v 35.30327 0.34367 42.86440
v 35.30827 0.52872 42.91440
v 35.48329 0.03500 42.73451
v 35.33324 0.03500 42.99429
v 35.35575 0.34367 42.95532
v 35.30827 0.52872 42.91440
v 35.33332 0.03500 42.73446
v 35.48322 0.03500 42.99433
v 35.46073 0.34367 42.95535
v 35.30827 0.52872 42.91440
v 35.60017 0.03500 43.30506
v 35.30017 0.03500 43.30506
v 35.34517 0.48214 43.30506
v 35.35017 0.74175 43.35506
v 35.52520 0.03500 43.17517
v 35.37515 0.03500 43.43495
v 35.39765 0.48214 43.39598
v 35.35017 0.74175 43.35506
v 35.37522 0.03500 43.17513
v 35.52512 0.03500 43.43500
v 35.50263 0.48214 43.39602
v 35.35017 0.74175 43.35506
v 35.54068 0.03500 44.08163
v 35.24068 0.03500 44.08163
v 35.28568 0.45777 44.08163
v 35.29068 0.70426 44.13163
v 35.46570 0.03500 43.95174
v 35.31565 0.03500 44.21152
v 35.33816 0.45777 44.17255
v 35.29068 0.70426 44.13163
v 35.31573 0.03500 43.95170
v 35.46563 0.03500 44.21157
v 35.44314 0.45777 44.17259
v 35.29068 0.70426 44.13163
v 35.48875 0.03500 44.60907
v 35.18875 0.03500 44.60907
v 35.23375 0.42388 44.60907
v 35.23875 0.65213 44.65907
v 35.41377 0.03500 44.47918
v 35.26372 0.03500 44.73896
v 35.28623 0.42388 44.69999
v 35.23875 0.65213 44.65907
v 35.26380 0.03500 44.47913
v 35.41369 0.03500 44.73900
v 35.39121 0.42388 44.70002
v 35.23875 0.65213 44.65907
v 35.64618 0.03500 45.18400
v 35.34618 0.03500 45.18400
v 35.39118 0.52400 45.18400
v 35.39618 0.80616 45.23400
v 35.57120 0.03500 45.05411
v 35.42115 0.03500 45.31389
v 35.44366 0.52400 45.27493
v 35.39618 0.80616 45.23400
v 35.42123 0.03500 45.05407
v 35.57113 0.03500 45.31394
v 35.54864 0.52400 45.27496
v 35.39618 0.80616 45.23400
v 35.54037 0.03500 45.83202
v 35.24037 0.03500 45.83202
v 35.28537 0.44220 45.83202
v 35.29037 0.68031 45.88202
v 35.46540 0.03500 45.70213
v 35.31535 0.03500 45.96191
v 35.33785 0.44220 45.92294
v 35.29037 0.68031 45.88202
v 35.31542 0.03500 45.70209
v 35.46532 0.03500 45.96195
v 35.44284 0.44220 45.92297
v 35.29037 0.68031 45.88202
v 35.51888 0.03500 46.31559
v 35.21888 0.03500 46.31559
v 35.26388 0.38509 46.31559
v 35.26888 0.59244 46.36559
v 35.44391 0.03500 46.18570
v 35.29386 0.03500 46.44548
v 35.31637 0.38509 46.40652
v 35.26888 0.59244 46.36559
v 35.29394 0.03500 46.18566
v 35.44383 0.03500 46.44553
v 35.42135 0.38509 46.40655
v 35.26888 0.59244 46.36559
v 35.46927 0.03500 47.09996
v 35.16927 0.03500 47.09996
v 35.21427 0.50060 47.09996
v 35.21927 0.77016 47.14996
v 35.39430 0.03500 46.97007
v 35.24424 0.03500 47.22984
v 35.26675 0.50060 47.19088
v 35.21927 0.77016 47.14996
v 35.24432 0.03500 46.97002
v 35.39422 0.03500 47.22989
v 35.37173 0.50060 47.19091
v 35.21927 0.77016 47.14996
v 35.46241 0.03500 47.50295
v 35.16241 0.03500 47.50295
v 35.20741 0.53133 47.50295
v 35.21241 0.81743 47.55295
v 35.38743 0.03500 47.37306
v 35.23738 0.03500 47.63284
v 35.25989 0.53133 47.59387
v 35.21241 0.81743 47.55295
v 35.23746 0.03500 47.37302
v 35.38735 0.03500 47.63288
v 35.36487 0.53133 47.59390
v 35.21241 0.81743 47.55295
v 35.54208 0.03500 48.19466
v 35.24208 0.03500 48.19466
v 35.28708 0.35375 48.19466
v 35.29208 0.54424 48.24466
v 35.46711 0.03500 48.06477
v 35.31706 0.03500 48.32455
v 35.33956 0.35375 48.28558
v 35.29208 0.54424 48.24466
v 35.31713 0.03500 48.06472
v 35.46703 0.03500 48.32459
v 35.44455 0.35375 48.28561
v 35.29208 0.54424 48.24466
v 35.63043 0.03500 48.70060
v 35.33043 0.03500 48.70060
v 35.37543 0.36976 48.70060
v 35.38043 0.56887 48.75060
v 35.55546 0.03500 48.57071
v 35.40541 0.03500 48.83049
v 35.42791 0.36976 48.79153
v 35.38043 0.56887 48.75060
v 35.40548 0.03500 48.57067
v 35.55538 0.03500 48.83054
v 35.53289 0.36976 48.79156
v 35.38043 0.56887 48.75060
v 35.54476 0.03500 49.45236
v 35.24476 0.03500 49.45236
v 35.28976 0.37175 49.45236
v 35.29476 0.57192 49.50236
v 35.46978 0.03500 49.32247
v 35.31973 0.03500 49.58225
v 35.34224 0.37175 49.54328
v 35.29476 0.57192 49.50236
v 35.31981 0.03500 49.32243
v 35.46971 0.03500 49.58229
v 35.44722 0.37175 49.54331
v 35.29476 0.57192 49.50236
v 35.54185 0.03500 49.94573
v 35.24185 0.03500 49.94573
v 35.28685 0.37873 49.94573
v 35.29185 0.58267 49.99573
v 35.46687 0.03500 49.81584
v 35.31682 0.03500 50.07562
v 35.33933 0.37873 50.03665
v 35.29185 0.58267 49.99573
v 35.31690 0.03500 49.81580
v 35.46679 0.03500 50.07566
v 35.44431 0.37873 50.03668
v 35.29185 0.58267 49.99573
v 35.61447 0.03500 50.51801
v 35.31447 0.03500 50.51801
v 35.35947 0.49223 50.51801
v 35.36447 0.75728 50.56801
v 35.53950 0.03500 50.38812
v 35.38945 0.03500 50.64789
v 35.41196 0.49223 50.60893
v 35.36447 0.75728 50.56801
v 35.38953 0.03500 50.38807
v 35.53942 0.03500 50.64794
v 35.51694 0.49223 50.60896
v 35.36447 0.75728 50.56801
v 35.53879 0.03500 51.11010
v 35.23879 0.03500 51.11010
v 35.28379 0.48757 51.11010
v 35.28879 0.75011 51.16010
v 35.46382 0.03500 50.98021
v 35.31377 0.03500 51.23999
v 35.33627 0.48757 51.20102
v 35.28879 0.75011 51.16010
v 35.31384 0.03500 50.98016
v 35.46374 0.03500 51.24003
v 35.44126 0.48757 51.20105
v 35.28879 0.75011 51.16010
v 35.51799 0.03500 51.85075
v 35.21799 0.03500 51.85075
v 35.26299 0.54090 51.85075
v 35.26799 0.83216 51.90075
v 35.44302 0.03500 51.72086
v 35.29297 0.03500 51.98063
v 35.31548 0.54090 51.94167
v 35.26799 0.83216 51.90075
v 35.29305 0.03500 51.72081
v 35.44294 0.03500 51.98068
v 35.42046 0.54090 51.94170
v 35.26799 0.83216 51.90075
v 35.57970 0.03500 52.33399
v 35.27970 0.03500 52.33399
v 35.32470 0.41402 52.33399
v 35.32970 0.63695 52.38399
v 35.50472 0.03500 52.20410
v 35.35467 0.03500 52.46387
v 35.37718 0.41402 52.42491
v 35.32970 0.63695 52.38399
v 35.35475 0.03500 52.20405
v 35.50465 0.03500 52.46392
v 35.48216 0.41402 52.42494
v 35.32970 0.63695 52.38399
v 35.52566 0.03500 52.91522
v 35.22566 0.03500 52.91522
v 35.27066 0.35607 52.91522
v 35.27566 0.54780 52.96522
v 35.45068 0.03500 52.78533
v 35.30063 0.03500 53.04510
v 35.32314 0.35607 53.00614
v 35.27566 0.54780 52.96522
v 35.30071 0.03500 52.78528
v 35.45061 0.03500 53.04515
v 35.42812 0.35607 53.00617
v 35.27566 0.54780 52.96522
v 35.53432 0.03500 53.64877
v 35.23432 0.03500 53.64877
v 35.27932 0.39387 53.64877
v 35.28432 0.60595 53.69877
v 35.45935 0.03500 53.51888
v 35.30930 0.03500 53.77866
v 35.33181 0.39387 53.73969
v 35.28432 0.60595 53.69877
v 35.30938 0.03500 53.51884
v 35.45927 0.03500 53.77870
v 35.43679 0.39387 53.73972
v 35.28432 0.60595 53.69877
v 35.04510 0.03500 38.01556
v 34.74510 0.03500 38.01556
v 34.79010 0.50992 38.01556
v 34.79510 0.78450 38.06556
v 34.97013 0.03500 37.88567
v 34.82008 0.03500 38.14545
v 34.84258 0.50992 38.10649
v 34.79510 0.78450 38.06556
v 34.82015 0.03500 37.88563
v 34.97005 0.03500 38.14550
v 34.94757 0.50992 38.10652
v 34.79510 0.78450 38.06556
v 35.03138 0.03500 38.57628
v 34.73138 0.03500 38.57628
v 34.77638 0.51384 38.57628
v 34.78138 0.79053 38.62628
v 34.95640 0.03500 38.44639
v 34.80635 0.03500 38.70617
v 34.82886 0.51384 38.66720
v 34.78138 0.79053 38.62628
v 34.80643 0.03500 38.44635
v 34.95633 0.03500 38.70621
v 34.93384 0.51384 38.66723
v 34.78138 0.79053 38.62628
v 34.86654 0.03500 39.11023
v 34.56654 0.03500 39.11023
v 34.61154 0.34537 39.11023
v 34.61654 0.53134 39.16023
v 34.79157 0.03500 38.98035
v 34.64151 0.03500 39.24012
v 34.66402 0.34537 39.20116
v 34.61654 0.53134 39.16023
v 34.64159 0.03500 38.98030
v 34.79149 0.03500 39.24017
v 34.76900 0.34537 39.20119
v 34.61654 0.53134 39.16023
v 35.02234 0.03500 39.82848
v 34.72234 0.03500 39.82848
v 34.76734 0.54564 39.82848
v 34.77234 0.83945 39.87848
v 34.94737 0.03500 39.69859
v 34.79732 0.03500 39.95837
v 34.81983 0.54564 39.91940
v 34.77234 0.83945 39.87848
v 34.79740 0.03500 39.69854
v 34.94729 0.03500 39.95841
v 34.92481 0.54564 39.91943
v 34.77234 0.83945 39.87848
v 34.86264 0.03500 40.30739
v 34.56264 0.03500 40.30739
v 34.60764 0.38039 40.30739
v 34.61264 0.58522 40.35739
v 34.78767 0.03500 40.17750
v 34.63762 0.03500 40.43727
v 34.66013 0.38039 40.39831
v 34.61264 0.58522 40.35739
v 34.63770 0.03500 40.17745
v 34.78759 0.03500 40.43732
v 34.76511 0.38039 40.39834
v 34.61264 0.58522 40.35739
v 35.01063 0.03500 40.96162
v 34.71063 0.03500 40.96162
v 34.75563 0.54229 40.96162
v 34.76063 0.83429 41.01162
v 34.93565 0.03500 40.83173
v 34.78560 0.03500 41.09151
v 34.80811 0.54229 41.05254
v 34.76063 0.83429 41.01162
v 34.78568 0.03500 40.83168
v 34.93558 0.03500 41.09155
v 34.91309 0.54229 41.05257
v 34.76063 0.83429 41.01162
v 35.04453 0.03500 41.54703
v 34.74453 0.03500 41.54703
v 34.78953 0.40596 41.54703
v 34.79453 0.62455 41.59703
v 34.96955 0.03500 41.41714
v 34.81950 0.03500 41.67691
v 34.84201 0.40596 41.63795
v 34.79453 0.62455 41.59703
v 34.81958 0.03500 41.41709
v 34.96947 0.03500 41.67696
v 34.94699 0.40596 41.63798
v 34.79453 0.62455 41.59703
v 34.96058 0.03500 42.21667
v 34.66058 0.03500 42.21667
v 34.70558 0.54569 42.21667
v 34.71058 0.83952 42.26667
v 34.88561 0.03500 42.08678
v 34.73556 0.03500 42.34655
v 34.75806 0.54569 42.30759
v 34.71058 0.83952 42.26667
v 34.73563 0.03500 42.08673
v 34.88553 0.03500 42.34660
v 34.86305 0.54569 42.30762
v 34.71058 0.83952 42.26667
v 34.97075 0.03500 42.82904
v 34.67075 0.03500 42.82904
v 34.71575 0.47553 42.82904
v 34.72075 0.73158 42.87904
v 34.89577 0.03500 42.69915
v 34.74572 0.03500 42.95893
v 34.76823 0.47553 42.91996
v 34.72075 0.73158 42.87904
v 34.74580 0.03500 42.69911
v 34.89570 0.03500 42.95897
v 34.87321 0.47553 42.91999
v 34.72075 0.73158 42.87904
v 34.96239 0.03500 43.39210
v 34.66239 0.03500 43.39210
v 34.70739 0.44138 43.39210
v 34.71239 0.67905 43.44210
v 34.88741 0.03500 43.26221
v 34.73736 0.03500 43.52198
v 34.75987 0.44138 43.48302
v 34.71239 0.67905 43.44210
v 34.73744 0.03500 43.26216
v 34.88734 0.03500 43.52203
v 34.86485 0.44138 43.48305
v 34.71239 0.67905 43.44210
v 34.96272 0.03500 44.06721
v 34.66272 0.03500 44.06721
v 34.70772 0.40137 44.06721
v 34.71272 0.61749 44.11721
v 34.88774 0.03500 43.93732
v 34.73769 0.03500 44.19710
v 34.76020 0.40137 44.15813
v 34.71272 0.61749 44.11721
v 34.73777 0.03500 43.93727
v 34.88766 0.03500 44.19714
v 34.86518 0.40137 44.15816
v 34.71272 0.61749 44.11721
v 34.98092 0.03500 44.58186
v 34.68092 0.03500 44.58186
v 34.72592 0.49050 44.58186
v 34.73092 0.75461 44.63186
v 34.90595 0.03500 44.45197
v 34.75589 0.03500 44.71175
v 34.77840 0.49050 44.67278
v 34.73092 0.75461 44.63186
v 34.75597 0.03500 44.45193
v 34.90587 0.03500 44.71180
v 34.88338 0.49050 44.67282
v 34.73092 0.75461 44.63186
v 34.87322 0.03500 45.14900
v 34.57322 0.03500 45.14900
v 34.61822 0.34376 45.14900
v 34.62322 0.52886 45.19900
v 34.79824 0.03500 45.01911
v 34.64819 0.03500 45.27889
v 34.67070 0.34376 45.23992
v 34.62322 0.52886 45.19900
v 34.64827 0.03500 45.01906
v 34.79817 0.03500 45.27893
v 34.77568 0.34376 45.23995
v 34.62322 0.52886 45.19900
v 34.98658 0.03500 45.83055
v 34.68658 0.03500 45.83055
v 34.73158 0.47799 45.83055
v 34.73658 0.73538 45.88055
v 34.91161 0.03500 45.70066
v 34.76155 0.03500 45.96044
v 34.78406 0.47799 45.92147
v 34.73658 0.73538 45.88055
v 34.76163 0.03500 45.70061
v 34.91153 0.03500 45.96048
v 34.88904 0.47799 45.92150
v 34.73658 0.73538 45.88055
v 34.98046 0.03500 46.42067
v 34.68046 0.03500 46.42067
v 34.72546 0.34937 46.42067
v 34.73046 0.53749 46.47067
v 34.90549 0.03500 46.29078
v 34.75544 0.03500 46.55056
v 34.77795 0.34937 46.51159
v 34.73046 0.53749 46.47067
v 34.75552 0.03500 46.29074
v 34.90541 0.03500 46.55061
v 34.88293 0.34937 46.51163
v 34.73046 0.53749 46.47067
v 35.00238 0.03500 47.03441
v 34.70238 0.03500 47.03441
v 34.74738 0.32698 47.03441
v 34.75238 0.50305 47.08441
v 34.92741 0.03500 46.90452
v 34.77736 0.03500 47.16430
v 34.79986 0.32698 47.12533
v 34.75238 0.50305 47.08441
v 34.77743 0.03500 46.90447
v 34.92733 0.03500 47.16434
v 34.90485 0.32698 47.12536
v 34.75238 0.50305 47.08441
v 34.88694 0.03500 47.61345
v 34.58694 0.03500 47.61345
v 34.63194 0.39865 47.61345
v 34.63694 0.61330 47.66345
v 34.81196 0.03500 47.48356
v 34.66191 0.03500 47.74334
v 34.68442 0.39865 47.70437
v 34.63694 0.61330 47.66345
v 34.66199 0.03500 47.48351
v 34.81188 0.03500 47.74338
v 34.78940 0.39865 47.70440
v 34.63694 0.61330 47.66345
v 35.03104 0.03500 48.27530
v 34.73104 0.03500 48.27530
v 34.77604 0.48261 48.27530
v 34.78104 0.74248 48.32530
v 34.95606 0.03500 48.14541
v 34.80601 0.03500 48.40518
v 34.82852 0.48261 48.36622
v 34.78104 0.74248 48.32530
v 34.80609 0.03500 48.14536
v 34.95598 0.03500 48.40523
v 34.93350 0.48261 48.36625
v 34.78104 0.74248 48.32530
v 35.03445 0.03500 48.82919
v 34.73445 0.03500 48.82919
v 34.77945 0.29252 48.82919
v 34.78445 0.45002 48.87919
v 34.95948 0.03500 48.69930
v 34.80942 0.03500 48.95908
v 34.83193 0.29252 48.92011
v 34.78445 0.45002 48.87919
v 34.80950 0.03500 48.69926
v 34.95940 0.03500 48.95912
v 34.93691 0.29252 48.92014
v 34.78445 0.45002 48.87919
v 34.98041 0.03500 49.48068
v 34.68041 0.03500 49.48068
v 34.72541 0.35508 49.48068
v 34.73041 0.54628 49.53068
v 34.90543 0.03500 49.35080
v 34.75538 0.03500 49.61057
v 34.77789 0.35508 49.57161
v 34.73041 0.54628 49.53068
v 34.75546 0.03500 49.35075
v 34.90536 0.03500 49.61062
v 34.88287 0.35508 49.57164
v 34.73041 0.54628 49.53068
v 34.86621 0.03500 50.04556
v 34.56621 0.03500 50.04556
v 34.61121 0.55116 50.04556
v 34.61621 0.84795 50.09556
v 34.79123 0.03500 49.91567
v 34.64118 0.03500 50.17545
v 34.66369 0.55116 50.13648
v 34.61621 0.84795 50.09556
v 34.64126 0.03500 49.91563
v 34.79115 0.03500 50.17549
v 34.76867 0.55116 50.13651
v 34.61621 0.84795 50.09556
v 35.00354 0.03500 50.69740
v 34.70354 0.03500 50.69740
v 34.74854 0.37825 50.69740
v 34.75354 0.58193 50.74740
v 34.92857 0.03500 50.56751
v 34.77852 0.03500 50.82729
v 34.80102 0.37825 50.78832
v 34.75354 0.58193 50.74740
v 34.77859 0.03500 50.56747
v 34.92849 0.03500 50.82733
v 34.90601 0.37825 50.78835
v 34.75354 0.58193 50.74740
v 34.86185 0.03500 51.26206
v 34.56185 0.03500 51.26206
v 34.60685 0.51182 51.26206
v 34.61185 0.78742 51.31206
v 34.78687 0.03500 51.13218
v 34.63682 0.03500 51.39195
v 34.65933 0.51182 51.35299
v 34.61185 0.78742 51.31206
v 34.63690 0.03500 51.13213
v 34.78679 0.03500 51.39200
v 34.76431 0.51182 51.35302
v 34.61185 0.78742 51.31206
v 35.02651 0.03500 51.72294
v 34.72651 0.03500 51.72294
v 34.77151 0.49269 51.72294
v 34.77651 0.75799 51.77294
v 34.95153 0.03500 51.59305
v 34.80148 0.03500 51.85283
v 34.82399 0.49269 51.81386
v 34.77651 0.75799 51.77294
v 34.80156 0.03500 51.59300
v 34.95146 0.03500 51.85287
v 34.92897 0.49269 51.81389
v 34.77651 0.75799 51.77294
v 34.86703 0.03500 52.45593
v 34.56703 0.03500 52.45593
v 34.61203 0.41702 52.45593
v 34.61703 0.64157 52.50593
v 34.79206 0.03500 52.32605
v 34.64201 0.03500 52.58582
v 34.66452 0.41702 52.54686
v 34.61703 0.64157 52.50593
v 34.64209 0.03500 52.32600
v 34.79198 0.03500 52.58587
v 34.76950 0.41702 52.54689
v 34.61703 0.64157 52.50593
v 34.93153 0.03500 52.99637
v 34.63153 0.03500 52.99637
v 34.67653 0.41442 52.99637
v 34.68153 0.63757 53.04637
v 34.85656 0.03500 52.86648
v 34.70651 0.03500 53.12626
v 34.72901 0.41442 53.08729
v 34.68153 0.63757 53.04637
v 34.70658 0.03500 52.86643
v 34.85648 0.03500 53.12630
v 34.83400 0.41442 53.08732
v 34.68153 0.63757 53.04637
v 35.02834 0.03500 53.59131
v 34.72834 0.03500 53.59131
v 34.77334 0.39724 53.59131
v 34.77834 0.61113 53.64131
v 34.95336 0.03500 53.46143
v 34.80331 0.03500 53.72120
v 34.82582 0.39724 53.68224
v 34.77834 0.61113 53.64131
v 34.80339 0.03500 53.46138
v 34.95328 0.03500 53.72125
v 34.93080 0.39724 53.68227
v 34.77834 0.61113 53.64131
v 34.40624 0.03500 37.99889
v 34.10624 0.03500 37.99889
v 34.15124 0.43786 37.99889
v 34.15624 0.67363 38.04889
v 34.33126 0.03500 37.86900
v 34.18121 0.03500 38.12878
v 34.20372 0.43786 38.08981
v 34.15624 0.67363 38.04889
v 34.18129 0.03500 37.86895
v 34.33119 0.03500 38.12882
v 34.30870 0.43786 38.08984
v 34.15624 0.67363 38.04889
v 34.25861 0.03500 38.52985
v 33.95861 0.03500 38.52985
v 34.00361 0.53528 38.52985
v 34.00861 0.82350 38.57985
v 34.18364 0.03500 38.39996
v 34.03359 0.03500 38.65974
v 34.05610 0.53528 38.62077
v 34.00861 0.82350 38.57985
v 34.03366 0.03500 38.39991
v 34.18356 0.03500 38.65978
v 34.16108 0.53528 38.62080
v 34.00861 0.82350 38.57985
v 34.40224 0.03500 39.17551
v 34.10224 0.03500 39.17551
v 34.14724 0.45472 39.17551
v 34.15224 0.69957 39.22551
v 34.32726 0.03500 39.04562
v 34.17721 0.03500 39.30540
v 34.19972 0.45472 39.26643
v 34.15224 0.69957 39.22551
v 34.17729 0.03500 39.04558
v 34.32719 0.03500 39.30544
v 34.30470 0.45472 39.26646
v 34.15224 0.69957 39.22551
v 34.33840 0.03500 39.84860
v 34.03840 0.03500 39.84860
v 34.08340 0.47892 39.84860
v 34.08840 0.73680 39.89860
v 34.26342 0.03500 39.71871
v 34.11337 0.03500 39.97849
v 34.13588 0.47892 39.93952
v 34.08840 0.73680 39.89860
v 34.11345 0.03500 39.71867
v 34.26335 0.03500 39.97853
v 34.24086 0.47892 39.93955
v 34.08840 0.73680 39.89860
v 34.26527 0.03500 40.48576
v 33.96527 0.03500 40.48576
v 34.01027 0.38493 40.48576
v 34.01527 0.59221 40.53576
v 34.19030 0.03500 40.35587
v 34.04024 0.03500 40.61564
v 34.06275 0.38493 40.57668
v 34.01527 0.59221 40.53576
v 34.04032 0.03500 40.35582
v 34.19022 0.03500 40.61569
v 34.16773 0.38493 40.57671
v 34.01527 0.59221 40.53576
v 34.41250 0.03500 41.03287
v 34.11250 0.03500 41.03287
v 34.15750 0.46895 41.03287
v 34.16250 0.72146 41.08287
v 34.33752 0.03500 40.90298
v 34.18747 0.03500 41.16276
v 34.20998 0.46895 41.12379
v 34.16250 0.72146 41.08287
v 34.18755 0.03500 40.90293
v 34.33745 0.03500 41.16280
v 34.31496 0.46895 41.12382
v 34.16250 0.72146 41.08287
v 34.33095 0.03500 41.59883
v 34.03095 0.03500 41.59883
v 34.07595 0.44238 41.59883
v 34.08095 0.68059 41.64883
v 34.25598 0.03500 41.46894
v 34.10593 0.03500 41.72872
v 34.12844 0.44238 41.68975
v 34.08095 0.68059 41.64883
v 34.10600 0.03500 41.46889
v 34.25590 0.03500 41.72876
v 34.23342 0.44238 41.68978
v 34.08095 0.68059 41.64883
v 34.33724 0.03500 42.16584
v 34.03724 0.03500 42.16584
v 34.08224 0.34034 42.16584
v 34.08724 0.52360 42.21584
v 34.26226 0.03500 42.03595
v 34.11221 0.03500 42.29573
v 34.13472 0.34034 42.25676
v 34.08724 0.52360 42.21584
v 34.11229 0.03500 42.03591
v 34.26218 0.03500 42.29577
v 34.23970 0.34034 42.25679
v 34.08724 0.52360 42.21584
v 34.43665 0.03500 42.87911
v 34.13665 0.03500 42.87911
v 34.18165 0.30802 42.87911
v 34.18665 0.47388 42.92911
v 34.36167 0.03500 42.74922
v 34.21162 0.03500 43.00900
v 34.23413 0.30802 42.97003
v 34.18665 0.47388 42.92911
v 34.21170 0.03500 42.74918
v 34.36160 0.03500 43.00904
v 34.33911 0.30802 42.97006
v 34.18665 0.47388 42.92911
v 34.40007 0.03500 43.44256
v 34.10007 0.03500 43.44256
v 34.14507 0.41582 43.44256
v 34.15007 0.63972 43.49256
v 34.32510 0.03500 43.31267
v 34.17504 0.03500 43.57245
v 34.19755 0.41582 43.53348
v 34.15007 0.63972 43.49256
v 34.17512 0.03500 43.31262
v 34.32502 0.03500 43.57249
v 34.30253 0.41582 43.53351
v 34.15007 0.63972 43.49256
v 34.25140 0.03500 43.90597
v 33.95140 0.03500 43.90597
v 33.99640 0.50194 43.90597
v 34.00140 0.77221 43.95597
v 34.17642 0.03500 43.77608
v 34.02637 0.03500 44.03586
v 34.04888 0.50194 43.99689
v 34.00140 0.77221 43.95597
v 34.02645 0.03500 43.77603
v 34.17635 0.03500 44.03590
v 34.15386 0.50194 43.99692
v 34.00140 0.77221 43.95597
v 34.33574 0.03500 44.58594
v 34.03574 0.03500 44.58594
v 34.08074 0.45485 44.58594
v 34.08574 0.69977 44.63594
v 34.26077 0.03500 44.45605
v 34.11072 0.03500 44.71583
v 34.13322 0.45485 44.67686
v 34.08574 0.69977 44.63594
v 34.11079 0.03500 44.45600
v 34.26069 0.03500 44.71587
v 34.23821 0.45485 44.67689
v 34.08574 0.69977 44.63594
v 34.27408 0.03500 45.19070
v 33.97408 0.03500 45.19070
v 34.01908 0.53317 45.19070
v 34.02408 0.82026 45.24070
v 34.19911 0.03500 45.06082
v 34.04905 0.03500 45.32059
v 34.07156 0.53317 45.28163
v 34.02408 0.82026 45.24070
v 34.04913 0.03500 45.06077
v 34.19903 0.03500 45.32064
v 34.17654 0.53317 45.28166
v 34.02408 0.82026 45.24070
v 34.33092 0.03500 45.79711
v 34.03092 0.03500 45.79711
v 34.07592 0.42621 45.79711
v 34.08092 0.65571 45.84711
v 34.25594 0.03500 45.66722
v 34.10589 0.03500 45.92700
v 34.12840 0.42621 45.88803
v 34.08092 0.65571 45.84711
v 34.10597 0.03500 45.66717
v 34.25586 0.03500 45.92704
v 34.23338 0.42621 45.88806
v 34.08092 0.65571 45.84711
v 34.34975 0.03500 46.41743
v 34.04975 0.03500 46.41743
v 34.09475 0.53516 46.41743
v 34.09975 0.82332 46.46743
v 34.27477 0.03500 46.28754
v 34.12472 0.03500 46.54731
v 34.14723 0.53516 46.50835
v 34.09975 0.82332 46.46743
v 34.12480 0.03500 46.28749
v 34.27469 0.03500 46.54736
v 34.25221 0.53516 46.50838
v 34.09975 0.82332 46.46743
v 34.36633 0.03500 46.95624
v 34.06633 0.03500 46.95624
v 34.11133 0.48638 46.95624
v 34.11633 0.74827 47.00624
v 34.29136 0.03500 46.82636
v 34.14131 0.03500 47.08613
v 34.16381 0.48638 47.04717
v 34.11633 0.74827 47.00624
v 34.14138 0.03500 46.82631
v 34.29128 0.03500 47.08618
v 34.26880 0.48638 47.04720
v 34.11633 0.74827 47.00624
v 34.40444 0.03500 47.50439
v 34.10444 0.03500 47.50439
v 34.14944 0.45282 47.50439
v 34.15444 0.69665 47.55439
v 34.32946 0.03500 47.37450
v 34.17941 0.03500 47.63428
v 34.20192 0.45282 47.59531
v 34.15444 0.69665 47.55439
v 34.17949 0.03500 47.37445
v 34.32938 0.03500 47.63432
v 34.30690 0.45282 47.59534
v 34.15444 0.69665 47.55439
v 34.33208 0.03500 48.17697
v 34.03208 0.03500 48.17697
v 34.07708 0.29775 48.17697
v 34.08208 0.45808 48.22697
v 34.25711 0.03500 48.04708
v 34.10706 0.03500 48.30686
v 34.12956 0.29775 48.26789
v 34.08208 0.45808 48.22697
v 34.10713 0.03500 48.04704
v 34.25703 0.03500 48.30691
v 34.23454 0.29775 48.26793
v 34.08208 0.45808 48.22697
v 34.32494 0.03500 48.85412
v 34.02494 0.03500 48.85412
v 34.06994 0.48766 48.85412
v 34.07494 0.75024 48.90412
v 34.24997 0.03500 48.72423
v 34.09992 0.03500 48.98401
v 34.12243 0.48766 48.94504
v 34.07494 0.75024 48.90412
v 34.10000 0.03500 48.72418
v 34.24989 0.03500 48.98405
v 34.22741 0.48766 48.94507
v 34.07494 0.75024 48.90412
v 34.31119 0.03500 49.30381
v 34.01119 0.03500 49.30381
v 34.05619 0.47042 49.30381
v 34.06119 0.72372 49.35381
v 34.23622 0.03500 49.17393
v 34.08617 0.03500 49.43370
v 34.10867 0.47042 49.39474
v 34.06119 0.72372 49.35381
v 34.08624 0.03500 49.17388
v 34.23614 0.03500 49.43375
v 34.21366 0.47042 49.39477
v 34.06119 0.72372 49.35381
v 34.44251 0.03500 50.02969
v 34.14251 0.03500 50.02969
v 34.18751 0.51168 50.02969
v 34.19251 0.78719 50.07969
v 34.36754 0.03500 49.89980
v 34.21749 0.03500 50.15958
v 34.24000 0.51168 50.12061
v 34.19251 0.78719 50.07969
v 34.21757 0.03500 49.89975
v 34.36746 0.03500 50.15962
v 34.34498 0.51168 50.12064
v 34.19251 0.78719 50.07969
v 34.43803 0.03500 50.61721
v 34.13803 0.03500 50.61721
v 34.18303 0.30814 50.61721
v 34.18803 0.47407 50.66721
v 34.36306 0.03500 50.48732
v 34.21300 0.03500 50.74710
v 34.23551 0.30814 50.70813
v 34.18803 0.47407 50.66721
v 34.21308 0.03500 50.48728
v 34.36298 0.03500 50.74714
v 34.34049 0.30814 50.70816
v 34.18803 0.47407 50.66721
v 34.34279 0.03500 51.27305
v 34.04279 0.03500 51.27305
v 34.08779 0.31761 51.27305
v 34.09279 0.48862 51.32305
v 34.26782 0.03500 51.14316
v 34.11777 0.03500 51.40294
v 34.14027 0.31761 51.36397
v 34.09279 0.48862 51.32305
v 34.11784 0.03500 51.14311
v 34.26774 0.03500 51.40298
v 34.24525 0.31761 51.36400
v 34.09279 0.48862 51.32305
v 34.28407 0.03500 51.85377
v 33.98407 0.03500 51.85377
v 34.02907 0.46266 51.85377
v 34.03407 0.71179 51.90377
v 34.20909 0.03500 51.72388
v 34.05904 0.03500 51.98366
v 34.08155 0.46266 51.94469
v 34.03407 0.71179 51.90377
v 34.05912 0.03500 51.72384
v 34.20901 0.03500 51.98370
v 34.18653 0.46266 51.94472
v 34.03407 0.71179 51.90377
v 34.39348 0.03500 52.49743
v 34.09348 0.03500 52.49743
v 34.13848 0.43836 52.49743
v 34.14348 0.67440 52.54743
v 34.31851 0.03500 52.36754
v 34.16846 0.03500 52.62732
v 34.19097 0.43836 52.58836
v 34.14348 0.67440 52.54743
v 34.16853 0.03500 52.36750
v 34.31843 0.03500 52.62737
v 34.29595 0.43836 52.58839
v 34.14348 0.67440 52.54743
v 34.37663 0.03500 52.91701
v 34.07663 0.03500 52.91701
v 34.12163 0.43449 52.91701
v 34.12663 0.66845 52.96701
v 34.30166 0.03500 52.78712
v 34.15160 0.03500 53.04690
v 34.17411 0.43449 53.00793
v 34.12663 0.66845 52.96701
v 34.15168 0.03500 52.78707
v 34.30158 0.03500 53.04694
v 34.27909 0.43449 53.00796
v 34.12663 0.66845 52.96701
v 34.36278 0.03500 53.68242
v 34.06278 0.03500 53.68242
v 34.10778 0.54178 53.68242
v 34.11278 0.83351 53.73242
v 34.28781 0.03500 53.55253
v 34.13776 0.03500 53.81231
v 34.16026 0.54178 53.77334
v 34.11278 0.83351 53.73242
v 34.13783 0.03500 53.55248
v 34.28773 0.03500 53.81235
v 34.26525 0.54178 53.77337
v 34.11278 0.83351 53.73242
v 33.76454 0.03500 38.06562
v 33.46454 0.03500 38.06562
v 33.50954 0.38529 38.06562
v 33.51454 0.59276 38.11562
v 33.68957 0.03500 37.93573
v 33.53952 0.03500 38.19551
v 33.56203 0.38529 38.15654
v 33.51454 0.59276 38.11562
v 33.53960 0.03500 37.93568
v 33.68949 0.03500 38.19555
v 33.66701 0.38529 38.15657
v 33.51454 0.59276 38.11562
v 33.72544 0.03500 38.59438
v 33.42544 0.03500 38.59438
v 33.47044 0.32610 38.59438
v 33.47544 0.50169 38.64438
v 33.65046 0.03500 38.46449
v 33.50041 0.03500 38.72427
v 33.52292 0.32610 38.68531
v 33.47544 0.50169 38.64438
v 33.50049 0.03500 38.46445
v 33.65039 0.03500 38.72432
v 33.62790 0.32610 38.68534
v 33.47544 0.50169 38.64438
v 33.73285 0.03500 39.19354
v 33.43285 0.03500 39.19354
v 33.47785 0.32365 39.19354
v 33.48285 0.49792 39.24354
v 33.65787 0.03500 39.06365
v 33.50782 0.03500 39.32343
v 33.53033 0.32365 39.28446
v 33.48285 0.49792 39.24354
v 33.50790 0.03500 39.06360
v 33.65779 0.03500 39.32347
v 33.63531 0.32365 39.28449
v 33.48285 0.49792 39.24354
v 33.72786 0.03500 39.87706
v 33.42786 0.03500 39.87706
v 33.47286 0.47404 39.87706
v 33.47786 0.72929 39.92706
v 33.65288 0.03500 39.74717
v 33.50283 0.03500 40.00695
v 33.52534 0.47404 39.96798
v 33.47786 0.72929 39.92706
v 33.50291 0.03500 39.74713
v 33.65281 0.03500 40.00699
v 33.63032 0.47404 39.96801
v 33.47786 0.72929 39.92706
v 33.81276 0.03500 40.34214
v 33.51276 0.03500 40.34214
v 33.55776 0.32554 40.34214
v 33.56276 0.50083 40.39214
v 33.73779 0.03500 40.21225
v 33.58773 0.03500 40.47203
v 33.61024 0.32554 40.43307
v 33.56276 0.50083 40.39214
v 33.58781 0.03500 40.21221
v 33.73771 0.03500 40.47208
v 33.71522 0.32554 40.43310
v 33.56276 0.50083 40.39214
v 33.79710 0.03500 41.00864
v 33.49710 0.03500 41.00864
v 33.54210 0.29918 41.00864
v 33.54710 0.46028 41.05864
v 33.72212 0.03500 40.87875
v 33.57207 0.03500 41.13853
v 33.59458 0.29918 41.09956
v 33.54710 0.46028 41.05864
v 33.57215 0.03500 40.87871
v 33.72205 0.03500 41.13857
v 33.69956 0.29918 41.09959
v 33.54710 0.46028 41.05864
v 33.70786 0.03500 41.65010
v 33.40786 0.03500 41.65010
v 33.45286 0.41397 41.65010
v 33.45786 0.63688 41.70010
v 33.63289 0.03500 41.52021
v 33.48284 0.03500 41.77998
v 33.50534 0.41397 41.74102
v 33.45786 0.63688 41.70010
v 33.48291 0.03500 41.52016
v 33.63281 0.03500 41.78003
v 33.61033 0.41397 41.74105
v 33.45786 0.63688 41.70010
v 33.72857 0.03500 42.19805
v 33.42857 0.03500 42.19805
v 33.47357 0.48667 42.19805
v 33.47857 0.74873 42.24805
v 33.65359 0.03500 42.06816
v 33.50354 0.03500 42.32793
v 33.52605 0.48667 42.28897
v 33.47857 0.74873 42.24805
v 33.50362 0.03500 42.06811
v 33.65352 0.03500 42.32798
v 33.63103 0.48667 42.28900
v 33.47857 0.74873 42.24805
v 33.75582 0.03500 42.76187
v 33.45582 0.03500 42.76187
v 33.50082 0.39458 42.76187
v 33.50582 0.60704 42.81187
v 33.68084 0.03500 42.63198
v 33.53079 0.03500 42.89176
v 33.55330 0.39458 42.85279
v 33.50582 0.60704 42.81187
v 33.53087 0.03500 42.63193
v 33.68077 0.03500 42.89180
v 33.65828 0.39458 42.85282
v 33.50582 0.60704 42.81187
v 33.79282 0.03500 43.40205
v 33.49282 0.03500 43.40205
v 33.53782 0.53513 43.40205
v 33.54282 0.82328 43.45205
v 33.71785 0.03500 43.27216
v 33.56780 0.03500 43.53194
v 33.59030 0.53513 43.49298
v 33.54282 0.82328 43.45205
v 33.56787 0.03500 43.27212
v 33.71777 0.03500 43.53199
v 33.69529 0.53513 43.49301
v 33.54282 0.82328 43.45205
v 33.84382 0.03500 43.91090
v 33.54382 0.03500 43.91090
v 33.58882 0.46920 43.91090
v 33.59382 0.72185 43.96090
v 33.76884 0.03500 43.78101
v 33.61879 0.03500 44.04078
v 33.64130 0.46920 44.00182
v 33.59382 0.72185 43.96090
v 33.61887 0.03500 43.78096
v 33.76876 0.03500 44.04083
v 33.74628 0.46920 44.00185
v 33.59382 0.72185 43.96090
v 33.66720 0.03500 44.65409
v 33.36720 0.03500 44.65409
v 33.41220 0.32011 44.65409
v 33.41720 0.49247 44.70409
v 33.59222 0.03500 44.52420
v 33.44217 0.03500 44.78398
v 33.46468 0.32011 44.74501
v 33.41720 0.49247 44.70409
v 33.44225 0.03500 44.52416
v 33.59215 0.03500 44.78403
v 33.56966 0.32011 44.74505
v 33.41720 0.49247 44.70409
v 33.82164 0.03500 45.16148
v 33.52164 0.03500 45.16148
v 33.56664 0.46396 45.16148
v 33.57164 0.71379 45.21148
v 33.74667 0.03500 45.03159
v 33.59662 0.03500 45.29137
v 33.61913 0.46396 45.25240
v 33.57164 0.71379 45.21148
v 33.59670 0.03500 45.03155
v 33.74659 0.03500 45.29141
v 33.72411 0.46396 45.25243
v 33.57164 0.71379 45.21148
v 33.81069 0.03500 45.78397
v 33.51069 0.03500 45.78397
v 33.55569 0.50193 45.78397
v 33.56069 0.77220 45.83397
v 33.73572 0.03500 45.65408
v 33.58567 0.03500 45.91386
v 33.60818 0.50193 45.87489
v 33.56069 0.77220 45.83397
v 33.58575 0.03500 45.65404
v 33.73564 0.03500 45.91391
v 33.71316 0.50193 45.87493
v 33.56069 0.77220 45.83397
v 33.76195 0.03500 46.42975
v 33.46195 0.03500 46.42975
v 33.50695 0.38228 46.42975
v 33.51195 0.58812 46.47975
v 33.68698 0.03500 46.29986
v 33.53692 0.03500 46.55964
v 33.55943 0.38228 46.52067
v 33.51195 0.58812 46.47975
v 33.53700 0.03500 46.29982
v 33.68690 0.03500 46.55969
v 33.66441 0.38228 46.52071
v 33.51195 0.58812 46.47975
v 33.65988 0.03500 46.97067
v 33.35988 0.03500 46.97067
v 33.40488 0.44351 46.97067
v 33.40988 0.68233 47.02067
v 33.58490 0.03500 46.84079
v 33.43485 0.03500 47.10056
v 33.45736 0.44351 47.06160
v 33.40988 0.68233 47.02067
v 33.43493 0.03500 46.84074
v 33.58482 0.03500 47.10061
v 33.56234 0.44351 47.06163
v 33.40988 0.68233 47.02067
v 33.67655 0.03500 47.50640
v 33.37655 0.03500 47.50640
v 33.42155 0.44838 47.50640
v 33.42655 0.68981 47.55640
v 33.60158 0.03500 47.37651
v 33.45153 0.03500 47.63629
v 33.47404 0.44838 47.59732
v 33.42655 0.68981 47.55640
v 33.45161 0.03500 47.37647
v 33.60150 0.03500 47.63634
v 33.57902 0.44838 47.59736
v 33.42655 0.68981 47.55640
v 33.79735 0.03500 48.11207
v 33.49735 0.03500 48.11207
v 33.54235 0.47040 48.11207
v 33.54735 0.72369 48.16207
v 33.72237 0.03500 47.98218
v 33.57232 0.03500 48.24196
v 33.59483 0.47040 48.20299
v 33.54735 0.72369 48.16207
v 33.57240 0.03500 47.98214
v 33.72230 0.03500 48.24200
v 33.69981 0.47040 48.20302
v 33.54735 0.72369 48.16207
v 33.71891 0.03500 48.88256
v 33.41891 0.03500 48.88256
v 33.46391 0.32839 48.88256
v 33.46891 0.50522 48.93256
v 33.64393 0.03500 48.75267
v 33.49388 0.03500 49.01245
v 33.51639 0.32839 48.97348
v 33.46891 0.50522 48.93256
v 33.49396 0.03500 48.75263
v 33.64386 0.03500 49.01249
v 33.62137 0.32839 48.97351
v 33.46891 0.50522 48.93256
v 33.84557 0.03500 49.36578
v 33.54557 0.03500 49.36578
v 33.59057 0.42944 49.36578
v 33.59557 0.66068 49.41578
v 33.77059 0.03500 49.23589
v 33.62054 0.03500 49.49567
v 33.64305 0.42944 49.45670
v 33.59557 0.66068 49.41578
v 33.62062 0.03500 49.23585
v 33.77052 0.03500 49.49571
v 33.74803 0.42944 49.45673
v 33.59557 0.66068 49.41578
v 33.69445 0.03500 49.97766
v 33.39445 0.03500 49.97766
v 33.43945 0.54818 49.97766
v 33.44445 0.84335 50.02766
v 33.61947 0.03500 49.84777
v 33.46942 0.03500 50.10754
v 33.49193 0.54818 50.06858
v 33.44445 0.84335 50.02766
v 33.46950 0.03500 49.84772
v 33.61940 0.03500 50.10759
v 33.59691 0.54818 50.06861
v 33.44445 0.84335 50.02766
v 33.80578 0.03500 50.52470
v 33.50578 0.03500 50.52470
v 33.55078 0.35891 50.52470
v 33.55578 0.55217 50.57470
v 33.73081 0.03500 50.39481
v 33.58076 0.03500 50.65458
v 33.60326 0.35891 50.61562
v 33.55578 0.55217 50.57470
v 33.58083 0.03500 50.39476
v 33.73073 0.03500 50.65463
v 33.70824 0.35891 50.61565
v 33.55578 0.55217 50.57470
v 33.74771 0.03500 51.12952
v 33.44771 0.03500 51.12952
v 33.49271 0.34370 51.12952
v 33.49771 0.52877 51.17952
v 33.67273 0.03500 50.99963
v 33.52268 0.03500 51.25940
v 33.54519 0.34370 51.22044
v 33.49771 0.52877 51.17952
v 33.52276 0.03500 50.99958
v 33.67265 0.03500 51.25945
v 33.65017 0.34370 51.22047
v 33.49771 0.52877 51.17952
v 33.77715 0.03500 51.89388
v 33.47715 0.03500 51.89388
v 33.52215 0.29934 51.89388
v 33.52715 0.46052 51.94388
v 33.70218 0.03500 51.76399
v 33.55213 0.03500 52.02376
v 33.57464 0.29934 51.98480
v 33.52715 0.46052 51.94388
v 33.55221 0.03500 51.76394
v 33.70210 0.03500 52.02381
v 33.67962 0.29934 51.98483
v 33.52715 0.46052 51.94388
v 33.70557 0.03500 52.42646
v 33.40557 0.03500 52.42646
v 33.45057 0.30050 52.42646
v 33.45557 0.46231 52.47646
v 33.63060 0.03500 52.29657
v 33.48055 0.03500 52.55635
v 33.50305 0.30050 52.51738
v 33.45557 0.46231 52.47646
v 33.48062 0.03500 52.29652
v 33.63052 0.03500 52.55639
v 33.60804 0.30050 52.51741
v 33.45557 0.46231 52.47646
v 33.71487 0.03500 52.99854
v 33.41487 0.03500 52.99854
v 33.45987 0.48995 52.99854
v 33.46487 0.75377 53.04854
v 33.63990 0.03500 52.86865
v 33.48985 0.03500 53.12843
v 33.51236 0.48995 53.08946
v 33.46487 0.75377 53.04854
v 33.48993 0.03500 52.86861
v 33.63982 0.03500 53.12847
v 33.61734 0.48995 53.08949
v 33.46487 0.75377 53.04854
v 33.66989 0.03500 53.60931
v 33.36989 0.03500 53.60931
v 33.41489 0.44764 53.60931
v 33.41989 0.68867 53.65931
v 33.59491 0.03500 53.47942
v 33.44486 0.03500 53.73920
v 33.46737 0.44764 53.70023
v 33.41989 0.68867 53.65931
v 33.44494 0.03500 53.47938
v 33.59484 0.03500 53.73924
v 33.57235 0.44764 53.70026
v 33.41989 0.68867 53.65931
v 33.18283 0.03500 37.99226
v 32.88283 0.03500 37.99226
v 32.92783 0.31267 37.99226
v 32.93283 0.48104 38.04226
v 33.10786 0.03500 37.86237
v 32.95780 0.03500 38.12215
v 32.98031 0.31267 38.08318
v 32.93283 0.48104 38.04226
v 32.95788 0.03500 37.86233
v 33.10778 0.03500 38.12219
v 33.08529 0.31267 38.08321
v 32.93283 0.48104 38.04226
v 33.24981 0.03500 38.60155
v 32.94981 0.03500 38.60155
v 32.99481 0.37643 38.60155
v 32.99981 0.57912 38.65155
v 33.17484 0.03500 38.47166
v 33.02479 0.03500 38.73144
v 33.04730 0.37643 38.69248
v 32.99981 0.57912 38.65155
v 33.02487 0.03500 38.47162
v 33.17476 0.03500 38.73149
v 33.15228 0.37643 38.69251
v 32.99981 0.57912 38.65155
v 33.05658 0.03500 39.27188
v 32.75658 0.03500 39.27188
v 32.80158 0.30614 39.27188
v 32.80658 0.47098 39.32188
v 32.98160 0.03500 39.14199
v 32.83155 0.03500 39.40177
v 32.85406 0.30614 39.36280
v 32.80658 0.47098 39.32188
v 32.83163 0.03500 39.14195
v 32.98153 0.03500 39.40181
v 32.95904 0.30614 39.36283
v 32.80658 0.47098 39.32188
v 33.10720 0.03500 39.75752
v 32.80720 0.03500 39.75752
v 32.85220 0.29572 39.75752
v 32.85720 0.45496 39.80752
v 33.03223 0.03500 39.62763
v 32.88218 0.03500 39.88741
v 32.90468 0.29572 39.84844
v 32.85720 0.45496 39.80752
v 32.88225 0.03500 39.62759
v 33.03215 0.03500 39.88745
v 33.00967 0.29572 39.84847
v 32.85720 0.45496 39.80752
v 33.06574 0.03500 40.47506
v 32.76574 0.03500 40.47506
v 32.81074 0.30535 40.47506
v 32.81574 0.46977 40.52506
v 32.99077 0.03500 40.34517
v 32.84072 0.03500 40.60495
v 32.86322 0.30535 40.56598
v 32.81574 0.46977 40.52506
v 32.84079 0.03500 40.34512
v 32.99069 0.03500 40.60499
v 32.96821 0.30535 40.56601
v 32.81574 0.46977 40.52506
v 33.12787 0.03500 41.08490
v 32.82787 0.03500 41.08490
v 32.87287 0.48317 41.08490
v 32.87787 0.74333 41.13490
v 33.05289 0.03500 40.95501
v 32.90284 0.03500 41.21478
v 32.92535 0.48317 41.17582
v 32.87787 0.74333 41.13490
v 32.90292 0.03500 40.95496
v 33.05281 0.03500 41.21483
v 33.03033 0.48317 41.17585
v 32.87787 0.74333 41.13490
v 33.21255 0.03500 41.60981
v 32.91255 0.03500 41.60981
v 32.95755 0.32283 41.60981
v 32.96255 0.49667 41.65981
v 33.13757 0.03500 41.47992
v 32.98752 0.03500 41.73970
v 33.01003 0.32283 41.70073
v 32.96255 0.49667 41.65981
v 32.98760 0.03500 41.47988
v 33.13749 0.03500 41.73974
v 33.11501 0.32283 41.70076
v 32.96255 0.49667 41.65981
v 33.09843 0.03500 42.28182
v 32.79843 0.03500 42.28182
v 32.84343 0.34902 42.28182
v 32.84843 0.53696 42.33182
v 33.02345 0.03500 42.15193
v 32.87340 0.03500 42.41171
v 32.89591 0.34902 42.37274
v 32.84843 0.53696 42.33182
v 32.87348 0.03500 42.15188
v 33.02337 0.03500 42.41175
v 33.00089 0.34902 42.37277
v 32.84843 0.53696 42.33182
v 33.10545 0.03500 42.74649
v 32.80545 0.03500 42.74649
v 32.85045 0.50378 42.74649
v 32.85545 0.77504 42.79649
v 33.03048 0.03500 42.61661
v 32.88043 0.03500 42.87638
v 32.90294 0.50378 42.83742
v 32.85545 0.77504 42.79649
v 32.88050 0.03500 42.61656
v 33.03040 0.03500 42.87643
v 33.00792 0.50378 42.83745
v 32.85545 0.77504 42.79649
v 33.22561 0.03500 43.37740
v 32.92561 0.03500 43.37740
v 32.97061 0.51534 43.37740
v 32.97561 0.79283 43.42740
v 33.15064 0.03500 43.24751
v 33.00059 0.03500 43.50729
v 33.02310 0.51534 43.46832
v 32.97561 0.79283 43.42740
v 33.00066 0.03500 43.24747
v 33.15056 0.03500 43.50734
v 33.12808 0.51534 43.46835
v 32.97561 0.79283 43.42740
v 33.19467 0.03500 44.05323
v 32.89467 0.03500 44.05323
v 32.93967 0.47674 44.05323
v 32.94467 0.73345 44.10323
v 33.11969 0.03500 43.92334
v 32.96964 0.03500 44.18312
v 32.99215 0.47674 44.14415
v 32.94467 0.73345 44.10323
v 32.96972 0.03500 43.92329
v 33.11961 0.03500 44.18316
v 33.09713 0.47674 44.14418
v 32.94467 0.73345 44.10323
v 33.05396 0.03500 44.67729
v 32.75396 0.03500 44.67729
v 32.79896 0.37028 44.67729
v 32.80396 0.56966 44.72729
v 32.97899 0.03500 44.54740
v 32.82894 0.03500 44.80718
v 32.85145 0.37028 44.76821
v 32.80396 0.56966 44.72729
v 32.82901 0.03500 44.54735
v 32.97891 0.03500 44.80722
v 32.95643 0.37028 44.76824
v 32.80396 0.56966 44.72729
v 33.06753 0.03500 45.29127
v 32.76753 0.03500 45.29127
v 32.81253 0.45677 45.29127
v 32.81753 0.70272 45.34127
v 32.99256 0.03500 45.16138
v 32.84250 0.03500 45.42116
v 32.86501 0.45677 45.38220
v 32.81753 0.70272 45.34127
v 32.84258 0.03500 45.16134
v 32.99248 0.03500 45.42121
v 32.96999 0.45677 45.38223
v 32.81753 0.70272 45.34127
v 33.07221 0.03500 45.80510
v 32.77221 0.03500 45.80510
v 32.81721 0.37408 45.80510
v 32.82221 0.57552 45.85510
v 32.99723 0.03500 45.67521
v 32.84718 0.03500 45.93499
v 32.86969 0.37408 45.89602
v 32.82221 0.57552 45.85510
v 32.84726 0.03500 45.67516
v 32.99715 0.03500 45.93503
v 32.97467 0.37408 45.89605
v 32.82221 0.57552 45.85510
v 33.13683 0.03500 46.38334
v 32.83683 0.03500 46.38334
v 32.88183 0.34182 46.38334
v 32.88683 0.52587 46.43334
v 33.06185 0.03500 46.25345
v 32.91180 0.03500 46.51323
v 32.93431 0.34182 46.47426
v 32.88683 0.52587 46.43334
v 32.91188 0.03500 46.25340
v 33.06178 0.03500 46.51327
v 33.03929 0.34182 46.47429
v 32.88683 0.52587 46.43334
v 33.23309 0.03500 47.09531
v 32.93309 0.03500 47.09531
v 32.97809 0.37119 47.09531
v 32.98309 0.57107 47.14531
v 33.15811 0.03500 46.96542
v 33.00806 0.03500 47.22520
v 33.03057 0.37119 47.18623
v 32.98309 0.57107 47.14531
v 33.00814 0.03500 46.96538
v 33.15804 0.03500 47.22524
v 33.13555 0.37119 47.18626
v 32.98309 0.57107 47.14531
v 33.08470 0.03500 47.58917
v 32.78470 0.03500 47.58917
v 32.82970 0.52155 47.58917
v 32.83470 0.80239 47.63917
v 33.00972 0.03500 47.45928
v 32.85967 0.03500 47.71906
v 32.88218 0.52155 47.68009
v 32.83470 0.80239 47.63917
v 32.85975 0.03500 47.45923
v 33.00965 0.03500 47.71910
v 32.98716 0.52155 47.68012
v 32.83470 0.80239 47.63917
v 33.23309 0.03500 48.17171
v 32.93309 0.03500 48.17171
v 32.97809 0.52452 48.17171
v 32.98309 0.80695 48.22171
v 33.15811 0.03500 48.04183
v 33.00806 0.03500 48.30160
v 33.03057 0.52452 48.26264
v 32.98309 0.80695 48.22171
v 33.00814 0.03500 48.04178
v 33.15803 0.03500 48.30165
v 33.13555 0.52452 48.26267
v 32.98309 0.80695 48.22171
v 33.24400 0.03500 48.87542
v 32.94400 0.03500 48.87542
v 32.98900 0.49476 48.87542
v 32.99400 0.76117 48.92542
v 33.16902 0.03500 48.74553
v 33.01897 0.03500 49.00531
v 33.04148 0.49476 48.96634
v 32.99400 0.76117 48.92542
v 33.01905 0.03500 48.74548
v 33.16895 0.03500 49.00535
v 33.14646 0.49476 48.96637
v 32.99400 0.76117 48.92542
v 33.12570 0.03500 49.49424
v 32.82570 0.03500 49.49424
v 32.87070 0.40170 49.49424
v 32.87570 0.61800 49.54424
v 33.05072 0.03500 49.36435
v 32.90067 0.03500 49.62412
v 32.92318 0.40170 49.58516
v 32.87570 0.61800 49.54424
v 32.90075 0.03500 49.36430
v 33.05065 0.03500 49.62417
v 33.02816 0.40170 49.58519
v 32.87570 0.61800 49.54424
v 33.23703 0.03500 49.93089
v 32.93703 0.03500 49.93089
v 32.98203 0.35943 49.93089
v 32.98703 0.55296 49.98089
v 33.16205 0.03500 49.80101
v 33.01200 0.03500 50.06078
v 33.03451 0.35943 50.02182
v 32.98703 0.55296 49.98089
v 33.01208 0.03500 49.80096
v 33.16198 0.03500 50.06083
v 33.13949 0.35943 50.02185
v 32.98703 0.55296 49.98089
v 33.20599 0.03500 50.66955
v 32.90599 0.03500 50.66955
v 32.95099 0.43607 50.66955
v 32.95599 0.67088 50.71955
v 33.13102 0.03500 50.53966
v 32.98097 0.03500 50.79944
v 33.00347 0.43607 50.76047
v 32.95599 0.67088 50.71955
v 32.98104 0.03500 50.53962
v 33.13094 0.03500 50.79948
v 33.10846 0.43607 50.76050
v 32.95599 0.67088 50.71955
v 33.18787 0.03500 51.12791
v 32.88787 0.03500 51.12791
v 32.93287 0.32440 51.12791
v 32.93787 0.49908 51.17791
v 33.11289 0.03500 50.99802
v 32.96284 0.03500 51.25780
v 32.98535 0.32440 51.21883
v 32.93787 0.49908 51.17791
v 32.96292 0.03500 50.99798
v 33.11282 0.03500 51.25785
v 33.09033 0.32440 51.21887
v 32.93787 0.49908 51.17791
v 33.08495 0.03500 51.85059
v 32.78495 0.03500 51.85059
v 32.82995 0.43904 51.85059
v 32.83495 0.67545 51.90059
v 33.00997 0.03500 51.72070
v 32.85992 0.03500 51.98048
v 32.88243 0.43904 51.94152
v 32.83495 0.67545 51.90059
v 32.86000 0.03500 51.72066
v 33.00990 0.03500 51.98053
v 32.98741 0.43904 51.94155
v 32.83495 0.67545 51.90059
v 33.18182 0.03500 52.42023
v 32.88182 0.03500 52.42023
v 32.92682 0.44880 52.42023
v 32.93182 0.69046 52.47023
v 33.10685 0.03500 52.29034
v 32.95680 0.03500 52.55012
v 32.97930 0.44880 52.51115
v 32.93182 0.69046 52.47023
v 32.95687 0.03500 52.29030
v 33.10677 0.03500 52.55016
v 33.08429 0.44880 52.51118
v 32.93182 0.69046 52.47023
v 33.11652 0.03500 52.96865
v 32.81652 0.03500 52.96865
v 32.86152 0.40369 52.96865
v 32.86652 0.62106 53.01865
v 33.04155 0.03500 52.83876
v 32.89149 0.03500 53.09854
v 32.91400 0.40369 53.05957
v 32.86652 0.62106 53.01865
v 32.89157 0.03500 52.83871
v 33.04147 0.03500 53.09858
v 33.01898 0.40369 53.05960
v 32.86652 0.62106 53.01865
v 33.13224 0.03500 53.60709
v 32.83224 0.03500 53.60709
v 32.87724 0.43861 53.60709
v 32.88224 0.67479 53.65709
v 33.05726 0.03500 53.47720
v 32.90721 0.03500 53.73697
v 32.92972 0.43861 53.69801
v 32.88224 0.67479 53.65709
v 32.90729 0.03500 53.47715
v 33.05718 0.03500 53.73702
v 33.03470 0.43861 53.69804
v 32.88224 0.67479 53.65709
v 32.53100 0.03500 37.92014
v 32.23100 0.03500 37.92014
v 32.27600 0.48141 37.92014
v 32.28100 0.74064 37.97014
v 32.45602 0.03500 37.79025
v 32.30597 0.03500 38.05003
v 32.32848 0.48141 38.01106
v 32.28100 0.74064 37.97014
v 32.30605 0.03500 37.79020
v 32.45595 0.03500 38.05007
v 32.43346 0.48141 38.01109
v 32.28100 0.74064 37.97014
v 32.53698 0.03500 38.69210
v 32.23698 0.03500 38.69210
v 32.28198 0.50281 38.69210
v 32.28698 0.77356 38.74210
v 32.46200 0.03500 38.56221
v 32.31195 0.03500 38.82199
v 32.33446 0.50281 38.78302
v 32.28698 0.77356 38.74210
v 32.31203 0.03500 38.56216
v 32.46193 0.03500 38.82203
v 32.43944 0.50281 38.78305
v 32.28698 0.77356 38.74210
v 32.51214 0.03500 39.12657
v 32.21214 0.03500 39.12657
v 32.25714 0.42718 39.12657
v 32.26214 0.65719 39.17657
v 32.43717 0.03500 38.99668
v 32.28712 0.03500 39.25646
v 32.30963 0.42718 39.21749
v 32.26214 0.65719 39.17657
v 32.28720 0.03500 38.99663
v 32.43709 0.03500 39.25650
v 32.41461 0.42718 39.21752
v 32.26214 0.65719 39.17657
v 32.59627 0.03500 39.79864
v 32.29627 0.03500 39.79864
v 32.34127 0.33164 39.79864
v 32.34627 0.51021 39.84864
v 32.52129 0.03500 39.66875
v 32.37124 0.03500 39.92853
v 32.39375 0.33164 39.88957
v 32.34627 0.51021 39.84864
v 32.37132 0.03500 39.66871
v 32.52122 0.03500 39.92858
v 32.49873 0.33164 39.88960
v 32.34627 0.51021 39.84864
v 32.45260 0.03500 40.48244
v 32.15260 0.03500 40.48244
v 32.19760 0.42642 40.48244
v 32.20260 0.65603 40.53244
v 32.37763 0.03500 40.35255
v 32.22758 0.03500 40.61233
v 32.25008 0.42642 40.57336
v 32.20260 0.65603 40.53244
v 32.22765 0.03500 40.35251
v 32.37755 0.03500 40.61237
v 32.35507 0.42642 40.57339
v 32.20260 0.65603 40.53244
v 32.49386 0.03500 40.93141
v 32.19386 0.03500 40.93141
v 32.23886 0.43946 40.93141
v 32.24386 0.67609 40.98141
v 32.41889 0.03500 40.80153
v 32.26884 0.03500 41.06130
v 32.29134 0.43946 41.02234
v 32.24386 0.67609 40.98141
v 32.26891 0.03500 40.80148
v 32.41881 0.03500 41.06135
v 32.39633 0.43946 41.02237
v 32.24386 0.67609 40.98141
v 32.45869 0.03500 41.55819
v 32.15869 0.03500 41.55819
v 32.20369 0.32643 41.55819
v 32.20869 0.50220 41.60819
v 32.38372 0.03500 41.42830
v 32.23367 0.03500 41.68807
v 32.25617 0.32643 41.64911
v 32.20869 0.50220 41.60819
v 32.23374 0.03500 41.42825
v 32.38364 0.03500 41.68812
v 32.36116 0.32643 41.64914
v 32.20869 0.50220 41.60819
v 32.48628 0.03500 42.22911
v 32.18628 0.03500 42.22911
v 32.23128 0.41834 42.22911
v 32.23628 0.64360 42.27911
v 32.41131 0.03500 42.09922
v 32.26126 0.03500 42.35899
v 32.28376 0.41834 42.32003
v 32.23628 0.64360 42.27911
v 32.26133 0.03500 42.09917
v 32.41123 0.03500 42.35904
v 32.38875 0.41834 42.32006
v 32.23628 0.64360 42.27911
v 32.64315 0.03500 42.82011
v 32.34315 0.03500 42.82011
v 32.38815 0.52131 42.82011
v 32.39315 0.80201 42.87011
v 32.56817 0.03500 42.69022
v 32.41812 0.03500 42.95000
v 32.44063 0.52131 42.91103
v 32.39315 0.80201 42.87011
v 32.41820 0.03500 42.69018
v 32.56810 0.03500 42.95004
v 32.54561 0.52131 42.91106
v 32.39315 0.80201 42.87011
v 32.51223 0.03500 43.33679
v 32.21223 0.03500 43.33679
v 32.25723 0.42548 43.33679
v 32.26223 0.65459 43.38679
v 32.43725 0.03500 43.20690
v 32.28720 0.03500 43.46668
v 32.30971 0.42548 43.42771
v 32.26223 0.65459 43.38679
v 32.28728 0.03500 43.20686
v 32.43717 0.03500 43.46672
v 32.41469 0.42548 43.42774
v 32.26223 0.65459 43.38679
v 32.54357 0.03500 43.92352
v 32.24357 0.03500 43.92352
v 32.28857 0.34762 43.92352
v 32.29357 0.53481 43.97352
v 32.46860 0.03500 43.79363
v 32.31855 0.03500 44.05340
v 32.34105 0.34762 44.01444
v 32.29357 0.53481 43.97352
v 32.31862 0.03500 43.79358
v 32.46852 0.03500 44.05345
v 32.44604 0.34762 44.01447
v 32.29357 0.53481 43.97352
v 32.48120 0.03500 44.55232
v 32.18120 0.03500 44.55232
v 32.22620 0.49923 44.55232
v 32.23120 0.76805 44.60232
v 32.40622 0.03500 44.42243
v 32.25617 0.03500 44.68220
v 32.27868 0.49923 44.64324
v 32.23120 0.76805 44.60232
v 32.25625 0.03500 44.42238
v 32.40615 0.03500 44.68225
v 32.38366 0.49923 44.64327
v 32.23120 0.76805 44.60232
v 32.46810 0.03500 45.14231
v 32.16810 0.03500 45.14231
v 32.21310 0.30339 45.14231
v 32.21810 0.46675 45.19231
v 32.39313 0.03500 45.01242
v 32.24308 0.03500 45.27220
v 32.26558 0.30339 45.23323
v 32.21810 0.46675 45.19231
v 32.24315 0.03500 45.01237
v 32.39305 0.03500 45.27224
v 32.37056 0.30339 45.23326
v 32.21810 0.46675 45.19231
v 32.64342 0.03500 45.85700
v 32.34342 0.03500 45.85700
v 32.38842 0.33846 45.85700
v 32.39342 0.52071 45.90700
v 32.56844 0.03500 45.72711
v 32.41839 0.03500 45.98689
v 32.44090 0.33846 45.94792
v 32.39342 0.52071 45.90700
v 32.41847 0.03500 45.72706
v 32.56836 0.03500 45.98693
v 32.54588 0.33846 45.94795
v 32.39342 0.52071 45.90700
v 32.46597 0.03500 46.46846
v 32.16597 0.03500 46.46846
v 32.21097 0.48097 46.46846
v 32.21597 0.73995 46.51846
v 32.39099 0.03500 46.33857
v 32.24094 0.03500 46.59835
v 32.26345 0.48097 46.55938
v 32.21597 0.73995 46.51846
v 32.24102 0.03500 46.33853
v 32.39092 0.03500 46.59839
v 32.36843 0.48097 46.55941
v 32.21597 0.73995 46.51846
v 32.50323 0.03500 46.95779
v 32.20323 0.03500 46.95779
v 32.24823 0.43418 46.95779
v 32.25323 0.66797 47.00779
v 32.42826 0.03500 46.82790
v 32.27821 0.03500 47.08768
v 32.30071 0.43418 47.04871
v 32.25323 0.66797 47.00779
v 32.27828 0.03500 46.82786
v 32.42818 0.03500 47.08772
v 32.40570 0.43418 47.04874
v 32.25323 0.66797 47.00779
v 32.57866 0.03500 47.69735
v 32.27866 0.03500 47.69735
v 32.32366 0.48119 47.69735
v 32.32866 0.74030 47.74735
v 32.50369 0.03500 47.56746
v 32.35364 0.03500 47.82724
v 32.37615 0.48119 47.78827
v 32.32866 0.74030 47.74735
v 32.35372 0.03500 47.56742
v 32.50361 0.03500 47.82729
v 32.48113 0.48119 47.78831
v 32.32866 0.74030 47.74735
v 32.56029 0.03500 48.16670
v 32.26029 0.03500 48.16670
v 32.30529 0.36266 48.16670
v 32.31029 0.55793 48.21670
v 32.48532 0.03500 48.03681
v 32.33527 0.03500 48.29659
v 32.35778 0.36266 48.25762
v 32.31029 0.55793 48.21670
v 32.33535 0.03500 48.03677
v 32.48524 0.03500 48.29663
v 32.46276 0.36266 48.25765
v 32.31029 0.55793 48.21670
v 32.51313 0.03500 48.76893
v 32.21313 0.03500 48.76893
v 32.25813 0.29782 48.76893
v 32.26313 0.45819 48.81893
v 32.43815 0.03500 48.63904
v 32.28810 0.03500 48.89882
v 32.31061 0.29782 48.85986
v 32.26313 0.45819 48.81893
v 32.28818 0.03500 48.63900
v 32.43807 0.03500 48.89887
v 32.41559 0.29782 48.85989
v 32.26313 0.45819 48.81893
v 32.51073 0.03500 49.34640
v 32.21073 0.03500 49.34640
v 32.25573 0.53584 49.34640
v 32.26073 0.82437 49.39640
v 32.43576 0.03500 49.21651
v 32.28571 0.03500 49.47629
v 32.30822 0.53584 49.43732
v 32.26073 0.82437 49.39640
v 32.28579 0.03500 49.21647
v 32.43568 0.03500 49.47633
v 32.41320 0.53584 49.43735
v 32.26073 0.82437 49.39640
v 32.45188 0.03500 50.06121
v 32.15188 0.03500 50.06121
v 32.19688 0.48080 50.06121
v 32.20188 0.73969 50.11121
v 32.37690 0.03500 49.93132
v 32.22685 0.03500 50.19110
v 32.24936 0.48080 50.15213
v 32.20188 0.73969 50.11121
v 32.22693 0.03500 49.93127
v 32.37683 0.03500 50.19114
v 32.35434 0.48080 50.15216
v 32.20188 0.73969 50.11121
v 32.52211 0.03500 50.50302
v 32.22211 0.03500 50.50302
v 32.26711 0.37216 50.50302
v 32.27211 0.57256 50.55302
v 32.44714 0.03500 50.37313
v 32.29709 0.03500 50.63291
v 32.31960 0.37216 50.59394
v 32.27211 0.57256 50.55302
v 32.29716 0.03500 50.37309
v 32.44706 0.03500 50.63295
v 32.42458 0.37216 50.59397
v 32.27211 0.57256 50.55302
v 32.52273 0.03500 51.17113
v 32.22273 0.03500 51.17113
v 32.26773 0.38746 51.17113
v 32.27273 0.59609 51.22113
v 32.44775 0.03500 51.04124
v 32.29770 0.03500 51.30102
v 32.32021 0.38746 51.26205
v 32.27273 0.59609 51.22113
v 32.29778 0.03500 51.04120
v 32.44768 0.03500 51.30106
v 32.42519 0.38746 51.26208
v 32.27273 0.59609 51.22113
v 32.46347 0.03500 51.85351
v 32.16347 0.03500 51.85351
v 32.20847 0.33706 51.85351
v 32.21347 0.51855 51.90351
v 32.38849 0.03500 51.72362
v 32.23844 0.03500 51.98340
v 32.26095 0.33706 51.94443
v 32.21347 0.51855 51.90351
v 32.23852 0.03500 51.72358
v 32.38842 0.03500 51.98345
v 32.36593 0.33706 51.94447
v 32.21347 0.51855 51.90351
v 32.64116 0.03500 52.45535
v 32.34116 0.03500 52.45535
v 32.38616 0.34152 52.45535
v 32.39116 0.52541 52.50535
v 32.56618 0.03500 52.32546
v 32.41613 0.03500 52.58524
v 32.43864 0.34152 52.54627
v 32.39116 0.52541 52.50535
v 32.41621 0.03500 52.32542
v 32.56611 0.03500 52.58528
v 32.54362 0.34152 52.54630
v 32.39116 0.52541 52.50535
v 32.57186 0.03500 52.97641
v 32.27186 0.03500 52.97641
v 32.31686 0.30024 52.97641
v 32.32186 0.46191 53.02641
v 32.49688 0.03500 52.84652
v 32.34683 0.03500 53.10630
v 32.36934 0.30024 53.06734
v 32.32186 0.46191 53.02641
v 32.34691 0.03500 52.84648
v 32.49680 0.03500 53.10635
v 32.47432 0.30024 53.06737
v 32.32186 0.46191 53.02641
v 32.52226 0.03500 53.64897
v 32.22226 0.03500 53.64897
v 32.26726 0.30487 53.64897
v 32.27226 0.46903 53.69897
v 32.44728 0.03500 53.51908
v 32.29723 0.03500 53.77886
v 32.31974 0.30487 53.73989
v 32.27226 0.46903 53.69897
v 32.29731 0.03500 53.51904
v 32.44721 0.03500 53.77890
v 32.42472 0.30487 53.73992
v 32.27226 0.46903 53.69897
v 31.91469 0.03500 37.92050
v 31.61469 0.03500 37.92050
v 31.65969 0.52683 37.92050
v 31.66469 0.81051 37.97050
v 31.83972 0.03500 37.79062
v 31.68967 0.03500 38.05039
v 31.71218 0.52683 38.01143
v 31.66469 0.81051 37.97050
v 31.68974 0.03500 37.79057
v 31.83964 0.03500 38.05044
v 31.81716 0.52683 38.01146
v 31.66469 0.81051 37.97050
v 31.98372 0.03500 38.63285
v 31.68372 0.03500 38.63285
v 31.72872 0.51424 38.63285
v 31.73372 0.79114 38.68285
v 31.90874 0.03500 38.50296
v 31.75869 0.03500 38.76274
v 31.78120 0.51424 38.72377
v 31.73372 0.79114 38.68285
v 31.75877 0.03500 38.50292
v 31.90867 0.03500 38.76278
v 31.88618 0.51424 38.72380
v 31.73372 0.79114 38.68285
v 32.04362 0.03500 39.23739
v 31.74362 0.03500 39.23739
v 31.78862 0.54156 39.23739
v 31.79362 0.83317 39.28739
v 31.96865 0.03500 39.10750
v 31.81860 0.03500 39.36728
v 31.84111 0.54156 39.32831
v 31.79362 0.83317 39.28739
v 31.81868 0.03500 39.10746
v 31.96857 0.03500 39.36733
v 31.94609 0.54156 39.32834
v 31.79362 0.83317 39.28739
v 31.88721 0.03500 39.74943
v 31.58721 0.03500 39.74943
v 31.63221 0.44654 39.74943
v 31.63721 0.68698 39.79943
v 31.81224 0.03500 39.61955
v 31.66219 0.03500 39.87932
v 31.68469 0.44654 39.84036
v 31.63721 0.68698 39.79943
v 31.66226 0.03500 39.61950
v 31.81216 0.03500 39.87937
v 31.78968 0.44654 39.84039
v 31.63721 0.68698 39.79943
v 31.98588 0.03500 40.39899
v 31.68588 0.03500 40.39899
v 31.73088 0.29344 40.39899
v 31.73588 0.45145 40.44899
v 31.91090 0.03500 40.26910
v 31.76085 0.03500 40.52888
v 31.78336 0.29344 40.48991
v 31.73588 0.45145 40.44899
v 31.76093 0.03500 40.26905
v 31.91082 0.03500 40.52892
v 31.88834 0.29344 40.48994
v 31.73588 0.45145 40.44899
v 31.92991 0.03500 40.97445
v 31.62991 0.03500 40.97445
v 31.67491 0.33396 40.97445
v 31.67991 0.51378 41.02445
v 31.85494 0.03500 40.84456
v 31.70489 0.03500 41.10434
v 31.72739 0.33396 41.06537
v 31.67991 0.51378 41.02445
v 31.70496 0.03500 40.84452
v 31.85486 0.03500 41.10438
v 31.83238 0.33396 41.06540
v 31.67991 0.51378 41.02445
v 31.99808 0.03500 41.56248
v 31.69808 0.03500 41.56248
v 31.74308 0.40235 41.56248
v 31.74808 0.61900 41.61248
v 31.92311 0.03500 41.43259
v 31.77305 0.03500 41.69237
v 31.79556 0.40235 41.65340
v 31.74808 0.61900 41.61248
v 31.77313 0.03500 41.43255
v 31.92303 0.03500 41.69241
v 31.90054 0.40235 41.65343
v 31.74808 0.61900 41.61248
v 31.96262 0.03500 42.12118
v 31.66262 0.03500 42.12118
v 31.70762 0.31052 42.12118
v 31.71262 0.47773 42.17118
v 31.88764 0.03500 41.99129
v 31.73759 0.03500 42.25107
v 31.76010 0.31052 42.21210
v 31.71262 0.47773 42.17118
v 31.73767 0.03500 41.99124
v 31.88757 0.03500 42.25111
v 31.86508 0.31052 42.21213
v 31.71262 0.47773 42.17118
v 32.01104 0.03500 42.89081
v 31.71104 0.03500 42.89081
v 31.75604 0.38150 42.89081
v 31.76104 0.58693 42.94081
v 31.93606 0.03500 42.76092
v 31.78601 0.03500 43.02070
v 31.80852 0.38150 42.98173
v 31.76104 0.58693 42.94081
v 31.78609 0.03500 42.76087
v 31.93599 0.03500 43.02074
v 31.91350 0.38150 42.98176
v 31.76104 0.58693 42.94081
v 32.04279 0.03500 43.43390
v 31.74279 0.03500 43.43390
v 31.78779 0.33963 43.43390
v 31.79279 0.52250 43.48390
v 31.96782 0.03500 43.30402
v 31.81776 0.03500 43.56379
v 31.84027 0.33963 43.52483
v 31.79279 0.52250 43.48390
v 31.81784 0.03500 43.30397
v 31.96774 0.03500 43.56384
v 31.94525 0.33963 43.52486
v 31.79279 0.52250 43.48390
v 31.99632 0.03500 43.99264
v 31.69632 0.03500 43.99264
v 31.74132 0.46315 43.99264
v 31.74632 0.71254 44.04264
v 31.92134 0.03500 43.86275
v 31.77129 0.03500 44.12253
v 31.79380 0.46315 44.08356
v 31.74632 0.71254 44.04264
v 31.77137 0.03500 43.86270
v 31.92127 0.03500 44.12257
v 31.89878 0.46315 44.08359
v 31.74632 0.71254 44.04264
v 31.88642 0.03500 44.61750
v 31.58642 0.03500 44.61750
v 31.63142 0.41851 44.61750
v 31.63642 0.64386 44.66750
v 31.81145 0.03500 44.48761
v 31.66140 0.03500 44.74739
v 31.68390 0.41851 44.70842
v 31.63642 0.64386 44.66750
v 31.66147 0.03500 44.48757
v 31.81137 0.03500 44.74744
v 31.78889 0.41851 44.70846
v 31.63642 0.64386 44.66750
v 31.91814 0.03500 45.10807
v 31.61814 0.03500 45.10807
v 31.66314 0.40854 45.10807
v 31.66814 0.62852 45.15807
v 31.84317 0.03500 44.97819
v 31.69312 0.03500 45.23796
v 31.71562 0.40854 45.19900
v 31.66814 0.62852 45.15807
v 31.69319 0.03500 44.97814
v 31.84309 0.03500 45.23801
v 31.82061 0.40854 45.19903
v 31.66814 0.62852 45.15807
v 32.01187 0.03500 45.86483
v 31.71187 0.03500 45.86483
v 31.75687 0.50242 45.86483
v 31.76187 0.77296 45.91483
v 31.93690 0.03500 45.73494
v 31.78685 0.03500 45.99472
v 31.80935 0.50242 45.95575
v 31.76187 0.77296 45.91483
v 31.78692 0.03500 45.73489
v 31.93682 0.03500 45.99476
v 31.91433 0.50242 45.95578
v 31.76187 0.77296 45.91483
v 31.98829 0.03500 46.47782
v 31.68829 0.03500 46.47782
v 31.73329 0.43548 46.47782
v 31.73829 0.66996 46.52782
v 31.91331 0.03500 46.34793
v 31.76326 0.03500 46.60771
v 31.78577 0.43548 46.56874
v 31.73829 0.66996 46.52782
v 31.76334 0.03500 46.34789
v 31.91323 0.03500 46.60775
v 31.89075 0.43548 46.56877
v 31.73829 0.66996 46.52782
v 31.86977 0.03500 46.93289
v 31.56977 0.03500 46.93289
v 31.61477 0.48942 46.93289
v 31.61977 0.75295 46.98289
v 31.79479 0.03500 46.80300
v 31.64474 0.03500 47.06278
v 31.66725 0.48942 47.02381
v 31.61977 0.75295 46.98289
v 31.64482 0.03500 46.80296
v 31.79472 0.03500 47.06282
v 31.77223 0.48942 47.02384
v 31.61977 0.75295 46.98289
v 31.93973 0.03500 47.65387
v 31.63973 0.03500 47.65387
v 31.68473 0.47463 47.65387
v 31.68973 0.73019 47.70387
v 31.86476 0.03500 47.52398
v 31.71471 0.03500 47.78376
v 31.73722 0.47463 47.74480
v 31.68973 0.73019 47.70387
v 31.71479 0.03500 47.52394
v 31.86468 0.03500 47.78381
v 31.84220 0.47463 47.74483
v 31.68973 0.73019 47.70387
v 31.99339 0.03500 48.17373
v 31.69339 0.03500 48.17373
v 31.73839 0.55233 48.17373
v 31.74339 0.84974 48.22373
v 31.91841 0.03500 48.04384
v 31.76836 0.03500 48.30362
v 31.79087 0.55233 48.26465
v 31.74339 0.84974 48.22373
v 31.76844 0.03500 48.04380
v 31.91834 0.03500 48.30366
v 31.89585 0.55233 48.26468
v 31.74339 0.84974 48.22373
v 31.91986 0.03500 48.87942
v 31.61986 0.03500 48.87942
v 31.66486 0.49490 48.87942
v 31.66986 0.76139 48.92942
v 31.84488 0.03500 48.74953
v 31.69483 0.03500 49.00931
v 31.71734 0.49490 48.97035
v 31.66986 0.76139 48.92942
v 31.69491 0.03500 48.74949
v 31.84481 0.03500 49.00936
v 31.82232 0.49490 48.97038
v 31.66986 0.76139 48.92942
v 31.98416 0.03500 49.36739
v 31.68416 0.03500 49.36739
v 31.72916 0.47910 49.36739
v 31.73416 0.73707 49.41739
v 31.90919 0.03500 49.23750
v 31.75914 0.03500 49.49728
v 31.78165 0.47910 49.45831
v 31.73416 0.73707 49.41739
v 31.75922 0.03500 49.23745
v 31.90911 0.03500 49.49732
v 31.88663 0.47910 49.45834
v 31.73416 0.73707 49.41739
v 31.88966 0.03500 50.04790
v 31.58966 0.03500 50.04790
v 31.63466 0.36674 50.04790
v 31.63966 0.56421 50.09790
v 31.81469 0.03500 49.91801
v 31.66464 0.03500 50.17779
v 31.68714 0.36674 50.13882
v 31.63966 0.56421 50.09790
v 31.66471 0.03500 49.91797
v 31.81461 0.03500 50.17784
v 31.79213 0.36674 50.13886
v 31.63966 0.56421 50.09790
v 31.88108 0.03500 50.55175
v 31.58108 0.03500 50.55175
v 31.62608 0.54202 50.55175
v 31.63108 0.83388 50.60175
v 31.80610 0.03500 50.42186
v 31.65605 0.03500 50.68164
v 31.67856 0.54202 50.64267
v 31.63108 0.83388 50.60175
v 31.65613 0.03500 50.42181
v 31.80603 0.03500 50.68168
v 31.78354 0.54202 50.64270
v 31.63108 0.83388 50.60175
v 31.86680 0.03500 51.16929
v 31.56680 0.03500 51.16929
v 31.61180 0.52541 51.16929
v 31.61680 0.80832 51.21929
v 31.79183 0.03500 51.03940
v 31.64178 0.03500 51.29918
v 31.66428 0.52541 51.26021
v 31.61680 0.80832 51.21929
v 31.64185 0.03500 51.03936
v 31.79175 0.03500 51.29922
v 31.76926 0.52541 51.26024
v 31.61680 0.80832 51.21929
v 32.03137 0.03500 51.79548
v 31.73137 0.03500 51.79548
v 31.77637 0.49586 51.79548
v 31.78137 0.76286 51.84548
v 31.95640 0.03500 51.66560
v 31.80635 0.03500 51.92537
v 31.82885 0.49586 51.88641
v 31.78137 0.76286 51.84548
v 31.80642 0.03500 51.66555
v 31.95632 0.03500 51.92542
v 31.93384 0.49586 51.88644
v 31.78137 0.76286 51.84548
v 31.92209 0.03500 52.46602
v 31.62209 0.03500 52.46602
v 31.66709 0.45887 52.46602
v 31.67209 0.70595 52.51602
v 31.84711 0.03500 52.33613
v 31.69706 0.03500 52.59591
v 31.71957 0.45887 52.55694
v 31.67209 0.70595 52.51602
v 31.69714 0.03500 52.33608
v 31.84703 0.03500 52.59595
v 31.82455 0.45887 52.55697
v 31.67209 0.70595 52.51602
v 31.93762 0.03500 53.09947
v 31.63762 0.03500 53.09947
v 31.68262 0.49064 53.09947
v 31.68762 0.75482 53.14947
v 31.86264 0.03500 52.96958
v 31.71259 0.03500 53.22936
v 31.73510 0.49064 53.19040
v 31.68762 0.75482 53.14947
v 31.71267 0.03500 52.96954
v 31.86257 0.03500 53.22941
v 31.84008 0.49064 53.19043
v 31.68762 0.75482 53.14947
v 32.03844 0.03500 53.57704
v 31.73844 0.03500 53.57704
v 31.78344 0.29395 53.57704
v 31.78844 0.45223 53.62704
v 31.96347 0.03500 53.44715
v 31.81342 0.03500 53.70693
v 31.83592 0.29395 53.66796
v 31.78844 0.45223 53.62704
v 31.81349 0.03500 53.44711
v 31.96339 0.03500 53.70697
v 31.94091 0.29395 53.66799
v 31.78844 0.45223 53.62704
v 31.25915 0.03500 38.05554
v 30.95915 0.03500 38.05554
v 31.00415 0.36665 38.05554
v 31.00915 0.56408 38.10554
v 31.18417 0.03500 37.92565
v 31.03412 0.03500 38.18543
v 31.05663 0.36665 38.14647
v 31.00915 0.56408 38.10554
v 31.03420 0.03500 37.92561
v 31.18410 0.03500 38.18548
v 31.16161 0.36665 38.14650
v 31.00915 0.56408 38.10554
v 31.32613 0.03500 38.56654
v 31.02613 0.03500 38.56654
v 31.07113 0.53308 38.56654
v 31.07613 0.82013 38.61654
v 31.25115 0.03500 38.43665
v 31.10110 0.03500 38.69643
v 31.12361 0.53308 38.65746
v 31.07613 0.82013 38.61654
v 31.10118 0.03500 38.43661
v 31.25107 0.03500 38.69647
v 31.22859 0.53308 38.65749
v 31.07613 0.82013 38.61654
v 31.39700 0.03500 39.11826
v 31.09700 0.03500 39.11826
v 31.14200 0.39621 39.11826
v 31.14700 0.60956 39.16826
v 31.32203 0.03500 38.98837
v 31.17198 0.03500 39.24815
v 31.19448 0.39621 39.20918
v 31.14700 0.60956 39.16826
v 31.17205 0.03500 38.98832
v 31.32195 0.03500 39.24819
v 31.29947 0.39621 39.20921
v 31.14700 0.60956 39.16826
v 31.36514 0.03500 39.77492
v 31.06514 0.03500 39.77492
v 31.11014 0.49130 39.77492
v 31.11514 0.75584 39.82492
v 31.29017 0.03500 39.64503
v 31.14011 0.03500 39.90481
v 31.16262 0.49130 39.86584
v 31.11514 0.75584 39.82492
v 31.14019 0.03500 39.64499
v 31.29009 0.03500 39.90486
v 31.26760 0.49130 39.86588
v 31.11514 0.75584 39.82492
v 31.25292 0.03500 40.43633
v 30.95292 0.03500 40.43633
v 30.99792 0.44928 40.43633
v 31.00292 0.69120 40.48633
v 31.17795 0.03500 40.30644
v 31.02790 0.03500 40.56622
v 31.05041 0.44928 40.52726
v 31.00292 0.69120 40.48633
v 31.02797 0.03500 40.30640
v 31.17787 0.03500 40.56627
v 31.15539 0.44928 40.52729
v 31.00292 0.69120 40.48633
v 31.44693 0.03500 41.03852
v 31.14693 0.03500 41.03852
v 31.19193 0.37097 41.03852
v 31.19693 0.57073 41.08852
v 31.37195 0.03500 40.90863
v 31.22190 0.03500 41.16841
v 31.24441 0.37097 41.12944
v 31.19693 0.57073 41.08852
v 31.22198 0.03500 40.90858
v 31.37188 0.03500 41.16845
v 31.34939 0.37097 41.12947
v 31.19693 0.57073 41.08852
v 31.34183 0.03500 41.54777
v 31.04183 0.03500 41.54777
v 31.08683 0.32431 41.54777
v 31.09183 0.49893 41.59777
v 31.26686 0.03500 41.41788
v 31.11681 0.03500 41.67766
v 31.13931 0.32431 41.63869
v 31.09183 0.49893 41.59777
v 31.11688 0.03500 41.41783
v 31.26678 0.03500 41.67770
v 31.24430 0.32431 41.63872
v 31.09183 0.49893 41.59777
v 31.27566 0.03500 42.29000
v 30.97566 0.03500 42.29000
v 31.02066 0.51094 42.29000
v 31.02566 0.78606 42.34000
v 31.20068 0.03500 42.16011
v 31.05063 0.03500 42.41989
v 31.07314 0.51094 42.38092
v 31.02566 0.78606 42.34000
v 31.05071 0.03500 42.16007
v 31.20061 0.03500 42.41993
v 31.17812 0.51094 42.38095
v 31.02566 0.78606 42.34000
v 31.42400 0.03500 42.86283
v 31.12400 0.03500 42.86283
v 31.16900 0.50502 42.86283
v 31.17400 0.77695 42.91283
v 31.34902 0.03500 42.73294
v 31.19897 0.03500 42.99272
v 31.22148 0.50502 42.95375
v 31.17400 0.77695 42.91283
v 31.19905 0.03500 42.73290
v 31.34895 0.03500 42.99276
v 31.32646 0.50502 42.95378
v 31.17400 0.77695 42.91283
v 31.25657 0.03500 43.41273
v 30.95657 0.03500 43.41273
v 31.00157 0.52524 43.41273
v 31.00657 0.80806 43.46273
v 31.18159 0.03500 43.28284
v 31.03154 0.03500 43.54262
v 31.05405 0.52524 43.50365
v 31.00657 0.80806 43.46273
v 31.03162 0.03500 43.28280
v 31.18152 0.03500 43.54266
v 31.15903 0.52524 43.50368
v 31.00657 0.80806 43.46273
v 31.36355 0.03500 44.03060
v 31.06355 0.03500 44.03060
v 31.10855 0.46183 44.03060
v 31.11355 0.71051 44.08060
v 31.28858 0.03500 43.90071
v 31.13853 0.03500 44.16049
v 31.16104 0.46183 44.12152
v 31.11355 0.71051 44.08060
v 31.13861 0.03500 43.90066
v 31.28850 0.03500 44.16053
v 31.26602 0.46183 44.12155
v 31.11355 0.71051 44.08060
v 31.33979 0.03500 44.58004
v 31.03979 0.03500 44.58004
v 31.08479 0.32241 44.58004
v 31.08979 0.49602 44.63004
v 31.26482 0.03500 44.45016
v 31.11477 0.03500 44.70993
v 31.13728 0.32241 44.67097
v 31.08979 0.49602 44.63004
v 31.11485 0.03500 44.45011
v 31.26474 0.03500 44.70998
v 31.24226 0.32241 44.67100
v 31.08979 0.49602 44.63004
v 31.39351 0.03500 45.18098
v 31.09351 0.03500 45.18098
v 31.13851 0.31660 45.18098
v 31.14351 0.48707 45.23098
v 31.31853 0.03500 45.05110
v 31.16848 0.03500 45.31087
v 31.19099 0.31660 45.27191
v 31.14351 0.48707 45.23098
v 31.16856 0.03500 45.05105
v 31.31846 0.03500 45.31092
v 31.29597 0.31660 45.27194
v 31.14351 0.48707 45.23098
v 31.25401 0.03500 45.85705
v 30.95401 0.03500 45.85705
v 30.99901 0.41497 45.85705
v 31.00401 0.63842 45.90705
v 31.17903 0.03500 45.72716
v 31.02898 0.03500 45.98694
v 31.05149 0.41497 45.94797
v 31.00401 0.63842 45.90705
v 31.02906 0.03500 45.72712
v 31.17895 0.03500 45.98698
v 31.15647 0.41497 45.94800
v 31.00401 0.63842 45.90705
v 31.41935 0.03500 46.44486
v 31.11935 0.03500 46.44486
v 31.16435 0.42260 46.44486
v 31.16935 0.65016 46.49486
v 31.34437 0.03500 46.31497
v 31.19432 0.03500 46.57475
v 31.21683 0.42260 46.53578
v 31.16935 0.65016 46.49486
v 31.19440 0.03500 46.31493
v 31.34429 0.03500 46.57479
v 31.32181 0.42260 46.53581
v 31.16935 0.65016 46.49486
v 31.44491 0.03500 47.02720
v 31.14491 0.03500 47.02720
v 31.18991 0.30036 47.02720
v 31.19491 0.46210 47.07720
v 31.36994 0.03500 46.89731
v 31.21989 0.03500 47.15709
v 31.24240 0.30036 47.11812
v 31.19491 0.46210 47.07720
v 31.21996 0.03500 46.89727
v 31.36986 0.03500 47.15713
v 31.34738 0.30036 47.11815
v 31.19491 0.46210 47.07720
v 31.41825 0.03500 47.62862
v 31.11825 0.03500 47.62862
v 31.16325 0.46978 47.62862
v 31.16825 0.72274 47.67862
v 31.34327 0.03500 47.49873
v 31.19322 0.03500 47.75851
v 31.21573 0.46978 47.71954
v 31.16825 0.72274 47.67862
v 31.19330 0.03500 47.49869
v 31.34319 0.03500 47.75855
v 31.32071 0.46978 47.71957
v 31.16825 0.72274 47.67862
v 31.29669 0.03500 48.11364
v 30.99669 0.03500 48.11364
v 31.04169 0.51175 48.11364
v 31.04669 0.78731 48.16364
v 31.22172 0.03500 47.98375
v 31.07167 0.03500 48.24353
v 31.09418 0.51175 48.20456
v 31.04669 0.78731 48.16364
v 31.07175 0.03500 47.98371
v 31.22164 0.03500 48.24357
v 31.19916 0.51175 48.20459
v 31.04669 0.78731 48.16364
v 31.41450 0.03500 48.71796
v 31.11450 0.03500 48.71796
v 31.15950 0.43987 48.71796
v 31.16450 0.67672 48.76796
v 31.33952 0.03500 48.58807
v 31.18947 0.03500 48.84785
v 31.21198 0.43987 48.80889
v 31.16450 0.67672 48.76796
v 31.18955 0.03500 48.58803
v 31.33945 0.03500 48.84790
v 31.31696 0.43987 48.80892
v 31.16450 0.67672 48.76796
v 31.40228 0.03500 49.45866
v 31.10228 0.03500 49.45866
v 31.14728 0.37956 49.45866
v 31.15228 0.58393 49.50866
v 31.32731 0.03500 49.32877
v 31.17726 0.03500 49.58855
v 31.19976 0.37956 49.54958
v 31.15228 0.58393 49.50866
v 31.17733 0.03500 49.32873
v 31.32723 0.03500 49.58860
v 31.30475 0.37956 49.54962
v 31.15228 0.58393 49.50866
v 31.32489 0.03500 49.94829
v 31.02489 0.03500 49.94829
v 31.06989 0.29723 49.94829
v 31.07489 0.45727 49.99829
v 31.24991 0.03500 49.81840
v 31.09986 0.03500 50.07818
v 31.12237 0.29723 50.03921
v 31.07489 0.45727 49.99829
v 31.09994 0.03500 49.81836
v 31.24984 0.03500 50.07822
v 31.22735 0.29723 50.03924
v 31.07489 0.45727 49.99829
v 31.26823 0.03500 50.67329
v 30.96823 0.03500 50.67329
v 31.01323 0.54276 50.67329
v 31.01823 0.83501 50.72329
v 31.19326 0.03500 50.54340
v 31.04321 0.03500 50.80318
v 31.06572 0.54276 50.76422
v 31.01823 0.83501 50.72329
v 31.04329 0.03500 50.54336
v 31.19318 0.03500 50.80323
v 31.17070 0.54276 50.76425
v 31.01823 0.83501 50.72329
v 31.37881 0.03500 51.10057
v 31.07881 0.03500 51.10057
v 31.12381 0.54843 51.10057
v 31.12881 0.84373 51.15057
v 31.30383 0.03500 50.97068
v 31.15378 0.03500 51.23046
v 31.17629 0.54843 51.19149
v 31.12881 0.84373 51.15057
v 31.15386 0.03500 50.97064
v 31.30375 0.03500 51.23050
v 31.28127 0.54843 51.19152
v 31.12881 0.84373 51.15057
v 31.35939 0.03500 51.82087
v 31.05939 0.03500 51.82087
v 31.10439 0.51550 51.82087
v 31.10939 0.79307 51.87087
v 31.28442 0.03500 51.69098
v 31.13437 0.03500 51.95076
v 31.15687 0.51550 51.91179
v 31.10939 0.79307 51.87087
v 31.13444 0.03500 51.69094
v 31.28434 0.03500 51.95080
v 31.26186 0.51550 51.91182
v 31.10939 0.79307 51.87087
v 31.36387 0.03500 52.49260
v 31.06387 0.03500 52.49260
v 31.10887 0.35395 52.49260
v 31.11387 0.54453 52.54260
v 31.28890 0.03500 52.36271
v 31.13885 0.03500 52.62249
v 31.16135 0.35395 52.58353
v 31.11387 0.54453 52.54260
v 31.13892 0.03500 52.36267
v 31.28882 0.03500 52.62254
v 31.26634 0.35395 52.58356
v 31.11387 0.54453 52.54260
v 31.30204 0.03500 52.96849
v 31.00204 0.03500 52.96849
v 31.04704 0.48204 52.96849
v 31.05204 0.74160 53.01849
v 31.22706 0.03500 52.83860
v 31.07701 0.03500 53.09838
v 31.09952 0.48204 53.05941
v 31.05204 0.74160 53.01849
v 31.07709 0.03500 52.83855
v 31.22699 0.03500 53.09842
v 31.20450 0.48204 53.05944
v 31.05204 0.74160 53.01849
v 31.37157 0.03500 53.51481
v 31.07157 0.03500 53.51481
v 31.11657 0.42247 53.51481
v 31.12157 0.64996 53.56481
v 31.29660 0.03500 53.38492
v 31.14655 0.03500 53.64470
v 31.16905 0.42247 53.60573
v 31.12157 0.64996 53.56481
v 31.14662 0.03500 53.38488
v 31.29652 0.03500 53.64474
v 31.27404 0.42247 53.60576
v 31.12157 0.64996 53.56481
v 30.65412 0.03500 38.02688
v 30.35412 0.03500 38.02688
v 30.39912 0.39207 38.02688
v 30.40412 0.60318 38.07688
v 30.57914 0.03500 37.89699
v 30.42909 0.03500 38.15677
v 30.45160 0.39207 38.11781
v 30.40412 0.60318 38.07688
v 30.42917 0.03500 37.89695
v 30.57906 0.03500 38.15682
v 30.55658 0.39207 38.11784
v 30.40412 0.60318 38.07688
v 30.70796 0.03500 38.63246
v 30.40796 0.03500 38.63246
v 30.45296 0.32555 38.63246
v 30.45796 0.50084 38.68246
v 30.63299 0.03500 38.50257
v 30.48293 0.03500 38.76235
v 30.50544 0.32555 38.72338
v 30.45796 0.50084 38.68246
v 30.48301 0.03500 38.50253
v 30.63291 0.03500 38.76239
v 30.61042 0.32555 38.72341
v 30.45796 0.50084 38.68246
v 30.74641 0.03500 39.21663
v 30.44641 0.03500 39.21663
v 30.49141 0.34239 39.21663
v 30.49641 0.52675 39.26663
v 30.67144 0.03500 39.08674
v 30.52139 0.03500 39.34652
v 30.54390 0.34239 39.30756
v 30.49641 0.52675 39.26663
v 30.52147 0.03500 39.08670
v 30.67136 0.03500 39.34657
v 30.64888 0.34239 39.30759
v 30.49641 0.52675 39.26663
v 30.67710 0.03500 39.89163
v 30.37710 0.03500 39.89163
v 30.42210 0.53385 39.89163
v 30.42710 0.82131 39.94163
v 30.60212 0.03500 39.76174
v 30.45207 0.03500 40.02152
v 30.47458 0.53385 39.98255
v 30.42710 0.82131 39.94163
v 30.45215 0.03500 39.76170
v 30.60205 0.03500 40.02157
v 30.57956 0.53385 39.98259
v 30.42710 0.82131 39.94163
v 30.77071 0.03500 40.32059
v 30.47071 0.03500 40.32059
v 30.51571 0.34511 40.32059
v 30.52071 0.53095 40.37059
v 30.69573 0.03500 40.19071
v 30.54568 0.03500 40.45048
v 30.56819 0.34511 40.41152
v 30.52071 0.53095 40.37059
v 30.54576 0.03500 40.19066
v 30.69566 0.03500 40.45053
v 30.67317 0.34511 40.41155
v 30.52071 0.53095 40.37059
v 30.67022 0.03500 41.01060
v 30.37022 0.03500 41.01060
v 30.41522 0.44934 41.01060
v 30.42022 0.69129 41.06060
v 30.59525 0.03500 40.88071
v 30.44520 0.03500 41.14049
v 30.46770 0.44934 41.10153
v 30.42022 0.69129 41.06060
v 30.44527 0.03500 40.88067
v 30.59517 0.03500 41.14054
v 30.57269 0.44934 41.10156
v 30.42022 0.69129 41.06060
v 30.68526 0.03500 41.64710
v 30.38526 0.03500 41.64710
v 30.43026 0.32031 41.64710
v 30.43526 0.49279 41.69710
v 30.61028 0.03500 41.51721
v 30.46023 0.03500 41.77699
v 30.48274 0.32031 41.73803
v 30.43526 0.49279 41.69710
v 30.46031 0.03500 41.51717
v 30.61021 0.03500 41.77704
v 30.58772 0.32031 41.73806
v 30.43526 0.49279 41.69710
v 30.83857 0.03500 42.20062
v 30.53857 0.03500 42.20062
v 30.58357 0.53719 42.20062
v 30.58857 0.82645 42.25062
v 30.76359 0.03500 42.07074
v 30.61354 0.03500 42.33051
v 30.63605 0.53719 42.29155
v 30.58857 0.82645 42.25062
v 30.61362 0.03500 42.07069
v 30.76352 0.03500 42.33056
v 30.74103 0.53719 42.29158
v 30.58857 0.82645 42.25062
v 30.76526 0.03500 42.83762
v 30.46526 0.03500 42.83762
v 30.51026 0.37653 42.83762
v 30.51526 0.57927 42.88762
v 30.69028 0.03500 42.70773
v 30.54023 0.03500 42.96751
v 30.56274 0.37653 42.92854
v 30.51526 0.57927 42.88762
v 30.54031 0.03500 42.70769
v 30.69020 0.03500 42.96755
v 30.66772 0.37653 42.92857
v 30.51526 0.57927 42.88762
v 30.78961 0.03500 43.34906
v 30.48961 0.03500 43.34906
v 30.53461 0.46323 43.34906
v 30.53961 0.71267 43.39906
v 30.71464 0.03500 43.21917
v 30.56458 0.03500 43.47894
v 30.58709 0.46323 43.43998
v 30.53961 0.71267 43.39906
v 30.56466 0.03500 43.21912
v 30.71456 0.03500 43.47899
v 30.69207 0.46323 43.44001
v 30.53961 0.71267 43.39906
v 30.74703 0.03500 43.93186
v 30.44703 0.03500 43.93186
v 30.49203 0.43675 43.93186
v 30.49703 0.67192 43.98186
v 30.67205 0.03500 43.80197
v 30.52200 0.03500 44.06174
v 30.54451 0.43675 44.02278
v 30.49703 0.67192 43.98186
v 30.52208 0.03500 43.80192
v 30.67197 0.03500 44.06179
v 30.64949 0.43675 44.02281
v 30.49703 0.67192 43.98186
v 30.65178 0.03500 44.60086
v 30.35178 0.03500 44.60086
v 30.39678 0.36855 44.60086
v 30.40178 0.56699 44.65086
v 30.57681 0.03500 44.47097
v 30.42676 0.03500 44.73075
v 30.44927 0.36855 44.69179
v 30.40178 0.56699 44.65086
v 30.42683 0.03500 44.47093
v 30.57673 0.03500 44.73080
v 30.55425 0.36855 44.69182
v 30.40178 0.56699 44.65086
v 30.69757 0.03500 45.13795
v 30.39757 0.03500 45.13795
v 30.44257 0.40889 45.13795
v 30.44757 0.62906 45.18795
v 30.62259 0.03500 45.00806
v 30.47254 0.03500 45.26784
v 30.49505 0.40889 45.22887
v 30.44757 0.62906 45.18795
v 30.47262 0.03500 45.00801
v 30.62252 0.03500 45.26788
v 30.60003 0.40889 45.22890
v 30.44757 0.62906 45.18795
v 30.78190 0.03500 45.80912
v 30.48190 0.03500 45.80912
v 30.52690 0.32845 45.80912
v 30.53190 0.50531 45.85912
v 30.70693 0.03500 45.67923
v 30.55688 0.03500 45.93901
v 30.57938 0.32845 45.90004
v 30.53190 0.50531 45.85912
v 30.55695 0.03500 45.67918
v 30.70685 0.03500 45.93905
v 30.68437 0.32845 45.90007
v 30.53190 0.50531 45.85912
v 30.83508 0.03500 46.38753
v 30.53508 0.03500 46.38753
v 30.58008 0.33441 46.38753
v 30.58508 0.51447 46.43753
v 30.76011 0.03500 46.25764
v 30.61005 0.03500 46.51742
v 30.63256 0.33441 46.47845
v 30.58508 0.51447 46.43753
v 30.61013 0.03500 46.25760
v 30.76003 0.03500 46.51747
v 30.73754 0.33441 46.47849
v 30.58508 0.51447 46.43753
v 30.79843 0.03500 47.03493
v 30.49843 0.03500 47.03493
v 30.54343 0.45773 47.03493
v 30.54843 0.70421 47.08493
v 30.72346 0.03500 46.90504
v 30.57340 0.03500 47.16482
v 30.59591 0.45773 47.12585
v 30.54843 0.70421 47.08493
v 30.57348 0.03500 46.90500
v 30.72338 0.03500 47.16486
v 30.70089 0.45773 47.12588
v 30.54843 0.70421 47.08493
v 30.69440 0.03500 47.68253
v 30.39440 0.03500 47.68253
v 30.43940 0.44602 47.68253
v 30.44440 0.68619 47.73253
v 30.61942 0.03500 47.55265
v 30.46937 0.03500 47.81242
v 30.49188 0.44602 47.77346
v 30.44440 0.68619 47.73253
v 30.46945 0.03500 47.55260
v 30.61934 0.03500 47.81247
v 30.59686 0.44602 47.77349
v 30.44440 0.68619 47.73253
v 30.68981 0.03500 48.20338
v 30.38981 0.03500 48.20338
v 30.43481 0.32188 48.20338
v 30.43981 0.49520 48.25338
v 30.61484 0.03500 48.07349
v 30.46479 0.03500 48.33327
v 30.48729 0.32188 48.29430
v 30.43981 0.49520 48.25338
v 30.46486 0.03500 48.07345
v 30.61476 0.03500 48.33331
v 30.59228 0.32188 48.29433
v 30.43981 0.49520 48.25338
v 30.81587 0.03500 48.89571
v 30.51587 0.03500 48.89571
v 30.56087 0.41012 48.89571
v 30.56587 0.63096 48.94571
v 30.74089 0.03500 48.76582
v 30.59084 0.03500 49.02560
v 30.61335 0.41012 48.98664
v 30.56587 0.63096 48.94571
v 30.59092 0.03500 48.76578
v 30.74082 0.03500 49.02565
v 30.71833 0.41012 48.98667
v 30.56587 0.63096 48.94571
v 30.79041 0.03500 49.35643
v 30.49041 0.03500 49.35643
v 30.53541 0.39270 49.35643
v 30.54041 0.60416 49.40643
v 30.71544 0.03500 49.22654
v 30.56539 0.03500 49.48631
v 30.58789 0.39270 49.44735
v 30.54041 0.60416 49.40643
v 30.56546 0.03500 49.22649
v 30.71536 0.03500 49.48636
v 30.69288 0.39270 49.44738
v 30.54041 0.60416 49.40643
v 30.82004 0.03500 49.90185
v 30.52004 0.03500 49.90185
v 30.56504 0.52007 49.90185
v 30.57004 0.80010 49.95185
v 30.74507 0.03500 49.77196
v 30.59502 0.03500 50.03174
v 30.61752 0.52007 49.99278
v 30.57004 0.80010 49.95185
v 30.59509 0.03500 49.77192
v 30.74499 0.03500 50.03179
v 30.72251 0.52007 49.99281
v 30.57004 0.80010 49.95185
v 30.74777 0.03500 50.66981
v 30.44777 0.03500 50.66981
v 30.49277 0.31968 50.66981
v 30.49777 0.49181 50.71981
v 30.67279 0.03500 50.53993
v 30.52274 0.03500 50.79970
v 30.54525 0.31968 50.76074
v 30.49777 0.49181 50.71981
v 30.52282 0.03500 50.53988
v 30.67272 0.03500 50.79975
v 30.65023 0.31968 50.76077
v 30.49777 0.49181 50.71981
v 30.76057 0.03500 51.28812
v 30.46057 0.03500 51.28812
v 30.50557 0.54597 51.28812
v 30.51057 0.83995 51.33812
v 30.68559 0.03500 51.15823
v 30.53554 0.03500 51.41801
v 30.55805 0.54597 51.37905
v 30.51057 0.83995 51.33812
v 30.53562 0.03500 51.15819
v 30.68552 0.03500 51.41806
v 30.66303 0.54597 51.37908
v 30.51057 0.83995 51.33812
v 30.72171 0.03500 51.87184
v 30.42171 0.03500 51.87184
v 30.46671 0.30820 51.87184
v 30.47171 0.47415 51.92184
v 30.64674 0.03500 51.74195
v 30.49669 0.03500 52.00173
v 30.51919 0.30820 51.96276
v 30.47171 0.47415 51.92184
v 30.49676 0.03500 51.74190
v 30.64666 0.03500 52.00177
v 30.62418 0.30820 51.96279
v 30.47171 0.47415 51.92184
v 30.69608 0.03500 52.30712
v 30.39608 0.03500 52.30712
v 30.44108 0.30395 52.30712
v 30.44608 0.46761 52.35712
v 30.62110 0.03500 52.17723
v 30.47105 0.03500 52.43701
v 30.49356 0.30395 52.39805
v 30.44608 0.46761 52.35712
v 30.47113 0.03500 52.17719
v 30.62103 0.03500 52.43706
v 30.59854 0.30395 52.39808
v 30.44608 0.46761 52.35712
v 30.75228 0.03500 53.08371
v 30.45228 0.03500 53.08371
v 30.49728 0.53431 53.08371
v 30.50228 0.82201 53.13371
v 30.67730 0.03500 52.95382
v 30.52725 0.03500 53.21360
v 30.54976 0.53431 53.17463
v 30.50228 0.82201 53.13371
v 30.52733 0.03500 52.95377
v 30.67723 0.03500 53.21364
v 30.65474 0.53431 53.17466
v 30.50228 0.82201 53.13371
v 30.73398 0.03500 53.69428
v 30.43398 0.03500 53.69428
v 30.47898 0.42274 53.69428
v 30.48398 0.65037 53.74428
v 30.65901 0.03500 53.56439
v 30.50896 0.03500 53.82417
v 30.53146 0.42274 53.78520
v 30.48398 0.65037 53.74428
v 30.50903 0.03500 53.56435
v 30.65893 0.03500 53.82421
v 30.63645 0.42274 53.78523
v 30.48398 0.65037 53.74428
v 30.07989 0.03500 37.96946
v 29.77989 0.03500 37.96946
v 29.82489 0.30630 37.96946
v 29.82989 0.47122 38.01946
v 30.00492 0.03500 37.83957
v 29.85487 0.03500 38.09935
v 29.87737 0.30630 38.06039
v 29.82989 0.47122 38.01946
v 29.85494 0.03500 37.83953
v 30.00484 0.03500 38.09940
v 29.98236 0.30630 38.06042
v 29.82989 0.47122 38.01946
v 30.20019 0.03500 38.57004
v 29.90019 0.03500 38.57004
v 29.94519 0.40900 38.57004
v 29.95019 0.62923 38.62004
v 30.12522 0.03500 38.44015
v 29.97517 0.03500 38.69993
v 29.99768 0.40900 38.66096
v 29.95019 0.62923 38.62004
v 29.97524 0.03500 38.44011
v 30.12514 0.03500 38.69997
v 30.10266 0.40900 38.66099
v 29.95019 0.62923 38.62004
v 30.14144 0.03500 39.21381
v 29.84144 0.03500 39.21381
v 29.88644 0.35282 39.21381
v 29.89144 0.54281 39.26381
v 30.06647 0.03500 39.08392
v 29.91641 0.03500 39.34369
v 29.93892 0.35282 39.30473
v 29.89144 0.54281 39.26381
v 29.91649 0.03500 39.08387
v 30.06639 0.03500 39.34374
v 30.04390 0.35282 39.30476
v 29.89144 0.54281 39.26381
v 30.06700 0.03500 39.87301
v 29.76700 0.03500 39.87301
v 29.81200 0.33570 39.87301
v 29.81700 0.51645 39.92301
v 29.99202 0.03500 39.74312
v 29.84197 0.03500 40.00290
v 29.86448 0.33570 39.96393
v 29.81700 0.51645 39.92301
v 29.84205 0.03500 39.74307
v 29.99195 0.03500 40.00294
v 29.96946 0.33570 39.96396
v 29.81700 0.51645 39.92301
v 30.21914 0.03500 40.48872
v 29.91914 0.03500 40.48872
v 29.96414 0.53122 40.48872
v 29.96914 0.81727 40.53872
v 30.14416 0.03500 40.35883
v 29.99411 0.03500 40.61860
v 30.01662 0.53122 40.57964
v 29.96914 0.81727 40.53872
v 29.99419 0.03500 40.35878
v 30.14409 0.03500 40.61865
v 30.12160 0.53122 40.57967
v 29.96914 0.81727 40.53872
v 30.08900 0.03500 40.93376
v 29.78900 0.03500 40.93376
v 29.83400 0.54462 40.93376
v 29.83900 0.83788 40.98376
v 30.01402 0.03500 40.80387
v 29.86397 0.03500 41.06365
v 29.88648 0.54462 41.02468
v 29.83900 0.83788 40.98376
v 29.86405 0.03500 40.80382
v 30.01394 0.03500 41.06369
v 29.99146 0.54462 41.02471
v 29.83900 0.83788 40.98376
v 30.13948 0.03500 41.54077
v 29.83948 0.03500 41.54077
v 29.88448 0.50131 41.54077
v 29.88948 0.77125 41.59077
v 30.06451 0.03500 41.41088
v 29.91446 0.03500 41.67066
v 29.93697 0.50131 41.63169
v 29.88948 0.77125 41.59077
v 29.91453 0.03500 41.41084
v 30.06443 0.03500 41.67071
v 30.04195 0.50131 41.63173
v 29.88948 0.77125 41.59077
v 30.11327 0.03500 42.20610
v 29.81327 0.03500 42.20610
v 29.85827 0.51400 42.20610
v 29.86327 0.79076 42.25610
v 30.03830 0.03500 42.07621
v 29.88825 0.03500 42.33599
v 29.91075 0.51400 42.29703
v 29.86327 0.79076 42.25610
v 29.88832 0.03500 42.07617
v 30.03822 0.03500 42.33604
v 30.01574 0.51400 42.29706
v 29.86327 0.79076 42.25610
v 30.06917 0.03500 42.79711
v 29.76917 0.03500 42.79711
v 29.81417 0.51475 42.79711
v 29.81917 0.79193 42.84711
v 29.99419 0.03500 42.66722
v 29.84414 0.03500 42.92700
v 29.86665 0.51475 42.88803
v 29.81917 0.79193 42.84711
v 29.84422 0.03500 42.66718
v 29.99412 0.03500 42.92705
v 29.97163 0.51475 42.88807
v 29.81917 0.79193 42.84711
v 30.22283 0.03500 43.42678
v 29.92283 0.03500 43.42678
v 29.96783 0.44332 43.42678
v 29.97283 0.68203 43.47678
v 30.14785 0.03500 43.29689
v 29.99780 0.03500 43.55667
v 30.02031 0.44332 43.51770
v 29.97283 0.68203 43.47678
v 29.99788 0.03500 43.29684
v 30.14778 0.03500 43.55671
v 30.12529 0.44332 43.51773
v 29.97283 0.68203 43.47678
v 30.17015 0.03500 44.04403
v 29.87015 0.03500 44.04403
v 29.91515 0.45007 44.04403
v 29.92015 0.69242 44.09403
v 30.09517 0.03500 43.91414
v 29.94512 0.03500 44.17392
v 29.96763 0.45007 44.13495
v 29.92015 0.69242 44.09403
v 29.94520 0.03500 43.91409
v 30.09510 0.03500 44.17396
v 30.07261 0.45007 44.13498
v 29.92015 0.69242 44.09403
v 30.23483 0.03500 44.64115
v 29.93483 0.03500 44.64115
v 29.97983 0.49002 44.64115
v 29.98483 0.75388 44.69115
v 30.15986 0.03500 44.51126
v 30.00981 0.03500 44.77104
v 30.03232 0.49002 44.73207
v 29.98483 0.75388 44.69115
v 30.00989 0.03500 44.51121
v 30.15978 0.03500 44.77108
v 30.13730 0.49002 44.73210
v 29.98483 0.75388 44.69115
v 30.16847 0.03500 45.29903
v 29.86847 0.03500 45.29903
v 29.91347 0.42290 45.29903
v 29.91847 0.65061 45.34903
v 30.09349 0.03500 45.16914
v 29.94344 0.03500 45.42892
v 29.96595 0.42290 45.38995
v 29.91847 0.65061 45.34903
v 29.94352 0.03500 45.16909
v 30.09342 0.03500 45.42896
v 30.07093 0.42290 45.38998
v 29.91847 0.65061 45.34903
v 30.10416 0.03500 45.79350
v 29.80416 0.03500 45.79350
v 29.84916 0.37301 45.79350
v 29.85416 0.57386 45.84350
v 30.02919 0.03500 45.66361
v 29.87914 0.03500 45.92339
v 29.90165 0.37301 45.88442
v 29.85416 0.57386 45.84350
v 29.87922 0.03500 45.66356
v 30.02911 0.03500 45.92343
v 30.00663 0.37301 45.88445
v 29.85416 0.57386 45.84350
v 30.14530 0.03500 46.37527
v 29.84530 0.03500 46.37527
v 29.89030 0.49968 46.37527
v 29.89530 0.76874 46.42527
v 30.07032 0.03500 46.24539
v 29.92027 0.03500 46.50516
v 29.94278 0.49968 46.46620
v 29.89530 0.76874 46.42527
v 29.92035 0.03500 46.24534
v 30.07024 0.03500 46.50521
v 30.04776 0.49968 46.46623
v 29.89530 0.76874 46.42527
v 30.11868 0.03500 46.91709
v 29.81868 0.03500 46.91709
v 29.86368 0.48362 46.91709
v 29.86868 0.74403 46.96709
v 30.04371 0.03500 46.78720
v 29.89366 0.03500 47.04698
v 29.91617 0.48362 47.00802
v 29.86868 0.74403 46.96709
v 29.89374 0.03500 46.78716
v 30.04363 0.03500 47.04703
v 30.02115 0.48362 47.00805
v 29.86868 0.74403 46.96709
v 30.18130 0.03500 47.62267
v 29.88130 0.03500 47.62267
v 29.92630 0.32513 47.62267
v 29.93130 0.50020 47.67267
v 30.10632 0.03500 47.49278
v 29.95627 0.03500 47.75256
v 29.97878 0.32513 47.71359
v 29.93130 0.50020 47.67267
v 29.95635 0.03500 47.49273
v 30.10624 0.03500 47.75260
v 30.08376 0.32513 47.71362
v 29.93130 0.50020 47.67267
v 30.16541 0.03500 48.21594
v 29.86541 0.03500 48.21594
v 29.91041 0.37841 48.21594
v 29.91541 0.58218 48.26594
v 30.09044 0.03500 48.08605
v 29.94039 0.03500 48.34583
v 29.96289 0.37841 48.30686
v 29.91541 0.58218 48.26594
v 29.94046 0.03500 48.08601
v 30.09036 0.03500 48.34588
v 30.06788 0.37841 48.30690
v 29.91541 0.58218 48.26594
v 30.08158 0.03500 48.80636
v 29.78158 0.03500 48.80636
v 29.82658 0.33931 48.80636
v 29.83158 0.52202 48.85636
v 30.00661 0.03500 48.67647
v 29.85656 0.03500 48.93625
v 29.87906 0.33931 48.89729
v 29.83158 0.52202 48.85636
v 29.85663 0.03500 48.67643
v 30.00653 0.03500 48.93630
v 29.98405 0.33931 48.89732
v 29.83158 0.52202 48.85636
v 30.11618 0.03500 49.46979
v 29.81618 0.03500 49.46979
v 29.86118 0.43380 49.46979
v 29.86618 0.66739 49.51979
v 30.04121 0.03500 49.33990
v 29.89116 0.03500 49.59968
v 29.91367 0.43380 49.56071
v 29.86618 0.66739 49.51979
v 29.89124 0.03500 49.33985
v 30.04113 0.03500 49.59972
v 30.01865 0.43380 49.56074
v 29.86618 0.66739 49.51979
v 30.19768 0.03500 49.90011
v 29.89768 0.03500 49.90011
v 29.94268 0.46933 49.90011
v 29.94768 0.72205 49.95011
v 30.12271 0.03500 49.77022
v 29.97266 0.03500 50.03000
v 29.99516 0.46933 49.99104
v 29.94768 0.72205 49.95011
v 29.97273 0.03500 49.77018
v 30.12263 0.03500 50.03005
v 30.10015 0.46933 49.99107
v 29.94768 0.72205 49.95011
v 30.10031 0.03500 50.56333
v 29.80031 0.03500 50.56333
v 29.84531 0.42712 50.56333
v 29.85031 0.65710 50.61333
v 30.02533 0.03500 50.43344
v 29.87528 0.03500 50.69321
v 29.89779 0.42712 50.65425
v 29.85031 0.65710 50.61333
v 29.87536 0.03500 50.43339
v 30.02526 0.03500 50.69326
v 30.00277 0.42712 50.65428
v 29.85031 0.65710 50.61333
v 30.24977 0.03500 51.23131
v 29.94977 0.03500 51.23131
v 29.99477 0.35933 51.23131
v 29.99977 0.55282 51.28131
v 30.17480 0.03500 51.10142
v 30.02475 0.03500 51.36120
v 30.04726 0.35933 51.32223
v 29.99977 0.55282 51.28131
v 30.02482 0.03500 51.10137
v 30.17472 0.03500 51.36124
v 30.15224 0.35933 51.32226
v 29.99977 0.55282 51.28131
v 30.18083 0.03500 51.80437
v 29.88083 0.03500 51.80437
v 29.92583 0.40342 51.80437
v 29.93083 0.62065 51.85437
v 30.10586 0.03500 51.67448
v 29.95581 0.03500 51.93426
v 29.97831 0.40342 51.89529
v 29.93083 0.62065 51.85437
v 29.95588 0.03500 51.67443
v 30.10578 0.03500 51.93430
v 30.08329 0.40342 51.89532
v 29.93083 0.62065 51.85437
v 30.10216 0.03500 52.41548
v 29.80216 0.03500 52.41548
v 29.84716 0.41869 52.41548
v 29.85216 0.64414 52.46548
v 30.02719 0.03500 52.28559
v 29.87713 0.03500 52.54536
v 29.89964 0.41869 52.50640
v 29.85216 0.64414 52.46548
v 29.87721 0.03500 52.28554
v 30.02711 0.03500 52.54541
v 30.00462 0.41869 52.50643
v 29.85216 0.64414 52.46548
v 30.05600 0.03500 52.95408
v 29.75600 0.03500 52.95408
v 29.80100 0.43068 52.95408
v 29.80600 0.66259 53.00408
v 29.98102 0.03500 52.82419
v 29.83097 0.03500 53.08396
v 29.85348 0.43068 53.04500
v 29.80600 0.66259 53.00408
v 29.83105 0.03500 52.82414
v 29.98095 0.03500 53.08401
v 29.95846 0.43068 53.04503
v 29.80600 0.66259 53.00408
v 30.14217 0.03500 53.57394
v 29.84217 0.03500 53.57394
v 29.88717 0.51693 53.57394
v 29.89217 0.79527 53.62394
v 30.06720 0.03500 53.44405
v 29.91715 0.03500 53.70383
v 29.93966 0.51693 53.66486
v 29.89217 0.79527 53.62394
v 29.91722 0.03500 53.44400
v 30.06712 0.03500 53.70387
v 30.04464 0.51693 53.66489
v 29.89217 0.79527 53.62394
v 29.58962 0.03500 37.99612
v 29.28962 0.03500 37.99612
v 29.33462 0.52514 37.99612
v 29.33962 0.80791 38.04612
v 29.51464 0.03500 37.86623
v 29.36459 0.03500 38.12600
v 29.38710 0.52514 38.08704
v 29.33962 0.80791 38.04612
v 29.36467 0.03500 37.86618
v 29.51457 0.03500 38.12605
v 29.49208 0.52514 38.08707
v 29.33962 0.80791 38.04612
v 29.46022 0.03500 38.52296
v 29.16022 0.03500 38.52296
v 29.20522 0.34561 38.52296
v 29.21022 0.53171 38.57296
v 29.38525 0.03500 38.39307
v 29.23520 0.03500 38.65284
v 29.25771 0.34561 38.61388
v 29.21022 0.53171 38.57296
v 29.23528 0.03500 38.39302
v 29.38517 0.03500 38.65289
v 29.36269 0.34561 38.61391
v 29.21022 0.53171 38.57296
v 29.62120 0.03500 39.15794
v 29.32120 0.03500 39.15794
v 29.36620 0.43957 39.15794
v 29.37120 0.67625 39.20794
v 29.54622 0.03500 39.02805
v 29.39617 0.03500 39.28783
v 29.41868 0.43957 39.24886
v 29.37120 0.67625 39.20794
v 29.39625 0.03500 39.02801
v 29.54615 0.03500 39.28787
v 29.52366 0.43957 39.24889
v 29.37120 0.67625 39.20794
v 29.47022 0.03500 39.74445
v 29.17022 0.03500 39.74445
v 29.21522 0.43378 39.74445
v 29.22022 0.66735 39.79445
v 29.39525 0.03500 39.61456
v 29.24520 0.03500 39.87434
v 29.26770 0.43378 39.83538
v 29.22022 0.66735 39.79445
v 29.24527 0.03500 39.61452
v 29.39517 0.03500 39.87439
v 29.37269 0.43378 39.83541
v 29.22022 0.66735 39.79445
v 29.52474 0.03500 40.38364
v 29.22474 0.03500 40.38364
v 29.26974 0.40803 40.38364
v 29.27474 0.62773 40.43364
v 29.44977 0.03500 40.25375
v 29.29972 0.03500 40.51353
v 29.32222 0.40803 40.47456
v 29.27474 0.62773 40.43364
v 29.29979 0.03500 40.25371
v 29.44969 0.03500 40.51357
v 29.42721 0.40803 40.47459
v 29.27474 0.62773 40.43364
v 29.54409 0.03500 40.94551
v 29.24409 0.03500 40.94551
v 29.28909 0.37158 40.94551
v 29.29409 0.57167 40.99551
v 29.46911 0.03500 40.81563
v 29.31906 0.03500 41.07540
v 29.34157 0.37158 41.03644
v 29.29409 0.57167 40.99551
v 29.31914 0.03500 40.81558
v 29.46904 0.03500 41.07545
v 29.44655 0.37158 41.03647
v 29.29409 0.57167 40.99551
v 29.56105 0.03500 41.58095
v 29.26105 0.03500 41.58095
v 29.30605 0.44576 41.58095
v 29.31105 0.68579 41.63095
v 29.48608 0.03500 41.45106
v 29.33603 0.03500 41.71084
v 29.35853 0.44576 41.67187
v 29.31105 0.68579 41.63095
v 29.33610 0.03500 41.45102
v 29.48600 0.03500 41.71088
v 29.46352 0.44576 41.67190
v 29.31105 0.68579 41.63095
v 29.48937 0.03500 42.23901
v 29.18937 0.03500 42.23901
v 29.23437 0.41786 42.23901
v 29.23937 0.64286 42.28901
v 29.41440 0.03500 42.10912
v 29.26435 0.03500 42.36890
v 29.28685 0.41786 42.32993
v 29.23937 0.64286 42.28901
v 29.26442 0.03500 42.10908
v 29.41432 0.03500 42.36894
v 29.39184 0.41786 42.32996
v 29.23937 0.64286 42.28901
v 29.64197 0.03500 42.81596
v 29.34197 0.03500 42.81596
v 29.38697 0.41873 42.81596
v 29.39197 0.64419 42.86596
v 29.56699 0.03500 42.68608
v 29.41694 0.03500 42.94585
v 29.43945 0.41873 42.90689
v 29.39197 0.64419 42.86596
v 29.41702 0.03500 42.68603
v 29.56692 0.03500 42.94590
v 29.54443 0.41873 42.90692
v 29.39197 0.64419 42.86596
v 29.61497 0.03500 43.45270
v 29.31497 0.03500 43.45270
v 29.35997 0.35258 43.45270
v 29.36497 0.54243 43.50270
v 29.53999 0.03500 43.32281
v 29.38994 0.03500 43.58259
v 29.41245 0.35258 43.54362
v 29.36497 0.54243 43.50270
v 29.39002 0.03500 43.32277
v 29.53991 0.03500 43.58263
v 29.51743 0.35258 43.54365
v 29.36497 0.54243 43.50270
v 29.53159 0.03500 44.03933
v 29.23159 0.03500 44.03933
v 29.27659 0.32708 44.03933
v 29.28159 0.50319 44.08933
v 29.45661 0.03500 43.90945
v 29.30656 0.03500 44.16922
v 29.32907 0.32708 44.13026
v 29.28159 0.50319 44.08933
v 29.30664 0.03500 43.90940
v 29.45654 0.03500 44.16927
v 29.43405 0.32708 44.13029
v 29.28159 0.50319 44.08933
v 29.52602 0.03500 44.69104
v 29.22602 0.03500 44.69104
v 29.27102 0.47449 44.69104
v 29.27602 0.72999 44.74104
v 29.45104 0.03500 44.56115
v 29.30099 0.03500 44.82092
v 29.32350 0.47449 44.78196
v 29.27602 0.72999 44.74104
v 29.30107 0.03500 44.56110
v 29.45096 0.03500 44.82097
v 29.42848 0.47449 44.78199
v 29.27602 0.72999 44.74104
v 29.50423 0.03500 45.12788
v 29.20423 0.03500 45.12788
v 29.24923 0.44490 45.12788
v 29.25423 0.68445 45.17788
v 29.42925 0.03500 44.99799
v 29.27920 0.03500 45.25777
v 29.30171 0.44490 45.21880
v 29.25423 0.68445 45.17788
v 29.27928 0.03500 44.99795
v 29.42917 0.03500 45.25781
v 29.40669 0.44490 45.21883
v 29.25423 0.68445 45.17788
v 29.55941 0.03500 45.79374
v 29.25941 0.03500 45.79374
v 29.30441 0.39356 45.79374
v 29.30941 0.60547 45.84374
v 29.48444 0.03500 45.66385
v 29.33439 0.03500 45.92363
v 29.35689 0.39356 45.88466
v 29.30941 0.60547 45.84374
v 29.33446 0.03500 45.66381
v 29.48436 0.03500 45.92367
v 29.46188 0.39356 45.88469
v 29.30941 0.60547 45.84374
v 29.51682 0.03500 46.32162
v 29.21682 0.03500 46.32162
v 29.26182 0.41252 46.32162
v 29.26682 0.63464 46.37162
v 29.44185 0.03500 46.19173
v 29.29180 0.03500 46.45151
v 29.31431 0.41252 46.41254
v 29.26682 0.63464 46.37162
v 29.29188 0.03500 46.19169
v 29.44177 0.03500 46.45155
v 29.41929 0.41252 46.41257
v 29.26682 0.63464 46.37162
v 29.60826 0.03500 47.08577
v 29.30826 0.03500 47.08577
v 29.35326 0.52032 47.08577
v 29.35826 0.80049 47.13577
v 29.53328 0.03500 46.95588
v 29.38323 0.03500 47.21566
v 29.40574 0.52032 47.17669
v 29.35826 0.80049 47.13577
v 29.38331 0.03500 46.95584
v 29.53321 0.03500 47.21570
v 29.51072 0.52032 47.17672
v 29.35826 0.80049 47.13577
v 29.54416 0.03500 47.61171
v 29.24416 0.03500 47.61171
v 29.28916 0.39736 47.61171
v 29.29416 0.61132 47.66171
v 29.46918 0.03500 47.48182
v 29.31913 0.03500 47.74160
v 29.34164 0.39736 47.70264
v 29.29416 0.61132 47.66171
v 29.31921 0.03500 47.48178
v 29.46910 0.03500 47.74165
v 29.44662 0.39736 47.70267
v 29.29416 0.61132 47.66171
v 29.55192 0.03500 48.29501
v 29.25192 0.03500 48.29501
v 29.29692 0.50439 48.29501
v 29.30192 0.77598 48.34501
v 29.47695 0.03500 48.16512
v 29.32689 0.03500 48.42490
v 29.34940 0.50439 48.38593
v 29.30192 0.77598 48.34501
v 29.32697 0.03500 48.16508
v 29.47687 0.03500 48.42495
v 29.45438 0.50439 48.38597
v 29.30192 0.77598 48.34501
v 29.49405 0.03500 48.82405
v 29.19405 0.03500 48.82405
v 29.23905 0.38901 48.82405
v 29.24405 0.59847 48.87405
v 29.41907 0.03500 48.69416
v 29.26902 0.03500 48.95394
v 29.29153 0.38901 48.91498
v 29.24405 0.59847 48.87405
v 29.26910 0.03500 48.69412
v 29.41900 0.03500 48.95399
v 29.39651 0.38901 48.91501
v 29.24405 0.59847 48.87405
v 29.60451 0.03500 49.35713
v 29.30451 0.03500 49.35713
v 29.34951 0.46630 49.35713
v 29.35451 0.71738 49.40713
v 29.52953 0.03500 49.22724
v 29.37948 0.03500 49.48702
v 29.40199 0.46630 49.44805
v 29.35451 0.71738 49.40713
v 29.37956 0.03500 49.22720
v 29.52946 0.03500 49.48707
v 29.50697 0.46630 49.44809
v 29.35451 0.71738 49.40713
v 29.51687 0.03500 50.09524
v 29.21687 0.03500 50.09524
v 29.26187 0.34393 50.09524
v 29.26687 0.52912 50.14524
v 29.44190 0.03500 49.96535
v 29.29185 0.03500 50.22512
v 29.31436 0.34393 50.18616
v 29.26687 0.52912 50.14524
v 29.29192 0.03500 49.96530
v 29.44182 0.03500 50.22517
v 29.41934 0.34393 50.18619
v 29.26687 0.52912 50.14524
v 29.46051 0.03500 50.66440
v 29.16051 0.03500 50.66440
v 29.20551 0.45317 50.66440
v 29.21051 0.69719 50.71440
v 29.38554 0.03500 50.53451
v 29.23549 0.03500 50.79429
v 29.25799 0.45317 50.75532
v 29.21051 0.69719 50.71440
v 29.23556 0.03500 50.53447
v 29.38546 0.03500 50.79433
v 29.36298 0.45317 50.75535
v 29.21051 0.69719 50.71440
v 29.54012 0.03500 51.24554
v 29.24012 0.03500 51.24554
v 29.28512 0.54082 51.24554
v 29.29012 0.83203 51.29554
v 29.46514 0.03500 51.11565
v 29.31509 0.03500 51.37543
v 29.33760 0.54082 51.33646
v 29.29012 0.83203 51.29554
v 29.31517 0.03500 51.11560
v 29.46507 0.03500 51.37547
v 29.44258 0.54082 51.33649
v 29.29012 0.83203 51.29554
v 29.45432 0.03500 51.88225
v 29.15432 0.03500 51.88225
v 29.19932 0.37589 51.88225
v 29.20432 0.57829 51.93225
v 29.37934 0.03500 51.75236
v 29.22929 0.03500 52.01214
v 29.25180 0.37589 51.97318
v 29.20432 0.57829 51.93225
v 29.22937 0.03500 51.75232
v 29.37927 0.03500 52.01219
v 29.35678 0.37589 51.97321
v 29.20432 0.57829 51.93225
v 29.54114 0.03500 52.32249
v 29.24114 0.03500 52.32249
v 29.28614 0.53237 52.32249
v 29.29114 0.81902 52.37249
v 29.46616 0.03500 52.19260
v 29.31611 0.03500 52.45238
v 29.33862 0.53237 52.41341
v 29.29114 0.81902 52.37249
v 29.31619 0.03500 52.19256
v 29.46609 0.03500 52.45242
v 29.44360 0.53237 52.41344
v 29.29114 0.81902 52.37249
v 29.59498 0.03500 53.08039
v 29.29498 0.03500 53.08039
v 29.33998 0.55177 53.08039
v 29.34498 0.84888 53.13039
v 29.52000 0.03500 52.95050
v 29.36995 0.03500 53.21028
v 29.39246 0.55177 53.17132
v 29.34498 0.84888 53.13039
v 29.37003 0.03500 52.95046
v 29.51992 0.03500 53.21033
v 29.49744 0.55177 53.17135
v 29.34498 0.84888 53.13039
v 29.46659 0.03500 53.52577
v 29.16659 0.03500 53.52577
v 29.21159 0.35671 53.52577
v 29.21659 0.54878 53.57577
v 29.39162 0.03500 53.39589
v 29.24156 0.03500 53.65566
v 29.26407 0.35671 53.61670
v 29.21659 0.54878 53.57577
v 29.24164 0.03500 53.39584
v 29.39154 0.03500 53.65571
v 29.36905 0.35671 53.61673
v 29.21659 0.54878 53.57577
v 29.03463 0.03500 37.93887
v 28.73463 0.03500 37.93887
v 28.77963 0.48975 37.93887
v 28.78463 0.75345 37.98887
v 28.95966 0.03500 37.80898
v 28.80960 0.03500 38.06876
v 28.83211 0.48975 38.02979
v 28.78463 0.75345 37.98887
v 28.80968 0.03500 37.80894
v 28.95958 0.03500 38.06880
v 28.93709 0.48975 38.02982
v 28.78463 0.75345 37.98887
v 28.99780 0.03500 38.57195
v 28.69780 0.03500 38.57195
v 28.74280 0.49644 38.57195
v 28.74780 0.76375 38.62195
v 28.92282 0.03500 38.44206
v 28.77277 0.03500 38.70184
v 28.79528 0.49644 38.66287
v 28.74780 0.76375 38.62195
v 28.77285 0.03500 38.44202
v 28.92274 0.03500 38.70188
v 28.90026 0.49644 38.66290
v 28.74780 0.76375 38.62195
v 28.87080 0.03500 39.26695
v 28.57080 0.03500 39.26695
v 28.61580 0.40902 39.26695
v 28.62080 0.62926 39.31695
v 28.79582 0.03500 39.13706
v 28.64577 0.03500 39.39683
v 28.66828 0.40902 39.35787
v 28.62080 0.62926 39.31695
v 28.64585 0.03500 39.13701
v 28.79575 0.03500 39.39688
v 28.77326 0.40902 39.35790
v 28.62080 0.62926 39.31695
v 28.92342 0.03500 39.83566
v 28.62342 0.03500 39.83566
v 28.66842 0.51577 39.83566
v 28.67342 0.79350 39.88566
v 28.84845 0.03500 39.70578
v 28.69840 0.03500 39.96555
v 28.72091 0.51577 39.92659
v 28.67342 0.79350 39.88566
v 28.69848 0.03500 39.70573
v 28.84837 0.03500 39.96560
v 28.82589 0.51577 39.92662
v 28.67342 0.79350 39.88566
v 28.85929 0.03500 40.33186
v 28.55929 0.03500 40.33186
v 28.60429 0.53541 40.33186
v 28.60929 0.82371 40.38186
v 28.78432 0.03500 40.20197
v 28.63427 0.03500 40.46175
v 28.65677 0.53541 40.42278
v 28.60929 0.82371 40.38186
v 28.63434 0.03500 40.20192
v 28.78424 0.03500 40.46179
v 28.76176 0.53541 40.42281
v 28.60929 0.82371 40.38186
v 28.88968 0.03500 41.01513
v 28.58968 0.03500 41.01513
v 28.63468 0.44986 41.01513
v 28.63968 0.69209 41.06513
v 28.81471 0.03500 40.88524
v 28.66466 0.03500 41.14502
v 28.68717 0.44986 41.10606
v 28.63968 0.69209 41.06513
v 28.66474 0.03500 40.88520
v 28.81463 0.03500 41.14507
v 28.79215 0.44986 41.10609
v 28.63968 0.69209 41.06513
v 28.94966 0.03500 41.57260
v 28.64966 0.03500 41.57260
v 28.69466 0.32984 41.57260
v 28.69966 0.50745 41.62260
v 28.87469 0.03500 41.44271
v 28.72464 0.03500 41.70249
v 28.74714 0.32984 41.66352
v 28.69966 0.50745 41.62260
v 28.72471 0.03500 41.44267
v 28.87461 0.03500 41.70254
v 28.85213 0.32984 41.66356
v 28.69966 0.50745 41.62260
v 28.88808 0.03500 42.11852
v 28.58808 0.03500 42.11852
v 28.63308 0.48941 42.11852
v 28.63808 0.75294 42.16852
v 28.81310 0.03500 41.98863
v 28.66305 0.03500 42.24841
v 28.68556 0.48941 42.20944
v 28.63808 0.75294 42.16852
v 28.66313 0.03500 41.98859
v 28.81302 0.03500 42.24845
v 28.79054 0.48941 42.20947
v 28.63808 0.75294 42.16852
v 28.95036 0.03500 42.71390
v 28.65036 0.03500 42.71390
v 28.69536 0.34910 42.71390
v 28.70036 0.53708 42.76390
v 28.87539 0.03500 42.58401
v 28.72534 0.03500 42.84379
v 28.74785 0.34910 42.80482
v 28.70036 0.53708 42.76390
v 28.72541 0.03500 42.58396
v 28.87531 0.03500 42.84383
v 28.85283 0.34910 42.80485
v 28.70036 0.53708 42.76390
v 28.88078 0.03500 43.39723
v 28.58078 0.03500 43.39723
v 28.62578 0.33580 43.39723
v 28.63078 0.51661 43.44723
v 28.80581 0.03500 43.26734
v 28.65576 0.03500 43.52712
v 28.67826 0.33580 43.48815
v 28.63078 0.51661 43.44723
v 28.65583 0.03500 43.26730
v 28.80573 0.03500 43.52716
v 28.78325 0.33580 43.48818
v 28.63078 0.51661 43.44723
v 29.01089 0.03500 43.92427
v 28.71089 0.03500 43.92427
v 28.75589 0.54864 43.92427
v 28.76089 0.84406 43.97427
v 28.93591 0.03500 43.79438
v 28.78586 0.03500 44.05416
v 28.80837 0.54864 44.01519
v 28.76089 0.84406 43.97427
v 28.78594 0.03500 43.79433
v 28.93583 0.03500 44.05420
v 28.91335 0.54864 44.01522
v 28.76089 0.84406 43.97427
v 29.01424 0.03500 44.55732
v 28.71424 0.03500 44.55732
v 28.75924 0.54178 44.55732
v 28.76424 0.83351 44.60732
v 28.93927 0.03500 44.42743
v 28.78922 0.03500 44.68721
v 28.81173 0.54178 44.64824
v 28.76424 0.83351 44.60732
v 28.78929 0.03500 44.42739
v 28.93919 0.03500 44.68726
v 28.91671 0.54178 44.64828
v 28.76424 0.83351 44.60732
v 29.04862 0.03500 45.15306
v 28.74862 0.03500 45.15306
v 28.79362 0.29562 45.15306
v 28.79862 0.45481 45.20306
v 28.97365 0.03500 45.02317
v 28.82359 0.03500 45.28295
v 28.84610 0.29562 45.24398
v 28.79862 0.45481 45.20306
v 28.82367 0.03500 45.02312
v 28.97357 0.03500 45.28299
v 28.95108 0.29562 45.24401
v 28.79862 0.45481 45.20306
v 29.04545 0.03500 45.80869
v 28.74545 0.03500 45.80869
v 28.79045 0.39517 45.80869
v 28.79545 0.60795 45.85869
v 28.97048 0.03500 45.67880
v 28.82043 0.03500 45.93858
v 28.84294 0.39517 45.89961
v 28.79545 0.60795 45.85869
v 28.82050 0.03500 45.67876
v 28.97040 0.03500 45.93862
v 28.94792 0.39517 45.89964
v 28.79545 0.60795 45.85869
v 29.03401 0.03500 46.42607
v 28.73401 0.03500 46.42607
v 28.77901 0.30220 46.42607
v 28.78401 0.46492 46.47607
v 28.95904 0.03500 46.29618
v 28.80899 0.03500 46.55596
v 28.83149 0.30220 46.51700
v 28.78401 0.46492 46.47607
v 28.80906 0.03500 46.29614
v 28.95896 0.03500 46.55601
v 28.93648 0.30220 46.51703
v 28.78401 0.46492 46.47607
v 28.89133 0.03500 46.92832
v 28.59133 0.03500 46.92832
v 28.63633 0.50491 46.92832
v 28.64133 0.77678 46.97832
v 28.81636 0.03500 46.79843
v 28.66631 0.03500 47.05821
v 28.68881 0.50491 47.01924
v 28.64133 0.77678 46.97832
v 28.66638 0.03500 46.79838
v 28.81628 0.03500 47.05825
v 28.79380 0.50491 47.01927
v 28.64133 0.77678 46.97832
v 29.04218 0.03500 47.57652
v 28.74218 0.03500 47.57652
v 28.78718 0.49737 47.57652
v 28.79218 0.76518 47.62652
v 28.96720 0.03500 47.44663
v 28.81715 0.03500 47.70641
v 28.83966 0.49737 47.66745
v 28.79218 0.76518 47.62652
v 28.81723 0.03500 47.44659
v 28.96713 0.03500 47.70646
v 28.94464 0.49737 47.66748
v 28.79218 0.76518 47.62652
v 28.97559 0.03500 48.29347
v 28.67559 0.03500 48.29347
v 28.72059 0.41741 48.29347
v 28.72559 0.64217 48.34347
v 28.90061 0.03500 48.16358
v 28.75056 0.03500 48.42336
v 28.77307 0.41741 48.38439
v 28.72559 0.64217 48.34347
v 28.75064 0.03500 48.16354
v 28.90053 0.03500 48.42340
v 28.87805 0.41741 48.38442
v 28.72559 0.64217 48.34347
v 29.04383 0.03500 48.85313
v 28.74383 0.03500 48.85313
v 28.78883 0.52701 48.85313
v 28.79383 0.81079 48.90313
v 28.96886 0.03500 48.72324
v 28.81881 0.03500 48.98301
v 28.84131 0.52701 48.94405
v 28.79383 0.81079 48.90313
v 28.81888 0.03500 48.72319
v 28.96878 0.03500 48.98306
v 28.94629 0.52701 48.94408
v 28.79383 0.81079 48.90313
v 29.01336 0.03500 49.49378
v 28.71336 0.03500 49.49378
v 28.75836 0.35751 49.49378
v 28.76336 0.55001 49.54378
v 28.93838 0.03500 49.36390
v 28.78833 0.03500 49.62367
v 28.81084 0.35751 49.58471
v 28.76336 0.55001 49.54378
v 28.78841 0.03500 49.36385
v 28.93831 0.03500 49.62372
v 28.91582 0.35751 49.58474
v 28.76336 0.55001 49.54378
v 28.97384 0.03500 49.92552
v 28.67384 0.03500 49.92552
v 28.71884 0.29972 49.92552
v 28.72384 0.46110 49.97552
v 28.89886 0.03500 49.79563
v 28.74881 0.03500 50.05541
v 28.77132 0.29972 50.01644
v 28.72384 0.46110 49.97552
v 28.74889 0.03500 49.79558
v 28.89879 0.03500 50.05545
v 28.87630 0.29972 50.01647
v 28.72384 0.46110 49.97552
v 28.97878 0.03500 50.58217
v 28.67878 0.03500 50.58217
v 28.72378 0.47883 50.58217
v 28.72878 0.73665 50.63217
v 28.90380 0.03500 50.45228
v 28.75375 0.03500 50.71205
v 28.77626 0.47883 50.67309
v 28.72878 0.73665 50.63217
v 28.75383 0.03500 50.45223
v 28.90373 0.03500 50.71210
v 28.88124 0.47883 50.67312
v 28.72878 0.73665 50.63217
v 29.00746 0.03500 51.24947
v 28.70746 0.03500 51.24947
v 28.75246 0.33305 51.24947
v 28.75746 0.51239 51.29947
v 28.93249 0.03500 51.11958
v 28.78244 0.03500 51.37936
v 28.80495 0.33305 51.34039
v 28.75746 0.51239 51.29947
v 28.78252 0.03500 51.11954
v 28.93241 0.03500 51.37940
v 28.90993 0.33305 51.34042
v 28.75746 0.51239 51.29947
v 29.03810 0.03500 51.77615
v 28.73810 0.03500 51.77615
v 28.78310 0.35856 51.77615
v 28.78810 0.55163 51.82615
v 28.96312 0.03500 51.64626
v 28.81307 0.03500 51.90604
v 28.83558 0.35856 51.86707
v 28.78810 0.55163 51.82615
v 28.81315 0.03500 51.64621
v 28.96305 0.03500 51.90608
v 28.94056 0.35856 51.86710
v 28.78810 0.55163 51.82615
v 28.97939 0.03500 52.31714
v 28.67939 0.03500 52.31714
v 28.72439 0.41081 52.31714
v 28.72939 0.63201 52.36714
v 28.90442 0.03500 52.18725
v 28.75437 0.03500 52.44703
v 28.77687 0.41081 52.40806
v 28.72939 0.63201 52.36714
v 28.75444 0.03500 52.18720
v 28.90434 0.03500 52.44707
v 28.88185 0.41081 52.40809
v 28.72939 0.63201 52.36714
v 29.04403 0.03500 52.95087
v 28.74403 0.03500 52.95087
v 28.78903 0.47537 52.95087
v 28.79403 0.73135 53.00087
v 28.96905 0.03500 52.82098
v 28.81900 0.03500 53.08075
v 28.84151 0.47537 53.04179
v 28.79403 0.73135 53.00087
v 28.81908 0.03500 52.82093
v 28.96897 0.03500 53.08080
v 28.94649 0.47537 53.04182
v 28.79403 0.73135 53.00087
v 29.01855 0.03500 53.66060
v 28.71855 0.03500 53.66060
v 28.76355 0.38573 53.66060
v 28.76855 0.59344 53.71060
v 28.94358 0.03500 53.53071
v 28.79353 0.03500 53.79048
v 28.81603 0.38573 53.75152
v 28.76855 0.59344 53.71060
v 28.79360 0.03500 53.53066
v 28.94350 0.03500 53.79053
v 28.92102 0.38573 53.75155
v 28.76855 0.59344 53.71060
v 28.33981 0.03500 38.06281
v 28.03981 0.03500 38.06281
v 28.08481 0.40584 38.06281
v 28.08981 0.62438 38.11281
v 28.26483 0.03500 37.93292
v 28.11478 0.03500 38.19270
v 28.13729 0.40584 38.15373
v 28.08981 0.62438 38.11281
v 28.11486 0.03500 37.93288
v 28.26476 0.03500 38.19275
v 28.24227 0.40584 38.15377
v 28.08981 0.62438 38.11281
v 28.41281 0.03500 38.61109
v 28.11281 0.03500 38.61109
v 28.15781 0.54556 38.61109
v 28.16281 0.83932 38.66109
v 28.33783 0.03500 38.48120
v 28.18778 0.03500 38.74098
v 28.21029 0.54556 38.70201
v 28.16281 0.83932 38.66109
v 28.18786 0.03500 38.48116
v 28.33775 0.03500 38.74102
v 28.31527 0.54556 38.70204
v 28.16281 0.83932 38.66109
v 28.38923 0.03500 39.29780
v 28.08923 0.03500 39.29780
v 28.13423 0.33424 39.29780
v 28.13923 0.51421 39.34780
v 28.31425 0.03500 39.16791
v 28.16420 0.03500 39.42769
v 28.18671 0.33424 39.38872
v 28.13923 0.51421 39.34780
v 28.16428 0.03500 39.16787
v 28.31418 0.03500 39.42773
v 28.29169 0.33424 39.38875
v 28.13923 0.51421 39.34780
v 28.28521 0.03500 39.86449
v 27.98521 0.03500 39.86449
v 28.03021 0.50664 39.86449
v 28.03521 0.77945 39.91449
v 28.21024 0.03500 39.73460
v 28.06018 0.03500 39.99438
v 28.08269 0.50664 39.95541
v 28.03521 0.77945 39.91449
v 28.06026 0.03500 39.73456
v 28.21016 0.03500 39.99442
v 28.18767 0.50664 39.95544
v 28.03521 0.77945 39.91449
v 28.41568 0.03500 40.37915
v 28.11568 0.03500 40.37915
v 28.16068 0.38440 40.37915
v 28.16568 0.59138 40.42915
v 28.34071 0.03500 40.24926
v 28.19065 0.03500 40.50904
v 28.21316 0.38440 40.47007
v 28.16568 0.59138 40.42915
v 28.19073 0.03500 40.24921
v 28.34063 0.03500 40.50908
v 28.31814 0.38440 40.47010
v 28.16568 0.59138 40.42915
v 28.32943 0.03500 40.97985
v 28.02943 0.03500 40.97985
v 28.07443 0.54586 40.97985
v 28.07943 0.83979 41.02985
v 28.25446 0.03500 40.84996
v 28.10440 0.03500 41.10974
v 28.12691 0.54586 41.07077
v 28.07943 0.83979 41.02985
v 28.10448 0.03500 40.84992
v 28.25438 0.03500 41.10978
v 28.23189 0.54586 41.07080
v 28.07943 0.83979 41.02985
v 28.44306 0.03500 41.58182
v 28.14306 0.03500 41.58182
v 28.18806 0.53048 41.58182
v 28.19306 0.81613 41.63182
v 28.36808 0.03500 41.45193
v 28.21803 0.03500 41.71171
v 28.24054 0.53048 41.67274
v 28.19306 0.81613 41.63182
v 28.21811 0.03500 41.45189
v 28.36801 0.03500 41.71175
v 28.34552 0.53048 41.67277
v 28.19306 0.81613 41.63182
v 28.32458 0.03500 42.16207
v 28.02458 0.03500 42.16207
v 28.06958 0.32313 42.16207
v 28.07458 0.49713 42.21207
v 28.24961 0.03500 42.03218
v 28.09956 0.03500 42.29196
v 28.12207 0.32313 42.25299
v 28.07458 0.49713 42.21207
v 28.09964 0.03500 42.03214
v 28.24953 0.03500 42.29200
v 28.22705 0.32313 42.25302
v 28.07458 0.49713 42.21207
v 28.44594 0.03500 42.70607
v 28.14594 0.03500 42.70607
v 28.19094 0.50470 42.70607
v 28.19594 0.77646 42.75607
v 28.37096 0.03500 42.57618
v 28.22091 0.03500 42.83596
v 28.24342 0.50470 42.79699
v 28.19594 0.77646 42.75607
v 28.22099 0.03500 42.57613
v 28.37089 0.03500 42.83600
v 28.34840 0.50470 42.79702
v 28.19594 0.77646 42.75607
v 28.25448 0.03500 43.44147
v 27.95448 0.03500 43.44147
v 27.99948 0.40766 43.44147
v 28.00448 0.62717 43.49147
v 28.17950 0.03500 43.31158
v 28.02945 0.03500 43.57136
v 28.05196 0.40766 43.53240
v 28.00448 0.62717 43.49147
v 28.02953 0.03500 43.31154
v 28.17943 0.03500 43.57141
v 28.15694 0.40766 43.53243
v 28.00448 0.62717 43.49147
v 28.35224 0.03500 43.96136
v 28.05224 0.03500 43.96136
v 28.09724 0.31419 43.96136
v 28.10224 0.48337 44.01136
v 28.27726 0.03500 43.83147
v 28.12721 0.03500 44.09125
v 28.14972 0.31419 44.05228
v 28.10224 0.48337 44.01136
v 28.12729 0.03500 43.83142
v 28.27719 0.03500 44.09129
v 28.25470 0.31419 44.05231
v 28.10224 0.48337 44.01136
v 28.34637 0.03500 44.63845
v 28.04637 0.03500 44.63845
v 28.09137 0.49935 44.63845
v 28.09637 0.76823 44.68845
v 28.27140 0.03500 44.50856
v 28.12134 0.03500 44.76834
v 28.14385 0.49935 44.72937
v 28.09637 0.76823 44.68845
v 28.12142 0.03500 44.50852
v 28.27132 0.03500 44.76838
v 28.24883 0.49935 44.72940
v 28.09637 0.76823 44.68845
v 28.35697 0.03500 45.18418
v 28.05697 0.03500 45.18418
v 28.10197 0.39513 45.18418
v 28.10697 0.60788 45.23418
v 28.28200 0.03500 45.05429
v 28.13195 0.03500 45.31407
v 28.15446 0.39513 45.27511
v 28.10697 0.60788 45.23418
v 28.13202 0.03500 45.05425
v 28.28192 0.03500 45.31412
v 28.25944 0.39513 45.27514
v 28.10697 0.60788 45.23418
v 28.30163 0.03500 45.89800
v 28.00163 0.03500 45.89800
v 28.04663 0.32545 45.89800
v 28.05163 0.50069 45.94800
v 28.22666 0.03500 45.76812
v 28.07661 0.03500 46.02789
v 28.09912 0.32545 45.98893
v 28.05163 0.50069 45.94800
v 28.07668 0.03500 45.76807
v 28.22658 0.03500 46.02794
v 28.20410 0.32545 45.98896
v 28.05163 0.50069 45.94800
v 28.34952 0.03500 46.35408
v 28.04952 0.03500 46.35408
v 28.09452 0.50667 46.35408
v 28.09952 0.77949 46.40408
v 28.27454 0.03500 46.22419
v 28.12449 0.03500 46.48397
v 28.14700 0.50667 46.44501
v 28.09952 0.77949 46.40408
v 28.12457 0.03500 46.22415
v 28.27447 0.03500 46.48402
v 28.25198 0.50667 46.44504
v 28.09952 0.77949 46.40408
v 28.36681 0.03500 47.07420
v 28.06681 0.03500 47.07420
v 28.11181 0.39422 47.07420
v 28.11681 0.60649 47.12420
v 28.29183 0.03500 46.94431
v 28.14178 0.03500 47.20409
v 28.16429 0.39422 47.16513
v 28.11681 0.60649 47.12420
v 28.14186 0.03500 46.94427
v 28.29176 0.03500 47.20414
v 28.26927 0.39422 47.16516
v 28.11681 0.60649 47.12420
v 28.36228 0.03500 47.58172
v 28.06228 0.03500 47.58172
v 28.10728 0.51980 47.58172
v 28.11228 0.79969 47.63172
v 28.28730 0.03500 47.45183
v 28.13725 0.03500 47.71160
v 28.15976 0.51980 47.67264
v 28.11228 0.79969 47.63172
v 28.13733 0.03500 47.45178
v 28.28722 0.03500 47.71165
v 28.26474 0.51980 47.67267
v 28.11228 0.79969 47.63172
v 28.43542 0.03500 48.22596
v 28.13542 0.03500 48.22596
v 28.18042 0.54406 48.22596
v 28.18542 0.83702 48.27596
v 28.36044 0.03500 48.09607
v 28.21039 0.03500 48.35585
v 28.23290 0.54406 48.31688
v 28.18542 0.83702 48.27596
v 28.21047 0.03500 48.09603
v 28.36037 0.03500 48.35590
v 28.33788 0.54406 48.31692
v 28.18542 0.83702 48.27596
v 28.30358 0.03500 48.86226
v 28.00358 0.03500 48.86226
v 28.04858 0.44549 48.86226
v 28.05358 0.68538 48.91226
v 28.22861 0.03500 48.73237
v 28.07856 0.03500 48.99215
v 28.10106 0.44549 48.95318
v 28.05358 0.68538 48.91226
v 28.07863 0.03500 48.73233
v 28.22853 0.03500 48.99219
v 28.20605 0.44549 48.95321
v 28.05358 0.68538 48.91226
v 28.44588 0.03500 49.35659
v 28.14588 0.03500 49.35659
v 28.19088 0.31450 49.35659
v 28.19588 0.48385 49.40659
v 28.37091 0.03500 49.22670
v 28.22086 0.03500 49.48648
v 28.24336 0.31450 49.44751
v 28.19588 0.48385 49.40659
v 28.22093 0.03500 49.22665
v 28.37083 0.03500 49.48652
v 28.34834 0.31450 49.44754
v 28.19588 0.48385 49.40659
v 28.28599 0.03500 50.04640
v 27.98599 0.03500 50.04640
v 28.03099 0.50635 50.04640
v 28.03599 0.77900 50.09640
v 28.21102 0.03500 49.91651
v 28.06097 0.03500 50.17629
v 28.08347 0.50635 50.13733
v 28.03599 0.77900 50.09640
v 28.06104 0.03500 49.91647
v 28.21094 0.03500 50.17634
v 28.18846 0.50635 50.13736
v 28.03599 0.77900 50.09640
v 28.30031 0.03500 50.66371
v 28.00031 0.03500 50.66371
v 28.04531 0.48384 50.66371
v 28.05031 0.74437 50.71371
v 28.22533 0.03500 50.53383
v 28.07528 0.03500 50.79360
v 28.09779 0.48384 50.75464
v 28.05031 0.74437 50.71371
v 28.07536 0.03500 50.53378
v 28.22526 0.03500 50.79365
v 28.20277 0.48384 50.75467
v 28.05031 0.74437 50.71371
v 28.27284 0.03500 51.29716
v 27.97284 0.03500 51.29716
v 28.01784 0.46658 51.29716
v 28.02284 0.71781 51.34716
v 28.19786 0.03500 51.16727
v 28.04781 0.03500 51.42705
v 28.07032 0.46658 51.38808
v 28.02284 0.71781 51.34716
v 28.04789 0.03500 51.16722
v 28.19779 0.03500 51.42709
v 28.17530 0.46658 51.38811
v 28.02284 0.71781 51.34716
v 28.40591 0.03500 51.88357
v 28.10591 0.03500 51.88357
v 28.15091 0.55139 51.88357
v 28.15591 0.84829 51.93357
v 28.33093 0.03500 51.75368
v 28.18088 0.03500 52.01346
v 28.20339 0.55139 51.97449
v 28.15591 0.84829 51.93357
v 28.18096 0.03500 51.75364
v 28.33086 0.03500 52.01350
v 28.30837 0.55139 51.97452
v 28.15591 0.84829 51.93357
v 28.29095 0.03500 52.33051
v 27.99095 0.03500 52.33051
v 28.03595 0.32696 52.33051
v 28.04095 0.50301 52.38051
v 28.21597 0.03500 52.20062
v 28.06592 0.03500 52.46040
v 28.08843 0.32696 52.42144
v 28.04095 0.50301 52.38051
v 28.06600 0.03500 52.20058
v 28.21590 0.03500 52.46045
v 28.19341 0.32696 52.42147
v 28.04095 0.50301 52.38051
v 28.43769 0.03500 52.92633
v 28.13769 0.03500 52.92633
v 28.18269 0.34146 52.92633
v 28.18769 0.52532 52.97633
v 28.36272 0.03500 52.79644
v 28.21267 0.03500 53.05622
v 28.23518 0.34146 53.01725
v 28.18769 0.52532 52.97633
v 28.21275 0.03500 52.79640
v 28.36264 0.03500 53.05626
v 28.34016 0.34146 53.01728
v 28.18769 0.52532 52.97633
v 28.44510 0.03500 53.68602
v 28.14510 0.03500 53.68602
v 28.19010 0.31353 53.68602
v 28.19510 0.48235 53.73602
v 28.37013 0.03500 53.55613
v 28.22008 0.03500 53.81591
v 28.24258 0.31353 53.77694
v 28.19510 0.48235 53.73602
v 28.22015 0.03500 53.55608
v 28.37005 0.03500 53.81595
v 28.34756 0.31353 53.77697
v 28.19510 0.48235 53.73602
v 27.80772 0.03500 37.91185
v 27.50772 0.03500 37.91185
v 27.55272 0.32794 37.91185
v 27.55772 0.50453 37.96185
v 27.73275 0.03500 37.78196
v 27.58270 0.03500 38.04174
v 27.60521 0.32794 38.00277
v 27.55772 0.50453 37.96185
v 27.58277 0.03500 37.78192
v 27.73267 0.03500 38.04179
v 27.71019 0.32794 38.00281
v 27.55772 0.50453 37.96185
v 27.84105 0.03500 38.56534
v 27.54105 0.03500 38.56534
v 27.58605 0.36702 38.56534
v 27.59105 0.56464 38.61534
v 27.76608 0.03500 38.43545
v 27.61603 0.03500 38.69523
v 27.63853 0.36702 38.65626
v 27.59105 0.56464 38.61534
v 27.61610 0.03500 38.43541
v 27.76600 0.03500 38.69528
v 27.74352 0.36702 38.65630
v 27.59105 0.56464 38.61534
v 27.77457 0.03500 39.10944
v 27.47457 0.03500 39.10944
v 27.51957 0.43168 39.10944
v 27.52457 0.66412 39.15944
v 27.69959 0.03500 38.97955
v 27.54954 0.03500 39.23933
v 27.57205 0.43168 39.20036
v 27.52457 0.66412 39.15944
v 27.54962 0.03500 38.97951
v 27.69952 0.03500 39.23938
v 27.67703 0.43168 39.20040
v 27.52457 0.66412 39.15944
v 27.67737 0.03500 39.77373
v 27.37737 0.03500 39.77373
v 27.42237 0.54973 39.77373
v 27.42737 0.84574 39.82373
v 27.60240 0.03500 39.64384
v 27.45235 0.03500 39.90362
v 27.47485 0.54973 39.86465
v 27.42737 0.84574 39.82373
v 27.45242 0.03500 39.64380
v 27.60232 0.03500 39.90366
v 27.57984 0.54973 39.86468
v 27.42737 0.84574 39.82373
v 27.69015 0.03500 40.31589
v 27.39015 0.03500 40.31589
v 27.43515 0.44624 40.31589
v 27.44015 0.68652 40.36589
v 27.61518 0.03500 40.18600
v 27.46513 0.03500 40.44578
v 27.48764 0.44624 40.40681
v 27.44015 0.68652 40.36589
v 27.46521 0.03500 40.18596
v 27.61510 0.03500 40.44582
v 27.59262 0.44624 40.40684
v 27.44015 0.68652 40.36589
v 27.72345 0.03500 40.92705
v 27.42345 0.03500 40.92705
v 27.46845 0.40041 40.92705
v 27.47345 0.61602 40.97705
v 27.64847 0.03500 40.79716
v 27.49842 0.03500 41.05694
v 27.52093 0.40041 41.01797
v 27.47345 0.61602 40.97705
v 27.49850 0.03500 40.79711
v 27.64840 0.03500 41.05698
v 27.62591 0.40041 41.01800
v 27.47345 0.61602 40.97705
v 27.65729 0.03500 41.59687
v 27.35729 0.03500 41.59687
v 27.40229 0.53888 41.59687
v 27.40729 0.82904 41.64687
v 27.58231 0.03500 41.46698
v 27.43226 0.03500 41.72676
v 27.45477 0.53888 41.68779
v 27.40729 0.82904 41.64687
v 27.43234 0.03500 41.46693
v 27.58224 0.03500 41.72680
v 27.55975 0.53888 41.68782
v 27.40729 0.82904 41.64687
v 27.77940 0.03500 42.28279
v 27.47940 0.03500 42.28279
v 27.52440 0.40135 42.28279
v 27.52940 0.61747 42.33279
v 27.70442 0.03500 42.15290
v 27.55437 0.03500 42.41267
v 27.57688 0.40135 42.37371
v 27.52940 0.61747 42.33279
v 27.55445 0.03500 42.15285
v 27.70435 0.03500 42.41272
v 27.68186 0.40135 42.37374
v 27.52940 0.61747 42.33279
v 27.65286 0.03500 42.74169
v 27.35286 0.03500 42.74169
v 27.39786 0.29969 42.74169
v 27.40286 0.46106 42.79169
v 27.57789 0.03500 42.61180
v 27.42784 0.03500 42.87157
v 27.45034 0.29969 42.83261
v 27.40286 0.46106 42.79169
v 27.42791 0.03500 42.61175
v 27.57781 0.03500 42.87162
v 27.55533 0.29969 42.83264
v 27.40286 0.46106 42.79169
v 27.68757 0.03500 43.31389
v 27.38757 0.03500 43.31389
v 27.43257 0.32453 43.31389
v 27.43757 0.49928 43.36389
v 27.61259 0.03500 43.18400
v 27.46254 0.03500 43.44378
v 27.48505 0.32453 43.40481
v 27.43757 0.49928 43.36389
v 27.46262 0.03500 43.18396
v 27.61251 0.03500 43.44382
v 27.59003 0.32453 43.40484
v 27.43757 0.49928 43.36389
v 27.79926 0.03500 44.02724
v 27.49926 0.03500 44.02724
v 27.54426 0.34111 44.02724
v 27.54926 0.52478 44.07724
v 27.72429 0.03500 43.89735
v 27.57424 0.03500 44.15713
v 27.59674 0.34111 44.11816
v 27.54926 0.52478 44.07724
v 27.57431 0.03500 43.89731
v 27.72421 0.03500 44.15717
v 27.70173 0.34111 44.11819
v 27.54926 0.52478 44.07724
v 27.68992 0.03500 44.56132
v 27.38992 0.03500 44.56132
v 27.43492 0.53557 44.56132
v 27.43992 0.82395 44.61132
v 27.61495 0.03500 44.43143
v 27.46489 0.03500 44.69120
v 27.48740 0.53557 44.65224
v 27.43992 0.82395 44.61132
v 27.46497 0.03500 44.43138
v 27.61487 0.03500 44.69125
v 27.59238 0.53557 44.65227
v 27.43992 0.82395 44.61132
v 27.80326 0.03500 45.26174
v 27.50326 0.03500 45.26174
v 27.54826 0.53768 45.26174
v 27.55326 0.82719 45.31174
v 27.72829 0.03500 45.13185
v 27.57824 0.03500 45.39163
v 27.60074 0.53768 45.35266
v 27.55326 0.82719 45.31174
v 27.57831 0.03500 45.13180
v 27.72821 0.03500 45.39167
v 27.70573 0.53768 45.35269
v 27.55326 0.82719 45.31174
v 27.72704 0.03500 45.80623
v 27.42704 0.03500 45.80623
v 27.47204 0.41433 45.80623
v 27.47704 0.63744 45.85623
v 27.65206 0.03500 45.67634
v 27.50201 0.03500 45.93612
v 27.52452 0.41433 45.89715
v 27.47704 0.63744 45.85623
v 27.50209 0.03500 45.67630
v 27.65199 0.03500 45.93616
v 27.62950 0.41433 45.89718
v 27.47704 0.63744 45.85623
v 27.78902 0.03500 46.32869
v 27.48902 0.03500 46.32869
v 27.53402 0.54559 46.32869
v 27.53902 0.83938 46.37869
v 27.71405 0.03500 46.19880
v 27.56400 0.03500 46.45858
v 27.58651 0.54559 46.41962
v 27.53902 0.83938 46.37869
v 27.56408 0.03500 46.19876
v 27.71397 0.03500 46.45863
v 27.69149 0.54559 46.41965
v 27.53902 0.83938 46.37869
v 27.84296 0.03500 46.93932
v 27.54296 0.03500 46.93932
v 27.58796 0.39512 46.93932
v 27.59296 0.60787 46.98932
v 27.76799 0.03500 46.80943
v 27.61794 0.03500 47.06921
v 27.64044 0.39512 47.03024
v 27.59296 0.60787 46.98932
v 27.61801 0.03500 46.80939
v 27.76791 0.03500 47.06925
v 27.74542 0.39512 47.03027
v 27.59296 0.60787 46.98932
v 27.70539 0.03500 47.53935
v 27.40539 0.03500 47.53935
v 27.45039 0.40116 47.53935
v 27.45539 0.61716 47.58935
v 27.63041 0.03500 47.40946
v 27.48036 0.03500 47.66923
v 27.50287 0.40116 47.63027
v 27.45539 0.61716 47.58935
v 27.48044 0.03500 47.40941
v 27.63034 0.03500 47.66928
v 27.60785 0.40116 47.63030
v 27.45539 0.61716 47.58935
v 27.80897 0.03500 48.16424
v 27.50897 0.03500 48.16424
v 27.55397 0.51395 48.16424
v 27.55897 0.79069 48.21424
v 27.73400 0.03500 48.03435
v 27.58395 0.03500 48.29413
v 27.60645 0.51395 48.25516
v 27.55897 0.79069 48.21424
v 27.58402 0.03500 48.03430
v 27.73392 0.03500 48.29417
v 27.71144 0.51395 48.25519
v 27.55897 0.79069 48.21424
v 27.73800 0.03500 48.88302
v 27.43800 0.03500 48.88302
v 27.48300 0.41985 48.88302
v 27.48800 0.64592 48.93302
v 27.66302 0.03500 48.75314
v 27.51297 0.03500 49.01291
v 27.53548 0.41985 48.97395
v 27.48800 0.64592 48.93302
v 27.51305 0.03500 48.75309
v 27.66294 0.03500 49.01296
v 27.64046 0.41985 48.97398
v 27.48800 0.64592 48.93302
v 27.79524 0.03500 49.45333
v 27.49524 0.03500 49.45333
v 27.54024 0.41981 49.45333
v 27.54524 0.64587 49.50333
v 27.72026 0.03500 49.32345
v 27.57021 0.03500 49.58322
v 27.59272 0.41981 49.54426
v 27.54524 0.64587 49.50333
v 27.57029 0.03500 49.32340
v 27.72019 0.03500 49.58327
v 27.69770 0.41981 49.54429
v 27.54524 0.64587 49.50333
v 27.84506 0.03500 50.09081
v 27.54506 0.03500 50.09081
v 27.59006 0.40540 50.09081
v 27.59506 0.62370 50.14081
v 27.77009 0.03500 49.96092
v 27.62004 0.03500 50.22070
v 27.64255 0.40540 50.18173
v 27.59506 0.62370 50.14081
v 27.62011 0.03500 49.96088
v 27.77001 0.03500 50.22074
v 27.74753 0.40540 50.18176
v 27.59506 0.62370 50.14081
v 27.74956 0.03500 50.64446
v 27.44956 0.03500 50.64446
v 27.49456 0.54965 50.64446
v 27.49956 0.84562 50.69446
v 27.67459 0.03500 50.51457
v 27.52454 0.03500 50.77435
v 27.54704 0.54965 50.73538
v 27.49956 0.84562 50.69446
v 27.52461 0.03500 50.51452
v 27.67451 0.03500 50.77439
v 27.65203 0.54965 50.73541
v 27.49956 0.84562 50.69446
v 27.68983 0.03500 51.16183
v 27.38983 0.03500 51.16183
v 27.43483 0.50458 51.16183
v 27.43983 0.77628 51.21183
v 27.61486 0.03500 51.03194
v 27.46481 0.03500 51.29171
v 27.48731 0.50458 51.25275
v 27.43983 0.77628 51.21183
v 27.46488 0.03500 51.03189
v 27.61478 0.03500 51.29176
v 27.59230 0.50458 51.25278
v 27.43983 0.77628 51.21183
v 27.81203 0.03500 51.71736
v 27.51203 0.03500 51.71736
v 27.55703 0.44206 51.71736
v 27.56203 0.68009 51.76736
v 27.73705 0.03500 51.58747
v 27.58700 0.03500 51.84725
v 27.60951 0.44206 51.80828
v 27.56203 0.68009 51.76736
v 27.58708 0.03500 51.58743
v 27.73698 0.03500 51.84729
v 27.71449 0.44206 51.80831
v 27.56203 0.68009 51.76736
v 27.73757 0.03500 52.33436
v 27.43757 0.03500 52.33436
v 27.48257 0.42071 52.33436
v 27.48757 0.64724 52.38436
v 27.66259 0.03500 52.20448
v 27.51254 0.03500 52.46425
v 27.53505 0.42071 52.42529
v 27.48757 0.64724 52.38436
v 27.51262 0.03500 52.20443
v 27.66252 0.03500 52.46430
v 27.64003 0.42071 52.42532
v 27.48757 0.64724 52.38436
v 27.81444 0.03500 52.99376
v 27.51444 0.03500 52.99376
v 27.55944 0.42380 52.99376
v 27.56444 0.65199 53.04376
v 27.73947 0.03500 52.86387
v 27.58942 0.03500 53.12365
v 27.61192 0.42380 53.08468
v 27.56444 0.65199 53.04376
v 27.58949 0.03500 52.86382
v 27.73939 0.03500 53.12369
v 27.71691 0.42380 53.08471
v 27.56444 0.65199 53.04376
v 27.78137 0.03500 53.54710
v 27.48137 0.03500 53.54710
v 27.52637 0.34820 53.54710
v 27.53137 0.53569 53.59710
v 27.70639 0.03500 53.41721
v 27.55634 0.03500 53.67699
v 27.57885 0.34820 53.63802
v 27.53137 0.53569 53.59710
v 27.55642 0.03500 53.41717
v 27.70632 0.03500 53.67703
v 27.68383 0.34820 53.63805
v 27.53137 0.53569 53.59710
v 27.15060 0.03500 38.03546
v 26.85060 0.03500 38.03546
v 26.89560 0.35609 38.03546
v 26.90060 0.54784 38.08546
v 27.07562 0.03500 37.90557
v 26.92557 0.03500 38.16535
v 26.94808 0.35609 38.12638
v 26.90060 0.54784 38.08546
v 26.92565 0.03500 37.90553
v 27.07555 0.03500 38.16539
v 27.05306 0.35609 38.12641
v 26.90060 0.54784 38.08546
v 27.17050 0.03500 38.59524
v 26.87050 0.03500 38.59524
v 26.91550 0.39249 38.59524
v 26.92050 0.60383 38.64524
v 27.09553 0.03500 38.46535
v 26.94548 0.03500 38.72513
v 26.96798 0.39249 38.68617
v 26.92050 0.60383 38.64524
v 26.94555 0.03500 38.46531
v 27.09545 0.03500 38.72518
v 27.07297 0.39249 38.68620
v 26.92050 0.60383 38.64524
v 27.13174 0.03500 39.29679
v 26.83174 0.03500 39.29679
v 26.87674 0.45361 39.29679
v 26.88174 0.69785 39.34679
v 27.05676 0.03500 39.16690
v 26.90671 0.03500 39.42668
v 26.92922 0.45361 39.38771
v 26.88174 0.69785 39.34679
v 26.90679 0.03500 39.16686
v 27.05669 0.03500 39.42672
v 27.03420 0.45361 39.38774
v 26.88174 0.69785 39.34679
v 27.07245 0.03500 39.77195
v 26.77245 0.03500 39.77195
v 26.81745 0.49115 39.77195
v 26.82245 0.75562 39.82195
v 26.99748 0.03500 39.64206
v 26.84742 0.03500 39.90184
v 26.86993 0.49115 39.86287
v 26.82245 0.75562 39.82195
v 26.84750 0.03500 39.64202
v 26.99740 0.03500 39.90189
v 26.97491 0.49115 39.86291
v 26.82245 0.75562 39.82195
v 27.23398 0.03500 40.37814
v 26.93398 0.03500 40.37814
v 26.97898 0.47622 40.37814
v 26.98398 0.73265 40.42814
v 27.15900 0.03500 40.24826
v 27.00895 0.03500 40.50803
v 27.03146 0.47622 40.46907
v 26.98398 0.73265 40.42814
v 27.00903 0.03500 40.24821
v 27.15892 0.03500 40.50808
v 27.13644 0.47622 40.46910
v 26.98398 0.73265 40.42814
v 27.06836 0.03500 40.95492
v 26.76836 0.03500 40.95492
v 26.81336 0.36767 40.95492
v 26.81836 0.56564 41.00492
v 26.99339 0.03500 40.82503
v 26.84333 0.03500 41.08481
v 26.86584 0.36767 41.04585
v 26.81836 0.56564 41.00492
v 26.84341 0.03500 40.82499
v 26.99331 0.03500 41.08486
v 26.97082 0.36767 41.04588
v 26.81836 0.56564 41.00492
v 27.05154 0.03500 41.58827
v 26.75154 0.03500 41.58827
v 26.79654 0.55074 41.58827
v 26.80154 0.84729 41.63827
v 26.97656 0.03500 41.45838
v 26.82651 0.03500 41.71816
v 26.84902 0.55074 41.67919
v 26.80154 0.84729 41.63827
v 26.82659 0.03500 41.45834
v 26.97649 0.03500 41.71820
v 26.95400 0.55074 41.67922
v 26.80154 0.84729 41.63827
v 27.10331 0.03500 42.24866
v 26.80331 0.03500 42.24866
v 26.84831 0.36062 42.24866
v 26.85331 0.55480 42.29866
v 27.02833 0.03500 42.11878
v 26.87828 0.03500 42.37855
v 26.90079 0.36062 42.33959
v 26.85331 0.55480 42.29866
v 26.87836 0.03500 42.11873
v 27.02825 0.03500 42.37860
v 27.00577 0.36062 42.33962
v 26.85331 0.55480 42.29866
v 27.23495 0.03500 42.73261
v 26.93495 0.03500 42.73261
v 26.97995 0.29258 42.73261
v 26.98495 0.45013 42.78261
v 27.15997 0.03500 42.60272
v 27.00992 0.03500 42.86249
v 27.03243 0.29258 42.82353
v 26.98495 0.45013 42.78261
v 27.01000 0.03500 42.60267
v 27.15990 0.03500 42.86254
v 27.13741 0.29258 42.82356
v 26.98495 0.45013 42.78261
v 27.13169 0.03500 43.38572
v 26.83169 0.03500 43.38572
v 26.87669 0.30307 43.38572
v 26.88169 0.46626 43.43572
v 27.05671 0.03500 43.25583
v 26.90666 0.03500 43.51561
v 26.92917 0.30307 43.47665
v 26.88169 0.46626 43.43572
v 26.90674 0.03500 43.25579
v 27.05664 0.03500 43.51566
v 27.03415 0.30307 43.47668
v 26.88169 0.46626 43.43572
v 27.14112 0.03500 44.09121
v 26.84112 0.03500 44.09121
v 26.88612 0.30266 44.09121
v 26.89112 0.46563 44.14121
v 27.06615 0.03500 43.96132
v 26.91609 0.03500 44.22110
v 26.93860 0.30266 44.18213
v 26.89112 0.46563 44.14121
v 26.91617 0.03500 43.96128
v 27.06607 0.03500 44.22115
v 27.04358 0.30266 44.18217
v 26.89112 0.46563 44.14121
v 27.23922 0.03500 44.63112
v 26.93922 0.03500 44.63112
v 26.98422 0.43626 44.63112
v 26.98922 0.67117 44.68112
v 27.16424 0.03500 44.50123
v 27.01419 0.03500 44.76101
v 27.03670 0.43626 44.72204
v 26.98922 0.67117 44.68112
v 27.01427 0.03500 44.50119
v 27.16416 0.03500 44.76105
v 27.14168 0.43626 44.72207
v 26.98922 0.67117 44.68112
v 27.08983 0.03500 45.10206
v 26.78983 0.03500 45.10206
v 26.83483 0.50949 45.10206
v 26.83983 0.78382 45.15206
v 27.01485 0.03500 44.97217
v 26.86480 0.03500 45.23195
v 26.88731 0.50949 45.19298
v 26.83983 0.78382 45.15206
v 26.86488 0.03500 44.97213
v 27.01478 0.03500 45.23199
v 26.99229 0.50949 45.19301
v 26.83983 0.78382 45.15206
v 27.19625 0.03500 45.81115
v 26.89625 0.03500 45.81115
v 26.94125 0.45932 45.81115
v 26.94625 0.70665 45.86115
v 27.12128 0.03500 45.68126
v 26.97123 0.03500 45.94104
v 26.99374 0.45932 45.90207
v 26.94625 0.70665 45.86115
v 26.97131 0.03500 45.68121
v 27.12120 0.03500 45.94108
v 27.09872 0.45932 45.90210
v 26.94625 0.70665 45.86115
v 27.12179 0.03500 46.31581
v 26.82179 0.03500 46.31581
v 26.86679 0.37742 46.31581
v 26.87179 0.58064 46.36581
v 27.04682 0.03500 46.18592
v 26.89677 0.03500 46.44570
v 26.91928 0.37742 46.40673
v 26.87179 0.58064 46.36581
v 26.89685 0.03500 46.18588
v 27.04674 0.03500 46.44574
v 27.02426 0.37742 46.40676
v 26.87179 0.58064 46.36581
v 27.20545 0.03500 46.99424
v 26.90545 0.03500 46.99424
v 26.95045 0.31147 46.99424
v 26.95545 0.47919 47.04424
v 27.13047 0.03500 46.86435
v 26.98042 0.03500 47.12413
v 27.00293 0.31147 47.08517
v 26.95545 0.47919 47.04424
v 26.98050 0.03500 46.86431
v 27.13039 0.03500 47.12418
v 27.10791 0.31147 47.08520
v 26.95545 0.47919 47.04424
v 27.08933 0.03500 47.58602
v 26.78933 0.03500 47.58602
v 26.83433 0.30638 47.58602
v 26.83933 0.47135 47.63602
v 27.01435 0.03500 47.45614
v 26.86430 0.03500 47.71591
v 26.88681 0.30638 47.67695
v 26.83933 0.47135 47.63602
v 26.86438 0.03500 47.45609
v 27.01428 0.03500 47.71596
v 26.99179 0.30638 47.67698
v 26.83933 0.47135 47.63602
v 27.13215 0.03500 48.24597
v 26.83215 0.03500 48.24597
v 26.87715 0.41596 48.24597
v 26.88215 0.63994 48.29597
v 27.05718 0.03500 48.11609
v 26.90712 0.03500 48.37586
v 26.92963 0.41596 48.33690
v 26.88215 0.63994 48.29597
v 26.90720 0.03500 48.11604
v 27.05710 0.03500 48.37591
v 27.03461 0.41596 48.33693
v 26.88215 0.63994 48.29597
v 27.19735 0.03500 48.85810
v 26.89735 0.03500 48.85810
v 26.94235 0.48683 48.85810
v 26.94735 0.74898 48.90810
v 27.12238 0.03500 48.72821
v 26.97233 0.03500 48.98799
v 26.99483 0.48683 48.94902
v 26.94735 0.74898 48.90810
v 26.97240 0.03500 48.72817
v 27.12230 0.03500 48.98803
v 27.09982 0.48683 48.94905
v 26.94735 0.74898 48.90810
v 27.11025 0.03500 49.47809
v 26.81025 0.03500 49.47809
v 26.85525 0.38514 49.47809
v 26.86025 0.59252 49.52809
v 27.03528 0.03500 49.34820
v 26.88523 0.03500 49.60797
v 26.90773 0.38514 49.56901
v 26.86025 0.59252 49.52809
v 26.88530 0.03500 49.34815
v 27.03520 0.03500 49.60802
v 27.01272 0.38514 49.56904
v 26.86025 0.59252 49.52809
v 27.05283 0.03500 50.01650
v 26.75283 0.03500 50.01650
v 26.79783 0.51509 50.01650
v 26.80283 0.79244 50.06650
v 26.97785 0.03500 49.88661
v 26.82780 0.03500 50.14639
v 26.85031 0.51509 50.10742
v 26.80283 0.79244 50.06650
v 26.82788 0.03500 49.88657
v 26.97778 0.03500 50.14643
v 26.95529 0.51509 50.10745
v 26.80283 0.79244 50.06650
v 27.10061 0.03500 50.67823
v 26.80061 0.03500 50.67823
v 26.84561 0.34930 50.67823
v 26.85061 0.53738 50.72823
v 27.02564 0.03500 50.54834
v 26.87559 0.03500 50.80812
v 26.89809 0.34930 50.76915
v 26.85061 0.53738 50.72823
v 26.87566 0.03500 50.54830
v 27.02556 0.03500 50.80816
v 27.00308 0.34930 50.76918
v 26.85061 0.53738 50.72823
v 27.07530 0.03500 51.15069
v 26.77530 0.03500 51.15069
v 26.82030 0.41440 51.15069
v 26.82530 0.63754 51.20069
v 27.00032 0.03500 51.02081
v 26.85027 0.03500 51.28058
v 26.87278 0.41440 51.24162
v 26.82530 0.63754 51.20069
v 26.85035 0.03500 51.02076
v 27.00024 0.03500 51.28063
v 26.97776 0.41440 51.24165
v 26.82530 0.63754 51.20069
v 27.10377 0.03500 51.79944
v 26.80377 0.03500 51.79944
v 26.84877 0.42842 51.79944
v 26.85377 0.65910 51.84944
v 27.02879 0.03500 51.66955
v 26.87874 0.03500 51.92933
v 26.90125 0.42842 51.89037
v 26.85377 0.65910 51.84944
v 26.87882 0.03500 51.66951
v 27.02872 0.03500 51.92938
v 27.00623 0.42842 51.89040
v 26.85377 0.65910 51.84944
v 27.20499 0.03500 52.30059
v 26.90499 0.03500 52.30059
v 26.94999 0.45485 52.30059
v 26.95499 0.69976 52.35059
v 27.13002 0.03500 52.17070
v 26.97997 0.03500 52.43048
v 27.00247 0.45485 52.39151
v 26.95499 0.69976 52.35059
v 26.98004 0.03500 52.17066
v 27.12994 0.03500 52.43052
v 27.10746 0.45485 52.39154
v 26.95499 0.69976 52.35059
v 27.24700 0.03500 52.97577
v 26.94700 0.03500 52.97577
v 26.99200 0.30128 52.97577
v 26.99700 0.46351 53.02577
v 27.17203 0.03500 52.84588
v 27.02198 0.03500 53.10566
v 27.04448 0.30128 53.06669
v 26.99700 0.46351 53.02577
v 27.02205 0.03500 52.84583
v 27.17195 0.03500 53.10570
v 27.14947 0.30128 53.06672
v 26.99700 0.46351 53.02577
v 27.16265 0.03500 53.51459
v 26.86265 0.03500 53.51459
v 26.90765 0.34708 53.51459
v 26.91265 0.53397 53.56459
v 27.08767 0.03500 53.38470
v 26.93762 0.03500 53.64448
v 26.96013 0.34708 53.60551
v 26.91265 0.53397 53.56459
v 26.93770 0.03500 53.38466
v 27.08760 0.03500 53.64453
v 27.06511 0.34708 53.60555
v 26.91265 0.53397 53.56459
v 26.57159 0.03500 37.94951
v 26.27159 0.03500 37.94951
v 26.31659 0.31143 37.94951
v 26.32159 0.47912 37.99951
v 26.49662 0.03500 37.81962
v 26.34656 0.03500 38.07940
v 26.36907 0.31143 38.04043
v 26.32159 0.47912 37.99951
v 26.34664 0.03500 37.81957
v 26.49654 0.03500 38.07944
v 26.47405 0.31143 38.04046
v 26.32159 0.47912 37.99951
v 26.58367 0.03500 38.63421
v 26.28367 0.03500 38.63421
v 26.32867 0.30307 38.63421
v 26.33367 0.46626 38.68421
v 26.50870 0.03500 38.50432
v 26.35864 0.03500 38.76410
v 26.38115 0.30307 38.72513
v 26.33367 0.46626 38.68421
v 26.35872 0.03500 38.50428
v 26.50862 0.03500 38.76414
v 26.48613 0.30307 38.72516
v 26.33367 0.46626 38.68421
v 26.50765 0.03500 39.17400
v 26.20765 0.03500 39.17400
v 26.25265 0.51597 39.17400
v 26.25765 0.79380 39.22400
v 26.43267 0.03500 39.04411
v 26.28262 0.03500 39.30389
v 26.30513 0.51597 39.26492
v 26.25765 0.79380 39.22400
v 26.28270 0.03500 39.04406
v 26.43260 0.03500 39.30393
v 26.41011 0.51597 39.26495
v 26.25765 0.79380 39.22400
v 26.48204 0.03500 39.71099
v 26.18204 0.03500 39.71099
v 26.22704 0.44854 39.71099
v 26.23204 0.69006 39.76099
v 26.40707 0.03500 39.58110
v 26.25702 0.03500 39.84088
v 26.27953 0.44854 39.80191
v 26.23204 0.69006 39.76099
v 26.25709 0.03500 39.58105
v 26.40699 0.03500 39.84092
v 26.38451 0.44854 39.80194
v 26.23204 0.69006 39.76099
v 26.60722 0.03500 40.41447
v 26.30722 0.03500 40.41447
v 26.35222 0.53370 40.41447
v 26.35722 0.82108 40.46447
v 26.53225 0.03500 40.28458
v 26.38219 0.03500 40.54436
v 26.40470 0.53370 40.50539
v 26.35722 0.82108 40.46447
v 26.38227 0.03500 40.28454
v 26.53217 0.03500 40.54440
v 26.50968 0.53370 40.50542
v 26.35722 0.82108 40.46447
v 26.64207 0.03500 40.97904
v 26.34207 0.03500 40.97904
v 26.38707 0.49455 40.97904
v 26.39207 0.76085 41.02904
v 26.56709 0.03500 40.84915
v 26.41704 0.03500 41.10893
v 26.43955 0.49455 41.06996
v 26.39207 0.76085 41.02904
v 26.41712 0.03500 40.84911
v 26.56701 0.03500 41.10898
v 26.54453 0.49455 41.07000
v 26.39207 0.76085 41.02904
v 26.62078 0.03500 41.69119
v 26.32078 0.03500 41.69119
v 26.36578 0.41847 41.69119
v 26.37078 0.64380 41.74119
v 26.54580 0.03500 41.56130
v 26.39575 0.03500 41.82108
v 26.41826 0.41847 41.78211
v 26.37078 0.64380 41.74119
v 26.39583 0.03500 41.56126
v 26.54573 0.03500 41.82112
v 26.52324 0.41847 41.78214
v 26.37078 0.64380 41.74119
v 26.63447 0.03500 42.24105
v 26.33447 0.03500 42.24105
v 26.37947 0.39205 42.24105
v 26.38447 0.60315 42.29105
v 26.55949 0.03500 42.11116
v 26.40944 0.03500 42.37094
v 26.43195 0.39205 42.33197
v 26.38447 0.60315 42.29105
v 26.40952 0.03500 42.11112
v 26.55942 0.03500 42.37098
v 26.53693 0.39205 42.33200
v 26.38447 0.60315 42.29105
v 26.54670 0.03500 42.82119
v 26.24670 0.03500 42.82119
v 26.29170 0.36535 42.82119
v 26.29670 0.56207 42.87119
v 26.47172 0.03500 42.69130
v 26.32167 0.03500 42.95107
v 26.34418 0.36535 42.91211
v 26.29670 0.56207 42.87119
v 26.32175 0.03500 42.69125
v 26.47165 0.03500 42.95112
v 26.44916 0.36535 42.91214
v 26.29670 0.56207 42.87119
v 26.64622 0.03500 43.33615
v 26.34622 0.03500 43.33615
v 26.39122 0.43421 43.33615
v 26.39622 0.66802 43.38615
v 26.57125 0.03500 43.20626
v 26.42120 0.03500 43.46604
v 26.44371 0.43421 43.42707
v 26.39622 0.66802 43.38615
v 26.42127 0.03500 43.20621
v 26.57117 0.03500 43.46608
v 26.54869 0.43421 43.42710
v 26.39622 0.66802 43.38615
v 26.64939 0.03500 44.04478
v 26.34939 0.03500 44.04478
v 26.39439 0.45008 44.04478
v 26.39939 0.69244 44.09478
v 26.57441 0.03500 43.91489
v 26.42436 0.03500 44.17466
v 26.44687 0.45008 44.13570
v 26.39939 0.69244 44.09478
v 26.42444 0.03500 43.91484
v 26.57434 0.03500 44.17471
v 26.55185 0.45008 44.13573
v 26.39939 0.69244 44.09478
v 26.57125 0.03500 44.54274
v 26.27125 0.03500 44.54274
v 26.31625 0.49906 44.54274
v 26.32125 0.76779 44.59274
v 26.49627 0.03500 44.41285
v 26.34622 0.03500 44.67263
v 26.36873 0.49906 44.63366
v 26.32125 0.76779 44.59274
v 26.34630 0.03500 44.41280
v 26.49620 0.03500 44.67267
v 26.47371 0.49906 44.63369
v 26.32125 0.76779 44.59274
v 26.64251 0.03500 45.19875
v 26.34251 0.03500 45.19875
v 26.38751 0.32755 45.19875
v 26.39251 0.50393 45.24875
v 26.56753 0.03500 45.06886
v 26.41748 0.03500 45.32864
v 26.43999 0.32755 45.28967
v 26.39251 0.50393 45.24875
v 26.41756 0.03500 45.06882
v 26.56746 0.03500 45.32868
v 26.54497 0.32755 45.28970
v 26.39251 0.50393 45.24875
v 26.45099 0.03500 45.70735
v 26.15099 0.03500 45.70735
v 26.19599 0.39234 45.70735
v 26.20099 0.60360 45.75735
v 26.37602 0.03500 45.57746
v 26.22596 0.03500 45.83724
v 26.24847 0.39234 45.79827
v 26.20099 0.60360 45.75735
v 26.22604 0.03500 45.57742
v 26.37594 0.03500 45.83728
v 26.35345 0.39234 45.79830
v 26.20099 0.60360 45.75735
v 26.60697 0.03500 46.32926
v 26.30697 0.03500 46.32926
v 26.35197 0.44454 46.32926
v 26.35697 0.68390 46.37926
v 26.53199 0.03500 46.19937
v 26.38194 0.03500 46.45915
v 26.40445 0.44454 46.42018
v 26.35697 0.68390 46.37926
v 26.38202 0.03500 46.19932
v 26.53192 0.03500 46.45919
v 26.50943 0.44454 46.42021
v 26.35697 0.68390 46.37926
v 26.63714 0.03500 47.00101
v 26.33714 0.03500 47.00101
v 26.38214 0.46312 47.00101
v 26.38714 0.71249 47.05101
v 26.56217 0.03500 46.87112
v 26.41211 0.03500 47.13090
v 26.43462 0.46312 47.09194
v 26.38714 0.71249 47.05101
v 26.41219 0.03500 46.87108
v 26.56209 0.03500 47.13095
v 26.53960 0.46312 47.09197
v 26.38714 0.71249 47.05101
v 26.58175 0.03500 47.60265
v 26.28175 0.03500 47.60265
v 26.32675 0.51861 47.60265
v 26.33175 0.79786 47.65265
v 26.50677 0.03500 47.47276
v 26.35672 0.03500 47.73254
v 26.37923 0.51861 47.69357
v 26.33175 0.79786 47.65265
v 26.35680 0.03500 47.47271
v 26.50670 0.03500 47.73258
v 26.48421 0.51861 47.69360
v 26.33175 0.79786 47.65265
v 26.45188 0.03500 48.23505
v 26.15188 0.03500 48.23505
v 26.19688 0.31353 48.23505
v 26.20188 0.48235 48.28505
v 26.37691 0.03500 48.10516
v 26.22686 0.03500 48.36494
v 26.24937 0.31353 48.32597
v 26.20188 0.48235 48.28505
v 26.22694 0.03500 48.10512
v 26.37683 0.03500 48.36498
v 26.35435 0.31353 48.32600
v 26.20188 0.48235 48.28505
v 26.47156 0.03500 48.84026
v 26.17156 0.03500 48.84026
v 26.21656 0.49822 48.84026
v 26.22156 0.76649 48.89026
v 26.39659 0.03500 48.71037
v 26.24653 0.03500 48.97015
v 26.26904 0.49822 48.93119
v 26.22156 0.76649 48.89026
v 26.24661 0.03500 48.71033
v 26.39651 0.03500 48.97020
v 26.37402 0.49822 48.93122
v 26.22156 0.76649 48.89026
v 26.45716 0.03500 49.47218
v 26.15716 0.03500 49.47218
v 26.20216 0.36899 49.47218
v 26.20716 0.56768 49.52218
v 26.38218 0.03500 49.34229
v 26.23213 0.03500 49.60207
v 26.25464 0.36899 49.56310
v 26.20716 0.56768 49.52218
v 26.23221 0.03500 49.34225
v 26.38211 0.03500 49.60211
v 26.35962 0.36899 49.56313
v 26.20716 0.56768 49.52218
v 26.60651 0.03500 50.03927
v 26.30651 0.03500 50.03927
v 26.35151 0.38527 50.03927
v 26.35651 0.59272 50.08927
v 26.53154 0.03500 49.90939
v 26.38148 0.03500 50.16916
v 26.40399 0.38527 50.13020
v 26.35651 0.59272 50.08927
v 26.38156 0.03500 49.90934
v 26.53146 0.03500 50.16921
v 26.50897 0.38527 50.13023
v 26.35651 0.59272 50.08927
v 26.49810 0.03500 50.56478
v 26.19810 0.03500 50.56478
v 26.24310 0.37943 50.56478
v 26.24810 0.58373 50.61478
v 26.42312 0.03500 50.43490
v 26.27307 0.03500 50.69467
v 26.29558 0.37943 50.65571
v 26.24810 0.58373 50.61478
v 26.27315 0.03500 50.43485
v 26.42305 0.03500 50.69472
v 26.40056 0.37943 50.65574
v 26.24810 0.58373 50.61478
v 26.61283 0.03500 51.11928
v 26.31283 0.03500 51.11928
v 26.35783 0.34834 51.11928
v 26.36283 0.53591 51.16928
v 26.53785 0.03500 50.98939
v 26.38780 0.03500 51.24917
v 26.41031 0.34834 51.21020
v 26.36283 0.53591 51.16928
v 26.38788 0.03500 50.98935
v 26.53777 0.03500 51.24921
v 26.51529 0.34834 51.21023
v 26.36283 0.53591 51.16928
v 26.51282 0.03500 51.80145
v 26.21282 0.03500 51.80145
v 26.25782 0.52656 51.80145
v 26.26282 0.81009 51.85145
v 26.43784 0.03500 51.67156
v 26.28779 0.03500 51.93134
v 26.31030 0.52656 51.89237
v 26.26282 0.81009 51.85145
v 26.28787 0.03500 51.67152
v 26.43776 0.03500 51.93139
v 26.41528 0.52656 51.89241
v 26.26282 0.81009 51.85145
v 26.58455 0.03500 52.44072
v 26.28455 0.03500 52.44072
v 26.32955 0.53341 52.44072
v 26.33455 0.82064 52.49072
v 26.50958 0.03500 52.31083
v 26.35953 0.03500 52.57061
v 26.38203 0.53341 52.53164
v 26.33455 0.82064 52.49072
v 26.35960 0.03500 52.31079
v 26.50950 0.03500 52.57065
v 26.48702 0.53341 52.53167
v 26.33455 0.82064 52.49072
v 26.55771 0.03500 52.94672
v 26.25771 0.03500 52.94672
v 26.30271 0.50014 52.94672
v 26.30771 0.76944 52.99672
v 26.48273 0.03500 52.81683
v 26.33268 0.03500 53.07661
v 26.35519 0.50014 53.03764
v 26.30771 0.76944 52.99672
v 26.33276 0.03500 52.81678
v 26.48265 0.03500 53.07665
v 26.46017 0.50014 53.03767
v 26.30771 0.76944 52.99672
v 26.61327 0.03500 53.59393
v 26.31327 0.03500 53.59393
v 26.35827 0.54225 53.59393
v 26.36327 0.83423 53.64393
v 26.53829 0.03500 53.46404
v 26.38824 0.03500 53.72382
v 26.41075 0.54225 53.68485
v 26.36327 0.83423 53.64393
v 26.38832 0.03500 53.46399
v 26.53822 0.03500 53.72386
v 26.51573 0.54225 53.68488
v 26.36327 0.83423 53.64393
v 8.58482 0.03500 42.75863
v 8.28482 0.03500 42.75863
v 8.32982 0.50694 42.75863
v 8.33482 0.77991 42.80863
v 8.50985 0.03500 42.62874
v 8.35979 0.03500 42.88852
v 8.38230 0.50694 42.84956
v 8.33482 0.77991 42.80863
v 8.35987 0.03500 42.62870
v 8.50977 0.03500 42.88857
v 8.48728 0.50694 42.84959
v 8.33482 0.77991 42.80863
v 8.49391 0.03500 43.39107
v 8.19391 0.03500 43.39107
v 8.23891 0.45274 43.39107
v 8.24391 0.69653 43.44107
v 8.41894 0.03500 43.26118
v 8.26889 0.03500 43.52096
v 8.29139 0.45274 43.48199
v 8.24391 0.69653 43.44107
v 8.26896 0.03500 43.26113
v 8.41886 0.03500 43.52100
v 8.39638 0.45274 43.48202
v 8.24391 0.69653 43.44107
v 8.51954 0.03500 43.95625
v 8.21954 0.03500 43.95625
v 8.26454 0.35302 43.95625
v 8.26954 0.54312 44.00625
v 8.44456 0.03500 43.82636
v 8.29451 0.03500 44.08614
v 8.31702 0.35302 44.04717
v 8.26954 0.54312 44.00625
v 8.29459 0.03500 43.82631
v 8.44449 0.03500 44.08618
v 8.42200 0.35302 44.04720
v 8.26954 0.54312 44.00625
v 8.63101 0.03500 44.61404
v 8.33101 0.03500 44.61404
v 8.37601 0.41797 44.61404
v 8.38101 0.64303 44.66404
v 8.55604 0.03500 44.48415
v 8.40599 0.03500 44.74392
v 8.42850 0.41797 44.70496
v 8.38101 0.64303 44.66404
v 8.40607 0.03500 44.48410
v 8.55596 0.03500 44.74397
v 8.53348 0.41797 44.70499
v 8.38101 0.64303 44.66404
v 8.49751 0.03500 45.23738
v 8.19751 0.03500 45.23738
v 8.24251 0.47643 45.23738
v 8.24751 0.73296 45.28738
v 8.42254 0.03500 45.10749
v 8.27249 0.03500 45.36727
v 8.29499 0.47643 45.32831
v 8.24751 0.73296 45.28738
v 8.27256 0.03500 45.10745
v 8.42246 0.03500 45.36732
v 8.39997 0.47643 45.32834
v 8.24751 0.73296 45.28738
v 8.53630 0.03500 45.80501
v 8.23630 0.03500 45.80501
v 8.28130 0.39871 45.80501
v 8.28630 0.61341 45.85501
v 8.46133 0.03500 45.67512
v 8.31128 0.03500 45.93490
v 8.33379 0.39871 45.89593
v 8.28630 0.61341 45.85501
v 8.31136 0.03500 45.67508
v 8.46125 0.03500 45.93494
v 8.43877 0.39871 45.89596
v 8.28630 0.61341 45.85501
v 8.59531 0.03500 46.44197
v 8.29531 0.03500 46.44197
v 8.34031 0.45722 46.44197
v 8.34531 0.70342 46.49197
v 8.52034 0.03500 46.31208
v 8.37029 0.03500 46.57186
v 8.39280 0.45722 46.53289
v 8.34531 0.70342 46.49197
v 8.37037 0.03500 46.31204
v 8.52026 0.03500 46.57191
v 8.49778 0.45722 46.53293
v 8.34531 0.70342 46.49197
v 8.60768 0.03500 47.05698
v 8.30768 0.03500 47.05698
v 8.35268 0.32518 47.05698
v 8.35768 0.50028 47.10698
v 8.53271 0.03500 46.92709
v 8.38266 0.03500 47.18687
v 8.40516 0.32518 47.14790
v 8.35768 0.50028 47.10698
v 8.38273 0.03500 46.92705
v 8.53263 0.03500 47.18691
v 8.51015 0.32518 47.14793
v 8.35768 0.50028 47.10698
v 8.51968 0.03500 47.60847
v 8.21968 0.03500 47.60847
v 8.26468 0.49753 47.60847
v 8.26968 0.76543 47.65847
v 8.44470 0.03500 47.47858
v 8.29465 0.03500 47.73836
v 8.31716 0.49753 47.69939
v 8.26968 0.76543 47.65847
v 8.29473 0.03500 47.47854
v 8.44463 0.03500 47.73840
v 8.42214 0.49753 47.69942
v 8.26968 0.76543 47.65847
v 8.64783 0.03500 48.17826
v 8.34783 0.03500 48.17826
v 8.39283 0.51809 48.17826
v 8.39783 0.79707 48.22826
v 8.57285 0.03500 48.04837
v 8.42280 0.03500 48.30815
v 8.44531 0.51809 48.26918
v 8.39783 0.79707 48.22826
v 8.42288 0.03500 48.04833
v 8.57278 0.03500 48.30819
v 8.55029 0.51809 48.26921
v 8.39783 0.79707 48.22826
v 8.57256 0.03500 48.87909
v 8.27256 0.03500 48.87909
v 8.31756 0.53710 48.87909
v 8.32256 0.82630 48.92909
v 8.49759 0.03500 48.74920
v 8.34754 0.03500 49.00898
v 8.37004 0.53710 48.97001
v 8.32256 0.82630 48.92909
v 8.34761 0.03500 48.74916
v 8.49751 0.03500 49.00902
v 8.47503 0.53710 48.97004
v 8.32256 0.82630 48.92909
v 8.63728 0.03500 49.37174
v 8.33728 0.03500 49.37174
v 8.38228 0.29469 49.37174
v 8.38728 0.45338 49.42174
v 8.56231 0.03500 49.24185
v 8.41226 0.03500 49.50162
v 8.43476 0.29469 49.46266
v 8.38728 0.45338 49.42174
v 8.41233 0.03500 49.24180
v 8.56223 0.03500 49.50167
v 8.53975 0.29469 49.46269
v 8.38728 0.45338 49.42174
v 8.57634 0.03500 49.91426
v 8.27634 0.03500 49.91426
v 8.32134 0.35689 49.91426
v 8.32634 0.54907 49.96426
v 8.50136 0.03500 49.78437
v 8.35131 0.03500 50.04414
v 8.37382 0.35689 50.00518
v 8.32634 0.54907 49.96426
v 8.35139 0.03500 49.78432
v 8.50128 0.03500 50.04419
v 8.47880 0.35689 50.00521
v 8.32634 0.54907 49.96426
v 8.61580 0.03500 50.68341
v 8.31580 0.03500 50.68341
v 8.36080 0.31393 50.68341
v 8.36580 0.48297 50.73341
v 8.54082 0.03500 50.55352
v 8.39077 0.03500 50.81330
v 8.41328 0.31393 50.77433
v 8.36580 0.48297 50.73341
v 8.39085 0.03500 50.55347
v 8.54074 0.03500 50.81334
v 8.51826 0.31393 50.77436
v 8.36580 0.48297 50.73341
v 8.50697 0.03500 51.13895
v 8.20697 0.03500 51.13895
v 8.25197 0.32625 51.13895
v 8.25697 0.50192 51.18895
v 8.43200 0.03500 51.00906
v 8.28195 0.03500 51.26884
v 8.30446 0.32625 51.22987
v 8.25697 0.50192 51.18895
v 8.28203 0.03500 51.00902
v 8.43192 0.03500 51.26889
v 8.40944 0.32625 51.22991
v 8.25697 0.50192 51.18895
v 8.48949 0.03500 51.78281
v 8.18949 0.03500 51.78281
v 8.23449 0.54920 51.78281
v 8.23949 0.84493 51.83281
v 8.41451 0.03500 51.65292
v 8.26446 0.03500 51.91270
v 8.28697 0.54920 51.87373
v 8.23949 0.84493 51.83281
v 8.26454 0.03500 51.65288
v 8.41443 0.03500 51.91274
v 8.39195 0.54920 51.87376
v 8.23949 0.84493 51.83281
v 8.64225 0.03500 52.47392
v 8.34225 0.03500 52.47392
v 8.38725 0.49149 52.47392
v 8.39225 0.75613 52.52392
v 8.56727 0.03500 52.34403
v 8.41722 0.03500 52.60381
v 8.43973 0.49149 52.56484
v 8.39225 0.75613 52.52392
v 8.41730 0.03500 52.34398
v 8.56720 0.03500 52.60385
v 8.54471 0.49149 52.56487
v 8.39225 0.75613 52.52392
v 8.50153 0.03500 53.00053
v 8.20153 0.03500 53.00053
v 8.24653 0.47564 53.00053
v 8.25153 0.73175 53.05053
v 8.42655 0.03500 52.87064
v 8.27650 0.03500 53.13042
v 8.29901 0.47564 53.09145
v 8.25153 0.73175 53.05053
v 8.27658 0.03500 52.87060
v 8.42648 0.03500 53.13046
v 8.40399 0.47564 53.09148
v 8.25153 0.73175 53.05053
v 8.48606 0.03500 53.53377
v 8.18606 0.03500 53.53377
v 8.23106 0.45212 53.53377
v 8.23606 0.69557 53.58377
v 8.41109 0.03500 53.40388
v 8.26104 0.03500 53.66366
v 8.28354 0.45212 53.62469
v 8.23606 0.69557 53.58377
v 8.26111 0.03500 53.40383
v 8.41101 0.03500 53.66370
v 8.38853 0.45212 53.62472
v 8.23606 0.69557 53.58377
v 8.01715 0.03500 42.70145
v 7.71715 0.03500 42.70145
v 7.76215 0.42765 42.70145
v 7.76715 0.65792 42.75145
v 7.94218 0.03500 42.57156
v 7.79213 0.03500 42.83134
v 7.81463 0.42765 42.79237
v 7.76715 0.65792 42.75145
v 7.79220 0.03500 42.57152
v 7.94210 0.03500 42.83138
v 7.91962 0.42765 42.79240
v 7.76715 0.65792 42.75145
v 7.94770 0.03500 43.32776
v 7.64770 0.03500 43.32776
v 7.69270 0.40263 43.32776
v 7.69770 0.61943 43.37776
v 7.87272 0.03500 43.19788
v 7.72267 0.03500 43.45765
v 7.74518 0.40263 43.41869
v 7.69770 0.61943 43.37776
v 7.72275 0.03500 43.19783
v 7.87264 0.03500 43.45770
v 7.85016 0.40263 43.41872
v 7.69770 0.61943 43.37776
v 7.93634 0.03500 44.06647
v 7.63634 0.03500 44.06647
v 7.68134 0.43041 44.06647
v 7.68634 0.66216 44.11647
v 7.86136 0.03500 43.93658
v 7.71131 0.03500 44.19636
v 7.73382 0.43041 44.15739
v 7.68634 0.66216 44.11647
v 7.71139 0.03500 43.93654
v 7.86129 0.03500 44.19640
v 7.83880 0.43041 44.15742
v 7.68634 0.66216 44.11647
v 8.01190 0.03500 44.60305
v 7.71190 0.03500 44.60305
v 7.75690 0.38344 44.60305
v 7.76190 0.58991 44.65305
v 7.93693 0.03500 44.47316
v 7.78688 0.03500 44.73294
v 7.80939 0.38344 44.69397
v 7.76190 0.58991 44.65305
v 7.78696 0.03500 44.47312
v 7.93685 0.03500 44.73298
v 7.91437 0.38344 44.69400
v 7.76190 0.58991 44.65305
v 8.00050 0.03500 45.16217
v 7.70050 0.03500 45.16217
v 7.74550 0.43428 45.16217
v 7.75050 0.66812 45.21217
v 7.92553 0.03500 45.03228
v 7.77547 0.03500 45.29206
v 7.79798 0.43428 45.25309
v 7.75050 0.66812 45.21217
v 7.77555 0.03500 45.03224
v 7.92545 0.03500 45.29211
v 7.90296 0.43428 45.25313
v 7.75050 0.66812 45.21217
v 7.88176 0.03500 45.75754
v 7.58176 0.03500 45.75754
v 7.62676 0.40064 45.75754
v 7.63176 0.61636 45.80754
v 7.80679 0.03500 45.62765
v 7.65673 0.03500 45.88743
v 7.67924 0.40064 45.84846
v 7.63176 0.61636 45.80754
v 7.65681 0.03500 45.62761
v 7.80671 0.03500 45.88747
v 7.78422 0.40064 45.84849
v 7.63176 0.61636 45.80754
v 7.90148 0.03500 46.38877
v 7.60148 0.03500 46.38877
v 7.64648 0.54266 46.38877
v 7.65148 0.83486 46.43877
v 7.82651 0.03500 46.25888
v 7.67646 0.03500 46.51866
v 7.69897 0.54266 46.47969
v 7.65148 0.83486 46.43877
v 7.67653 0.03500 46.25884
v 7.82643 0.03500 46.51870
v 7.80395 0.54266 46.47972
v 7.65148 0.83486 46.43877
v 7.97702 0.03500 46.94161
v 7.67702 0.03500 46.94161
v 7.72202 0.33040 46.94161
v 7.72702 0.50830 46.99161
v 7.90205 0.03500 46.81172
v 7.75199 0.03500 47.07150
v 7.77450 0.33040 47.03253
v 7.72702 0.50830 46.99161
v 7.75207 0.03500 46.81167
v 7.90197 0.03500 47.07154
v 7.87948 0.33040 47.03256
v 7.72702 0.50830 46.99161
v 7.96354 0.03500 47.60037
v 7.66354 0.03500 47.60037
v 7.70854 0.45639 47.60037
v 7.71354 0.70215 47.65037
v 7.88856 0.03500 47.47048
v 7.73851 0.03500 47.73025
v 7.76102 0.45639 47.69129
v 7.71354 0.70215 47.65037
v 7.73859 0.03500 47.47043
v 7.88849 0.03500 47.73030
v 7.86600 0.45639 47.69132
v 7.71354 0.70215 47.65037
v 7.94629 0.03500 48.28881
v 7.64629 0.03500 48.28881
v 7.69129 0.31226 48.28881
v 7.69629 0.48040 48.33881
v 7.87131 0.03500 48.15892
v 7.72126 0.03500 48.41870
v 7.74377 0.31226 48.37973
v 7.69629 0.48040 48.33881
v 7.72134 0.03500 48.15888
v 7.87124 0.03500 48.41874
v 7.84875 0.31226 48.37976
v 7.69629 0.48040 48.33881
v 8.04232 0.03500 48.78197
v 7.74232 0.03500 48.78197
v 7.78732 0.43810 48.78197
v 7.79232 0.67400 48.83197
v 7.96734 0.03500 48.65208
v 7.81729 0.03500 48.91186
v 7.83980 0.43810 48.87289
v 7.79232 0.67400 48.83197
v 7.81737 0.03500 48.65204
v 7.96726 0.03500 48.91191
v 7.94478 0.43810 48.87293
v 7.79232 0.67400 48.83197
v 7.85040 0.03500 49.33515
v 7.55040 0.03500 49.33515
v 7.59540 0.41494 49.33515
v 7.60040 0.63837 49.38515
v 7.77543 0.03500 49.20527
v 7.62538 0.03500 49.46504
v 7.64789 0.41494 49.42608
v 7.60040 0.63837 49.38515
v 7.62546 0.03500 49.20522
v 7.77535 0.03500 49.46509
v 7.75287 0.41494 49.42611
v 7.60040 0.63837 49.38515
v 8.00409 0.03500 49.97318
v 7.70409 0.03500 49.97318
v 7.74909 0.45863 49.97318
v 7.75409 0.70558 50.02318
v 7.92911 0.03500 49.84329
v 7.77906 0.03500 50.10307
v 7.80157 0.45863 50.06410
v 7.75409 0.70558 50.02318
v 7.77914 0.03500 49.84324
v 7.92904 0.03500 50.10311
v 7.90655 0.45863 50.06413
v 7.75409 0.70558 50.02318
v 8.04670 0.03500 50.50445
v 7.74670 0.03500 50.50445
v 7.79170 0.47130 50.50445
v 7.79670 0.72508 50.55445
v 7.97173 0.03500 50.37457
v 7.82167 0.03500 50.63434
v 7.84418 0.47130 50.59538
v 7.79670 0.72508 50.55445
v 7.82175 0.03500 50.37452
v 7.97165 0.03500 50.63439
v 7.94916 0.47130 50.59541
v 7.79670 0.72508 50.55445
v 7.98863 0.03500 51.27222
v 7.68863 0.03500 51.27222
v 7.73363 0.53202 51.27222
v 7.73863 0.81849 51.32222
v 7.91366 0.03500 51.14233
v 7.76361 0.03500 51.40211
v 7.78611 0.53202 51.36314
v 7.73863 0.81849 51.32222
v 7.76368 0.03500 51.14229
v 7.91358 0.03500 51.40216
v 7.89109 0.53202 51.36318
v 7.73863 0.81849 51.32222
v 7.85307 0.03500 51.77118
v 7.55307 0.03500 51.77118
v 7.59807 0.53045 51.77118
v 7.60307 0.81608 51.82118
v 7.77810 0.03500 51.64129
v 7.62805 0.03500 51.90107
v 7.65056 0.53045 51.86210
v 7.60307 0.81608 51.82118
v 7.62812 0.03500 51.64125
v 7.77802 0.03500 51.90111
v 7.75554 0.53045 51.86213
v 7.60307 0.81608 51.82118
v 7.93337 0.03500 52.34040
v 7.63337 0.03500 52.34040
v 7.67837 0.31743 52.34040
v 7.68337 0.48836 52.39040
v 7.85840 0.03500 52.21051
v 7.70835 0.03500 52.47029
v 7.73085 0.31743 52.43132
v 7.68337 0.48836 52.39040
v 7.70842 0.03500 52.21047
v 7.85832 0.03500 52.47034
v 7.83584 0.31743 52.43136
v 7.68337 0.48836 52.39040
v 7.96833 0.03500 52.98539
v 7.66833 0.03500 52.98539
v 7.71333 0.38723 52.98539
v 7.71833 0.59574 53.03539
v 7.89336 0.03500 52.85550
v 7.74331 0.03500 53.11528
v 7.76581 0.38723 53.07631
v 7.71833 0.59574 53.03539
v 7.74338 0.03500 52.85545
v 7.89328 0.03500 53.11532
v 7.87080 0.38723 53.07634
v 7.71833 0.59574 53.03539
v 7.91645 0.03500 53.55853
v 7.61645 0.03500 53.55853
v 7.66145 0.44843 53.55853
v 7.66645 0.68989 53.60853
v 7.84147 0.03500 53.42864
v 7.69142 0.03500 53.68841
v 7.71393 0.44843 53.64945
v 7.66645 0.68989 53.60853
v 7.69150 0.03500 53.42859
v 7.84139 0.03500 53.68846
v 7.81891 0.44843 53.64948
v 7.66645 0.68989 53.60853
v 7.25593 0.03500 42.72816
v 6.95593 0.03500 42.72816
v 7.00093 0.43809 42.72816
v 7.00593 0.67398 42.77816
v 7.18096 0.03500 42.59827
v 7.03091 0.03500 42.85805
v 7.05341 0.43809 42.81908
v 7.00593 0.67398 42.77816
v 7.03098 0.03500 42.59822
v 7.18088 0.03500 42.85809
v 7.15840 0.43809 42.81911
v 7.00593 0.67398 42.77816
v 7.25137 0.03500 43.49322
v 6.95137 0.03500 43.49322
v 6.99637 0.54869 43.49322
v 7.00137 0.84413 43.54322
v 7.17639 0.03500 43.36333
v 7.02634 0.03500 43.62311
v 7.04885 0.54869 43.58414
v 7.00137 0.84413 43.54322
v 7.02642 0.03500 43.36328
v 7.17631 0.03500 43.62315
v 7.15383 0.54869 43.58417
v 7.00137 0.84413 43.54322
v 7.34185 0.03500 44.08530
v 7.04185 0.03500 44.08530
v 7.08685 0.45526 44.08530
v 7.09185 0.70039 44.13530
v 7.26688 0.03500 43.95541
v 7.11683 0.03500 44.21518
v 7.13934 0.45526 44.17622
v 7.09185 0.70039 44.13530
v 7.11691 0.03500 43.95536
v 7.26680 0.03500 44.21523
v 7.24432 0.45526 44.17625
v 7.09185 0.70039 44.13530
v 7.39013 0.03500 44.54744
v 7.09013 0.03500 44.54744
v 7.13513 0.41079 44.54744
v 7.14013 0.63198 44.59744
v 7.31515 0.03500 44.41755
v 7.16510 0.03500 44.67733
v 7.18761 0.41079 44.63837
v 7.14013 0.63198 44.59744
v 7.16518 0.03500 44.41751
v 7.31507 0.03500 44.67738
v 7.29259 0.41079 44.63840
v 7.14013 0.63198 44.59744
v 7.38208 0.03500 45.29608
v 7.08208 0.03500 45.29608
v 7.12708 0.31768 45.29608
v 7.13208 0.48874 45.34608
v 7.30711 0.03500 45.16619
v 7.15706 0.03500 45.42597
v 7.17956 0.31768 45.38700
v 7.13208 0.48874 45.34608
v 7.15713 0.03500 45.16615
v 7.30703 0.03500 45.42601
v 7.28455 0.31768 45.38703
v 7.13208 0.48874 45.34608
v 7.25130 0.03500 45.73444
v 6.95130 0.03500 45.73444
v 6.99630 0.31795 45.73444
v 7.00130 0.48915 45.78444
v 7.17633 0.03500 45.60455
v 7.02628 0.03500 45.86433
v 7.04878 0.31795 45.82536
v 7.00130 0.48915 45.78444
v 7.02635 0.03500 45.60450
v 7.17625 0.03500 45.86437
v 7.15377 0.31795 45.82539
v 7.00130 0.48915 45.78444
v 7.29011 0.03500 46.42638
v 6.99011 0.03500 46.42638
v 7.03511 0.36351 46.42638
v 7.04011 0.55924 46.47638
v 7.21514 0.03500 46.29649
v 7.06509 0.03500 46.55627
v 7.08759 0.36351 46.51730
v 7.04011 0.55924 46.47638
v 7.06516 0.03500 46.29645
v 7.21506 0.03500 46.55631
v 7.19258 0.36351 46.51733
v 7.04011 0.55924 46.47638
v 7.36725 0.03500 47.00791
v 7.06725 0.03500 47.00791
v 7.11225 0.35953 47.00791
v 7.11725 0.55312 47.05791
v 7.29227 0.03500 46.87802
v 7.14222 0.03500 47.13780
v 7.16473 0.35953 47.09883
v 7.11725 0.55312 47.05791
v 7.14230 0.03500 46.87798
v 7.29220 0.03500 47.13785
v 7.26971 0.35953 47.09887
v 7.11725 0.55312 47.05791
v 7.26244 0.03500 47.62209
v 6.96244 0.03500 47.62209
v 7.00744 0.50995 47.62209
v 7.01244 0.78454 47.67209
v 7.18747 0.03500 47.49221
v 7.03742 0.03500 47.75198
v 7.05993 0.50995 47.71302
v 7.01244 0.78454 47.67209
v 7.03750 0.03500 47.49216
v 7.18739 0.03500 47.75203
v 7.16491 0.50995 47.71305
v 7.01244 0.78454 47.67209
v 7.27914 0.03500 48.21021
v 6.97914 0.03500 48.21021
v 7.02414 0.37995 48.21021
v 7.02914 0.58454 48.26021
v 7.20417 0.03500 48.08032
v 7.05412 0.03500 48.34010
v 7.07662 0.37995 48.30114
v 7.02914 0.58454 48.26021
v 7.05419 0.03500 48.08028
v 7.20409 0.03500 48.34015
v 7.18160 0.37995 48.30117
v 7.02914 0.58454 48.26021
v 7.41477 0.03500 48.70503
v 7.11477 0.03500 48.70503
v 7.15977 0.50167 48.70503
v 7.16477 0.77181 48.75503
v 7.33980 0.03500 48.57515
v 7.18975 0.03500 48.83492
v 7.21226 0.50167 48.79596
v 7.16477 0.77181 48.75503
v 7.18983 0.03500 48.57510
v 7.33972 0.03500 48.83497
v 7.31724 0.50167 48.79599
v 7.16477 0.77181 48.75503
v 7.34712 0.03500 49.43803
v 7.04712 0.03500 49.43803
v 7.09212 0.41849 49.43803
v 7.09712 0.64383 49.48803
v 7.27215 0.03500 49.30814
v 7.12210 0.03500 49.56792
v 7.14460 0.41849 49.52895
v 7.09712 0.64383 49.48803
v 7.12217 0.03500 49.30809
v 7.27207 0.03500 49.56796
v 7.24959 0.41849 49.52898
v 7.09712 0.64383 49.48803
v 7.29862 0.03500 49.92270
v 6.99862 0.03500 49.92270
v 7.04362 0.48701 49.92270
v 7.04862 0.74924 49.97270
v 7.22365 0.03500 49.79281
v 7.07360 0.03500 50.05259
v 7.09610 0.48701 50.01362
v 7.04862 0.74924 49.97270
v 7.07367 0.03500 49.79276
v 7.22357 0.03500 50.05263
v 7.20109 0.48701 50.01365
v 7.04862 0.74924 49.97270
v 7.37866 0.03500 50.63712
v 7.07866 0.03500 50.63712
v 7.12366 0.50931 50.63712
v 7.12866 0.78356 50.68712
v 7.30369 0.03500 50.50723
v 7.15364 0.03500 50.76700
v 7.17614 0.50931 50.72804
v 7.12866 0.78356 50.68712
v 7.15371 0.03500 50.50718
v 7.30361 0.03500 50.76705
v 7.28113 0.50931 50.72807
v 7.12866 0.78356 50.68712
v 7.40345 0.03500 51.24919
v 7.10345 0.03500 51.24919
v 7.14845 0.33226 51.24919
v 7.15345 0.51117 51.29919
v 7.32848 0.03500 51.11930
v 7.17843 0.03500 51.37908
v 7.20093 0.33226 51.34012
v 7.15345 0.51117 51.29919
v 7.17850 0.03500 51.11926
v 7.32840 0.03500 51.37913
v 7.30592 0.33226 51.34015
v 7.15345 0.51117 51.29919
v 7.30805 0.03500 51.71440
v 7.00805 0.03500 51.71440
v 7.05305 0.47028 51.71440
v 7.05805 0.72351 51.76440
v 7.23308 0.03500 51.58451
v 7.08303 0.03500 51.84429
v 7.10553 0.47028 51.80532
v 7.05805 0.72351 51.76440
v 7.08310 0.03500 51.58447
v 7.23300 0.03500 51.84433
v 7.21052 0.47028 51.80535
v 7.05805 0.72351 51.76440
v 7.26604 0.03500 52.48899
v 6.96604 0.03500 52.48899
v 7.01104 0.52226 52.48899
v 7.01604 0.80347 52.53899
v 7.19107 0.03500 52.35910
v 7.04102 0.03500 52.61888
v 7.06352 0.52226 52.57991
v 7.01604 0.80347 52.53899
v 7.04109 0.03500 52.35906
v 7.19099 0.03500 52.61892
v 7.16851 0.52226 52.57994
v 7.01604 0.80347 52.53899
v 7.30704 0.03500 52.96805
v 7.00704 0.03500 52.96805
v 7.05204 0.33222 52.96805
v 7.05704 0.51111 53.01805
v 7.23207 0.03500 52.83816
v 7.08202 0.03500 53.09794
v 7.10453 0.33222 53.05897
v 7.05704 0.51111 53.01805
v 7.08210 0.03500 52.83811
v 7.23199 0.03500 53.09798
v 7.20951 0.33222 53.05900
v 7.05704 0.51111 53.01805
v 7.35681 0.03500 53.52253
v 7.05681 0.03500 53.52253
v 7.10181 0.50708 53.52253
v 7.10681 0.78012 53.57253
v 7.28184 0.03500 53.39264
v 7.13179 0.03500 53.65242
v 7.15429 0.50708 53.61346
v 7.10681 0.78012 53.57253
v 7.13186 0.03500 53.39260
v 7.28176 0.03500 53.65247
v 7.25928 0.50708 53.61349
v 7.10681 0.78012 53.57253
vn 0.000000 0.000000 1.000000
vn -0.288125 -0.265357 0.920092
vn 0.000000 0.000000 -1.000000
vn 0.288125 0.265357 -0.920092
vn 0.865930 -0.000002 0.500165
vn 0.938892 0.304536 0.160438
vn -0.865930 0.000002 -0.500165
vn -0.938892 -0.304536 -0.160438
vn 0.866213 0.000014 -0.499674
vn 0.570712 0.335336 -0.749558
vn -0.866213 -0.000014 0.499674
vn -0.570712 -0.335336 0.749558
vn 0.000000 0.000000 1.000000
vn -0.306304 -0.171412 0.936374
vn 0.000000 0.000000 -1.000000
vn 0.306304 0.171412 -0.936374
vn 0.865922 -0.000011 0.500179
vn 0.968480 0.197548 0.151729
vn -0.865922 0.000011 -0.500179
vn -0.968480 -0.197548 -0.151729
vn 0.866222 0.000010 -0.499660
vn 0.584243 0.215885 -0.782339
vn -0.866222 -0.000010 0.499660
vn -0.584243 -0.215885 0.782339
vn 0.000000 0.000000 1.000000
vn -0.293845 -0.237483 0.925882
vn 0.000000 0.000000 -1.000000
vn 0.293845 0.237483 -0.925882
vn 0.865930 -0.000002 0.500165
vn 0.948949 0.272973 0.158056
vn -0.865930 0.000002 -0.500165
vn -0.948949 -0.272973 -0.158056
vn 0.866228 -0.000011 -0.499649
vn 0.575711 0.300001 -0.760629
vn -0.866228 0.000011 0.499649
vn -0.575711 -0.300001 0.760629
vn 0.000000 0.000000 1.000000
vn -0.306298 -0.171394 0.936379
vn 0.000000 0.000000 -1.000000
vn 0.306298 0.171394 -0.936379
vn 0.865922 0.000008 0.500179
vn 0.968477 0.197531 0.151770
vn -0.865922 -0.000008 -0.500179
vn -0.968477 -0.197531 -0.151770
vn 0.866222 -0.000009 -0.499660
vn 0.584223 0.215868 -0.782358
vn -0.866222 0.000009 0.499660
vn -0.584223 -0.215868 0.782358
vn 0.000000 0.000000 1.000000
vn -0.305924 -0.173511 0.936111
vn 0.000000 0.000000 -1.000000
vn 0.305924 0.173511 -0.936111
vn 0.865907 -0.000008 0.500204
vn 0.967945 0.199963 0.151976
vn -0.865907 0.000008 -0.500204
vn -0.967945 -0.199963 -0.151976
vn 0.866222 0.000010 -0.499660
vn 0.584071 0.218548 -0.781727
vn -0.866222 -0.000010 0.499660
vn -0.584071 -0.218548 0.781727
vn 0.000000 0.000000 1.000000
vn -0.306345 -0.171146 0.936409
vn 0.000000 0.000000 -1.000000
vn 0.306345 0.171146 -0.936409
vn 0.865930 -0.000012 0.500165
vn 0.968550 0.197275 0.151637
vn -0.865930 0.000012 -0.500165
vn -0.968550 -0.197275 -0.151637
vn 0.866222 -0.000009 -0.499660
vn 0.584269 0.215538 -0.782415
vn -0.866222 0.000009 0.499660
vn -0.584269 -0.215538 0.782415
vn 0.000000 0.000000 1.000000
vn -0.308621 -0.158064 0.937960
vn 0.000000 0.000000 -1.000000
vn 0.308621 0.158064 -0.937960
vn 0.865922 -0.000010 0.500179
vn 0.971693 0.182232 0.150347
vn -0.865922 0.000010 -0.500179
vn -0.971693 -0.182232 -0.150347
vn 0.866222 0.000009 -0.499660
vn 0.585442 0.198871 -0.785944
vn -0.866222 -0.000009 0.499660
vn -0.585442 -0.198871 0.785944
vn 0.000000 0.000000 1.000000
vn -0.302644 -0.191699 0.933626
vn 0.000000 0.000000 -1.000000
vn 0.302644 0.191699 -0.933626
vn 0.865922 -0.000012 0.500179
vn 0.963125 0.220790 0.153758
vn -0.865922 0.000012 -0.500179
vn -0.963125 -0.220790 -0.153758
vn 0.866222 0.000011 -0.499660
vn 0.582139 0.241722 -0.776327
vn -0.866222 -0.000011 0.499660
vn -0.582139 -0.241722 0.776327
vn 0.000000 0.000000 1.000000
vn -0.292471 -0.244420 0.924510
vn 0.000000 0.000000 -1.000000
vn 0.292471 0.244420 -0.924510
vn 0.865930 -0.000002 0.500165
vn 0.946552 0.280844 0.158640
vn -0.865930 0.000002 -0.500165
vn -0.946552 -0.280844 -0.158640
vn 0.866228 -0.000012 -0.499649
vn 0.574534 0.308800 -0.757993
vn -0.866228 0.000012 0.499649
vn -0.574534 -0.308800 0.757993
vn 0.000000 0.000000 1.000000
vn -0.288326 -0.264377 0.920311
vn 0.000000 0.000000 -1.000000
vn 0.288326 0.264377 -0.920311
vn 0.865930 0.000029 0.500165
vn 0.939255 0.303435 0.160394
vn -0.865930 -0.000029 -0.500165
vn -0.939255 -0.303435 -0.160394
vn 0.866213 -0.000017 -0.499674
vn 0.570878 0.334105 -0.749981
vn -0.866213 0.000017 0.499674
vn -0.570878 -0.334105 0.749981
vn 0.000000 0.000000 1.000000
vn -0.291942 -0.246941 0.924008
vn 0.000000 0.000000 -1.000000
vn 0.291942 0.246941 -0.924008
vn 0.865930 -0.000002 0.500165
vn 0.945659 0.283702 0.158877
vn -0.865930 0.000002 -0.500165
vn -0.945659 -0.283702 -0.158877
vn 0.866222 0.000015 -0.499660
vn 0.574117 0.312016 -0.756991
vn -0.866222 -0.000015 0.499660
vn -0.574117 -0.312016 0.756991
vn 0.000000 0.000000 1.000000
vn -0.294612 -0.233703 0.926600
vn 0.000000 0.000000 -1.000000
vn 0.294612 0.233703 -0.926600
vn 0.865930 0.000025 0.500165
vn 0.950225 0.268684 0.157737
vn -0.865930 -0.000025 -0.500165
vn -0.950225 -0.268684 -0.157737
vn 0.866213 -0.000015 -0.499674
vn 0.576291 0.295198 -0.762067
vn -0.866213 0.000015 0.499674
vn -0.576291 -0.295198 0.762067
vn 0.000000 0.000000 1.000000
vn -0.305582 -0.175499 0.935852
vn 0.000000 0.000000 -1.000000
vn 0.305582 0.175499 -0.935852
vn 0.865930 -0.000013 0.500165
vn 0.967449 0.202237 0.152128
vn -0.865930 0.000013 -0.500165
vn -0.967449 -0.202237 -0.152128
vn 0.866222 0.000010 -0.499660
vn 0.583871 0.221078 -0.781166
vn -0.866222 -0.000010 0.499660
vn -0.583871 -0.221078 0.781166
vn 0.000000 0.000000 1.000000
vn -0.295710 -0.228143 0.927635
vn 0.000000 0.000000 -1.000000
vn 0.295710 0.228143 -0.927635
vn 0.865930 -0.000002 0.500165
vn 0.952078 0.262360 0.157208
vn -0.865930 0.000002 -0.500165
vn -0.952078 -0.262360 -0.157208
vn 0.866222 0.000014 -0.499660
vn 0.577203 0.288138 -0.764077
vn -0.866222 -0.000014 0.499660
vn -0.577203 -0.288138 0.764077
vn 0.000000 0.000000 1.000000
vn -0.305665 -0.174917 0.935934
vn 0.000000 0.000000 -1.000000
vn 0.305665 0.174917 -0.935934
vn 0.865907 -0.000008 0.500204
vn 0.967586 0.201571 0.152138
vn -0.865907 0.000008 -0.500204
vn -0.967586 -0.201571 -0.152138
vn 0.866222 0.000010 -0.499660
vn 0.583915 0.220356 -0.781336
vn -0.866222 -0.000010 0.499660
vn -0.583915 -0.220356 0.781336
vn 0.000000 0.000000 1.000000
vn -0.305968 -0.173270 0.936142
vn 0.000000 0.000000 -1.000000
vn 0.305968 0.173270 -0.936142
vn 0.865930 0.000018 0.500165
vn 0.968006 0.199683 0.151959
vn -0.865930 -0.000018 -0.500165
vn -0.968006 -0.199683 -0.151959
vn 0.866222 -0.000009 -0.499660
vn 0.584043 0.218258 -0.781829
vn -0.866222 0.000009 0.499660
vn -0.584043 -0.218258 0.781829
vn 0.000000 0.000000 1.000000
vn -0.299889 -0.206418 0.931374
vn 0.000000 0.000000 -1.000000
vn 0.299889 0.206418 -0.931374
vn 0.865930 -0.000002 0.500165
vn 0.958883 0.237605 0.155203
vn -0.865930 0.000002 -0.500165
vn -0.958883 -0.237605 -0.155203
vn 0.866222 0.000012 -0.499660
vn 0.580307 0.260493 -0.771613
vn -0.866222 -0.000012 0.499660
vn -0.580307 -0.260493 0.771613
vn 0.000000 0.000000 1.000000
vn -0.295806 -0.227687 0.927716
vn 0.000000 0.000000 -1.000000
vn 0.295806 0.227687 -0.927716
vn 0.865916 0.000002 0.500190
vn 0.952223 0.261845 0.157191
vn -0.865916 -0.000002 -0.500190
vn -0.952223 -0.261845 -0.157191
vn 0.866213 0.000012 -0.499674
vn 0.577259 0.287545 -0.764258
vn -0.866213 -0.000012 0.499674
vn -0.577259 -0.287545 0.764258
vn 0.000000 0.000000 1.000000
vn -0.297885 -0.216963 0.929619
vn 0.000000 0.000000 -1.000000
vn 0.297885 0.216963 -0.929619
vn 0.865922 -0.000014 0.500179
vn 0.955663 0.249636 0.156175
vn -0.865922 0.000014 -0.500179
vn -0.955663 -0.249636 -0.156175
vn 0.866222 0.000013 -0.499660
vn 0.578885 0.273898 -0.768031
vn -0.866222 -0.000013 0.499660
vn -0.578885 -0.273898 0.768031
vn 0.000000 0.000000 1.000000
vn -0.295294 -0.230310 0.927232
vn 0.000000 0.000000 -1.000000
vn 0.295294 0.230310 -0.927232
vn 0.865930 0.000024 0.500165
vn 0.951359 0.264828 0.157423
vn -0.865930 -0.000024 -0.500165
vn -0.951359 -0.264828 -0.157423
vn 0.866213 -0.000015 -0.499674
vn 0.576823 0.290883 -0.763323
vn -0.866213 0.000015 0.499674
vn -0.576823 -0.290883 0.763323
vn 0.000000 0.000000 1.000000
vn -0.302566 -0.192151 0.933559
vn 0.000000 0.000000 -1.000000
vn 0.302566 0.192151 -0.933559
vn 0.865930 -0.000002 0.500165
vn 0.963000 0.221302 0.153805
vn -0.865930 0.000002 -0.500165
vn -0.963000 -0.221302 -0.153805
vn 0.866213 0.000010 -0.499674
vn 0.582048 0.242302 -0.776215
vn -0.866213 -0.000010 0.499674
vn -0.582048 -0.242302 0.776215
vn 0.000000 0.000000 1.000000
vn -0.297974 -0.216588 0.929678
vn 0.000000 0.000000 -1.000000
vn 0.297974 0.216588 -0.929678
vn 0.865930 -0.000002 0.500165
vn 0.955783 0.249203 0.156130
vn -0.865930 0.000002 -0.500165
vn -0.955783 -0.249203 -0.156130
vn 0.866236 -0.000008 -0.499635
vn 0.578929 0.273416 -0.768170
vn -0.866236 0.000008 0.499635
vn -0.578929 -0.273416 0.768170
vn 0.000000 0.000000 1.000000
vn -0.309495 -0.152889 0.938529
vn 0.000000 0.000000 -1.000000
vn 0.309495 0.152889 -0.938529
vn 0.865930 -0.000001 0.500165
vn 0.972875 0.176309 0.149766
vn -0.865930 0.000001 -0.500165
vn -0.972875 -0.176309 -0.149766
vn 0.866228 -0.000007 -0.499649
vn 0.585799 0.192299 -0.787312
vn -0.866228 0.000007 0.499649
vn -0.585799 -0.192299 0.787312
vn 0.000000 0.000000 1.000000
vn -0.303886 -0.184916 0.934591
vn 0.000000 0.000000 -1.000000
vn 0.303886 0.184916 -0.934591
vn 0.865930 -0.000002 0.500165
vn 0.964981 0.213052 0.153036
vn -0.865930 0.000002 -0.500165
vn -0.964981 -0.213052 -0.153036
vn 0.866222 -0.000010 -0.499660
vn 0.582870 0.233082 -0.778418
vn -0.866222 0.000010 0.499660
vn -0.582870 -0.233082 0.778418
vn 0.000000 0.000000 1.000000
vn -0.304139 -0.183502 0.934787
vn 0.000000 0.000000 -1.000000
vn 0.304139 0.183502 -0.934787
vn 0.865922 0.000009 0.500179
vn 0.965351 0.211412 0.152978
vn -0.865922 -0.000009 -0.500179
vn -0.965351 -0.211412 -0.152978
vn 0.866222 -0.000010 -0.499660
vn 0.583024 0.231282 -0.778840
vn -0.866222 0.000010 0.499660
vn -0.583024 -0.231282 0.778840
vn 0.000000 0.000000 1.000000
vn -0.307423 -0.164972 0.937163
vn 0.000000 0.000000 -1.000000
vn 0.307423 0.164972 -0.937163
vn 0.865930 -0.000012 0.500165
vn 0.970061 0.190163 0.151064
vn -0.865930 0.000012 -0.500165
vn -0.970061 -0.190163 -0.151064
vn 0.866222 0.000010 -0.499660
vn 0.584860 0.207670 -0.784099
vn -0.866222 -0.000010 0.499660
vn -0.584860 -0.207670 0.784099
vn 0.000000 0.000000 1.000000
vn -0.291135 -0.250893 0.923197
vn 0.000000 0.000000 -1.000000
vn 0.291135 0.250893 -0.923197
vn 0.865922 0.000013 0.500179
vn 0.944239 0.288193 0.159239
vn -0.865922 -0.000013 -0.500179
vn -0.944239 -0.288193 -0.159239
vn 0.866222 -0.000014 -0.499660
vn 0.573417 0.317016 -0.755443
vn -0.866222 0.000014 0.499660
vn -0.573417 -0.317016 0.755443
vn 0.000000 0.000000 1.000000
vn -0.305257 -0.177289 0.935621
vn 0.000000 0.000000 -1.000000
vn 0.305257 0.177289 -0.935621
vn 0.865930 -0.000002 0.500165
vn 0.966987 0.204285 0.152330
vn -0.865930 0.000002 -0.500165
vn -0.966987 -0.204285 -0.152330
vn 0.866222 0.000010 -0.499660
vn 0.583671 0.223374 -0.780661
vn -0.866222 -0.000010 0.499660
vn -0.583671 -0.223374 0.780661
vn 0.000000 0.000000 1.000000
vn -0.301486 -0.197887 0.932710
vn 0.000000 0.000000 -1.000000
vn 0.301486 0.197887 -0.932710
vn 0.865916 0.000002 0.500190
vn 0.961370 0.227865 0.154418
vn -0.865916 -0.000002 -0.500190
vn -0.961370 -0.227865 -0.154418
vn 0.866222 0.000012 -0.499660
vn 0.581388 0.249626 -0.774387
vn -0.866222 -0.000012 0.499660
vn -0.581388 -0.249626 0.774387
vn 0.000000 0.000000 1.000000
vn -0.301686 -0.196928 0.932848
vn 0.000000 0.000000 -1.000000
vn 0.301686 0.196928 -0.932848
vn 0.865930 -0.000002 0.500165
vn 0.961656 0.226796 0.154213
vn -0.865930 0.000002 -0.500165
vn -0.961656 -0.226796 -0.154213
vn 0.866213 -0.000012 -0.499674
vn 0.581454 0.248392 -0.774734
vn -0.866213 0.000012 0.499674
vn -0.581454 -0.248392 0.774734
vn 0.000000 0.000000 1.000000
vn -0.286940 -0.271059 0.918799
vn 0.000000 0.000000 -1.000000
vn 0.286940 0.271059 -0.918799
vn 0.865930 -0.000002 0.500165
vn 0.936704 0.310969 0.160882
vn -0.865930 0.000002 -0.500165
vn -0.936704 -0.310969 -0.160882
vn 0.866222 0.000017 -0.499660
vn 0.569584 0.342548 -0.747151
vn -0.866222 -0.000017 0.499660
vn -0.569584 -0.342548 0.747151
vn 0.000000 0.000000 1.000000
vn -0.305238 -0.177411 0.935604
vn 0.000000 0.000000 -1.000000
vn 0.305238 0.177411 -0.935604
vn 0.865930 -0.000013 0.500165
vn 0.966957 0.204429 0.152325
vn -0.865930 0.000013 -0.500165
vn -0.966957 -0.204429 -0.152325
vn 0.866236 -0.000006 -0.499635
vn 0.583682 0.223515 -0.780613
vn -0.866236 0.000006 0.499635
vn -0.583682 -0.223515 0.780613
vn 0.000000 0.000000 1.000000
vn -0.295075 -0.231392 0.927032
vn 0.000000 0.000000 -1.000000
vn 0.295075 0.231392 -0.927032
vn 0.865930 0.000009 0.500165
vn 0.951000 0.266064 0.157510
vn -0.865930 -0.000009 -0.500165
vn -0.951000 -0.266064 -0.157510
vn 0.866222 -0.000013 -0.499660
vn 0.576691 0.292253 -0.762900
vn -0.866222 0.000013 0.499660
vn -0.576691 -0.292253 0.762900
vn 0.000000 0.000000 1.000000
vn -0.308951 -0.156147 0.938172
vn 0.000000 0.000000 -1.000000
vn 0.308951 0.156147 -0.938172
vn 0.865930 -0.000001 0.500165
vn 0.972138 0.180052 0.150097
vn -0.865930 0.000001 -0.500165
vn -0.972138 -0.180052 -0.150097
vn 0.866222 -0.000008 -0.499660
vn 0.585544 0.196446 -0.786478
vn -0.866222 0.000008 0.499660
vn -0.585544 -0.196446 0.786478
vn 0.000000 0.000000 1.000000
vn -0.300036 -0.205714 0.931483
vn 0.000000 0.000000 -1.000000
vn 0.300036 0.205714 -0.931483
vn 0.865930 0.000021 0.500165
vn 0.959089 0.236805 0.155152
vn -0.865930 -0.000021 -0.500165
vn -0.959089 -0.236805 -0.155152
vn 0.866213 -0.000013 -0.499674
vn 0.580353 0.259586 -0.771884
vn -0.866213 0.000013 0.499674
vn -0.580353 -0.259586 0.771884
vn 0.000000 0.000000 1.000000
vn -0.302532 -0.192374 0.933524
vn 0.000000 0.000000 -1.000000
vn 0.302532 0.192374 -0.933524
vn 0.865916 0.000002 0.500190
vn 0.962933 0.221560 0.153852
vn -0.865916 -0.000002 -0.500190
vn -0.962933 -0.221560 -0.153852
vn 0.866213 0.000010 -0.499674
vn 0.582019 0.242583 -0.776149
vn -0.866213 -0.000010 0.499674
vn -0.582019 -0.242583 0.776149
vn 0.000000 0.000000 1.000000
vn -0.297324 -0.219876 0.929114
vn 0.000000 0.000000 -1.000000
vn 0.297324 0.219876 -0.929114
vn 0.865930 -0.000002 0.500165
vn 0.954746 0.252950 0.156452
vn -0.865930 0.000002 -0.500165
vn -0.954746 -0.252950 -0.156452
vn 0.866213 0.000011 -0.499674
vn 0.578430 0.277612 -0.767040
vn -0.866213 -0.000011 0.499674
vn -0.578430 -0.277612 0.767040
vn 0.000000 0.000000 1.000000
vn -0.305388 -0.176545 0.935719
vn 0.000000 0.000000 -1.000000
vn 0.305388 0.176545 -0.935719
vn 0.865930 0.000018 0.500165
vn 0.967172 0.203437 0.152289
vn -0.865930 -0.000018 -0.500165
vn -0.967172 -0.203437 -0.152289
vn 0.866222 -0.000009 -0.499660
vn 0.583720 0.222430 -0.780894
vn -0.866222 0.000009 0.499660
vn -0.583720 -0.222430 0.780894
vn 0.000000 0.000000 1.000000
vn -0.285052 -0.279786 0.916769
vn 0.000000 0.000000 -1.000000
vn 0.285052 0.279786 -0.916769
vn 0.865930 -0.000003 0.500165
vn 0.933253 0.320844 0.161550
vn -0.865930 0.000003 -0.500165
vn -0.933253 -0.320844 -0.161550
vn 0.866236 -0.000011 -0.499635
vn 0.567806 0.353568 -0.743361
vn -0.866236 0.000011 0.499635
vn -0.567806 -0.353568 0.743361
vn 0.000000 0.000000 1.000000
vn -0.305268 -0.177174 0.935639
vn 0.000000 0.000000 -1.000000
vn 0.305268 0.177174 -0.935639
vn 0.865930 -0.000002 0.500165
vn 0.967014 0.204154 0.152329
vn -0.865930 0.000002 -0.500165
vn -0.967014 -0.204154 -0.152329
vn 0.866222 0.000010 -0.499660
vn 0.583688 0.223231 -0.780689
vn -0.866222 -0.000010 0.499660
vn -0.583688 -0.223231 0.780689
vn 0.000000 0.000000 1.000000
vn -0.306635 -0.169434 0.936625
vn 0.000000 0.000000 -1.000000
vn 0.306635 0.169434 -0.936625
vn 0.865922 -0.000011 0.500179
vn 0.968968 0.195279 0.151546
vn -0.865922 0.000011 -0.500179
vn -0.968968 -0.195279 -0.151546
vn 0.866222 0.000010 -0.499660
vn 0.584438 0.213369 -0.782883
vn -0.866222 -0.000010 0.499660
vn -0.584438 -0.213369 0.782883
vn 0.000000 0.000000 1.000000
vn -0.307604 -0.163940 0.937285
vn 0.000000 0.000000 -1.000000
vn 0.307604 0.163940 -0.937285
vn 0.865930 0.000017 0.500165
vn 0.970301 0.188979 0.151003
vn -0.865930 -0.000017 -0.500165
vn -0.970301 -0.188979 -0.151003
vn 0.866222 -0.000009 -0.499660
vn 0.584923 0.206360 -0.784398
vn -0.866222 0.000009 0.499660
vn -0.584923 -0.206360 0.784398
vn 0.000000 0.000000 1.000000
vn -0.308357 -0.159563 0.937793
vn 0.000000 0.000000 -1.000000
vn 0.308357 0.159563 -0.937793
vn 0.865930 0.000016 0.500165
vn 0.971337 0.183954 0.150552
vn -0.865930 -0.000016 -0.500165
vn -0.971337 -0.183954 -0.150552
vn 0.866222 0.000009 -0.499660
vn 0.585299 0.200795 -0.785561
vn -0.866222 -0.000009 0.499660
vn -0.585299 -0.200795 0.785561
vn 0.000000 0.000000 1.000000
vn -0.301799 -0.196263 0.932951
vn 0.000000 0.000000 -1.000000
vn 0.301799 0.196263 -0.932951
vn 0.865930 -0.000002 0.500165
vn 0.961843 0.226037 0.154160
vn -0.865930 0.000002 -0.500165
vn -0.961843 -0.226037 -0.154160
vn 0.866236 -0.000007 -0.499635
vn 0.581560 0.247565 -0.774919
vn -0.866236 0.000007 0.499635
vn -0.581560 -0.247565 0.774919
vn 0.000000 0.000000 1.000000
vn -0.308536 -0.158559 0.937904
vn 0.000000 0.000000 -1.000000
vn 0.308536 0.158559 -0.937904
vn 0.865930 0.000016 0.500165
vn 0.971572 0.182800 0.150440
vn -0.865930 -0.000016 -0.500165
vn -0.971572 -0.182800 -0.150440
vn 0.866213 -0.000010 -0.499674
vn 0.585339 0.199510 -0.785859
vn -0.866213 0.000010 0.499674
vn -0.585339 -0.199510 0.785859
vn 0.000000 0.000000 1.000000
vn -0.292195 -0.245688 0.924261
vn 0.000000 0.000000 -1.000000
vn 0.292195 0.245688 -0.924261
vn 0.865930 -0.000002 0.500165
vn 0.946102 0.282283 0.158770
vn -0.865930 0.000002 -0.500165
vn -0.946102 -0.282283 -0.158770
vn 0.866236 -0.000009 -0.499635
vn 0.574335 0.310428 -0.757479
vn -0.866236 0.000009 0.499635
vn -0.574335 -0.310428 0.757479
vn 0.000000 0.000000 1.000000
vn -0.306578 -0.169788 0.936580
vn 0.000000 0.000000 -1.000000
vn 0.306578 0.169788 -0.936580
vn 0.865916 0.000001 0.500190
vn 0.968876 0.195690 0.151609
vn -0.865916 -0.000001 -0.500190
vn -0.968876 -0.195690 -0.151609
vn 0.866222 0.000010 -0.499660
vn 0.584402 0.213820 -0.782787
vn -0.866222 -0.000010 0.499660
vn -0.584402 -0.213820 0.782787
vn 0.000000 0.000000 1.000000
vn -0.309005 -0.155841 0.938206
vn 0.000000 0.000000 -1.000000
vn 0.309005 0.155841 -0.938206
vn 0.865922 0.000007 0.500179
vn 0.972199 0.179682 0.150144
vn -0.865922 -0.000007 -0.500179
vn -0.972199 -0.179682 -0.150144
vn 0.866222 -0.000008 -0.499660
vn 0.585591 0.196043 -0.786543
vn -0.866222 0.000008 0.499660
vn -0.585591 -0.196043 0.786543
vn 0.000000 0.000000 1.000000
vn -0.303046 -0.189506 0.933944
vn 0.000000 0.000000 -1.000000
vn 0.303046 0.189506 -0.933944
vn 0.865930 -0.000002 0.500165
vn 0.963731 0.218276 0.153552
vn -0.865930 0.000002 -0.500165
vn -0.963731 -0.218276 -0.153552
vn 0.866222 0.000011 -0.499660
vn 0.582366 0.238943 -0.777017
vn -0.866222 -0.000011 0.499660
vn -0.582366 -0.238943 0.777017
vn 0.000000 0.000000 1.000000
vn -0.303430 -0.187407 0.934243
vn 0.000000 0.000000 -1.000000
vn 0.303430 0.187407 -0.934243
vn 0.865930 -0.000002 0.500165
vn 0.964305 0.215873 0.153344
vn -0.865930 0.000002 -0.500165
vn -0.964305 -0.215873 -0.153344
vn 0.866222 0.000011 -0.499660
vn 0.582601 0.236268 -0.777659
vn -0.866222 -0.000011 0.499660
vn -0.582601 -0.236268 0.777659
vn 0.000000 0.000000 1.000000
vn -0.297631 -0.218242 0.929401
vn 0.000000 0.000000 -1.000000
vn 0.297631 0.218242 -0.929401
vn 0.865930 -0.000002 0.500165
vn 0.955260 0.251089 0.156311
vn -0.865930 0.000002 -0.500165
vn -0.955260 -0.251089 -0.156311
vn 0.866213 0.000011 -0.499674
vn 0.578671 0.275536 -0.767606
vn -0.866213 -0.000011 0.499674
vn -0.578671 -0.275536 0.767606
vn 0.000000 0.000000 1.000000
vn -0.306757 -0.168759 0.936707
vn 0.000000 0.000000 -1.000000
vn 0.306757 0.168759 -0.936707
vn 0.865930 0.000017 0.500165
vn 0.969130 0.194509 0.151505
vn -0.865930 -0.000017 -0.500165
vn -0.969130 -0.194509 -0.151505
vn 0.866213 -0.000010 -0.499674
vn 0.584460 0.212504 -0.783102
vn -0.866213 0.000010 0.499674
vn -0.584460 -0.212504 0.783102
vn 0.000000 0.000000 1.000000
vn -0.300235 -0.204602 0.931663
vn 0.000000 0.000000 -1.000000
vn 0.300235 0.204602 -0.931663
vn 0.865922 -0.000013 0.500179
vn 0.959423 0.235537 0.155017
vn -0.865922 0.000013 -0.500179
vn -0.959423 -0.235537 -0.155017
vn 0.866222 0.000012 -0.499660
vn 0.580565 0.258163 -0.772202
vn -0.866222 -0.000012 0.499660
vn -0.580565 -0.258163 0.772202
vn 0.000000 0.000000 1.000000
vn -0.289783 -0.257437 0.921820
vn 0.000000 0.000000 -1.000000
vn 0.289783 0.257437 -0.921820
vn 0.865930 -0.000002 0.500165
vn 0.941860 0.295586 0.159775
vn -0.865930 0.000002 -0.500165
vn -0.941860 -0.295586 -0.159775
vn 0.866228 -0.000012 -0.499649
vn 0.572217 0.325311 -0.752822
vn -0.866228 0.000012 0.499649
vn -0.572217 -0.325311 0.752822
vn 0.000000 0.000000 1.000000
vn -0.292832 -0.242639 0.924865
vn 0.000000 0.000000 -1.000000
vn 0.292832 0.242639 -0.924865
vn 0.865916 0.000002 0.500190
vn 0.947168 0.278829 0.158514
vn -0.865916 -0.000002 -0.500190
vn -0.947168 -0.278829 -0.158514
vn 0.866213 0.000012 -0.499674
vn 0.574837 0.306539 -0.758680
vn -0.866213 -0.000012 0.499674
vn -0.574837 -0.306539 0.758680
vn 0.000000 0.000000 1.000000
vn -0.307112 -0.166795 0.936943
vn 0.000000 0.000000 -1.000000
vn 0.307112 0.166795 -0.936943
vn 0.865930 -0.000001 0.500165
vn 0.969619 0.192251 0.151258
vn -0.865930 0.000001 -0.500165
vn -0.969619 -0.192251 -0.151258
vn 0.866222 0.000010 -0.499660
vn 0.584670 0.210004 -0.783619
vn -0.866222 -0.000010 0.499660
vn -0.584670 -0.210004 0.783619
vn 0.000000 0.000000 1.000000
vn -0.295096 -0.231323 0.927043
vn 0.000000 0.000000 -1.000000
vn 0.295096 0.231323 -0.927043
vn 0.865930 0.000025 0.500165
vn 0.951023 0.265979 0.157511
vn -0.865930 -0.000025 -0.500165
vn -0.951023 -0.265979 -0.157511
vn 0.866213 -0.000015 -0.499674
vn 0.576663 0.292169 -0.762953
vn -0.866213 0.000015 0.499674
vn -0.576663 -0.292169 0.762953
vn 0.000000 0.000000 1.000000
vn -0.300296 -0.204305 0.931709
vn 0.000000 0.000000 -1.000000
vn 0.300296 0.204305 -0.931709
vn 0.865916 -0.000012 0.500190
vn 0.959506 0.235201 0.155009
vn -0.865916 0.000012 -0.500190
vn -0.959506 -0.235201 -0.155009
vn 0.866222 0.000012 -0.499660
vn 0.580601 0.257783 -0.772302
vn -0.866222 -0.000012 0.499660
vn -0.580601 -0.257783 0.772302
vn 0.000000 0.000000 1.000000
vn -0.294768 -0.232935 0.926743
vn 0.000000 0.000000 -1.000000
vn 0.294768 0.232935 -0.926743
vn 0.865930 0.000025 0.500165
vn 0.950483 0.267812 0.157665
vn -0.865930 -0.000025 -0.500165
vn -0.950483 -0.267812 -0.157665
vn 0.866222 -0.000013 -0.499660
vn 0.576422 0.294233 -0.762342
vn -0.866222 0.000013 0.499660
vn -0.576422 -0.294233 0.762342
vn 0.000000 0.000000 1.000000
vn -0.298603 -0.213222 0.930254
vn 0.000000 0.000000 -1.000000
vn 0.298603 0.213222 -0.930254
vn 0.865922 0.000010 0.500179
vn 0.956817 0.245377 0.155859
vn -0.865922 -0.000010 -0.500179
vn -0.956817 -0.245377 -0.155859
vn 0.866222 -0.000011 -0.499660
vn 0.579384 0.269142 -0.769335
vn -0.866222 0.000011 0.499660
vn -0.579384 -0.269142 0.769335
vn 0.000000 0.000000 1.000000
vn -0.308785 -0.157100 0.938068
vn 0.000000 0.000000 -1.000000
vn 0.308785 0.157100 -0.938068
vn 0.865922 -0.000010 0.500179
vn 0.971915 0.181125 0.150249
vn -0.865922 0.000010 -0.500179
vn -0.971915 -0.181125 -0.150249
vn 0.866222 0.000009 -0.499660
vn 0.585520 0.197645 -0.786195
vn -0.866222 -0.000009 0.499660
vn -0.585520 -0.197645 0.786195
vn 0.000000 0.000000 1.000000
vn -0.299393 -0.209097 0.930936
vn 0.000000 0.000000 -1.000000
vn 0.299393 0.209097 -0.930936
vn 0.865930 -0.000016 0.500165
vn 0.958082 0.240666 0.155429
vn -0.865930 0.000016 -0.500165
vn -0.958082 -0.240666 -0.155429
vn 0.866236 -0.000008 -0.499635
vn 0.579970 0.263884 -0.770714
vn -0.866236 0.000008 0.499635
vn -0.579970 -0.263884 0.770714
vn 0.000000 0.000000 1.000000
vn -0.303604 -0.186471 0.934373
vn 0.000000 0.000000 -1.000000
vn 0.303604 0.186471 -0.934373
vn 0.865916 -0.000011 0.500190
vn 0.964555 0.214811 0.153264
vn -0.865916 0.000011 -0.500190
vn -0.964555 -0.214811 -0.153264
vn 0.866222 0.000011 -0.499660
vn 0.582727 0.235060 -0.777931
vn -0.866222 -0.000011 0.499660
vn -0.582727 -0.235060 0.777931
vn 0.000000 0.000000 1.000000
vn -0.300380 -0.203840 0.931784
vn 0.000000 0.000000 -1.000000
vn 0.300380 0.203840 -0.931784
vn 0.865922 0.000010 0.500179
vn 0.959642 0.234666 0.154984
vn -0.865922 -0.000010 -0.500179
vn -0.959642 -0.234666 -0.154984
vn 0.866222 -0.000011 -0.499660
vn 0.580612 0.257212 -0.772484
vn -0.866222 0.000011 0.499660
vn -0.580612 -0.257212 0.772484
vn 0.000000 0.000000 1.000000
vn -0.307701 -0.163395 0.937349
vn 0.000000 0.000000 -1.000000
vn 0.307701 0.163395 -0.937349
vn 0.865930 -0.000001 0.500165
vn 0.970438 0.188349 0.150911
vn -0.865930 0.000001 -0.500165
vn -0.970438 -0.188349 -0.150911
vn 0.866228 -0.000007 -0.499649
vn 0.584960 0.205665 -0.784553
vn -0.866228 0.000007 0.499649
vn -0.584960 -0.205665 0.784553
vn 0.000000 0.000000 1.000000
vn -0.303799 -0.185390 0.934525
vn 0.000000 0.000000 -1.000000
vn 0.303799 0.185390 -0.934525
vn 0.865930 -0.000002 0.500165
vn 0.964854 0.213595 0.153084
vn -0.865930 0.000002 -0.500165
vn -0.964854 -0.213595 -0.153084
vn 0.866222 -0.000010 -0.499660
vn 0.582795 0.233701 -0.778289
vn -0.866222 0.000010 0.499660
vn -0.582795 -0.233701 0.778289
vn 0.000000 0.000000 1.000000
vn -0.298291 -0.214931 0.929961
vn 0.000000 0.000000 -1.000000
vn 0.298291 0.214931 -0.929961
vn 0.865930 0.000023 0.500165
vn 0.956292 0.247319 0.156010
vn -0.865930 -0.000023 -0.500165
vn -0.956292 -0.247319 -0.156010
vn 0.866213 -0.000014 -0.499674
vn 0.579102 0.271318 -0.768783
vn -0.866213 0.000014 0.499674
vn -0.579102 -0.271318 0.768783
vn 0.000000 0.000000 1.000000
vn -0.292797 -0.242704 0.924859
vn 0.000000 0.000000 -1.000000
vn 0.292797 0.242704 -0.924859
vn 0.865916 0.000002 0.500190
vn 0.947141 0.278905 0.158545
vn -0.865916 -0.000002 -0.500190
vn -0.947141 -0.278905 -0.158545
vn 0.866213 0.000012 -0.499674
vn 0.574838 0.306631 -0.758643
vn -0.866213 -0.000012 0.499674
vn -0.574838 -0.306631 0.758643
vn 0.000000 0.000000 1.000000
vn -0.289824 -0.257267 0.921854
vn 0.000000 0.000000 -1.000000
vn 0.289824 0.257267 -0.921854
vn 0.865916 0.000002 0.500190
vn 0.941917 0.295399 0.159785
vn -0.865916 -0.000002 -0.500190
vn -0.941917 -0.295399 -0.159785
vn 0.866213 0.000013 -0.499674
vn 0.572245 0.325093 -0.752894
vn -0.866213 -0.000013 0.499674
vn -0.572245 -0.325093 0.752894
vn 0.000000 0.000000 1.000000
vn -0.292082 -0.246267 0.924143
vn 0.000000 0.000000 -1.000000
vn 0.292082 0.246267 -0.924143
vn 0.865930 0.000010 0.500165
vn 0.945892 0.282950 0.158832
vn -0.865930 -0.000010 -0.500165
vn -0.945892 -0.282950 -0.158832
vn 0.866222 0.000015 -0.499660
vn 0.574257 0.311142 -0.757245
vn -0.866222 -0.000015 0.499660
vn -0.574257 -0.311142 0.757245
vn 0.000000 0.000000 1.000000
vn -0.299660 -0.207752 0.931152
vn 0.000000 0.000000 -1.000000
vn 0.299660 0.207752 -0.931152
vn 0.865930 -0.000002 0.500165
vn 0.958489 0.239160 0.155248
vn -0.865930 0.000002 -0.500165
vn -0.958489 -0.239160 -0.155248
vn 0.866228 -0.000010 -0.499649
vn 0.580089 0.262185 -0.771204
vn -0.866228 0.000010 0.499649
vn -0.580089 -0.262185 0.771204
vn 0.000000 0.000000 1.000000
vn -0.294985 -0.231828 0.926952
vn 0.000000 0.000000 -1.000000
vn 0.294985 0.231828 -0.926952
vn 0.865930 0.000025 0.500165
vn 0.950853 0.266554 0.157568
vn -0.865930 -0.000025 -0.500165
vn -0.950853 -0.266554 -0.157568
vn 0.866213 -0.000015 -0.499674
vn 0.576588 0.292815 -0.762761
vn -0.866213 0.000015 0.499674
vn -0.576588 -0.292815 0.762761
vn 0.000000 0.000000 1.000000
vn -0.308788 -0.157089 0.938069
vn 0.000000 0.000000 -1.000000
vn 0.308788 0.157089 -0.938069
vn 0.865930 -0.000001 0.500165
vn 0.971921 0.181135 0.150197
vn -0.865930 0.000001 -0.500165
vn -0.971921 -0.181135 -0.150197
vn 0.866213 -0.000010 -0.499674
vn 0.585458 0.197639 -0.786243
vn -0.866213 0.000010 0.499674
vn -0.585458 -0.197639 0.786243
vn 0.000000 0.000000 1.000000
vn -0.293653 -0.238568 0.925664
vn 0.000000 0.000000 -1.000000
vn 0.293653 0.238568 -0.925664
vn 0.865930 -0.000002 0.500165
vn 0.948583 0.274204 0.158124
vn -0.865930 0.000002 -0.500165
vn -0.948583 -0.274204 -0.158124
vn 0.866213 0.000012 -0.499674
vn 0.575519 0.301368 -0.760234
vn -0.866213 -0.000012 0.499674
vn -0.575519 -0.301368 0.760234
vn 0.000000 0.000000 1.000000
vn -0.285394 -0.278226 0.917137
vn 0.000000 0.000000 -1.000000
vn 0.285394 0.278226 -0.917137
vn 0.865930 -0.000022 0.500165
vn 0.933878 0.319094 0.161404
vn -0.865930 0.000022 -0.500165
vn -0.933878 -0.319094 -0.161404
vn 0.866222 -0.000016 -0.499660
vn 0.568123 0.351588 -0.744058
vn -0.866222 0.000016 0.499660
vn -0.568123 -0.351588 0.744058
vn 0.000000 0.000000 1.000000
vn -0.287128 -0.270057 0.919036
vn 0.000000 0.000000 -1.000000
vn 0.287128 0.270057 -0.919036
vn 0.865916 -0.000016 0.500190
vn 0.937081 0.309852 0.160844
vn -0.865916 0.000016 -0.500190
vn -0.937081 -0.309852 -0.160844
vn 0.866222 0.000017 -0.499660
vn 0.569823 0.341273 -0.747553
vn -0.866222 -0.000017 0.499660
vn -0.569823 -0.341273 0.747553
vn 0.000000 0.000000 1.000000
vn -0.305883 -0.173778 0.936075
vn 0.000000 0.000000 -1.000000
vn 0.305883 0.173778 -0.936075
vn 0.865922 0.000008 0.500179
vn 0.967879 0.200269 0.151996
vn -0.865922 -0.000008 -0.500179
vn -0.967879 -0.200269 -0.151996
vn 0.866222 -0.000009 -0.499660
vn 0.584015 0.218890 -0.781674
vn -0.866222 0.000009 0.499660
vn -0.584015 -0.218890 0.781674
vn 0.000000 0.000000 1.000000
vn -0.299426 -0.208891 0.930972
vn 0.000000 0.000000 -1.000000
vn 0.299426 0.208891 -0.930972
vn 0.865930 -0.000002 0.500165
vn 0.958143 0.240461 0.155375
vn -0.865930 0.000002 -0.500165
vn -0.958143 -0.240461 -0.155375
vn 0.866213 -0.000013 -0.499674
vn 0.579939 0.263634 -0.770823
vn -0.866213 0.000013 0.499674
vn -0.579939 -0.263634 0.770823
vn 0.000000 0.000000 1.000000
vn -0.306972 -0.167618 0.936842
vn 0.000000 0.000000 -1.000000
vn 0.306972 0.167618 -0.936842
vn 0.865930 0.000017 0.500165
vn 0.969412 0.193200 0.151372
vn -0.865930 -0.000017 -0.500165
vn -0.969412 -0.193200 -0.151372
vn 0.866222 -0.000009 -0.499660
vn 0.584567 0.211055 -0.783414
vn -0.866222 0.000009 0.499660
vn -0.584567 -0.211055 0.783414
vn 0.000000 0.000000 1.000000
vn -0.307571 -0.164081 0.937271
vn 0.000000 0.000000 -1.000000
vn 0.307571 0.164081 -0.937271
vn 0.865930 -0.000001 0.500165
vn 0.970272 0.189137 0.150994
vn -0.865930 0.000001 -0.500165
vn -0.970272 -0.189137 -0.150994
vn 0.866222 0.000010 -0.499660
vn 0.584942 0.206537 -0.784337
vn -0.866222 -0.000010 0.499660
vn -0.584942 -0.206537 0.784337
vn 0.000000 0.000000 1.000000
vn -0.300714 -0.202077 0.932060
vn 0.000000 0.000000 -1.000000
vn 0.300714 0.202077 -0.932060
vn 0.865916 0.000002 0.500190
vn 0.960160 0.232652 0.154811
vn -0.865916 -0.000002 -0.500190
vn -0.960160 -0.232652 -0.154811
vn 0.866222 0.000012 -0.499660
vn 0.580862 0.254960 -0.773043
vn -0.866222 -0.000012 0.499660
vn -0.580862 -0.254960 0.773043
vn 0.000000 0.000000 1.000000
vn -0.302923 -0.190189 0.933844
vn 0.000000 0.000000 -1.000000
vn 0.302923 0.190189 -0.933844
vn 0.865930 -0.000014 0.500165
vn 0.963545 0.219062 0.153602
vn -0.865930 0.000014 -0.500165
vn -0.963545 -0.219062 -0.153602
vn 0.866222 0.000011 -0.499660
vn 0.582311 0.239798 -0.776795
vn -0.866222 -0.000011 0.499660
vn -0.582311 -0.239798 0.776795
vn 0.000000 0.000000 1.000000
vn -0.309445 -0.153229 0.938491
vn 0.000000 0.000000 -1.000000
vn 0.309445 0.153229 -0.938491
vn 0.865930 0.000016 0.500165
vn 0.972790 0.176678 0.149883
vn -0.865930 -0.000016 -0.500165
vn -0.972790 -0.176678 -0.149883
vn 0.866222 -0.000008 -0.499660
vn 0.585796 0.192720 -0.787212
vn -0.866222 0.000008 0.499660
vn -0.585796 -0.192720 0.787212
vn 0.000000 0.000000 1.000000
vn -0.305642 -0.175088 0.935910
vn 0.000000 0.000000 -1.000000
vn 0.305642 0.175088 -0.935910
vn 0.865930 0.000018 0.500165
vn 0.967544 0.201767 0.152147
vn -0.865930 -0.000018 -0.500165
vn -0.967544 -0.201767 -0.152147
vn 0.866222 -0.000009 -0.499660
vn 0.583868 0.220576 -0.781310
vn -0.866222 0.000009 0.499660
vn -0.583868 -0.220576 0.781310
vn 0.000000 0.000000 1.000000
vn -0.293104 -0.241195 0.925157
vn 0.000000 0.000000 -1.000000
vn 0.293104 0.241195 -0.925157
vn 0.865930 0.000026 0.500165
vn 0.947666 0.277192 0.158410
vn -0.865930 -0.000026 -0.500165
vn -0.947666 -0.277192 -0.158410
vn 0.866222 -0.000013 -0.499660
vn 0.575100 0.304712 -0.759217
vn -0.866222 0.000013 0.499660
vn -0.575100 -0.304712 0.759217
vn 0.000000 0.000000 1.000000
vn -0.299986 -0.205996 0.931436
vn 0.000000 0.000000 -1.000000
vn 0.299986 0.205996 -0.931436
vn 0.865907 -0.000010 0.500204
vn 0.959006 0.237127 0.155175
vn -0.865907 0.000010 -0.500204
vn -0.959006 -0.237127 -0.155175
vn 0.866222 0.000012 -0.499660
vn 0.580352 0.259949 -0.771763
vn -0.866222 -0.000012 0.499660
vn -0.580352 -0.259949 0.771763
vn 0.000000 0.000000 1.000000
vn -0.291662 -0.248310 0.923729
vn 0.000000 0.000000 -1.000000
vn 0.291662 0.248310 -0.923729
vn 0.865916 0.000002 0.500190
vn 0.945165 0.285260 0.159027
vn -0.865916 -0.000002 -0.500190
vn -0.945165 -0.285260 -0.159027
vn 0.866213 0.000013 -0.499674
vn 0.573867 0.313742 -0.756467
vn -0.866213 -0.000013 0.499674
vn -0.573867 -0.313742 0.756467
vn 0.000000 0.000000 1.000000
vn -0.305889 -0.173777 0.936073
vn 0.000000 0.000000 -1.000000
vn 0.305889 0.173777 -0.936073
vn 0.865930 -0.000001 0.500165
vn 0.967889 0.200288 0.151909
vn -0.865930 0.000001 -0.500165
vn -0.967889 -0.200288 -0.151909
vn 0.866228 -0.000008 -0.499649
vn 0.583985 0.218899 -0.781694
vn -0.866228 0.000008 0.499649
vn -0.583985 -0.218899 0.781694
vn 0.000000 0.000000 1.000000
vn -0.304718 -0.180273 0.935226
vn 0.000000 0.000000 -1.000000
vn 0.304718 0.180273 -0.935226
vn 0.865930 -0.000013 0.500165
vn 0.966214 0.207739 0.152564
vn -0.865930 0.000013 -0.500165
vn -0.966214 -0.207739 -0.152564
vn 0.866236 -0.000006 -0.499635
vn 0.583375 0.227174 -0.779785
vn -0.866236 0.000006 0.499635
vn -0.583375 -0.227174 0.779785
vn 0.000000 0.000000 1.000000
vn -0.304043 -0.183984 0.934723
vn 0.000000 0.000000 -1.000000
vn 0.304043 0.183984 -0.934723
vn 0.865930 -0.000002 0.500165
vn 0.965226 0.211956 0.153013
vn -0.865930 0.000002 -0.500165
vn -0.965226 -0.211956 -0.153013
vn 0.866222 0.000011 -0.499660
vn 0.583004 0.231895 -0.778672
vn -0.866222 -0.000011 0.499660
vn -0.583004 -0.231895 0.778672
vn 0.000000 0.000000 1.000000
vn -0.305922 -0.173518 0.936111
vn 0.000000 0.000000 -1.000000
vn 0.305922 0.173518 -0.936111
vn 0.865930 0.000007 0.500165
vn 0.967944 0.199970 0.151973
vn -0.865930 -0.000007 -0.500165
vn -0.967944 -0.199970 -0.151973
vn 0.866222 -0.000009 -0.499660
vn 0.584044 0.218561 -0.781744
vn -0.866222 0.000009 0.499660
vn -0.584044 -0.218561 0.781744
vn 0.000000 0.000000 1.000000
vn -0.285072 -0.279719 0.916783
vn 0.000000 0.000000 -1.000000
vn 0.285072 0.279719 -0.916783
vn 0.865930 0.000031 0.500165
vn 0.933279 0.320731 0.161623
vn -0.865930 -0.000031 -0.500165
vn -0.933279 -0.320731 -0.161623
vn 0.866222 0.000018 -0.499660
vn 0.567812 0.353486 -0.743396
vn -0.866222 -0.000018 0.499660
vn -0.567812 -0.353486 0.743396
vn 0.000000 0.000000 1.000000
vn -0.285741 -0.276555 0.917534
vn 0.000000 0.000000 -1.000000
vn 0.285741 0.276555 -0.917534
vn 0.865930 0.000011 0.500165
vn 0.934537 0.317177 0.161369
vn -0.865930 -0.000011 -0.500165
vn -0.934537 -0.317177 -0.161369
vn 0.866222 0.000017 -0.499660
vn 0.568502 0.349480 -0.744761
vn -0.866222 -0.000017 0.499660
vn -0.568502 -0.349480 0.744761
vn 0.000000 0.000000 1.000000
vn -0.306814 -0.168445 0.936745
vn 0.000000 0.000000 -1.000000
vn 0.306814 0.168445 -0.936745
vn 0.865930 -0.000001 0.500165
vn 0.969213 0.194144 0.151439
vn -0.865930 0.000001 -0.500165
vn -0.969213 -0.194144 -0.151439
vn 0.866213 0.000008 -0.499674
vn 0.584514 0.212100 -0.783171
vn -0.866213 -0.000008 0.499674
vn -0.584514 -0.212100 0.783171
vn 0.000000 0.000000 1.000000
vn -0.301699 -0.196796 0.932871
vn 0.000000 0.000000 -1.000000
vn 0.301699 0.196796 -0.932871
vn 0.865916 0.000002 0.500190
vn 0.961684 0.226618 0.154301
vn -0.865916 -0.000002 -0.500190
vn -0.961684 -0.226618 -0.154301
vn 0.866213 0.000010 -0.499674
vn 0.581503 0.248223 -0.774751
vn -0.866213 -0.000010 0.499674
vn -0.581503 -0.248223 0.774751
vn 0.000000 0.000000 1.000000
vn -0.288262 -0.264775 0.920217
vn 0.000000 0.000000 -1.000000
vn 0.288262 0.264775 -0.920217
vn 0.865930 -0.000002 0.500165
vn 0.939112 0.303919 0.160320
vn -0.865930 0.000002 -0.500165
vn -0.939112 -0.303919 -0.160320
vn 0.866228 -0.000013 -0.499649
vn 0.570799 0.334609 -0.749817
vn -0.866228 0.000013 0.499649
vn -0.570799 -0.334609 0.749817
vn 0.000000 0.000000 1.000000
vn -0.302822 -0.190760 0.933761
vn 0.000000 0.000000 -1.000000
vn 0.302822 0.190760 -0.933761
vn 0.865930 -0.000002 0.500165
vn 0.963386 0.219711 0.153668
vn -0.865930 0.000002 -0.500165
vn -0.963386 -0.219711 -0.153668
vn 0.866222 0.000011 -0.499660
vn 0.582220 0.240539 -0.776635
vn -0.866222 -0.000011 0.499660
vn -0.582220 -0.240539 0.776635
vn 0.000000 0.000000 1.000000
vn -0.295055 -0.231462 0.927021
vn 0.000000 0.000000 -1.000000
vn 0.295055 0.231462 -0.927021
vn 0.865930 -0.000002 0.500165
vn 0.950980 0.266170 0.157452
vn -0.865930 0.000002 -0.500165
vn -0.950980 -0.266170 -0.157452
vn 0.866236 -0.000009 -0.499635
vn 0.576667 0.292370 -0.762873
vn -0.866236 0.000009 0.499635
vn -0.576667 -0.292370 0.762873
vn 0.000000 0.000000 1.000000
vn -0.305751 -0.174539 0.935977
vn 0.000000 0.000000 -1.000000
vn 0.305751 0.174539 -0.935977
vn 0.865922 -0.000011 0.500179
vn 0.967695 0.201166 0.151981
vn -0.865922 0.000011 -0.500179
vn -0.967695 -0.201166 -0.151981
vn 0.866236 -0.000006 -0.499635
vn 0.583948 0.219865 -0.781450
vn -0.866236 0.000006 0.499635
vn -0.583948 -0.219865 0.781450
vn 0.000000 0.000000 1.000000
vn -0.304907 -0.179192 0.935373
vn 0.000000 0.000000 -1.000000
vn 0.304907 0.179192 -0.935373
vn 0.865930 -0.000002 0.500165
vn 0.966491 0.206466 0.152532
vn -0.865930 0.000002 -0.500165
vn -0.966491 -0.206466 -0.152532
vn 0.866222 0.000011 -0.499660
vn 0.583483 0.225802 -0.780103
vn -0.866222 -0.000011 0.499660
vn -0.583483 -0.225802 0.780103
vn 0.000000 0.000000 1.000000
vn -0.305792 -0.174289 0.936010
vn 0.000000 0.000000 -1.000000
vn 0.305792 0.174289 -0.936010
vn 0.865916 0.000001 0.500190
vn 0.967749 0.200850 0.152058
vn -0.865916 -0.000001 -0.500190
vn -0.967749 -0.200850 -0.152058
vn 0.866222 0.000010 -0.499660
vn 0.583968 0.219551 -0.781523
vn -0.866222 -0.000010 0.499660
vn -0.583968 -0.219551 0.781523
vn 0.000000 0.000000 1.000000
vn -0.302002 -0.195166 0.933116
vn 0.000000 0.000000 -1.000000
vn 0.302002 0.195166 -0.933116
vn 0.865930 -0.000002 0.500165
vn 0.962153 0.224750 0.154109
vn -0.865930 0.000002 -0.500165
vn -0.962153 -0.224750 -0.154109
vn 0.866213 0.000010 -0.499674
vn 0.581698 0.246146 -0.775267
vn -0.866213 -0.000010 0.499674
vn -0.581698 -0.246146 0.775267
vn 0.000000 0.000000 1.000000
vn -0.295332 -0.229995 0.927298
vn 0.000000 0.000000 -1.000000
vn 0.295332 0.229995 -0.927298
vn 0.865922 -0.000015 0.500179
vn 0.951465 0.264466 0.157389
vn -0.865922 0.000015 -0.500179
vn -0.951465 -0.264466 -0.157389
vn 0.866236 -0.000008 -0.499635
vn 0.576922 0.290498 -0.763395
vn -0.866236 0.000008 0.499635
vn -0.576922 -0.290498 0.763395
vn 0.000000 0.000000 1.000000
vn -0.305114 -0.178054 0.935522
vn 0.000000 0.000000 -1.000000
vn 0.305114 0.178054 -0.935522
vn 0.865930 -0.000002 0.500165
vn 0.966790 0.205191 0.152357
vn -0.865930 0.000002 -0.500165
vn -0.966790 -0.205191 -0.152357
vn 0.866228 -0.000008 -0.499649
vn 0.583568 0.224352 -0.780458
vn -0.866228 0.000008 0.499649
vn -0.583568 -0.224352 0.780458
vn 0.000000 0.000000 1.000000
vn -0.307863 -0.162463 0.937457
vn 0.000000 0.000000 -1.000000
vn 0.307863 0.162463 -0.937457
vn 0.865916 0.000001 0.500190
vn 0.970655 0.187283 0.150846
vn -0.865916 -0.000001 -0.500190
vn -0.970655 -0.187283 -0.150846
vn 0.866213 0.000008 -0.499674
vn 0.585040 0.204478 -0.784804
vn -0.866213 -0.000008 0.499674
vn -0.585040 -0.204478 0.784804
vn 0.000000 0.000000 1.000000
vn -0.298938 -0.211489 0.930542
vn 0.000000 0.000000 -1.000000
vn 0.298938 0.211489 -0.930542
vn 0.865930 -0.000002 0.500165
vn 0.957355 0.243391 0.155669
vn -0.865930 0.000002 -0.500165
vn -0.957355 -0.243391 -0.155669
vn 0.866236 -0.000008 -0.499635
vn 0.579622 0.266946 -0.769921
vn -0.866236 0.000008 0.499635
vn -0.579622 -0.266946 0.769921
vn 0.000000 0.000000 1.000000
vn -0.286303 -0.274010 0.918122
vn 0.000000 0.000000 -1.000000
vn 0.286303 0.274010 -0.918122
vn 0.865922 -0.000018 0.500179
vn 0.935551 0.314296 0.161130
vn -0.865922 0.000018 -0.500179
vn -0.935551 -0.314296 -0.161130
vn 0.866222 0.000017 -0.499660
vn 0.568991 0.346279 -0.745882
vn -0.866222 -0.000017 0.499660
vn -0.568991 -0.346279 0.745882
vn 0.000000 0.000000 1.000000
vn -0.303167 -0.188827 0.934042
vn 0.000000 0.000000 -1.000000
vn 0.303167 0.188827 -0.934042
vn 0.865930 -0.000002 0.500165
vn 0.963917 0.217499 0.153488
vn -0.865930 0.000002 -0.500165
vn -0.963917 -0.217499 -0.153488
vn 0.866228 -0.000009 -0.499649
vn 0.582433 0.238069 -0.777235
vn -0.866228 0.000009 0.499649
vn -0.582433 -0.238069 0.777235
vn 0.000000 0.000000 1.000000
vn -0.308528 -0.158672 0.937888
vn 0.000000 0.000000 -1.000000
vn 0.308528 0.158672 -0.937888
vn 0.865930 -0.000001 0.500165
vn 0.971557 0.182953 0.150350
vn -0.865930 0.000001 -0.500165
vn -0.971557 -0.182953 -0.150350
vn 0.866228 -0.000007 -0.499649
vn 0.585332 0.199657 -0.785826
vn -0.866228 0.000007 0.499649
vn -0.585332 -0.199657 0.785826
vn 0.000000 0.000000 1.000000
vn -0.291569 -0.248796 0.923628
vn 0.000000 0.000000 -1.000000
vn 0.291569 0.248796 -0.923628
vn 0.865930 -0.000002 0.500165
vn 0.945000 0.285804 0.159031
vn -0.865930 0.000002 -0.500165
vn -0.945000 -0.285804 -0.159031
vn 0.866228 -0.000012 -0.499649
vn 0.573778 0.314356 -0.756280
vn -0.866228 0.000012 0.499649
vn -0.573778 -0.314356 0.756280
vn 0.000000 0.000000 1.000000
vn -0.288090 -0.265535 0.920052
vn 0.000000 0.000000 -1.000000
vn 0.288090 0.265535 -0.920052
vn 0.865930 -0.000020 0.500165
vn 0.938825 0.304743 0.160436
vn -0.865930 0.000020 -0.500165
vn -0.938825 -0.304743 -0.160436
vn 0.866236 -0.000010 -0.499635
vn 0.570711 0.335554 -0.749462
vn -0.866236 0.000010 0.499635
vn -0.570711 -0.335554 0.749462
vn 0.000000 0.000000 1.000000
vn -0.290371 -0.254572 0.922430
vn 0.000000 0.000000 -1.000000
vn 0.290371 0.254572 -0.922430
vn 0.865930 -0.000002 0.500165
vn 0.942912 0.292345 0.159538
vn -0.865930 0.000002 -0.500165
vn -0.942912 -0.292345 -0.159538
vn 0.866213 0.000013 -0.499674
vn 0.572747 0.321683 -0.753977
vn -0.866213 -0.000013 0.499674
vn -0.572747 -0.321683 0.753977
vn 0.000000 0.000000 1.000000
vn -0.306757 -0.168813 0.936697
vn 0.000000 0.000000 -1.000000
vn 0.306757 0.168813 -0.936697
vn 0.865922 -0.000011 0.500179
vn 0.969124 0.194571 0.151459
vn -0.865922 0.000011 -0.500179
vn -0.969124 -0.194571 -0.151459
vn 0.866222 0.000010 -0.499660
vn 0.584511 0.212562 -0.783048
vn -0.866222 -0.000010 0.499660
vn -0.584511 -0.212562 0.783048
vn 0.000000 0.000000 1.000000
vn -0.288865 -0.261867 0.920859
vn 0.000000 0.000000 -1.000000
vn 0.288865 0.261867 -0.920859
vn 0.865930 -0.000002 0.500165
vn 0.940212 0.300594 0.160140
vn -0.865930 0.000002 -0.500165
vn -0.940212 -0.300594 -0.160140
vn 0.866228 -0.000013 -0.499649
vn 0.571380 0.330918 -0.751012
vn -0.866228 0.000013 0.499649
vn -0.571380 -0.330918 0.751012
vn 0.000000 0.000000 1.000000
vn -0.305669 -0.174942 0.935928
vn 0.000000 0.000000 -1.000000
vn 0.305669 0.174942 -0.935928
vn 0.865930 0.000007 0.500165
vn 0.967583 0.201604 0.152118
vn -0.865930 -0.000007 -0.500165
vn -0.967583 -0.201604 -0.152118
vn 0.866222 -0.000009 -0.499660
vn 0.583905 0.220376 -0.781338
vn -0.866222 0.000009 0.499660
vn -0.583905 -0.220376 0.781338
vn 0.000000 0.000000 1.000000
vn -0.291096 -0.251055 0.923166
vn 0.000000 0.000000 -1.000000
vn 0.291096 0.251055 -0.923166
vn 0.865916 0.000002 0.500190
vn 0.944180 0.288369 0.159269
vn -0.865916 -0.000002 -0.500190
vn -0.944180 -0.288369 -0.159269
vn 0.866222 0.000015 -0.499660
vn 0.573393 0.317237 -0.755368
vn -0.866222 -0.000015 0.499660
vn -0.573393 -0.317237 0.755368
vn 0.000000 0.000000 1.000000
vn -0.309333 -0.153945 0.938410
vn 0.000000 0.000000 -1.000000
vn 0.309333 0.153945 -0.938410
vn 0.865930 -0.000001 0.500165
vn 0.972636 0.177496 0.149915
vn -0.865930 0.000001 -0.500165
vn -0.972636 -0.177496 -0.149915
vn 0.866228 -0.000007 -0.499649
vn 0.585726 0.193630 -0.787040
vn -0.866228 0.000007 0.499649
vn -0.585726 -0.193630 0.787040
vn 0.000000 0.000000 1.000000
vn -0.286336 -0.273775 0.918182
vn 0.000000 0.000000 -1.000000
vn 0.286336 0.273775 -0.918182
vn 0.865930 0.000030 0.500165
vn 0.935632 0.314038 0.161161
vn -0.865930 -0.000030 -0.500165
vn -0.935632 -0.314038 -0.161161
vn 0.866213 -0.000018 -0.499674
vn 0.569012 0.345983 -0.746003
vn -0.866213 0.000018 0.499674
vn -0.569012 -0.345983 0.746003
vn 0.000000 0.000000 1.000000
vn -0.300166 -0.204998 0.931599
vn 0.000000 0.000000 -1.000000
vn 0.300166 0.204998 -0.931599
vn 0.865930 -0.000002 0.500165
vn 0.959307 0.236017 0.155002
vn -0.865930 0.000002 -0.500165
vn -0.959307 -0.236017 -0.155002
vn 0.866228 -0.000009 -0.499649
vn 0.580458 0.258684 -0.772109
vn -0.866228 0.000009 0.499649
vn -0.580458 -0.258684 0.772109
vn 0.000000 0.000000 1.000000
vn -0.299475 -0.208702 0.930998
vn 0.000000 0.000000 -1.000000
vn 0.299475 0.208702 -0.930998
vn 0.865916 0.000002 0.500190
vn 0.958195 0.240215 0.155430
vn -0.865916 -0.000002 -0.500190
vn -0.958195 -0.240215 -0.155430
vn 0.866222 0.000013 -0.499660
vn 0.580018 0.263379 -0.770850
vn -0.866222 -0.000013 0.499660
vn -0.580018 -0.263379 0.770850
vn 0.000000 0.000000 1.000000
vn -0.294019 -0.236596 0.926053
vn 0.000000 0.000000 -1.000000
vn 0.294019 0.236596 -0.926053
vn 0.865922 0.000012 0.500179
vn 0.949243 0.271972 0.158013
vn -0.865922 -0.000012 -0.500179
vn -0.949243 -0.271972 -0.158013
vn 0.866222 -0.000013 -0.499660
vn 0.575842 0.298892 -0.760966
vn -0.866222 0.000013 0.499660
vn -0.575842 -0.298892 0.760966
vn 0.000000 0.000000 1.000000
vn -0.293722 -0.238145 0.925751
vn 0.000000 0.000000 -1.000000
vn 0.293722 0.238145 -0.925751
vn 0.865930 -0.000002 0.500165
vn 0.948724 0.273725 0.158104
vn -0.865930 0.000002 -0.500165
vn -0.948724 -0.273725 -0.158104
vn 0.866236 -0.000009 -0.499635
vn 0.575608 0.300850 -0.760372
vn -0.866236 0.000009 0.499635
vn -0.575608 -0.300850 0.760372
vn 0.000000 0.000000 1.000000
vn -0.300094 -0.205378 0.931538
vn 0.000000 0.000000 -1.000000
vn 0.300094 0.205378 -0.931538
vn 0.865930 -0.000002 0.500165
vn 0.959194 0.236418 0.155094
vn -0.865930 0.000002 -0.500165
vn -0.959194 -0.236418 -0.155094
vn 0.866222 0.000012 -0.499660
vn 0.580462 0.259150 -0.771949
vn -0.866222 -0.000012 0.499660
vn -0.580462 -0.259150 0.771949
vn 0.000000 0.000000 1.000000
vn -0.307943 -0.162045 0.937503
vn 0.000000 0.000000 -1.000000
vn 0.307943 0.162045 -0.937503
vn 0.865930 0.000016 0.500165
vn 0.970755 0.186803 0.150794
vn -0.865930 -0.000016 -0.500165
vn -0.970755 -0.186803 -0.150794
vn 0.866222 -0.000008 -0.499660
vn 0.585056 0.203956 -0.784928
vn -0.866222 0.000008 0.499660
vn -0.585056 -0.203956 0.784928
vn 0.000000 0.000000 1.000000
vn -0.305700 -0.174744 0.935955
vn 0.000000 0.000000 -1.000000
vn 0.305700 0.174744 -0.935955
vn 0.865930 -0.000001 0.500165
vn 0.967637 0.201369 0.152084
vn -0.865930 0.000001 -0.500165
vn -0.967637 -0.201369 -0.152084
vn 0.866228 -0.000008 -0.499649
vn 0.583918 0.220126 -0.781399
vn -0.866228 0.000008 0.499649
vn -0.583918 -0.220126 0.781399
vn 0.000000 0.000000 1.000000
vn -0.303531 -0.186840 0.934323
vn 0.000000 0.000000 -1.000000
vn 0.303531 0.186840 -0.934323
vn 0.865922 -0.000012 0.500179
vn 0.964461 0.215261 0.153224
vn -0.865922 0.000012 -0.500179
vn -0.964461 -0.215261 -0.153224
vn 0.866236 -0.000007 -0.499635
vn 0.582671 0.235543 -0.777826
vn -0.866236 0.000007 0.499635
vn -0.582671 -0.235543 0.777826
vn 0.000000 0.000000 1.000000
vn -0.296944 -0.221840 0.928769
vn 0.000000 0.000000 -1.000000
vn 0.296944 0.221840 -0.928769
vn 0.865930 -0.000002 0.500165
vn 0.954121 0.255187 0.156631
vn -0.865930 0.000002 -0.500165
vn -0.954121 -0.255187 -0.156631
vn 0.866236 -0.000008 -0.499635
vn 0.578153 0.280121 -0.766337
vn -0.866236 0.000008 0.499635
vn -0.578153 -0.280121 0.766337
vn 0.000000 0.000000 1.000000
vn -0.302735 -0.191201 0.933699
vn 0.000000 0.000000 -1.000000
vn 0.302735 0.191201 -0.933699
vn 0.865930 0.000020 0.500165
vn 0.963257 0.220220 0.153751
vn -0.865930 -0.000020 -0.500165
vn -0.963257 -0.220220 -0.153751
vn 0.866222 0.000011 -0.499660
vn 0.582173 0.241103 -0.776495
vn -0.866222 -0.000011 0.499660
vn -0.582173 -0.241103 0.776495
vn 0.000000 0.000000 1.000000
vn -0.308947 -0.156194 0.938166
vn 0.000000 0.000000 -1.000000
vn 0.308947 0.156194 -0.938166
vn 0.865930 0.000016 0.500165
vn 0.972118 0.180084 0.150187
vn -0.865930 -0.000016 -0.500165
vn -0.972118 -0.180084 -0.150187
vn 0.866213 -0.000010 -0.499674
vn 0.585526 0.196498 -0.786478
vn -0.866213 0.000010 0.499674
vn -0.585526 -0.196498 0.786478
vn 0.000000 0.000000 1.000000
vn -0.287101 -0.270210 0.918999
vn 0.000000 0.000000 -1.000000
vn 0.287101 0.270210 -0.918999
vn 0.865930 0.000011 0.500165
vn 0.937023 0.310025 0.160851
vn -0.865930 -0.000011 -0.500165
vn -0.937023 -0.310025 -0.160851
vn 0.866222 -0.000015 -0.499660
vn 0.569763 0.341470 -0.747508
vn -0.866222 0.000015 0.499660
vn -0.569763 -0.341470 0.747508
vn 0.000000 0.000000 1.000000
vn -0.303608 -0.186397 0.934387
vn 0.000000 0.000000 -1.000000
vn 0.303608 0.186397 -0.934387
vn 0.865930 -0.000002 0.500165
vn 0.964578 0.214718 0.153250
vn -0.865930 0.000002 -0.500165
vn -0.964578 -0.214718 -0.153250
vn 0.866222 0.000011 -0.499660
vn 0.582716 0.234983 -0.777962
vn -0.866222 -0.000011 0.499660
vn -0.582716 -0.234983 0.777962
vn 0.000000 0.000000 1.000000
vn -0.294811 -0.232659 0.926799
vn 0.000000 0.000000 -1.000000
vn 0.294811 0.232659 -0.926799
vn 0.865930 0.000025 0.500165
vn 0.950573 0.267499 0.157654
vn -0.865930 -0.000025 -0.500165
vn -0.950573 -0.267499 -0.157654
vn 0.866222 -0.000013 -0.499660
vn 0.576473 0.293886 -0.762437
vn -0.866222 0.000013 0.499660
vn -0.576473 -0.293886 0.762437
vn 0.000000 0.000000 1.000000
vn -0.306090 -0.172603 0.936225
vn 0.000000 0.000000 -1.000000
vn 0.306090 0.172603 -0.936225
vn 0.865922 -0.000011 0.500179
vn 0.968181 0.198914 0.151854
vn -0.865922 0.000011 -0.500179
vn -0.968181 -0.198914 -0.151854
vn 0.866222 0.000010 -0.499660
vn 0.584131 0.217404 -0.782001
vn -0.866222 -0.000010 0.499660
vn -0.584131 -0.217404 0.782001
vn 0.000000 0.000000 1.000000
vn -0.299601 -0.207994 0.931116
vn 0.000000 0.000000 -1.000000
vn 0.299601 0.207994 -0.931116
vn 0.865930 -0.000015 0.500165
vn 0.958414 0.239408 0.155326
vn -0.865930 0.000015 -0.500165
vn -0.958414 -0.239408 -0.155326
vn 0.866236 -0.000008 -0.499635
vn 0.580117 0.262480 -0.771082
vn -0.866236 0.000008 0.499635
vn -0.580117 -0.262480 0.771082
vn 0.000000 0.000000 1.000000
vn -0.300659 -0.202419 0.932004
vn 0.000000 0.000000 -1.000000
vn 0.300659 0.202419 -0.932004
vn 0.865930 0.000008 0.500165
vn 0.960063 0.233047 0.154819
vn -0.865930 -0.000008 -0.500165
vn -0.960063 -0.233047 -0.154819
vn 0.866222 -0.000011 -0.499660
vn 0.580810 0.255382 -0.772942
vn -0.866222 0.000011 0.499660
vn -0.580810 -0.255382 0.772942
vn 0.000000 0.000000 1.000000
vn -0.307778 -0.162950 0.937401
vn 0.000000 0.000000 -1.000000
vn 0.307778 0.162950 -0.937401
vn 0.865922 -0.000010 0.500179
vn 0.970544 0.187839 0.150865
vn -0.865922 0.000010 -0.500179
vn -0.970544 -0.187839 -0.150865
vn 0.866222 0.000010 -0.499660
vn 0.585010 0.205107 -0.784662
vn -0.866222 -0.000010 0.499660
vn -0.585010 -0.205107 0.784662
vn 0.000000 0.000000 1.000000
vn -0.298267 -0.215011 0.929950
vn 0.000000 0.000000 -1.000000
vn 0.298267 0.215011 -0.929950
vn 0.865930 -0.000002 0.500165
vn 0.956272 0.247441 0.155940
vn -0.865930 0.000002 -0.500165
vn -0.956272 -0.247441 -0.155940
vn 0.866228 -0.000010 -0.499649
vn 0.579104 0.271431 -0.768742
vn -0.866228 0.000010 0.499649
vn -0.579104 -0.271431 0.768742
vn 0.000000 0.000000 1.000000
vn -0.306080 -0.172674 0.936215
vn 0.000000 0.000000 -1.000000
vn 0.306080 0.172674 -0.936215
vn 0.865930 -0.000001 0.500165
vn 0.968163 0.198995 0.151858
vn -0.865930 0.000001 -0.500165
vn -0.968163 -0.198995 -0.151858
vn 0.866236 -0.000006 -0.499635
vn 0.584123 0.217493 -0.781983
vn -0.866236 0.000006 0.499635
vn -0.584123 -0.217493 0.781983
vn 0.000000 0.000000 1.000000
vn -0.304188 -0.183198 0.934831
vn 0.000000 0.000000 -1.000000
vn 0.304188 0.183198 -0.934831
vn 0.865930 -0.000002 0.500165
vn 0.965439 0.211085 0.152875
vn -0.865930 0.000002 -0.500165
vn -0.965439 -0.211085 -0.152875
vn 0.866236 -0.000007 -0.499635
vn 0.583069 0.230903 -0.778919
vn -0.866236 0.000007 0.499635
vn -0.583069 -0.230903 0.778919
vn 0.000000 0.000000 1.000000
vn -0.296792 -0.222581 0.928640
vn 0.000000 0.000000 -1.000000
vn 0.296792 0.222581 -0.928640
vn 0.865930 -0.000002 0.500165
vn 0.953882 0.256031 0.156708
vn -0.865930 0.000002 -0.500165
vn -0.953882 -0.256031 -0.156708
vn 0.866213 0.000011 -0.499674
vn 0.578036 0.281056 -0.766082
vn -0.866213 -0.000011 0.499674
vn -0.578036 -0.281056 0.766082
vn 0.000000 0.000000 1.000000
vn -0.308170 -0.160686 0.937663
vn 0.000000 0.000000 -1.000000
vn 0.308170 0.160686 -0.937663
vn 0.865930 -0.000012 0.500165
vn 0.971086 0.185269 0.150559
vn -0.865930 0.000012 -0.500165
vn -0.971086 -0.185269 -0.150559
vn 0.866236 -0.000006 -0.499635
vn 0.585208 0.202220 -0.785263
vn -0.866236 0.000006 0.499635
vn -0.585208 -0.202220 0.785263
vn 0.000000 0.000000 1.000000
vn -0.302522 -0.192429 0.933516
vn 0.000000 0.000000 -1.000000
vn 0.302522 0.192429 -0.933516
vn 0.865930 -0.000002 0.500165
vn 0.962926 0.221651 0.153769
vn -0.865930 0.000002 -0.500165
vn -0.962926 -0.221651 -0.153769
vn 0.866236 -0.000007 -0.499635
vn 0.582006 0.242675 -0.776130
vn -0.866236 0.000007 0.499635
vn -0.582006 -0.242675 0.776130
vn 0.000000 0.000000 1.000000
vn -0.301418 -0.198291 0.932645
vn 0.000000 0.000000 -1.000000
vn 0.301418 0.198291 -0.932645
vn 0.865907 -0.000009 0.500204
vn 0.961255 0.228327 0.154449
vn -0.865907 0.000009 -0.500204
vn -0.961255 -0.228327 -0.154449
vn 0.866222 0.000012 -0.499660
vn 0.581334 0.250139 -0.774262
vn -0.866222 -0.000012 0.499660
vn -0.581334 -0.250139 0.774262
vn 0.000000 0.000000 1.000000
vn -0.299358 -0.209238 0.930916
vn 0.000000 0.000000 -1.000000
vn 0.299358 0.209238 -0.930916
vn 0.865922 0.000010 0.500179
vn 0.958030 0.240828 0.155498
vn -0.865922 -0.000010 -0.500179
vn -0.958030 -0.240828 -0.155498
vn 0.866222 -0.000011 -0.499660
vn 0.579904 0.264088 -0.770694
vn -0.866222 0.000011 0.499660
vn -0.579904 -0.264088 0.770694
vn 0.000000 0.000000 1.000000
vn -0.302585 -0.192024 0.933579
vn 0.000000 0.000000 -1.000000
vn 0.302585 0.192024 -0.933579
vn 0.865916 0.000002 0.500190
vn 0.963029 0.221161 0.153830
vn -0.865916 -0.000002 -0.500190
vn -0.963029 -0.221161 -0.153830
vn 0.866222 0.000011 -0.499660
vn 0.582077 0.242151 -0.776240
vn -0.866222 -0.000011 0.499660
vn -0.582077 -0.242151 0.776240
vn 0.000000 0.000000 1.000000
vn -0.293952 -0.237095 0.925947
vn 0.000000 0.000000 -1.000000
vn 0.293952 0.237095 -0.925947
vn 0.865930 0.000009 0.500165
vn 0.949081 0.272542 0.158007
vn -0.865930 -0.000009 -0.500165
vn -0.949081 -0.272542 -0.158007
vn 0.866222 -0.000013 -0.499660
vn 0.575768 0.299495 -0.760785
vn -0.866222 0.000013 0.499660
vn -0.575768 -0.299495 0.760785
vn 0.000000 0.000000 1.000000
vn -0.309533 -0.152736 0.938542
vn 0.000000 0.000000 -1.000000
vn 0.309533 0.152736 -0.938542
vn 0.865922 -0.000010 0.500179
vn 0.972907 0.176107 0.149794
vn -0.865922 0.000010 -0.500179
vn -0.972907 -0.176107 -0.149794
vn 0.866222 0.000009 -0.499660
vn 0.585834 0.192100 -0.787335
vn -0.866222 -0.000009 0.499660
vn -0.585834 -0.192100 0.787335
vn 0.000000 0.000000 1.000000
vn -0.287583 -0.267974 0.919503
vn 0.000000 0.000000 -1.000000
vn 0.287583 0.267974 -0.919503
vn 0.865916 0.000002 0.500190
vn 0.937886 0.307495 0.160674
vn -0.865916 -0.000002 -0.500190
vn -0.937886 -0.307495 -0.160674
vn 0.866222 0.000017 -0.499660
vn 0.570204 0.338654 -0.748452
vn -0.866222 -0.000017 0.499660
vn -0.570204 -0.338654 0.748452
vn 0.000000 0.000000 1.000000
vn -0.297646 -0.218141 0.929420
vn 0.000000 0.000000 -1.000000
vn 0.297646 0.218141 -0.929420
vn 0.865930 -0.000002 0.500165
vn 0.955291 0.250974 0.156306
vn -0.865930 0.000002 -0.500165
vn -0.955291 -0.250974 -0.156306
vn 0.866228 -0.000010 -0.499649
vn 0.578688 0.275408 -0.767639
vn -0.866228 0.000010 0.499649
vn -0.578688 -0.275408 0.767639
vn 0.000000 0.000000 1.000000
vn -0.290449 -0.254281 0.922486
vn 0.000000 0.000000 -1.000000
vn 0.290449 0.254281 -0.922486
vn 0.865930 0.000027 0.500165
vn 0.943014 0.292020 0.159525
vn -0.865930 -0.000027 -0.500165
vn -0.943014 -0.292020 -0.159525
vn 0.866213 0.000013 -0.499674
vn 0.572791 0.321307 -0.754104
vn -0.866213 -0.000013 0.499674
vn -0.572791 -0.321307 0.754104
vn 0.000000 0.000000 1.000000
vn -0.288523 -0.263591 0.920475
vn 0.000000 0.000000 -1.000000
vn 0.288523 0.263591 -0.920475
vn 0.865930 -0.000002 0.500165
vn 0.939563 0.302581 0.160208
vn -0.865930 0.000002 -0.500165
vn -0.939563 -0.302581 -0.160208
vn 0.866213 -0.000017 -0.499674
vn 0.571013 0.333096 -0.750327
vn -0.866213 0.000017 0.499674
vn -0.571013 -0.333096 0.750327
vn 0.000000 0.000000 1.000000
vn -0.308999 -0.155810 0.938213
vn 0.000000 0.000000 -1.000000
vn 0.308999 0.155810 -0.938213
vn 0.865930 -0.000001 0.500165
vn 0.972213 0.179665 0.150072
vn -0.865930 0.000001 -0.500165
vn -0.972213 -0.179665 -0.150072
vn 0.866213 -0.000010 -0.499674
vn 0.585564 0.196012 -0.786571
vn -0.866213 0.000010 0.499674
vn -0.585564 -0.196012 0.786571
vn 0.000000 0.000000 1.000000
vn -0.303377 -0.187688 0.934203
vn 0.000000 0.000000 -1.000000
vn 0.303377 0.187688 -0.934203
vn 0.865930 -0.000014 0.500165
vn 0.964232 0.216230 0.153303
vn -0.865930 0.000014 -0.500165
vn -0.964232 -0.216230 -0.153303
vn 0.866236 -0.000007 -0.499635
vn 0.582577 0.236622 -0.777569
vn -0.866236 0.000007 0.499635
vn -0.582577 -0.236622 0.777569
vn 0.000000 0.000000 1.000000
vn -0.297628 -0.218303 0.929388
vn 0.000000 0.000000 -1.000000
vn 0.297628 0.218303 -0.929388
vn 0.865922 0.000011 0.500179
vn 0.955236 0.251168 0.156330
vn -0.865922 -0.000011 -0.500179
vn -0.955236 -0.251168 -0.156330
vn 0.866222 -0.000012 -0.499660
vn 0.578667 0.275608 -0.767584
vn -0.866222 0.000012 0.499660
vn -0.578667 -0.275608 0.767584
vn 0.000000 0.000000 1.000000
vn -0.292457 -0.244409 0.924518
vn 0.000000 0.000000 -1.000000
vn 0.292457 0.244409 -0.924518
vn 0.865930 -0.000002 0.500165
vn 0.946552 0.280833 0.158656
vn -0.865930 0.000002 -0.500165
vn -0.946552 -0.280833 -0.158656
vn 0.866213 0.000013 -0.499674
vn 0.574544 0.308792 -0.757988
vn -0.866213 -0.000013 0.499674
vn -0.574544 -0.308792 0.757988
vn 0.000000 0.000000 1.000000
vn -0.290697 -0.253065 0.922742
vn 0.000000 0.000000 -1.000000
vn 0.290697 0.253065 -0.922742
vn 0.865930 0.000027 0.500165
vn 0.943456 0.290644 0.159424
vn -0.865930 -0.000027 -0.500165
vn -0.943456 -0.290644 -0.159424
vn 0.866213 -0.000016 -0.499674
vn 0.572987 0.319772 -0.754607
vn -0.866213 0.000016 0.499674
vn -0.572987 -0.319772 0.754607
vn 0.000000 0.000000 1.000000
vn -0.304363 -0.182232 0.934962
vn 0.000000 0.000000 -1.000000
vn 0.304363 0.182232 -0.934962
vn 0.865916 -0.000010 0.500190
vn 0.965688 0.209957 0.152852
vn -0.865916 0.000010 -0.500190
vn -0.965688 -0.209957 -0.152852
vn 0.866222 0.000011 -0.499660
vn 0.583189 0.229661 -0.779196
vn -0.866222 -0.000011 0.499660
vn -0.583189 -0.229661 0.779196
vn 0.000000 0.000000 1.000000
vn -0.302938 -0.190119 0.933854
vn 0.000000 0.000000 -1.000000
vn 0.302938 0.190119 -0.933854
vn 0.865930 0.000007 0.500165
vn 0.963558 0.218986 0.153625
vn -0.865930 -0.000007 -0.500165
vn -0.963558 -0.218986 -0.153625
vn 0.866222 -0.000010 -0.499660
vn 0.582292 0.239712 -0.776836
vn -0.866222 0.000010 0.499660
vn -0.582292 -0.239712 0.776836
vn 0.000000 0.000000 1.000000
vn -0.304214 -0.183110 0.934839
vn 0.000000 0.000000 -1.000000
vn 0.304214 0.183110 -0.934839
vn 0.865922 -0.000012 0.500179
vn 0.965462 0.210959 0.152902
vn -0.865922 0.000012 -0.500179
vn -0.965462 -0.210959 -0.152902
vn 0.866222 0.000011 -0.499660
vn 0.583090 0.230777 -0.778940
vn -0.866222 -0.000011 0.499660
vn -0.583090 -0.230777 0.778940
vn 0.000000 0.000000 1.000000
vn -0.303820 -0.185300 0.934536
vn 0.000000 0.000000 -1.000000
vn 0.303820 0.185300 -0.934536
vn 0.865930 -0.000002 0.500165
vn 0.964876 0.213462 0.153127
vn -0.865930 0.000002 -0.500165
vn -0.964876 -0.213462 -0.153127
vn 0.866236 -0.000007 -0.499635
vn 0.582829 0.233581 -0.778299
vn -0.866236 0.000007 0.499635
vn -0.582829 -0.233581 0.778299
vn 0.000000 0.000000 1.000000
vn -0.303906 -0.184747 0.934617
vn 0.000000 0.000000 -1.000000
vn 0.303906 0.184747 -0.934617
vn 0.865922 0.000009 0.500179
vn 0.965016 0.212834 0.153120
vn -0.865922 -0.000009 -0.500179
vn -0.965016 -0.212834 -0.153120
vn 0.866222 -0.000010 -0.499660
vn 0.582871 0.232885 -0.778477
vn -0.866222 0.000010 0.499660
vn -0.582871 -0.232885 0.778477
vn 0.000000 0.000000 1.000000
vn -0.291428 -0.249443 0.923497
vn 0.000000 0.000000 -1.000000
vn 0.291428 0.249443 -0.923497
vn 0.865930 -0.000019 0.500165
vn 0.944765 0.286584 0.159027
vn -0.865930 0.000019 -0.500165
vn -0.944765 -0.286584 -0.159027
vn 0.866236 -0.000009 -0.499635
vn 0.573684 0.315188 -0.756005
vn -0.866236 0.000009 0.499635
vn -0.573684 -0.315188 0.756005
vn 0.000000 0.000000 1.000000
vn -0.290397 -0.254515 0.922438
vn 0.000000 0.000000 -1.000000
vn 0.290397 0.254515 -0.922438
vn 0.865930 0.000027 0.500165
vn 0.942928 0.292285 0.159549
vn -0.865930 -0.000027 -0.500165
vn -0.942928 -0.292285 -0.159549
vn 0.866213 -0.000017 -0.499674
vn 0.572724 0.321611 -0.754025
vn -0.866213 0.000017 0.499674
vn -0.572724 -0.321611 0.754025
vn 0.000000 0.000000 1.000000
vn -0.307158 -0.166501 0.936980
vn 0.000000 0.000000 -1.000000
vn 0.307158 0.166501 -0.936980
vn 0.865922 -0.000010 0.500179
vn 0.969690 0.191918 0.151225
vn -0.865922 0.000010 -0.500179
vn -0.969690 -0.191918 -0.151225
vn 0.866222 0.000010 -0.499660
vn 0.584724 0.209617 -0.783683
vn -0.866222 -0.000010 0.499660
vn -0.584724 -0.209617 0.783683
vn 0.000000 0.000000 1.000000
vn -0.296228 -0.225534 0.928107
vn 0.000000 0.000000 -1.000000
vn 0.296228 0.225534 -0.928107
vn 0.865930 -0.000002 0.500165
vn 0.952931 0.259427 0.156908
vn -0.865930 0.000002 -0.500165
vn -0.952931 -0.259427 -0.156908
vn 0.866222 -0.000012 -0.499660
vn 0.577571 0.284823 -0.765041
vn -0.866222 0.000012 0.499660
vn -0.577571 -0.284823 0.765041
vn 0.000000 0.000000 1.000000
vn -0.307092 -0.166898 0.936931
vn 0.000000 0.000000 -1.000000
vn 0.307092 0.166898 -0.936931
vn 0.865930 -0.000001 0.500165
vn 0.969597 0.192397 0.151215
vn -0.865930 0.000001 -0.500165
vn -0.969597 -0.192397 -0.151215
vn 0.866222 -0.000009 -0.499660
vn 0.584635 0.210139 -0.783609
vn -0.866222 0.000009 0.499660
vn -0.584635 -0.210139 0.783609
vn 0.000000 0.000000 1.000000
vn -0.302055 -0.194968 0.933140
vn 0.000000 0.000000 -1.000000
vn 0.302055 0.194968 -0.933140
vn 0.865922 0.000009 0.500179
vn 0.962206 0.224532 0.154095
vn -0.865922 -0.000009 -0.500179
vn -0.962206 -0.224532 -0.154095
vn 0.866222 0.000012 -0.499660
vn 0.581749 0.245883 -0.775313
vn -0.866222 -0.000012 0.499660
vn -0.581749 -0.245883 0.775313
vn 0.000000 0.000000 1.000000
vn -0.293152 -0.241032 0.925184
vn 0.000000 0.000000 -1.000000
vn 0.293152 0.241032 -0.925184
vn 0.865930 -0.000002 0.500165
vn 0.947732 0.277001 0.158347
vn -0.865930 0.000002 -0.500165
vn -0.947732 -0.277001 -0.158347
vn 0.866222 0.000015 -0.499660
vn 0.575122 0.304512 -0.759281
vn -0.866222 -0.000015 0.499660
vn -0.575122 -0.304512 0.759281
vn 0.000000 0.000000 1.000000
vn -0.301658 -0.197046 0.932832
vn 0.000000 0.000000 -1.000000
vn 0.301658 0.197046 -0.932832
vn 0.865916 0.000002 0.500190
vn 0.961613 0.226903 0.154320
vn -0.865916 -0.000002 -0.500190
vn -0.961613 -0.226903 -0.154320
vn 0.866213 0.000010 -0.499674
vn 0.581470 0.248540 -0.774674
vn -0.866213 -0.000010 0.499674
vn -0.581470 -0.248540 0.774674
vn 0.000000 0.000000 1.000000
vn -0.307222 -0.166094 0.937031
vn 0.000000 0.000000 -1.000000
vn 0.307222 0.166094 -0.937031
vn 0.865930 0.000006 0.500165
vn 0.969782 0.191455 0.151219
vn -0.865930 -0.000006 -0.500165
vn -0.969782 -0.191455 -0.151219
vn 0.866222 -0.000009 -0.499660
vn 0.584737 0.209105 -0.783810
vn -0.866222 0.000009 0.499660
vn -0.584737 -0.209105 0.783810
vn 0.000000 0.000000 1.000000
vn -0.292951 -0.242015 0.924991
vn 0.000000 0.000000 -1.000000
vn 0.292951 0.242015 -0.924991
vn 0.865930 -0.000002 0.500165
vn 0.947391 0.278116 0.158436
vn -0.865930 0.000002 -0.500165
vn -0.947391 -0.278116 -0.158436
vn 0.866222 0.000015 -0.499660
vn 0.574957 0.305760 -0.758904
vn -0.866222 -0.000015 0.499660
vn -0.574957 -0.305760 0.758904
vn 0.000000 0.000000 1.000000
vn -0.305775 -0.174381 0.935998
vn 0.000000 0.000000 -1.000000
vn 0.305775 0.174381 -0.935998
vn 0.865930 0.000018 0.500165
vn 0.967725 0.200956 0.152067
vn -0.865930 -0.000018 -0.500165
vn -0.967725 -0.200956 -0.152067
vn 0.866222 0.000010 -0.499660
vn 0.583983 0.219655 -0.781483
vn -0.866222 -0.000010 0.499660
vn -0.583983 -0.219655 0.781483
vn 0.000000 0.000000 1.000000
vn -0.304148 -0.183451 0.934794
vn 0.000000 0.000000 -1.000000
vn 0.304148 0.183451 -0.934794
vn 0.865930 -0.000002 0.500165
vn 0.965370 0.211345 0.152950
vn -0.865930 0.000002 -0.500165
vn -0.965370 -0.211345 -0.152950
vn 0.866222 0.000011 -0.499660
vn 0.583057 0.231213 -0.778836
vn -0.866222 -0.000011 0.499660
vn -0.583057 -0.231213 0.778836
vn 0.000000 0.000000 1.000000
vn -0.301523 -0.197718 0.932733
vn 0.000000 0.000000 -1.000000
vn 0.301523 0.197718 -0.932733
vn 0.865930 -0.000002 0.500165
vn 0.961426 0.227667 0.154363
vn -0.865930 0.000002 -0.500165
vn -0.961426 -0.227667 -0.154363
vn 0.866236 -0.000007 -0.499635
vn 0.581405 0.249409 -0.774444
vn -0.866236 0.000007 0.499635
vn -0.581405 -0.249409 0.774444
vn 0.000000 0.000000 1.000000
vn -0.308161 -0.160697 0.937664
vn 0.000000 0.000000 -1.000000
vn 0.308161 0.160697 -0.937664
vn 0.865930 -0.000012 0.500165
vn 0.971078 0.185256 0.150625
vn -0.865930 0.000012 -0.500165
vn -0.971078 -0.185256 -0.150625
vn 0.866222 0.000009 -0.499660
vn 0.585229 0.202227 -0.785246
vn -0.866222 -0.000009 0.499660
vn -0.585229 -0.202227 0.785246
vn 0.000000 0.000000 1.000000
vn -0.302999 -0.189746 0.933910
vn 0.000000 0.000000 -1.000000
vn 0.302999 0.189746 -0.933910
vn 0.865930 0.000020 0.500165
vn 0.963658 0.218555 0.153611
vn -0.865930 -0.000020 -0.500165
vn -0.963658 -0.218555 -0.153611
vn 0.866213 -0.000012 -0.499674
vn 0.582302 0.239245 -0.776972
vn -0.866213 0.000012 0.499674
vn -0.582302 -0.239245 0.776972
vn 0.000000 0.000000 1.000000
vn -0.297894 -0.216982 0.929612
vn 0.000000 0.000000 -1.000000
vn 0.297894 0.216982 -0.929612
vn 0.865930 -0.000016 0.500165
vn 0.955660 0.249692 0.156102
vn -0.865930 0.000016 -0.500165
vn -0.955660 -0.249692 -0.156102
vn 0.866236 -0.000008 -0.499635
vn 0.578857 0.273930 -0.768041
vn -0.866236 0.000008 0.499635
vn -0.578857 -0.273930 0.768041
vn 0.000000 0.000000 1.000000
vn -0.306878 -0.168071 0.936791
vn 0.000000 0.000000 -1.000000
vn 0.306878 0.168071 -0.936791
vn 0.865907 -0.000008 0.500204
vn 0.969299 0.193719 0.151435
vn -0.865907 0.000008 -0.500204
vn -0.969299 -0.193719 -0.151435
vn 0.866222 0.000010 -0.499660
vn 0.584561 0.211632 -0.783263
vn -0.866222 -0.000010 0.499660
vn -0.584561 -0.211632 0.783263
vn 0.000000 0.000000 1.000000
vn -0.308543 -0.158520 0.937909
vn 0.000000 0.000000 -1.000000
vn 0.308543 0.158520 -0.937909
vn 0.865930 -0.000001 0.500165
vn 0.971586 0.182752 0.150404
vn -0.865930 0.000001 -0.500165
vn -0.971586 -0.182752 -0.150404
vn 0.866228 -0.000007 -0.499649
vn 0.585369 0.199457 -0.785850
vn -0.866228 0.000007 0.499649
vn -0.585369 -0.199457 0.785850
vn 0.000000 0.000000 1.000000
vn -0.294259 -0.235407 0.926280
vn 0.000000 0.000000 -1.000000
vn 0.294259 0.235407 -0.926280
vn 0.865930 0.000025 0.500165
vn 0.949647 0.270622 0.157904
vn -0.865930 -0.000025 -0.500165
vn -0.949647 -0.270622 -0.157904
vn 0.866222 -0.000013 -0.499660
vn 0.576034 0.297381 -0.761413
vn -0.866222 0.000013 0.499660
vn -0.576034 -0.297381 0.761413
vn 0.000000 0.000000 1.000000
vn -0.296195 -0.225623 0.928096
vn 0.000000 0.000000 -1.000000
vn 0.296195 0.225623 -0.928096
vn 0.865930 0.000009 0.500165
vn 0.952894 0.259503 0.157007
vn -0.865930 -0.000009 -0.500165
vn -0.952894 -0.259503 -0.157007
vn 0.866222 0.000014 -0.499660
vn 0.577618 0.284920 -0.764970
vn -0.866222 -0.000014 0.499660
vn -0.577618 -0.284920 0.764970
vn 0.000000 0.000000 1.000000
vn -0.296436 -0.224473 0.928298
vn 0.000000 0.000000 -1.000000
vn 0.296436 0.224473 -0.928298
vn 0.865930 -0.000002 0.500165
vn 0.953276 0.258183 0.156866
vn -0.865930 0.000002 -0.500165
vn -0.953276 -0.258183 -0.156866
vn 0.866213 0.000011 -0.499674
vn 0.577747 0.283457 -0.765415
vn -0.866213 -0.000011 0.499674
vn -0.577747 -0.283457 0.765415
vn 0.000000 0.000000 1.000000
vn -0.297198 -0.220479 0.929011
vn 0.000000 0.000000 -1.000000
vn 0.297198 0.220479 -0.929011
vn 0.865930 -0.000002 0.500165
vn 0.954552 0.253638 0.156518
vn -0.865930 0.000002 -0.500165
vn -0.954552 -0.253638 -0.156518
vn 0.866228 -0.000010 -0.499649
vn 0.578347 0.278383 -0.766823
vn -0.866228 0.000010 0.499649
vn -0.578347 -0.278383 0.766823
vn 0.000000 0.000000 1.000000
vn -0.306388 -0.170874 0.936444
vn 0.000000 0.000000 -1.000000
vn 0.306388 0.170874 -0.936444
vn 0.865922 -0.000011 0.500179
vn 0.968615 0.196960 0.151629
vn -0.865922 0.000011 -0.500179
vn -0.968615 -0.196960 -0.151629
vn 0.866236 -0.000006 -0.499635
vn 0.584282 0.215213 -0.782495
vn -0.866236 0.000006 0.499635
vn -0.584282 -0.215213 0.782495
vn 0.000000 0.000000 1.000000
vn -0.306106 -0.172475 0.936243
vn 0.000000 0.000000 -1.000000
vn 0.306106 0.172475 -0.936243
vn 0.865930 0.000018 0.500165
vn 0.968206 0.198771 0.151881
vn -0.865930 -0.000018 -0.500165
vn -0.968206 -0.198771 -0.151881
vn 0.866222 -0.000009 -0.499660
vn 0.584121 0.217246 -0.782053
vn -0.866222 0.000009 0.499660
vn -0.584121 -0.217246 0.782053
vn 0.000000 0.000000 1.000000
vn -0.309010 -0.155757 0.938218
vn 0.000000 0.000000 -1.000000
vn 0.309010 0.155757 -0.938218
vn 0.865922 -0.000010 0.500179
vn 0.972226 0.179605 0.150064
vn -0.865922 0.000010 -0.500179
vn -0.972226 -0.179605 -0.150064
vn 0.866236 -0.000005 -0.499635
vn 0.585588 0.195958 -0.786567
vn -0.866236 0.000005 0.499635
vn -0.585588 -0.195958 0.786567
vn 0.000000 0.000000 1.000000
vn -0.300682 -0.202295 0.932023
vn 0.000000 0.000000 -1.000000
vn 0.300682 0.202295 -0.932023
vn 0.865922 -0.000013 0.500179
vn 0.960104 0.232897 0.154789
vn -0.865922 0.000013 -0.500179
vn -0.960104 -0.232897 -0.154789
vn 0.866222 0.000012 -0.499660
vn 0.580828 0.255236 -0.772977
vn -0.866222 -0.000012 0.499660
vn -0.580828 -0.255236 0.772977
vn 0.000000 0.000000 1.000000
vn -0.294563 -0.233948 0.926553
vn 0.000000 0.000000 -1.000000
vn 0.294563 0.233948 -0.926553
vn 0.865922 -0.000015 0.500179
vn 0.950149 0.268958 0.157727
vn -0.865922 0.000015 -0.500179
vn -0.950149 -0.268958 -0.157727
vn 0.866222 0.000014 -0.499660
vn 0.576289 0.295516 -0.761946
vn -0.866222 -0.000014 0.499660
vn -0.576289 -0.295516 0.761946
vn 0.000000 0.000000 1.000000
vn -0.298788 -0.212308 0.930404
vn 0.000000 0.000000 -1.000000
vn 0.298788 0.212308 -0.930404
vn 0.865930 -0.000002 0.500165
vn 0.957106 0.244358 0.155683
vn -0.865930 0.000002 -0.500165
vn -0.957106 -0.244358 -0.155683
vn 0.866228 -0.000010 -0.499649
vn 0.579477 0.267988 -0.769668
vn -0.866228 0.000010 0.499649
vn -0.579477 -0.267988 0.769668
vn 0.000000 0.000000 1.000000
vn -0.307403 -0.165055 0.937155
vn 0.000000 0.000000 -1.000000
vn 0.307403 0.165055 -0.937155
vn 0.865930 0.000006 0.500165
vn 0.970034 0.190262 0.151112
vn -0.865930 -0.000006 -0.500165
vn -0.970034 -0.190262 -0.151112
vn 0.866222 -0.000009 -0.499660
vn 0.584829 0.207781 -0.784093
vn -0.866222 0.000009 0.499660
vn -0.584829 -0.207781 0.784093
vn 0.000000 0.000000 1.000000
vn -0.307619 -0.163819 0.937301
vn 0.000000 0.000000 -1.000000
vn 0.307619 0.163819 -0.937301
vn 0.865930 -0.000001 0.500165
vn 0.970335 0.188836 0.150964
vn -0.865930 0.000001 -0.500165
vn -0.970335 -0.188836 -0.150964
vn 0.866213 0.000008 -0.499674
vn 0.584928 0.206207 -0.784435
vn -0.866213 -0.000008 0.499674
vn -0.584928 -0.206207 0.784435
vn 0.000000 0.000000 1.000000
vn -0.293175 -0.240872 0.925218
vn 0.000000 0.000000 -1.000000
vn 0.293175 0.240872 -0.925218
vn 0.865907 -0.000012 0.500204
vn 0.947779 0.276832 0.158366
vn -0.865907 0.000012 -0.500204
vn -0.947779 -0.276832 -0.158366
vn 0.866222 0.000015 -0.499660
vn 0.575178 0.304295 -0.759325
vn -0.866222 -0.000015 0.499660
vn -0.575178 -0.304295 0.759325
vn 0.000000 0.000000 1.000000
vn -0.309240 -0.154426 0.938362
vn 0.000000 0.000000 -1.000000
vn 0.309240 0.154426 -0.938362
vn 0.865930 -0.000001 0.500165
vn 0.972529 0.178075 0.149922
vn -0.865930 0.000001 -0.500165
vn -0.972529 -0.178075 -0.149922
vn 0.866236 -0.000005 -0.499635
vn 0.585690 0.194262 -0.786911
vn -0.866236 0.000005 0.499635
vn -0.585690 -0.194262 0.786911
vn 0.000000 0.000000 1.000000
vn -0.297382 -0.219556 0.929171
vn 0.000000 0.000000 -1.000000
vn 0.297382 0.219556 -0.929171
vn 0.865922 -0.000014 0.500179
vn 0.954846 0.252621 0.156371
vn -0.865922 0.000014 -0.500179
vn -0.954846 -0.252621 -0.156371
vn 0.866236 -0.000008 -0.499635
vn 0.578471 0.277229 -0.767147
vn -0.866236 0.000008 0.499635
vn -0.578471 -0.277229 0.767147
vn 0.000000 0.000000 1.000000
vn -0.309085 -0.155368 0.938258
vn 0.000000 0.000000 -1.000000
vn 0.309085 0.155368 -0.938258
vn 0.865930 -0.000001 0.500165
vn 0.972312 0.179131 0.150071
vn -0.865930 0.000001 -0.500165
vn -0.972312 -0.179131 -0.150071
vn 0.866222 0.000009 -0.499660
vn 0.585631 0.195451 -0.786661
vn -0.866222 -0.000009 0.499660
vn -0.585631 -0.195451 0.786661
vn 0.000000 0.000000 1.000000
vn -0.299950 -0.206188 0.931406
vn 0.000000 0.000000 -1.000000
vn 0.299950 0.206188 -0.931406
vn 0.865922 -0.000013 0.500179
vn 0.958955 0.237341 0.155161
vn -0.865922 0.000013 -0.500179
vn -0.958955 -0.237341 -0.155161
vn 0.866236 -0.000007 -0.499635
vn 0.580327 0.260193 -0.771699
vn -0.866236 0.000007 0.499635
vn -0.580327 -0.260193 0.771699
vn 0.000000 0.000000 1.000000
vn -0.309248 -0.154415 0.938361
vn 0.000000 0.000000 -1.000000
vn 0.309248 0.154415 -0.938361
vn 0.865922 0.000007 0.500179
vn 0.972523 0.178040 0.150003
vn -0.865922 -0.000007 -0.500179
vn -0.972523 -0.178040 -0.150003
vn 0.866222 -0.000008 -0.499660
vn 0.585678 0.194241 -0.786925
vn -0.866222 0.000008 0.499660
vn -0.585678 -0.194241 0.786925
vn 0.000000 0.000000 1.000000
vn -0.305354 -0.176754 0.935691
vn 0.000000 0.000000 -1.000000
vn 0.305354 0.176754 -0.935691
vn 0.865930 -0.000002 0.500165
vn 0.967125 0.203672 0.152274
vn -0.865930 0.000002 -0.500165
vn -0.967125 -0.203672 -0.152274
vn 0.866213 0.000009 -0.499674
vn 0.583713 0.222683 -0.780828
vn -0.866213 -0.000009 0.499674
vn -0.583713 -0.222683 0.780828
vn 0.000000 0.000000 1.000000
vn -0.302934 -0.190089 0.933861
vn 0.000000 0.000000 -1.000000
vn 0.302934 0.190089 -0.933861
vn 0.865922 -0.000012 0.500179
vn 0.963570 0.218943 0.153614
vn -0.865922 0.000012 -0.500179
vn -0.963570 -0.218943 -0.153614
vn 0.866222 0.000011 -0.499660
vn 0.582303 0.239687 -0.776836
vn -0.866222 -0.000011 0.499660
vn -0.582303 -0.239687 0.776836
vn 0.000000 0.000000 1.000000
vn -0.299517 -0.208469 0.931037
vn 0.000000 0.000000 -1.000000
vn 0.299517 0.208469 -0.931037
vn 0.865930 -0.000002 0.500165
vn 0.958271 0.239945 0.155380
vn -0.865930 0.000002 -0.500165
vn -0.958271 -0.239945 -0.155380
vn 0.866236 -0.000008 -0.499635
vn 0.580027 0.263099 -0.770939
vn -0.866236 0.000008 0.499635
vn -0.580027 -0.263099 0.770939
vn 0.000000 0.000000 1.000000
vn -0.306292 -0.171470 0.936367
vn 0.000000 0.000000 -1.000000
vn 0.306292 0.171470 -0.936367
vn 0.865916 0.000001 0.500190
vn 0.968459 0.197618 0.151769
vn -0.865916 -0.000001 -0.500190
vn -0.968459 -0.197618 -0.151769
vn 0.866222 0.000010 -0.499660
vn 0.584262 0.215945 -0.782308
vn -0.866222 -0.000010 0.499660
vn -0.584262 -0.215945 0.782308
vn 0.000000 0.000000 1.000000
vn -0.292962 -0.241952 0.925004
vn 0.000000 0.000000 -1.000000
vn 0.292962 0.241952 -0.925004
vn 0.865930 -0.000002 0.500165
vn 0.947412 0.278045 0.158433
vn -0.865930 0.000002 -0.500165
vn -0.947412 -0.278045 -0.158433
vn 0.866222 0.000015 -0.499660
vn 0.574969 0.305682 -0.758926
vn -0.866222 -0.000015 0.499660
vn -0.574969 -0.305682 0.758926
vn 0.000000 0.000000 1.000000
vn -0.305497 -0.175854 0.935813
vn 0.000000 0.000000 -1.000000
vn 0.305497 0.175854 -0.935813
vn 0.865916 0.000001 0.500190
vn 0.967347 0.202646 0.152235
vn -0.865916 -0.000001 -0.500190
vn -0.967347 -0.202646 -0.152235
vn 0.866222 0.000010 -0.499660
vn 0.583823 0.221551 -0.781067
vn -0.866222 -0.000010 0.499660
vn -0.583823 -0.221551 0.781067
vn 0.000000 0.000000 1.000000
vn -0.293709 -0.238241 0.925730
vn 0.000000 0.000000 -1.000000
vn 0.293709 0.238241 -0.925730
vn 0.865930 -0.000002 0.500165
vn 0.948691 0.273872 0.158050
vn -0.865930 0.000002 -0.500165
vn -0.948691 -0.273872 -0.158050
vn 0.866236 -0.000009 -0.499635
vn 0.575594 0.300965 -0.760336
vn -0.866236 0.000009 0.499635
vn -0.575594 -0.300965 0.760336
vn 0.000000 0.000000 1.000000
vn -0.290546 -0.253748 0.922602
vn 0.000000 0.000000 -1.000000
vn 0.290546 0.253748 -0.922602
vn 0.865930 0.000027 0.500165
vn 0.943206 0.291418 0.159494
vn -0.865930 -0.000027 -0.500165
vn -0.943206 -0.291418 -0.159494
vn 0.866222 -0.000014 -0.499660
vn 0.572878 0.320654 -0.754315
vn -0.866222 0.000014 0.499660
vn -0.572878 -0.320654 0.754315
vn 0.000000 0.000000 1.000000
vn -0.299262 -0.209849 0.930809
vn 0.000000 0.000000 -1.000000
vn 0.299262 0.209849 -0.930809
vn 0.865930 -0.000002 0.500165
vn 0.957856 0.241519 0.155502
vn -0.865930 0.000002 -0.500165
vn -0.957856 -0.241519 -0.155502
vn 0.866236 -0.000008 -0.499635
vn 0.579838 0.264854 -0.770480
vn -0.866236 0.000008 0.499635
vn -0.579838 -0.264854 0.770480
vn 0.000000 0.000000 1.000000
vn -0.305798 -0.174211 0.936023
vn 0.000000 0.000000 -1.000000
vn 0.305798 0.174211 -0.936023
vn 0.865922 -0.000011 0.500179
vn 0.967773 0.200757 0.152026
vn -0.865922 0.000011 -0.500179
vn -0.967773 -0.200757 -0.152026
vn 0.866236 -0.000006 -0.499635
vn 0.583980 0.219454 -0.781541
vn -0.866236 0.000006 0.499635
vn -0.583980 -0.219454 0.781541
vn 0.000000 0.000000 1.000000
vn -0.284629 -0.281844 0.916270
vn 0.000000 0.000000 -1.000000
vn 0.284629 0.281844 -0.916270
vn 0.865916 0.000002 0.500190
vn 0.932428 0.323120 0.161774
vn -0.865916 -0.000002 -0.500190
vn -0.932428 -0.323120 -0.161774
vn 0.866213 0.000015 -0.499674
vn 0.567345 0.356144 -0.742483
vn -0.866213 -0.000015 0.499674
vn -0.567345 -0.356144 0.742483
vn 0.000000 0.000000 1.000000
vn -0.294435 -0.234569 0.926437
vn 0.000000 0.000000 -1.000000
vn 0.294435 0.234569 -0.926437
vn 0.865922 -0.000015 0.500179
vn 0.949939 0.269670 0.157779
vn -0.865922 0.000015 -0.500179
vn -0.949939 -0.269670 -0.157779
vn 0.866222 0.000014 -0.499660
vn 0.576216 0.296290 -0.761701
vn -0.866222 -0.000014 0.499660
vn -0.576216 -0.296290 0.761701
vn 0.000000 0.000000 1.000000
vn -0.309492 -0.152899 0.938529
vn 0.000000 0.000000 -1.000000
vn 0.309492 0.152899 -0.938529
vn 0.865930 -0.000001 0.500165
vn 0.972868 0.176295 0.149826
vn -0.865930 0.000001 -0.500165
vn -0.972868 -0.176295 -0.149826
vn 0.866228 -0.000007 -0.499649
vn 0.585817 0.192304 -0.787298
vn -0.866228 0.000007 0.499649
vn -0.585817 -0.192304 0.787298
vn 0.000000 0.000000 1.000000
vn -0.297147 -0.220750 0.928963
vn 0.000000 0.000000 -1.000000
vn 0.297147 0.220750 -0.928963
vn 0.865930 0.000023 0.500165
vn 0.954460 0.253951 0.156572
vn -0.865930 -0.000023 -0.500165
vn -0.954460 -0.253951 -0.156572
vn 0.866213 -0.000014 -0.499674
vn 0.578280 0.278732 -0.766747
vn -0.866213 0.000014 0.499674
vn -0.578280 -0.278732 0.766747
vn 0.000000 0.000000 1.000000
vn -0.307511 -0.164455 0.937226
vn 0.000000 0.000000 -1.000000
vn 0.307511 0.164455 -0.937226
vn 0.865922 -0.000010 0.500179
vn 0.970184 0.189570 0.151019
vn -0.865922 0.000010 -0.500179
vn -0.970184 -0.189570 -0.151019
vn 0.866236 -0.000006 -0.499635
vn 0.584907 0.207012 -0.784238
vn -0.866236 0.000006 0.499635
vn -0.584907 -0.207012 0.784238
vn 0.000000 0.000000 1.000000
vn -0.306413 -0.170717 0.936465
vn 0.000000 0.000000 -1.000000
vn 0.306413 0.170717 -0.936465
vn 0.865930 -0.000001 0.500165
vn 0.968651 0.196751 0.151673
vn -0.865930 0.000001 -0.500165
vn -0.968651 -0.196751 -0.151673
vn 0.866222 0.000010 -0.499660
vn 0.584316 0.215003 -0.782527
vn -0.866222 -0.000010 0.499660
vn -0.584316 -0.215003 0.782527
vn 0.000000 0.000000 1.000000
vn -0.300942 -0.200880 0.932245
vn 0.000000 0.000000 -1.000000
vn 0.300942 0.200880 -0.932245
vn 0.865922 -0.000013 0.500179
vn 0.960517 0.231318 0.154595
vn -0.865922 0.000013 -0.500179
vn -0.960517 -0.231318 -0.154595
vn 0.866236 -0.000007 -0.499635
vn 0.581016 0.253431 -0.773429
vn -0.866236 0.000007 0.499635
vn -0.581016 -0.253431 0.773429
vn 0.000000 0.000000 1.000000
vn -0.300713 -0.202103 0.932055
vn 0.000000 0.000000 -1.000000
vn 0.300713 0.202103 -0.932055
vn 0.865930 0.000021 0.500165
vn 0.960153 0.232681 0.154810
vn -0.865930 -0.000021 -0.500165
vn -0.960153 -0.232681 -0.154810
vn 0.866222 -0.000011 -0.499660
vn 0.580830 0.254997 -0.773055
vn -0.866222 0.000011 0.499660
vn -0.580830 -0.254997 0.773055
vn 0.000000 0.000000 1.000000
vn -0.299125 -0.210570 0.930690
vn 0.000000 0.000000 -1.000000
vn 0.299125 0.210570 -0.930690
vn 0.865922 -0.000014 0.500179
vn 0.957637 0.242347 0.155560
vn -0.865922 0.000014 -0.500179
vn -0.957637 -0.242347 -0.155560
vn 0.866236 -0.000008 -0.499635
vn 0.579764 0.265756 -0.770225
vn -0.866236 0.000008 0.499635
vn -0.579764 -0.265756 0.770225
vn 0.000000 0.000000 1.000000
vn -0.302666 -0.191580 0.933643
vn 0.000000 0.000000 -1.000000
vn 0.302666 0.191580 -0.933643
vn 0.865930 -0.000002 0.500165
vn 0.963158 0.220649 0.153755
vn -0.865930 0.000002 -0.500165
vn -0.963158 -0.220649 -0.153755
vn 0.866222 0.000011 -0.499660
vn 0.582128 0.241586 -0.776378
vn -0.866222 -0.000011 0.499660
vn -0.582128 -0.241586 0.776378
vn 0.000000 0.000000 1.000000
vn -0.308747 -0.157373 0.938035
vn 0.000000 0.000000 -1.000000
vn 0.308747 0.157373 -0.938035
vn 0.865930 -0.000001 0.500165
vn 0.971857 0.181460 0.150219
vn -0.865930 0.000001 -0.500165
vn -0.971857 -0.181460 -0.150219
vn 0.866222 -0.000008 -0.499660
vn 0.585443 0.198005 -0.786162
vn -0.866222 0.000008 0.499660
vn -0.585443 -0.198005 0.786162
vn 0.000000 0.000000 1.000000
vn -0.303928 -0.184651 0.934629
vn 0.000000 0.000000 -1.000000
vn 0.303928 0.184651 -0.934629
vn 0.865930 -0.000002 0.500165
vn 0.965049 0.212719 0.153072
vn -0.865930 0.000002 -0.500165
vn -0.965049 -0.212719 -0.153072
vn 0.866213 0.000009 -0.499674
vn 0.582893 0.232748 -0.778501
vn -0.866213 -0.000009 0.499674
vn -0.582893 -0.232748 0.778501
vn 0.000000 0.000000 1.000000
vn -0.305567 -0.175526 0.935852
vn 0.000000 0.000000 -1.000000
vn 0.305567 0.175526 -0.935852
vn 0.865930 -0.000001 0.500165
vn 0.967439 0.202265 0.152156
vn -0.865930 0.000001 -0.500165
vn -0.967439 -0.202265 -0.152156
vn 0.866213 0.000009 -0.499674
vn 0.583837 0.221121 -0.781178
vn -0.866213 -0.000009 0.499674
vn -0.583837 -0.221121 0.781178
vn 0.000000 0.000000 1.000000
vn -0.297858 -0.217054 0.929606
vn 0.000000 0.000000 -1.000000
vn 0.297858 0.217054 -0.929606
vn 0.865907 -0.000010 0.500204
vn 0.955626 0.249741 0.156235
vn -0.865907 0.000010 -0.500204
vn -0.955626 -0.249741 -0.156235
vn 0.866222 0.000013 -0.499660
vn 0.578853 0.274036 -0.768006
vn -0.866222 -0.000013 0.499660
vn -0.578853 -0.274036 0.768006
vn 0.000000 0.000000 1.000000
vn -0.304917 -0.179177 0.935372
vn 0.000000 0.000000 -1.000000
vn 0.304917 0.179177 -0.935372
vn 0.865930 -0.000002 0.500165
vn 0.966497 0.206449 0.152522
vn -0.865930 0.000002 -0.500165
vn -0.966497 -0.206449 -0.152522
vn 0.866222 0.000011 -0.499660
vn 0.583480 0.225781 -0.780111
vn -0.866222 -0.000011 0.499660
vn -0.583480 -0.225781 0.780111
vn 0.000000 0.000000 1.000000
vn -0.303009 -0.189669 0.933922
vn 0.000000 0.000000 -1.000000
vn 0.303009 0.189669 -0.933922
vn 0.865930 -0.000002 0.500165
vn 0.963687 0.218494 0.153519
vn -0.865930 0.000002 -0.500165
vn -0.963687 -0.218494 -0.153519
vn 0.866222 -0.000010 -0.499660
vn 0.582325 0.239157 -0.776982
vn -0.866222 0.000010 0.499660
vn -0.582325 -0.239157 0.776982
vn 0.000000 0.000000 1.000000
vn -0.292491 -0.244269 0.924544
vn 0.000000 0.000000 -1.000000
vn 0.292491 0.244269 -0.924544
vn 0.865930 -0.000002 0.500165
vn 0.946603 0.280673 0.158638
vn -0.865930 0.000002 -0.500165
vn -0.946603 -0.280673 -0.158638
vn 0.866228 -0.000012 -0.499649
vn 0.574566 0.308612 -0.758045
vn -0.866228 0.000012 0.499649
vn -0.574566 -0.308612 0.758045
vn 0.000000 0.000000 1.000000
vn -0.287466 -0.268492 0.919389
vn 0.000000 0.000000 -1.000000
vn 0.287466 0.268492 -0.919389
vn 0.865930 -0.000002 0.500165
vn 0.937693 0.308075 0.160694
vn -0.865930 0.000002 -0.500165
vn -0.937693 -0.308075 -0.160694
vn 0.866213 0.000014 -0.499674
vn 0.570096 0.339300 -0.748242
vn -0.866213 -0.000014 0.499674
vn -0.570096 -0.339300 0.748242
vn 0.000000 0.000000 1.000000
vn -0.300841 -0.201445 0.932156
vn 0.000000 0.000000 -1.000000
vn 0.300841 0.201445 -0.932156
vn 0.865916 0.000002 0.500190
vn 0.960346 0.231930 0.154741
vn -0.865916 -0.000002 -0.500190
vn -0.960346 -0.231930 -0.154741
vn 0.866222 0.000012 -0.499660
vn 0.580936 0.254153 -0.773252
vn -0.866222 -0.000012 0.499660
vn -0.580936 -0.254153 0.773252
vn 0.000000 0.000000 1.000000
vn -0.306966 -0.167637 0.936840
vn 0.000000 0.000000 -1.000000
vn 0.306966 0.167637 -0.936840
vn 0.865930 -0.000001 0.500165
vn 0.969413 0.193217 0.151344
vn -0.865930 0.000001 -0.500165
vn -0.969413 -0.193217 -0.151344
vn 0.866222 0.000010 -0.499660
vn 0.584594 0.211076 -0.783388
vn -0.866222 -0.000010 0.499660
vn -0.584594 -0.211076 0.783388
vn 0.000000 0.000000 1.000000
vn -0.303938 -0.184600 0.934636
vn 0.000000 0.000000 -1.000000
vn 0.303938 0.184600 -0.934636
vn 0.865930 0.000019 0.500165
vn 0.965057 0.212664 0.153100
vn -0.865930 -0.000019 -0.500165
vn -0.965057 -0.212664 -0.153100
vn 0.866222 -0.000010 -0.499660
vn 0.582884 0.232695 -0.778524
vn -0.866222 0.000010 0.499660
vn -0.582884 -0.232695 0.778524
vn 0.000000 0.000000 1.000000
vn -0.308636 -0.157983 0.937969
vn 0.000000 0.000000 -1.000000
vn 0.308636 0.157983 -0.937969
vn 0.865907 -0.000007 0.500204
vn 0.971706 0.182142 0.150370
vn -0.865907 0.000007 -0.500204
vn -0.971706 -0.182142 -0.150370
vn 0.866222 0.000009 -0.499660
vn 0.585448 0.198768 -0.785966
vn -0.866222 -0.000009 0.499660
vn -0.585448 -0.198768 0.785966
vn 0.000000 0.000000 1.000000
vn -0.301723 -0.196671 0.932890
vn 0.000000 0.000000 -1.000000
vn 0.301723 0.196671 -0.932890
vn 0.865930 -0.000002 0.500165
vn 0.961726 0.226470 0.154256
vn -0.865930 0.000002 -0.500165
vn -0.961726 -0.226470 -0.154256
vn 0.866236 -0.000007 -0.499635
vn 0.581529 0.248073 -0.774780
vn -0.866236 0.000007 0.499635
vn -0.581529 -0.248073 0.774780
vn 0.000000 0.000000 1.000000
vn -0.308737 -0.157405 0.938033
vn 0.000000 0.000000 -1.000000
vn 0.308737 0.157405 -0.938033
vn 0.865922 -0.000010 0.500179
vn 0.971845 0.181472 0.150284
vn -0.865922 0.000010 -0.500179
vn -0.971845 -0.181472 -0.150284
vn 0.866236 -0.000006 -0.499635
vn 0.585470 0.198045 -0.786132
vn -0.866236 0.000006 0.499635
vn -0.585470 -0.198045 0.786132
vn 0.000000 0.000000 1.000000
vn -0.306042 -0.172894 0.936187
vn 0.000000 0.000000 -1.000000
vn 0.306042 0.172894 -0.936187
vn 0.865922 0.000008 0.500179
vn 0.968103 0.199255 0.151903
vn -0.865922 -0.000008 -0.500179
vn -0.968103 -0.199255 -0.151903
vn 0.866222 -0.000009 -0.499660
vn 0.584099 0.217763 -0.781926
vn -0.866222 0.000009 0.499660
vn -0.584099 -0.217763 0.781926
vn 0.000000 0.000000 1.000000
vn -0.303788 -0.185405 0.934525
vn 0.000000 0.000000 -1.000000
vn 0.303788 0.185405 -0.934525
vn 0.865930 -0.000002 0.500165
vn 0.964846 0.213583 0.153151
vn -0.865930 0.000002 -0.500165
vn -0.964846 -0.213583 -0.153151
vn 0.866236 -0.000007 -0.499635
vn 0.582825 0.233719 -0.778261
vn -0.866236 0.000007 0.499635
vn -0.582825 -0.233719 0.778261
vn 0.000000 0.000000 1.000000
vn -0.285610 -0.277186 0.917385
vn 0.000000 0.000000 -1.000000
vn 0.285610 0.277186 -0.917385
vn 0.865930 0.000030 0.500165
vn 0.934287 0.317880 0.161430
vn -0.865930 -0.000030 -0.500165
vn -0.934287 -0.317880 -0.161430
vn 0.866222 0.000017 -0.499660
vn 0.568370 0.350273 -0.744490
vn -0.866222 -0.000017 0.499660
vn -0.568370 -0.350273 0.744490
vn 0.000000 0.000000 1.000000
vn -0.306120 -0.172449 0.936244
vn 0.000000 0.000000 -1.000000
vn 0.306120 0.172449 -0.936244
vn 0.865930 -0.000001 0.500165
vn 0.968223 0.198765 0.151779
vn -0.865930 0.000001 -0.500165
vn -0.968223 -0.198765 -0.151779
vn 0.866236 -0.000006 -0.499635
vn 0.584127 0.217216 -0.782057
vn -0.866236 0.000006 0.499635
vn -0.584127 -0.217216 0.782057
vn 0.000000 0.000000 1.000000
vn -0.305017 -0.178631 0.935444
vn 0.000000 0.000000 -1.000000
vn 0.305017 0.178631 -0.935444
vn 0.865922 0.000009 0.500179
vn 0.966634 0.205832 0.152488
vn -0.865922 -0.000009 -0.500179
vn -0.966634 -0.205832 -0.152488
vn 0.866222 -0.000009 -0.499660
vn 0.583533 0.225074 -0.780276
vn -0.866222 0.000009 0.499660
vn -0.583533 -0.225074 0.780276
vn 0.000000 0.000000 1.000000
vn -0.307517 -0.164506 0.937214
vn 0.000000 0.000000 -1.000000
vn 0.307517 0.164506 -0.937214
vn 0.865930 -0.000001 0.500165
vn 0.970177 0.189652 0.150959
vn -0.865930 0.000001 -0.500165
vn -0.970177 -0.189652 -0.150959
vn 0.866236 -0.000006 -0.499635
vn 0.584852 0.207096 -0.784257
vn -0.866236 0.000006 0.499635
vn -0.584852 -0.207096 0.784257
vn 0.000000 0.000000 1.000000
vn -0.287479 -0.268387 0.919415
vn 0.000000 0.000000 -1.000000
vn 0.287479 0.268387 -0.919415
vn 0.865916 0.000002 0.500190
vn 0.937724 0.307962 0.160727
vn -0.865916 -0.000002 -0.500190
vn -0.937724 -0.307962 -0.160727
vn 0.866213 0.000014 -0.499674
vn 0.570122 0.339171 -0.748281
vn -0.866213 -0.000014 0.499674
vn -0.570122 -0.339171 0.748281
vn 0.000000 0.000000 1.000000
vn -0.289096 -0.260852 0.921075
vn 0.000000 0.000000 -1.000000
vn 0.289096 0.260852 -0.921075
vn 0.865930 0.000028 0.500165
vn 0.940589 0.299451 0.160067
vn -0.865930 -0.000028 -0.500165
vn -0.940589 -0.299451 -0.160067
vn 0.866222 0.000016 -0.499660
vn 0.571574 0.329637 -0.751427
vn -0.866222 -0.000016 0.499660
vn -0.571574 -0.329637 0.751427
vn 0.000000 0.000000 1.000000
vn -0.304483 -0.181553 0.935055
vn 0.000000 0.000000 -1.000000
vn 0.304483 0.181553 -0.935055
vn 0.865930 -0.000002 0.500165
vn 0.965872 0.209172 0.152769
vn -0.865930 0.000002 -0.500165
vn -0.965872 -0.209172 -0.152769
vn 0.866228 -0.000008 -0.499649
vn 0.583227 0.228802 -0.779421
vn -0.866228 0.000008 0.499649
vn -0.583227 -0.228802 0.779421
vn 0.000000 0.000000 1.000000
vn -0.302705 -0.191367 0.933675
vn 0.000000 0.000000 -1.000000
vn 0.302705 0.191367 -0.933675
vn 0.865930 -0.000014 0.500165
vn 0.963220 0.220441 0.153664
vn -0.865930 0.000014 -0.500165
vn -0.963220 -0.220441 -0.153664
vn 0.866222 -0.000010 -0.499660
vn 0.582151 0.241303 -0.776449
vn -0.866222 0.000010 0.499660
vn -0.582151 -0.241303 0.776449
vn 0.000000 0.000000 1.000000
vn -0.302396 -0.193023 0.933434
vn 0.000000 0.000000 -1.000000
vn 0.302396 0.193023 -0.933434
vn 0.865916 0.000002 0.500190
vn 0.962749 0.222304 0.153934
vn -0.865916 -0.000002 -0.500190
vn -0.962749 -0.222304 -0.153934
vn 0.866222 0.000011 -0.499660
vn 0.581964 0.243426 -0.775926
vn -0.866222 -0.000011 0.499660
vn -0.581964 -0.243426 0.775926
vn 0.000000 0.000000 1.000000
vn -0.309056 -0.155510 0.938244
vn 0.000000 0.000000 -1.000000
vn 0.309056 0.155510 -0.938244
vn 0.865930 0.000016 0.500165
vn 0.972273 0.179298 0.150124
vn -0.865930 -0.000016 -0.500165
vn -0.972273 -0.179298 -0.150124
vn 0.866222 -0.000008 -0.499660
vn 0.585596 0.195636 -0.786641
vn -0.866222 0.000008 0.499660
vn -0.585596 -0.195636 0.786641
vn 0.000000 0.000000 1.000000
vn -0.297900 -0.216862 0.929638
vn 0.000000 0.000000 -1.000000
vn 0.297900 0.216862 -0.929638
vn 0.865930 -0.000002 0.500165
vn 0.955693 0.249552 0.156124
vn -0.865930 0.000002 -0.500165
vn -0.955693 -0.249552 -0.156124
vn 0.866236 -0.000008 -0.499635
vn 0.578859 0.273801 -0.768085
vn -0.866236 0.000008 0.499635
vn -0.578859 -0.273801 0.768085
vn 0.000000 0.000000 1.000000
vn -0.290421 -0.254405 0.922461
vn 0.000000 0.000000 -1.000000
vn 0.290421 0.254405 -0.922461
vn 0.865930 -0.000019 0.500165
vn 0.942976 0.292161 0.159493
vn -0.865930 0.000019 -0.500165
vn -0.942976 -0.292161 -0.159493
vn 0.866222 0.000016 -0.499660
vn 0.572805 0.321458 -0.754029
vn -0.866222 -0.000016 0.499660
vn -0.572805 -0.321458 0.754029
vn 0.000000 0.000000 1.000000
vn -0.290044 -0.256232 0.922074
vn 0.000000 0.000000 -1.000000
vn 0.290044 0.256232 -0.922074
vn 0.865930 -0.000002 0.500165
vn 0.942307 0.294222 0.159661
vn -0.865930 0.000002 -0.500165
vn -0.942307 -0.294222 -0.159661
vn 0.866236 -0.000010 -0.499635
vn 0.572444 0.323791 -0.753304
vn -0.866236 0.000010 0.499635
vn -0.572444 -0.323791 0.753304
vn 0.000000 0.000000 1.000000
vn -0.305255 -0.177296 0.935621
vn 0.000000 0.000000 -1.000000
vn 0.305255 0.177296 -0.935621
vn 0.865930 -0.000002 0.500165
vn 0.966985 0.204293 0.152332
vn -0.865930 0.000002 -0.500165
vn -0.966985 -0.204293 -0.152332
vn 0.866213 0.000009 -0.499674
vn 0.583660 0.223374 -0.780670
vn -0.866213 -0.000009 0.499674
vn -0.583660 -0.223374 0.780670
vn 0.000000 0.000000 1.000000
vn -0.290333 -0.254818 0.922374
vn 0.000000 0.000000 -1.000000
vn 0.290333 0.254818 -0.922374
vn 0.865916 -0.000015 0.500190
vn 0.942818 0.292634 0.159562
vn -0.865916 0.000015 -0.500190
vn -0.942818 -0.292634 -0.159562
vn 0.866222 0.000016 -0.499660
vn 0.572731 0.321983 -0.753861
vn -0.866222 -0.000016 0.499660
vn -0.572731 -0.321983 0.753861
vn 0.000000 0.000000 1.000000
vn -0.285877 -0.275943 0.917676
vn 0.000000 0.000000 -1.000000
vn 0.285877 0.275943 -0.917676
vn 0.865930 -0.000003 0.500165
vn 0.934787 0.316475 0.161299
vn -0.865930 0.000003 -0.500165
vn -0.934787 -0.316475 -0.161299
vn 0.866213 0.000015 -0.499674
vn 0.568592 0.348713 -0.745052
vn -0.866213 -0.000015 0.499674
vn -0.568592 -0.348713 0.745052
vn 0.000000 0.000000 1.000000
vn -0.300670 -0.202314 0.932023
vn 0.000000 0.000000 -1.000000
vn 0.300670 0.202314 -0.932023
vn 0.865922 0.000010 0.500179
vn 0.960090 0.232923 0.154833
vn -0.865922 -0.000010 -0.500179
vn -0.960090 -0.232923 -0.154833
vn 0.866222 -0.000011 -0.499660
vn 0.580804 0.255267 -0.772985
vn -0.866222 0.000011 0.499660
vn -0.580804 -0.255267 0.772985
vn 0.000000 0.000000 1.000000
vn -0.306046 -0.172785 0.936206
vn 0.000000 0.000000 -1.000000
vn 0.306046 0.172785 -0.936206
vn 0.865922 -0.000011 0.500179
vn 0.968133 0.199123 0.151886
vn -0.865922 0.000011 -0.500179
vn -0.968133 -0.199123 -0.151886
vn 0.866222 0.000010 -0.499660
vn 0.584120 0.217639 -0.781944
vn -0.866222 -0.000010 0.499660
vn -0.584120 -0.217639 0.781944
vn 0.000000 0.000000 1.000000
vn -0.298861 -0.211941 0.930464
vn 0.000000 0.000000 -1.000000
vn 0.298861 0.211941 -0.930464
vn 0.865930 -0.000002 0.500165
vn 0.957219 0.243905 0.155701
vn -0.865930 0.000002 -0.500165
vn -0.957219 -0.243905 -0.155701
vn 0.866222 0.000013 -0.499660
vn 0.579555 0.267518 -0.769773
vn -0.866222 -0.000013 0.499660
vn -0.579555 -0.267518 0.769773
vn 0.000000 0.000000 1.000000
vn -0.308730 -0.157411 0.938034
vn 0.000000 0.000000 -1.000000
vn 0.308730 0.157411 -0.938034
vn 0.865930 0.000006 0.500165
vn 0.971838 0.181486 0.150310
vn -0.865930 -0.000006 -0.500165
vn -0.971838 -0.181486 -0.150310
vn 0.866222 -0.000008 -0.499660
vn 0.585470 0.198045 -0.786132
vn -0.866222 0.000008 0.499660
vn -0.585470 -0.198045 0.786132
vn 0.000000 0.000000 1.000000
vn -0.304929 -0.179081 0.935387
vn 0.000000 0.000000 -1.000000
vn 0.304929 0.179081 -0.935387
vn 0.865922 -0.000011 0.500179
vn 0.966521 0.206339 0.152519
vn -0.865922 0.000011 -0.500179
vn -0.966521 -0.206339 -0.152519
vn 0.866236 -0.000006 -0.499635
vn 0.583494 0.225660 -0.780136
vn -0.866236 0.000006 0.499635
vn -0.583494 -0.225660 0.780136
vn 0.000000 0.000000 1.000000
vn -0.289492 -0.258919 0.921496
vn 0.000000 0.000000 -1.000000
vn 0.289492 0.258919 -0.921496
vn 0.865930 -0.000002 0.500165
vn 0.941315 0.297261 0.159880
vn -0.865930 0.000002 -0.500165
vn -0.941315 -0.297261 -0.159880
vn 0.866222 0.000016 -0.499660
vn 0.571966 0.327173 -0.752205
vn -0.866222 -0.000016 0.499660
vn -0.571966 -0.327173 0.752205
vn 0.000000 0.000000 1.000000
vn -0.304572 -0.181056 0.935123
vn 0.000000 0.000000 -1.000000
vn 0.304572 0.181056 -0.935123
vn 0.865930 -0.000002 0.500165
vn 0.966006 0.208632 0.152663
vn -0.865930 0.000002 -0.500165
vn -0.966006 -0.208632 -0.152663
vn 0.866228 -0.000008 -0.499649
vn 0.583261 0.228179 -0.779578
vn -0.866228 0.000008 0.499649
vn -0.583261 -0.228179 0.779578
vn 0.000000 0.000000 1.000000
vn -0.306960 -0.167637 0.936842
vn 0.000000 0.000000 -1.000000
vn 0.306960 0.167637 -0.936842
vn 0.865930 -0.000001 0.500165
vn 0.969416 0.193246 0.151293
vn -0.865930 0.000001 -0.500165
vn -0.969416 -0.193246 -0.151293
vn 0.866236 -0.000006 -0.499635
vn 0.584603 0.211074 -0.783382
vn -0.866236 0.000006 0.499635
vn -0.584603 -0.211074 0.783382
vn 0.000000 0.000000 1.000000
vn -0.297594 -0.218517 0.929348
vn 0.000000 0.000000 -1.000000
vn 0.297594 0.218517 -0.929348
vn 0.865916 0.000002 0.500190
vn 0.955170 0.251406 0.156351
vn -0.865916 -0.000002 -0.500190
vn -0.955170 -0.251406 -0.156351
vn 0.866222 0.000013 -0.499660
vn 0.578658 0.275873 -0.767495
vn -0.866222 -0.000013 0.499660
vn -0.578658 -0.275873 0.767495
vn 0.000000 0.000000 1.000000
vn -0.303094 -0.189197 0.933991
vn 0.000000 0.000000 -1.000000
vn 0.303094 0.189197 -0.933991
vn 0.865922 -0.000012 0.500179
vn 0.963815 0.217928 0.153522
vn -0.865922 0.000012 -0.500179
vn -0.963815 -0.217928 -0.153522
vn 0.866236 -0.000007 -0.499635
vn 0.582430 0.238537 -0.777094
vn -0.866236 0.000007 0.499635
vn -0.582430 -0.238537 0.777094
vn 0.000000 0.000000 1.000000
vn -0.303472 -0.187202 0.934270
vn 0.000000 0.000000 -1.000000
vn 0.303472 0.187202 -0.934270
vn 0.865930 -0.000002 0.500165
vn 0.964364 0.215669 0.153261
vn -0.865930 0.000002 -0.500165
vn -0.964364 -0.215669 -0.153261
vn 0.866236 -0.000007 -0.499635
vn 0.582627 0.236001 -0.777720
vn -0.866236 0.000007 0.499635
vn -0.582627 -0.236001 0.777720
vn 0.000000 0.000000 1.000000
vn -0.305015 -0.178638 0.935444
vn 0.000000 0.000000 -1.000000
vn 0.305015 0.178638 -0.935444
vn 0.865930 -0.000002 0.500165
vn 0.966637 0.205831 0.152467
vn -0.865930 0.000002 -0.500165
vn -0.966637 -0.205831 -0.152467
vn 0.866213 0.000009 -0.499674
vn 0.583524 0.225084 -0.780280
vn -0.866213 -0.000009 0.499674
vn -0.583524 -0.225084 0.780280
vn 0.000000 0.000000 1.000000
vn -0.290758 -0.252713 0.922820
vn 0.000000 0.000000 -1.000000
vn 0.290758 0.252713 -0.922820
vn 0.865930 -0.000002 0.500165
vn 0.943589 0.290241 0.159375
vn -0.865930 0.000002 -0.500165
vn -0.943589 -0.290241 -0.159375
vn 0.866213 0.000013 -0.499674
vn 0.573083 0.319325 -0.754723
vn -0.866213 -0.000013 0.499674
vn -0.573083 -0.319325 0.754723
vn 0.000000 0.000000 1.000000
vn -0.301989 -0.195232 0.933106
vn 0.000000 0.000000 -1.000000
vn 0.301989 0.195232 -0.933106
vn 0.865930 -0.000002 0.500165
vn 0.962134 0.224825 0.154117
vn -0.865930 0.000002 -0.500165
vn -0.962134 -0.224825 -0.154117
vn 0.866213 0.000010 -0.499674
vn 0.581691 0.246230 -0.775246
vn -0.866213 -0.000010 0.499674
vn -0.581691 -0.246230 0.775246
vn 0.000000 0.000000 1.000000
vn -0.309367 -0.153725 0.938435
vn 0.000000 0.000000 -1.000000
vn 0.309367 0.153725 -0.938435
vn 0.865922 -0.000010 0.500179
vn 0.972685 0.177243 0.149896
vn -0.865922 0.000010 -0.500179
vn -0.972685 -0.177243 -0.149896
vn 0.866222 0.000009 -0.499660
vn 0.585758 0.193358 -0.787084
vn -0.866222 -0.000009 0.499660
vn -0.585758 -0.193358 0.787084
vn 0.000000 0.000000 1.000000
vn -0.294915 -0.232173 0.926888
vn 0.000000 0.000000 -1.000000
vn 0.294915 0.232173 -0.926888
vn 0.865922 0.000012 0.500179
vn 0.950737 0.266946 0.157601
vn -0.865922 -0.000012 -0.500179
vn -0.950737 -0.266946 -0.157601
vn 0.866222 0.000014 -0.499660
vn 0.576572 0.293261 -0.762602
vn -0.866222 -0.000014 0.499660
vn -0.576572 -0.293261 0.762602
vn 0.000000 0.000000 1.000000
vn -0.292951 -0.241990 0.924998
vn 0.000000 0.000000 -1.000000
vn 0.292951 0.241990 -0.924998
vn 0.865922 -0.000016 0.500179
vn 0.947398 0.278089 0.158440
vn -0.865922 0.000016 -0.500179
vn -0.947398 -0.278089 -0.158440
vn 0.866236 -0.000009 -0.499635
vn 0.574965 0.305732 -0.758910
vn -0.866236 0.000009 0.499635
vn -0.574965 -0.305732 0.758910
vn 0.000000 0.000000 1.000000
vn -0.285916 -0.275813 0.917703
vn 0.000000 0.000000 -1.000000
vn 0.285916 0.275813 -0.917703
vn 0.865922 -0.000019 0.500179
vn 0.934835 0.316370 0.161223
vn -0.865922 0.000019 -0.500179
vn -0.934835 -0.316370 -0.161223
vn 0.866236 -0.000011 -0.499635
vn 0.568604 0.348572 -0.745109
vn -0.866236 0.000011 0.499635
vn -0.568604 -0.348572 0.745109
vn 0.000000 0.000000 1.000000
vn -0.286122 -0.274806 0.917941
vn 0.000000 0.000000 -1.000000
vn 0.286122 0.274806 -0.917941
vn 0.865930 0.000030 0.500165
vn 0.935228 0.315200 0.161237
vn -0.865930 -0.000030 -0.500165
vn -0.935228 -0.315200 -0.161237
vn 0.866222 -0.000015 -0.499660
vn 0.568808 0.347295 -0.745549
vn -0.866222 0.000015 0.499660
vn -0.568808 -0.347295 0.745549
vn 0.000000 0.000000 1.000000
vn -0.306253 -0.171655 0.936346
vn 0.000000 0.000000 -1.000000
vn 0.306253 0.171655 -0.936346
vn 0.865930 -0.000001 0.500165
vn 0.968421 0.197855 0.151706
vn -0.865930 0.000001 -0.500165
vn -0.968421 -0.197855 -0.151706
vn 0.866228 -0.000008 -0.499649
vn 0.584195 0.216199 -0.782288
vn -0.866228 0.000008 0.499649
vn -0.584195 -0.216199 0.782288
vn 0.000000 0.000000 1.000000
vn -0.303419 -0.187505 0.934226
vn 0.000000 0.000000 -1.000000
vn 0.303419 0.187505 -0.934226
vn 0.865930 -0.000002 0.500165
vn 0.964280 0.215985 0.153345
vn -0.865930 0.000002 -0.500165
vn -0.964280 -0.215985 -0.153345
vn 0.866213 0.000009 -0.499674
vn 0.582575 0.236381 -0.777644
vn -0.866213 -0.000009 0.499674
vn -0.582575 -0.236381 0.777644
vn 0.000000 0.000000 1.000000
vn -0.288252 -0.264718 0.920237
vn 0.000000 0.000000 -1.000000
vn 0.288252 0.264718 -0.920237
vn 0.865916 0.000002 0.500190
vn 0.939125 0.303821 0.160426
vn -0.865916 -0.000002 -0.500190
vn -0.939125 -0.303821 -0.160426
vn 0.866213 0.000014 -0.499674
vn 0.570840 0.334532 -0.749820
vn -0.866213 -0.000014 0.499674
vn -0.570840 -0.334532 0.749820
vn 0.000000 0.000000 1.000000
vn -0.296960 -0.221787 0.928776
vn 0.000000 0.000000 -1.000000
vn 0.296960 0.221787 -0.928776
vn 0.865930 -0.000017 0.500165
vn 0.954139 0.255166 0.156550
vn -0.865930 0.000017 -0.500165
vn -0.954139 -0.255166 -0.156550
vn 0.866236 -0.000008 -0.499635
vn 0.578164 0.280047 -0.766355
vn -0.866236 0.000008 0.499635
vn -0.578164 -0.280047 0.766355
vn 0.000000 0.000000 1.000000
vn -0.287147 -0.270055 0.919030
vn 0.000000 0.000000 -1.000000
vn 0.287147 0.270055 -0.919030
vn 0.865930 -0.000002 0.500165
vn 0.937093 0.309836 0.160807
vn -0.865930 0.000002 -0.500165
vn -0.937093 -0.309836 -0.160807
vn 0.866213 0.000014 -0.499674
vn 0.569779 0.341269 -0.747588
vn -0.866213 -0.000014 0.499674
vn -0.569779 -0.341269 0.747588
vn 0.000000 0.000000 1.000000
vn -0.285222 -0.278964 0.916967
vn 0.000000 0.000000 -1.000000
vn 0.285222 0.278964 -0.916967
vn 0.865930 0.000031 0.500165
vn 0.933578 0.319882 0.161578
vn -0.865930 -0.000031 -0.500165
vn -0.933578 -0.319882 -0.161578
vn 0.866213 -0.000019 -0.499674
vn 0.567941 0.352533 -0.743750
vn -0.866213 0.000019 0.499674
vn -0.567941 -0.352533 0.743750
vn 0.000000 0.000000 1.000000
vn -0.287000 -0.270705 0.918885
vn 0.000000 0.000000 -1.000000
vn 0.287000 0.270705 -0.918885
vn 0.865930 0.000030 0.500165
vn 0.936832 0.310576 0.160902
vn -0.865930 -0.000030 -0.500165
vn -0.936832 -0.310576 -0.160902
vn 0.866222 -0.000015 -0.499660
vn 0.569637 0.342113 -0.747310
vn -0.866222 0.000015 0.499660
vn -0.569637 -0.342113 0.747310
vn 0.000000 0.000000 1.000000
vn -0.305844 -0.174020 0.936043
vn 0.000000 0.000000 -1.000000
vn 0.305844 0.174020 -0.936043
vn 0.865922 -0.000011 0.500179
vn 0.967824 0.200537 0.151992
vn -0.865922 0.000011 -0.500179
vn -0.967824 -0.200537 -0.151992
vn 0.866236 -0.000006 -0.499635
vn 0.583992 0.219206 -0.781602
vn -0.866236 0.000006 0.499635
vn -0.583992 -0.219206 0.781602
vn 0.000000 0.000000 1.000000
vn -0.289900 -0.256834 0.921951
vn 0.000000 0.000000 -1.000000
vn 0.289900 0.256834 -0.921951
vn 0.865930 -0.000002 0.500165
vn 0.942081 0.294905 0.159733
vn -0.865930 0.000002 -0.500165
vn -0.942081 -0.294905 -0.159733
vn 0.866228 -0.000012 -0.499649
vn 0.572332 0.324551 -0.753062
vn -0.866228 0.000012 0.499649
vn -0.572332 -0.324551 0.753062
vn 0.000000 0.000000 1.000000
vn -0.293653 -0.238461 0.925691
vn 0.000000 0.000000 -1.000000
vn 0.293653 0.238461 -0.925691
vn 0.865930 -0.000002 0.500165
vn 0.948615 0.274084 0.158139
vn -0.865930 0.000002 -0.500165
vn -0.948615 -0.274084 -0.158139
vn 0.866236 -0.000009 -0.499635
vn 0.575559 0.301253 -0.760249
vn -0.866236 0.000009 0.499635
vn -0.575559 -0.301253 0.760249
vn 0.000000 0.000000 1.000000
vn -0.307072 -0.167036 0.936913
vn 0.000000 0.000000 -1.000000
vn 0.307072 0.167036 -0.936913
vn 0.865922 -0.000010 0.500179
vn 0.969564 0.192560 0.151215
vn -0.865922 0.000010 -0.500179
vn -0.969564 -0.192560 -0.151215
vn 0.866222 -0.000009 -0.499660
vn 0.584645 0.210301 -0.783559
vn -0.866222 0.000009 0.499660
vn -0.584645 -0.210301 0.783559
vn 0.000000 0.000000 1.000000
vn -0.307708 -0.163354 0.937353
vn 0.000000 0.000000 -1.000000
vn 0.307708 0.163354 -0.937353
vn 0.865930 -0.000001 0.500165
vn 0.970452 0.188329 0.150850
vn -0.865930 0.000001 -0.500165
vn -0.970452 -0.188329 -0.150850
vn 0.866222 -0.000019 -0.499660
vn 0.584937 0.205617 -0.784583
vn -0.866222 0.000019 0.499660
vn -0.584937 -0.205617 0.784583
vn 0.000000 0.000000 1.000000
vn -0.305424 -0.176310 0.935752
vn 0.000000 0.000000 -1.000000
vn 0.305424 0.176310 -0.935752
vn 0.865930 -0.000002 0.500165
vn 0.967237 0.203163 0.152240
vn -0.865930 0.000002 -0.500165
vn -0.967237 -0.203163 -0.152240
vn 0.866236 -0.000006 -0.499635
vn 0.583774 0.222129 -0.780940
vn -0.866236 0.000006 0.499635
vn -0.583774 -0.222129 0.780940
vn 0.000000 0.000000 1.000000
vn -0.296267 -0.225328 0.928145
vn 0.000000 0.000000 -1.000000
vn 0.296267 0.225328 -0.928145
vn 0.865930 -0.000002 0.500165
vn 0.952998 0.259193 0.156891
vn -0.865930 0.000002 -0.500165
vn -0.952998 -0.259193 -0.156891
vn 0.866222 -0.000012 -0.499660
vn 0.577604 0.284561 -0.765114
vn -0.866222 0.000012 0.499660
vn -0.577604 -0.284561 0.765114
vn 0.000000 0.000000 1.000000
vn -0.304079 -0.183845 0.934739
vn 0.000000 0.000000 -1.000000
vn 0.304079 0.183845 -0.934739
vn 0.865916 -0.000010 0.500190
vn 0.965261 0.211804 0.153005
vn -0.865916 0.000010 -0.500190
vn -0.965261 -0.211804 -0.153005
vn 0.866222 0.000011 -0.499660
vn 0.583013 0.231713 -0.778720
vn -0.866222 -0.000011 0.499660
vn -0.583013 -0.231713 0.778720
vn 0.000000 0.000000 1.000000
vn -0.296680 -0.223114 0.928548
vn 0.000000 0.000000 -1.000000
vn 0.296680 0.223114 -0.928548
vn 0.865930 -0.000002 0.500165
vn 0.953709 0.256637 0.156766
vn -0.865930 0.000002 -0.500165
vn -0.953709 -0.256637 -0.156766
vn 0.866236 -0.000008 -0.499635
vn 0.577973 0.281747 -0.765876
vn -0.866236 0.000008 0.499635
vn -0.577973 -0.281747 0.765876
vn 0.000000 0.000000 1.000000
vn -0.292704 -0.243268 0.924740
vn 0.000000 0.000000 -1.000000
vn 0.292704 0.243268 -0.924740
vn 0.865930 -0.000002 0.500165
vn 0.946955 0.279537 0.158539
vn -0.865930 0.000002 -0.500165
vn -0.946955 -0.279537 -0.158539
vn 0.866222 0.000015 -0.499660
vn 0.574741 0.307349 -0.758425
vn -0.866222 -0.000015 0.499660
vn -0.574741 -0.307349 0.758425
vn 0.000000 0.000000 1.000000
vn -0.296358 -0.224788 0.928247
vn 0.000000 0.000000 -1.000000
vn 0.296358 0.224788 -0.928247
vn 0.865930 -0.000002 0.500165
vn 0.953171 0.258542 0.156913
vn -0.865930 0.000002 -0.500165
vn -0.953171 -0.258542 -0.156913
vn 0.866213 0.000011 -0.499674
vn 0.577709 0.283864 -0.765293
vn -0.866213 -0.000011 0.499674
vn -0.577709 -0.283864 0.765293
vn 0.000000 0.000000 1.000000
vn -0.308033 -0.161440 0.937578
vn 0.000000 0.000000 -1.000000
vn 0.308033 0.161440 -0.937578
vn 0.865930 -0.000001 0.500165
vn 0.970902 0.186105 0.150715
vn -0.865930 0.000001 -0.500165
vn -0.970902 -0.186105 -0.150715
vn 0.866222 0.000009 -0.499660
vn 0.585142 0.203185 -0.785063
vn -0.866222 -0.000009 0.499660
vn -0.585142 -0.203185 0.785063
vn 0.000000 0.000000 1.000000
vn -0.308197 -0.160546 0.937678
vn 0.000000 0.000000 -1.000000
vn 0.308197 0.160546 -0.937678
vn 0.865922 -0.000010 0.500179
vn 0.971115 0.185082 0.150603
vn -0.865922 0.000010 -0.500179
vn -0.971115 -0.185082 -0.150603
vn 0.866236 -0.000006 -0.499635
vn 0.585236 0.202031 -0.785291
vn -0.866236 0.000006 0.499635
vn -0.585236 -0.202031 0.785291
vn 0.000000 0.000000 1.000000
vn -0.306541 -0.170019 0.936550
vn 0.000000 0.000000 -1.000000
vn 0.306541 0.170019 -0.936550
vn 0.865930 -0.000001 0.500165
vn 0.968825 0.195950 0.151596
vn -0.865930 0.000001 -0.500165
vn -0.968825 -0.195950 -0.151596
vn 0.866222 0.000010 -0.499660
vn 0.584378 0.214113 -0.782725
vn -0.866222 -0.000010 0.499660
vn -0.584378 -0.214113 0.782725
vn 0.000000 0.000000 1.000000
vn -0.299545 -0.208301 0.931066
vn 0.000000 0.000000 -1.000000
vn 0.299545 0.208301 -0.931066
vn 0.865922 -0.000013 0.500179
vn 0.958321 0.239754 0.155367
vn -0.865922 0.000013 -0.500179
vn -0.958321 -0.239754 -0.155367
vn 0.866222 0.000012 -0.499660
vn 0.580051 0.262887 -0.770994
vn -0.866222 -0.000012 0.499660
vn -0.580051 -0.262887 0.770994
vn 0.000000 0.000000 1.000000
vn -0.294991 -0.231861 0.926941
vn 0.000000 0.000000 -1.000000
vn 0.294991 0.231861 -0.926941
vn 0.865922 -0.000015 0.500179
vn 0.950851 0.266592 0.157516
vn -0.865922 0.000015 -0.500179
vn -0.950851 -0.266592 -0.157516
vn 0.866222 0.000014 -0.499660
vn 0.576638 0.292841 -0.762714
vn -0.866222 -0.000014 0.499660
vn -0.576638 -0.292841 0.762714
vn 0.000000 0.000000 1.000000
vn -0.302522 -0.192343 0.933534
vn 0.000000 0.000000 -1.000000
vn 0.302522 0.192343 -0.933534
vn 0.865930 0.000020 0.500165
vn 0.962939 0.221526 0.153867
vn -0.865930 -0.000020 -0.500165
vn -0.962939 -0.221526 -0.153867
vn 0.866213 -0.000012 -0.499674
vn 0.582005 0.242554 -0.776169
vn -0.866213 0.000012 0.499674
vn -0.582005 -0.242554 0.776169
vn 0.000000 0.000000 1.000000
vn -0.290152 -0.255662 0.922198
vn 0.000000 0.000000 -1.000000
vn 0.290152 0.255662 -0.922198
vn 0.865930 -0.000002 0.500165
vn 0.942514 0.293579 0.159624
vn -0.865930 0.000002 -0.500165
vn -0.942514 -0.293579 -0.159624
vn 0.866222 0.000016 -0.499660
vn 0.572579 0.323055 -0.753518
vn -0.866222 -0.000016 0.499660
vn -0.572579 -0.323055 0.753518
vn 0.000000 0.000000 1.000000
vn -0.302754 -0.191076 0.933719
vn 0.000000 0.000000 -1.000000
vn 0.302754 0.191076 -0.933719
vn 0.865930 -0.000014 0.500165
vn 0.963298 0.220076 0.153697
vn -0.865930 0.000014 -0.500165
vn -0.963298 -0.220076 -0.153697
vn 0.866222 0.000011 -0.499660
vn 0.582214 0.240930 -0.776518
vn -0.866222 -0.000011 0.499660
vn -0.582214 -0.240930 0.776518
vn 0.000000 0.000000 1.000000
vn -0.303499 -0.187028 0.934296
vn 0.000000 0.000000 -1.000000
vn 0.303499 0.187028 -0.934296
vn 0.865930 0.000019 0.500165
vn 0.964402 0.215445 0.153337
vn -0.865930 -0.000019 -0.500165
vn -0.964402 -0.215445 -0.153337
vn 0.866213 -0.000012 -0.499674
vn 0.582605 0.235780 -0.777804
vn -0.866213 0.000012 0.499674
vn -0.582605 -0.235780 0.777804
vn 0.000000 0.000000 1.000000
vn -0.299735 -0.207308 0.931226
vn 0.000000 0.000000 -1.000000
vn 0.299735 0.207308 -0.931226
vn 0.865916 0.000002 0.500190
vn 0.958613 0.238625 0.155303
vn -0.865916 -0.000002 -0.500190
vn -0.958613 -0.238625 -0.155303
vn 0.866222 0.000012 -0.499660
vn 0.580181 0.261622 -0.771326
vn -0.866222 -0.000012 0.499660
vn -0.580181 -0.261622 0.771326
vn 0.000000 0.000000 1.000000
vn -0.302718 -0.191257 0.933693
vn 0.000000 0.000000 -1.000000
vn 0.302718 0.191257 -0.933693
vn 0.865922 -0.000012 0.500179
vn 0.963246 0.220280 0.153731
vn -0.865922 0.000012 -0.500179
vn -0.963246 -0.220280 -0.153731
vn 0.866236 -0.000007 -0.499635
vn 0.582170 0.241176 -0.776474
vn -0.866236 0.000007 0.499635
vn -0.582170 -0.241176 0.776474
vn 0.000000 0.000000 1.000000
vn -0.305716 -0.174632 0.935971
vn 0.000000 0.000000 -1.000000
vn 0.305716 0.174632 -0.935971
vn 0.865930 -0.000001 0.500165
vn 0.967665 0.201241 0.152076
vn -0.865930 0.000001 -0.500165
vn -0.967665 -0.201241 -0.152076
vn 0.866222 0.000010 -0.499660
vn 0.583943 0.219993 -0.781418
vn -0.866222 -0.000010 0.499660
vn -0.583943 -0.219993 0.781418
vn 0.000000 0.000000 1.000000
vn -0.307005 -0.167346 0.936880
vn 0.000000 0.000000 -1.000000
vn 0.307005 0.167346 -0.936880
vn 0.865930 -0.000001 0.500165
vn 0.969482 0.192884 0.151328
vn -0.865930 0.000001 -0.500165
vn -0.969482 -0.192884 -0.151328
vn 0.866222 0.000010 -0.499660
vn 0.584627 0.210709 -0.783462
vn -0.866222 -0.000010 0.499660
vn -0.584627 -0.210709 0.783462
vn 0.000000 0.000000 1.000000
vn -0.301817 -0.196245 0.932949
vn 0.000000 0.000000 -1.000000
vn 0.301817 0.196245 -0.932949
vn 0.865930 -0.000002 0.500165
vn 0.961851 0.226015 0.154141
vn -0.865930 0.000002 -0.500165
vn -0.961851 -0.226015 -0.154141
vn 0.866236 -0.000007 -0.499635
vn 0.581554 0.247537 -0.774933
vn -0.866236 0.000007 0.499635
vn -0.581554 -0.247537 0.774933
vn 0.000000 0.000000 1.000000
vn -0.291255 -0.250371 0.923301
vn 0.000000 0.000000 -1.000000
vn 0.291255 0.250371 -0.923301
vn 0.865930 -0.000019 0.500165
vn 0.944438 0.287594 0.159142
vn -0.865930 0.000019 -0.500165
vn -0.944438 -0.287594 -0.159142
vn 0.866222 0.000015 -0.499660
vn 0.573529 0.316343 -0.755640
vn -0.866222 -0.000015 0.499660
vn -0.573529 -0.316343 0.755640
vn 0.000000 0.000000 1.000000
vn -0.301744 -0.196579 0.932903
vn 0.000000 0.000000 -1.000000
vn 0.301744 0.196579 -0.932903
vn 0.865930 0.000020 0.500165
vn 0.961747 0.226369 0.154274
vn -0.865930 -0.000020 -0.500165
vn -0.961747 -0.226369 -0.154274
vn 0.866213 -0.000012 -0.499674
vn 0.581500 0.247949 -0.774841
vn -0.866213 0.000012 0.499674
vn -0.581500 -0.247949 0.774841
vn 0.000000 0.000000 1.000000
vn -0.302793 -0.190902 0.933741
vn 0.000000 0.000000 -1.000000
vn 0.302793 0.190902 -0.933741
vn 0.865922 0.000009 0.500179
vn 0.963341 0.219882 0.153709
vn -0.865922 -0.000009 -0.500179
vn -0.963341 -0.219882 -0.153709
vn 0.866222 -0.000010 -0.499660
vn 0.582203 0.240710 -0.776594
vn -0.866222 0.000010 0.499660
vn -0.582203 -0.240710 0.776594
vn 0.000000 0.000000 1.000000
vn -0.290468 -0.254158 0.922514
vn 0.000000 0.000000 -1.000000
vn 0.290468 0.254158 -0.922514
vn 0.865922 0.000013 0.500179
vn 0.943058 0.291882 0.159522
vn -0.865922 -0.000013 -0.500179
vn -0.943058 -0.291882 -0.159522
vn 0.866222 -0.000014 -0.499660
vn 0.572800 0.321171 -0.754154
vn -0.866222 0.000014 0.499660
vn -0.572800 -0.321171 0.754154
vn 0.000000 0.000000 1.000000
vn -0.301057 -0.200265 0.932340
vn 0.000000 0.000000 -1.000000
vn 0.301057 0.200265 -0.932340
vn 0.865922 0.000010 0.500179
vn 0.960688 0.230582 0.154632
vn -0.865922 -0.000010 -0.500179
vn -0.960688 -0.230582 -0.154632
vn 0.866222 -0.000011 -0.499660
vn 0.581060 0.252656 -0.773650
vn -0.866222 0.000011 0.499660
vn -0.581060 -0.252656 0.773650
vn 0.000000 0.000000 1.000000
vn -0.308031 -0.161518 0.937565
vn 0.000000 0.000000 -1.000000
vn 0.308031 0.161518 -0.937565
vn 0.865930 -0.000001 0.500165
vn 0.970885 0.186194 0.150711
vn -0.865930 0.000001 -0.500165
vn -0.970885 -0.186194 -0.150711
vn 0.866213 0.000008 -0.499674
vn 0.585118 0.203274 -0.785059
vn -0.866213 -0.000008 0.499674
vn -0.585118 -0.203274 0.785059
vn 0.000000 0.000000 1.000000
vn -0.301659 -0.196996 0.932842
vn 0.000000 0.000000 -1.000000
vn 0.301659 0.196996 -0.932842
vn 0.865930 -0.000002 0.500165
vn 0.961632 0.226843 0.154291
vn -0.865930 0.000002 -0.500165
vn -0.961632 -0.226843 -0.154291
vn 0.866228 -0.000009 -0.499649
vn 0.581480 0.248479 -0.774686
vn -0.866228 0.000009 0.499649
vn -0.581480 -0.248479 0.774686
vn 0.000000 0.000000 1.000000
vn -0.293463 -0.239374 0.925516
vn 0.000000 0.000000 -1.000000
vn 0.293463 0.239374 -0.925516
vn 0.865922 0.000012 0.500179
vn 0.948293 0.275126 0.158258
vn -0.865922 -0.000012 -0.500179
vn -0.948293 -0.275126 -0.158258
vn 0.866222 -0.000013 -0.499660
vn 0.575384 0.302421 -0.759918
vn -0.866222 0.000013 0.499660
vn -0.575384 -0.302421 0.759918
vn 0.000000 0.000000 1.000000
vn -0.306801 -0.168525 0.936735
vn 0.000000 0.000000 -1.000000
vn 0.306801 0.168525 -0.936735
vn 0.865922 -0.000011 0.500179
vn 0.969194 0.194236 0.151446
vn -0.865922 0.000011 -0.500179
vn -0.969194 -0.194236 -0.151446
vn 0.866222 0.000010 -0.499660
vn 0.584518 0.212209 -0.783138
vn -0.866222 -0.000010 0.499660
vn -0.584518 -0.212209 0.783138
vn 0.000000 0.000000 1.000000
vn -0.286657 -0.272355 0.918505
vn 0.000000 0.000000 -1.000000
vn 0.286657 0.272355 -0.918505
vn 0.865930 0.000030 0.500165
vn 0.936191 0.312436 0.161027
vn -0.865930 -0.000030 -0.500165
vn -0.936191 -0.312436 -0.161027
vn 0.866222 0.000017 -0.499660
vn 0.569327 0.344189 -0.746593
vn -0.866222 -0.000017 0.499660
vn -0.569327 -0.344189 0.746593
vn 0.000000 0.000000 1.000000
vn -0.292225 -0.245559 0.924286
vn 0.000000 0.000000 -1.000000
vn 0.292225 0.245559 -0.924286
vn 0.865930 -0.000002 0.500165
vn 0.946148 0.282136 0.158755
vn -0.865930 0.000002 -0.500165
vn -0.946148 -0.282136 -0.158755
vn 0.866236 -0.000009 -0.499635
vn 0.574356 0.310263 -0.757531
vn -0.866236 0.000009 0.499635
vn -0.574356 -0.310263 0.757531
vn 0.000000 0.000000 1.000000
vn -0.305702 -0.174796 0.935945
vn 0.000000 0.000000 -1.000000
vn 0.305702 0.174796 -0.935945
vn 0.865930 -0.000001 0.500165
vn 0.967626 0.201428 0.152077
vn -0.865930 0.000001 -0.500165
vn -0.967626 -0.201428 -0.152077
vn 0.866213 0.000009 -0.499674
vn 0.583907 0.220189 -0.781389
vn -0.866213 -0.000009 0.499674
vn -0.583907 -0.220189 0.781389
vn 0.000000 0.000000 1.000000
vn -0.302374 -0.193160 0.933413
vn 0.000000 0.000000 -1.000000
vn 0.302374 0.193160 -0.933413
vn 0.865930 0.000020 0.500165
vn 0.962711 0.222460 0.153944
vn -0.865930 -0.000020 -0.500165
vn -0.962711 -0.222460 -0.153944
vn 0.866213 -0.000012 -0.499674
vn 0.581908 0.243593 -0.775916
vn -0.866213 0.000012 0.499674
vn -0.581908 -0.243593 0.775916
vn 0.000000 0.000000 1.000000
vn -0.305704 -0.174711 0.935960
vn 0.000000 0.000000 -1.000000
vn 0.305704 0.174711 -0.935960
vn 0.865930 -0.000001 0.500165
vn 0.967648 0.201360 0.152026
vn -0.865930 0.000001 -0.500165
vn -0.967648 -0.201360 -0.152026
vn 0.866236 -0.000006 -0.499635
vn 0.583940 0.220090 -0.781392
vn -0.866236 0.000006 0.499635
vn -0.583940 -0.220090 0.781392
vn 0.000000 0.000000 1.000000
vn -0.295382 -0.229880 0.927311
vn 0.000000 0.000000 -1.000000
vn 0.295382 0.229880 -0.927311
vn 0.865930 -0.000002 0.500165
vn 0.951508 0.264370 0.157293
vn -0.865930 0.000002 -0.500165
vn -0.951508 -0.264370 -0.157293
vn 0.866228 -0.000011 -0.499649
vn 0.576897 0.290342 -0.763473
vn -0.866228 0.000011 0.499649
vn -0.576897 -0.290342 0.763473
vn 0.000000 0.000000 1.000000
vn -0.285620 -0.277121 0.917401
vn 0.000000 0.000000 -1.000000
vn 0.285620 0.277121 -0.917401
vn 0.865930 -0.000022 0.500165
vn 0.934320 0.317808 0.161384
vn -0.865930 0.000022 -0.500165
vn -0.934320 -0.317808 -0.161384
vn 0.866236 -0.000011 -0.499635
vn 0.568385 0.350194 -0.744515
vn -0.866236 0.000011 0.499635
vn -0.568385 -0.350194 0.744515
vn 0.000000 0.000000 1.000000
vn -0.308767 -0.157207 0.938056
vn 0.000000 0.000000 -1.000000
vn 0.308767 0.157207 -0.938056
vn 0.865930 -0.000001 0.500165
vn 0.971894 0.181270 0.150211
vn -0.865930 0.000001 -0.500165
vn -0.971894 -0.181270 -0.150211
vn 0.866228 -0.000007 -0.499649
vn 0.585458 0.197795 -0.786204
vn -0.866228 0.000007 0.499649
vn -0.585458 -0.197795 0.786204
vn 0.000000 0.000000 1.000000
vn -0.305689 -0.174856 0.935938
vn 0.000000 0.000000 -1.000000
vn 0.305689 0.174856 -0.935938
vn 0.865930 -0.000001 0.500165
vn 0.967610 0.201497 0.152085
vn -0.865930 0.000001 -0.500165
vn -0.967610 -0.201497 -0.152085
vn 0.866222 0.000010 -0.499660
vn 0.583914 0.220274 -0.781360
vn -0.866222 -0.000010 0.499660
vn -0.583914 -0.220274 0.781360
vn 0.000000 0.000000 1.000000
vn -0.296471 -0.224226 0.928347
vn 0.000000 0.000000 -1.000000
vn 0.296471 0.224226 -0.928347
vn 0.865930 -0.000002 0.500165
vn 0.953352 0.257939 0.156803
vn -0.865930 0.000002 -0.500165
vn -0.953352 -0.257939 -0.156803
vn 0.866213 -0.000014 -0.499674
vn 0.577765 0.283153 -0.765514
vn -0.866213 0.000014 0.499674
vn -0.577765 -0.283153 0.765514
vn 0.000000 0.000000 1.000000
vn -0.298136 -0.215697 0.929833
vn 0.000000 0.000000 -1.000000
vn 0.298136 0.215697 -0.929833
vn 0.865930 -0.000002 0.500165
vn 0.956059 0.248189 0.156058
vn -0.865930 0.000002 -0.500165
vn -0.956059 -0.248189 -0.156058
vn 0.866213 0.000011 -0.499674
vn 0.579025 0.272292 -0.768497
vn -0.866213 -0.000011 0.499674
vn -0.579025 -0.272292 0.768497
vn 0.000000 0.000000 1.000000
vn -0.292036 -0.246538 0.924086
vn 0.000000 0.000000 -1.000000
vn 0.292036 0.246538 -0.924086
vn 0.865930 -0.000002 0.500165
vn 0.945804 0.283245 0.158829
vn -0.865930 0.000002 -0.500165
vn -0.945804 -0.283245 -0.158829
vn 0.866222 0.000015 -0.499660
vn 0.574206 0.311481 -0.757144
vn -0.866222 -0.000015 0.499660
vn -0.574206 -0.311481 0.757144
vn 0.000000 0.000000 1.000000
vn -0.292661 -0.243470 0.924701
vn 0.000000 0.000000 -1.000000
vn 0.292661 0.243470 -0.924701
vn 0.865930 -0.000002 0.500165
vn 0.946884 0.279767 0.158559
vn -0.865930 0.000002 -0.500165
vn -0.946884 -0.279767 -0.158559
vn 0.866213 0.000012 -0.499674
vn 0.574698 0.307595 -0.758359
vn -0.866213 -0.000012 0.499674
vn -0.574698 -0.307595 0.758359
vn 0.000000 0.000000 1.000000
vn -0.286074 -0.275030 0.917889
vn 0.000000 0.000000 -1.000000
vn 0.286074 0.275030 -0.917889
vn 0.865930 -0.000021 0.500165
vn 0.935148 0.315452 0.161209
vn -0.865930 0.000021 -0.500165
vn -0.935148 -0.315452 -0.161209
vn 0.866236 -0.000010 -0.499635
vn 0.568813 0.347551 -0.745426
vn -0.866236 0.000010 0.499635
vn -0.568813 -0.347551 0.745426
vn 0.000000 0.000000 1.000000
vn -0.286917 -0.271108 0.918792
vn 0.000000 0.000000 -1.000000
vn 0.286917 0.271108 -0.918792
vn 0.865930 -0.000002 0.500165
vn 0.936683 0.311024 0.160900
vn -0.865930 0.000002 -0.500165
vn -0.936683 -0.311024 -0.160900
vn 0.866213 0.000014 -0.499674
vn 0.569572 0.342603 -0.747136
vn -0.866213 -0.000014 0.499674
vn -0.569572 -0.342603 0.747136
vn 0.000000 0.000000 1.000000
vn -0.308311 -0.159851 0.937759
vn 0.000000 0.000000 -1.000000
vn 0.308311 0.159851 -0.937759
vn 0.865922 -0.000010 0.500179
vn 0.971280 0.184311 0.150480
vn -0.865922 0.000010 -0.500179
vn -0.971280 -0.184311 -0.150480
vn 0.866222 -0.000008 -0.499660
vn 0.585271 0.201151 -0.785491
vn -0.866222 0.000008 0.499660
vn -0.585271 -0.201151 0.785491
vn 0.000000 0.000000 1.000000
vn -0.307646 -0.163696 0.937314
vn 0.000000 0.000000 -1.000000
vn 0.307646 0.163696 -0.937314
vn 0.865930 -0.000001 0.500165
vn 0.970366 0.188695 0.150945
vn -0.865930 0.000001 -0.500165
vn -0.970366 -0.188695 -0.150945
vn 0.866213 0.000008 -0.499674
vn 0.584935 0.206050 -0.784471
vn -0.866213 -0.000008 0.499674
vn -0.584935 -0.206050 0.784471
vn 0.000000 0.000000 1.000000
vn -0.309047 -0.155573 0.938236
vn 0.000000 0.000000 -1.000000
vn 0.309047 0.155573 -0.938236
vn 0.865930 -0.000001 0.500165
vn 0.972269 0.179392 0.150039
vn -0.865930 0.000001 -0.500165
vn -0.972269 -0.179392 -0.150039
vn 0.866236 -0.000015 -0.499635
vn 0.585587 0.195714 -0.786628
vn -0.866236 0.000015 0.499635
vn -0.585587 -0.195714 0.786628
vn 0.000000 0.000000 1.000000
vn -0.303335 -0.187953 0.934164
vn 0.000000 0.000000 -1.000000
vn 0.303335 0.187953 -0.934164
vn 0.865922 0.000009 0.500179
vn 0.964151 0.216508 0.153416
vn -0.865922 -0.000009 -0.500179
vn -0.964151 -0.216508 -0.153416
vn 0.866222 -0.000010 -0.499660
vn 0.582535 0.236952 -0.777500
vn -0.866222 0.000010 0.499660
vn -0.582535 -0.236952 0.777500
vn 0.000000 0.000000 1.000000
vn -0.284786 -0.280996 0.916481
vn 0.000000 0.000000 -1.000000
vn 0.284786 0.280996 -0.916481
vn 0.865930 -0.000003 0.500165
vn 0.932772 0.322163 0.161704
vn -0.865930 0.000003 -0.500165
vn -0.932772 -0.322163 -0.161704
vn 0.866236 -0.000011 -0.499635
vn 0.567547 0.355100 -0.742828
vn -0.866236 0.000011 0.499635
vn -0.567547 -0.355100 0.742828
vn 0.000000 0.000000 1.000000
vn -0.291593 -0.248716 0.923642
vn 0.000000 0.000000 -1.000000
vn 0.291593 0.248716 -0.923642
vn 0.865930 0.000027 0.500165
vn 0.945023 0.285719 0.159047
vn -0.865930 -0.000027 -0.500165
vn -0.945023 -0.285719 -0.159047
vn 0.866213 -0.000016 -0.499674
vn 0.573762 0.314257 -0.756333
vn -0.866213 0.000016 0.499674
vn -0.573762 -0.314257 0.756333
vn 0.000000 0.000000 1.000000
vn -0.299607 -0.207976 0.931119
vn 0.000000 0.000000 -1.000000
vn 0.299607 0.207976 -0.931119
vn 0.865916 0.000002 0.500190
vn 0.958413 0.239387 0.155368
vn -0.865916 -0.000002 -0.500190
vn -0.958413 -0.239387 -0.155368
vn 0.866213 0.000010 -0.499674
vn 0.580083 0.262462 -0.771114
vn -0.866213 -0.000010 0.499674
vn -0.580083 -0.262462 0.771114
vn 0.000000 0.000000 1.000000
vn -0.287891 -0.266450 0.919850
vn 0.000000 0.000000 -1.000000
vn 0.287891 0.266450 -0.919850
vn 0.865930 -0.000002 0.500165
vn 0.938474 0.305770 0.160533
vn -0.865930 0.000002 -0.500165
vn -0.938474 -0.305770 -0.160533
vn 0.866222 0.000017 -0.499660
vn 0.570511 0.336733 -0.749085
vn -0.866222 -0.000017 0.499660
vn -0.570511 -0.336733 0.749085
vn 0.000000 0.000000 1.000000
vn -0.297498 -0.218938 0.929280
vn 0.000000 0.000000 -1.000000
vn 0.297498 0.218938 -0.929280
vn 0.865930 -0.000002 0.500165
vn 0.955041 0.251882 0.156373
vn -0.865930 0.000002 -0.500165
vn -0.955041 -0.251882 -0.156373
vn 0.866222 0.000013 -0.499660
vn 0.578581 0.276432 -0.767353
vn -0.866222 -0.000013 0.499660
vn -0.578581 -0.276432 0.767353
vn 0.000000 0.000000 1.000000
vn -0.292402 -0.244764 0.924441
vn 0.000000 0.000000 -1.000000
vn 0.292402 0.244764 -0.924441
vn 0.865907 -0.000012 0.500204
vn 0.946424 0.281246 0.158691
vn -0.865907 0.000012 -0.500204
vn -0.946424 -0.281246 -0.158691
vn 0.866222 0.000015 -0.499660
vn 0.574509 0.309229 -0.757837
vn -0.866222 -0.000015 0.499660
vn -0.574509 -0.309229 0.757837
vn 0.000000 0.000000 1.000000
vn -0.304520 -0.181368 0.935079
vn 0.000000 0.000000 -1.000000
vn 0.304520 0.181368 -0.935079
vn 0.865930 -0.000002 0.500165
vn 0.965922 0.208959 0.152746
vn -0.865930 0.000002 -0.500165
vn -0.965922 -0.208959 -0.152746
vn 0.866222 0.000011 -0.499660
vn 0.583255 0.228573 -0.779466
vn -0.866222 -0.000011 0.499660
vn -0.583255 -0.228573 0.779466
vn 0.000000 0.000000 1.000000
vn -0.301074 -0.200187 0.932352
vn 0.000000 0.000000 -1.000000
vn 0.301074 0.200187 -0.932352
vn 0.865930 0.000021 0.500165
vn 0.960711 0.230493 0.154622
vn -0.865930 -0.000021 -0.500165
vn -0.960711 -0.230493 -0.154622
vn 0.866222 -0.000011 -0.499660
vn 0.581093 0.252540 -0.773663
vn -0.866222 0.000011 0.499660
vn -0.581093 -0.252540 0.773663
vn 0.000000 0.000000 1.000000
vn -0.300187 -0.204925 0.931608
vn 0.000000 0.000000 -1.000000
vn 0.300187 0.204925 -0.931608
vn 0.865922 0.000010 0.500179
vn 0.959323 0.235910 0.155065
vn -0.865922 -0.000010 -0.500179
vn -0.959323 -0.235910 -0.155065
vn 0.866222 -0.000011 -0.499660
vn 0.580490 0.258574 -0.772121
vn -0.866222 0.000011 0.499660
vn -0.580490 -0.258574 0.772121
vn 0.000000 0.000000 1.000000
vn -0.306982 -0.167474 0.936864
vn 0.000000 0.000000 -1.000000
vn 0.306982 0.167474 -0.936864
vn 0.865930 0.000017 0.500165
vn 0.969445 0.193034 0.151373
vn -0.865930 -0.000017 -0.500165
vn -0.969445 -0.193034 -0.151373
vn 0.866222 0.000010 -0.499660
vn 0.584615 0.210871 -0.783427
vn -0.866222 -0.000010 0.499660
vn -0.584615 -0.210871 0.783427
vn 0.000000 0.000000 1.000000
vn -0.302488 -0.192605 0.933490
vn 0.000000 0.000000 -1.000000
vn 0.302488 0.192605 -0.933490
vn 0.865930 -0.000002 0.500165
vn 0.962875 0.221821 0.153844
vn -0.865930 0.000002 -0.500165
vn -0.962875 -0.221821 -0.153844
vn 0.866228 -0.000009 -0.499649
vn 0.581992 0.242879 -0.776076
vn -0.866228 0.000009 0.499649
vn -0.581992 -0.242879 0.776076
vn 0.000000 0.000000 1.000000
vn -0.306225 -0.171840 0.936321
vn 0.000000 0.000000 -1.000000
vn 0.306225 0.171840 -0.936321
vn 0.865930 -0.000001 0.500165
vn 0.968372 0.198038 0.151776
vn -0.865930 0.000001 -0.500165
vn -0.968372 -0.198038 -0.151776
vn 0.866213 0.000008 -0.499674
vn 0.584192 0.216422 -0.782228
vn -0.866213 -0.000008 0.499674
vn -0.584192 -0.216422 0.782228
vn 0.000000 0.000000 1.000000
vn -0.305301 -0.177085 0.935645
vn 0.000000 0.000000 -1.000000
vn 0.305301 0.177085 -0.935645
vn 0.865930 -0.000013 0.500165
vn 0.967045 0.204084 0.152230
vn -0.865930 0.000013 -0.500165
vn -0.967045 -0.204084 -0.152230
vn 0.866236 -0.000006 -0.499635
vn 0.583694 0.223108 -0.780721
vn -0.866236 0.000006 0.499635
vn -0.583694 -0.223108 0.780721
vn 0.000000 0.000000 1.000000
vn -0.309555 -0.152585 0.938559
vn 0.000000 0.000000 -1.000000
vn 0.309555 0.152585 -0.938559
vn 0.865930 -0.000001 0.500165
vn 0.972940 0.175933 0.149782
vn -0.865930 0.000001 -0.500165
vn -0.972940 -0.175933 -0.149782
vn 0.866213 0.000007 -0.499674
vn 0.585835 0.191900 -0.787383
vn -0.866213 -0.000007 0.499674
vn -0.585835 -0.191900 0.787383
vn 0.000000 0.000000 1.000000
vn -0.306545 -0.169969 0.936558
vn 0.000000 0.000000 -1.000000
vn 0.306545 0.169969 -0.936558
vn 0.865930 -0.000012 0.500165
vn 0.968838 0.195897 0.151582
vn -0.865930 0.000012 -0.500165
vn -0.968838 -0.195897 -0.151582
vn 0.866222 0.000010 -0.499660
vn 0.584410 0.214037 -0.782722
vn -0.866222 -0.000010 0.499660
vn -0.584410 -0.214037 0.782722
vn 0.000000 0.000000 1.000000
vn -0.305586 -0.175466 0.935857
vn 0.000000 0.000000 -1.000000
vn 0.305586 0.175466 -0.935857
vn 0.865930 -0.000001 0.500165
vn 0.967458 0.202225 0.152084
vn -0.865930 0.000001 -0.500165
vn -0.967458 -0.202225 -0.152084
vn 0.866236 -0.000006 -0.499635
vn 0.583833 0.221060 -0.781199
vn -0.866236 0.000006 0.499635
vn -0.583833 -0.221060 0.781199
vn 0.000000 0.000000 1.000000
vn -0.295862 -0.227421 0.927764
vn 0.000000 0.000000 -1.000000
vn 0.295862 0.227421 -0.927764
vn 0.865930 0.000024 0.500165
vn 0.952311 0.261543 0.157163
vn -0.865930 -0.000024 -0.500165
vn -0.952311 -0.261543 -0.157163
vn 0.866222 -0.000012 -0.499660
vn 0.577306 0.287204 -0.764350
vn -0.866222 0.000012 0.499660
vn -0.577306 -0.287204 0.764350
vn 0.000000 0.000000 1.000000
vn -0.309067 -0.155442 0.938251
vn 0.000000 0.000000 -1.000000
vn 0.309067 0.155442 -0.938251
vn 0.865930 -0.000001 0.500165
vn 0.972294 0.179216 0.150085
vn -0.865930 0.000001 -0.500165
vn -0.972294 -0.179216 -0.150085
vn 0.866222 0.000009 -0.499660
vn 0.585629 0.195546 -0.786639
vn -0.866222 -0.000009 0.499660
vn -0.585629 -0.195546 0.786639
vn 0.000000 0.000000 1.000000
vn -0.308243 -0.160278 0.937709
vn 0.000000 0.000000 -1.000000
vn 0.308243 0.160278 -0.937709
vn 0.865930 0.000016 0.500165
vn 0.971171 0.184774 0.150617
vn -0.865930 -0.000016 -0.500165
vn -0.971171 -0.184774 -0.150617
vn 0.866213 0.000008 -0.499674
vn 0.585223 0.201695 -0.785387
vn -0.866213 -0.000008 0.499674
vn -0.585223 -0.201695 0.785387
vn 0.000000 0.000000 1.000000
vn -0.306608 -0.169651 0.936595
vn 0.000000 0.000000 -1.000000
vn 0.306608 0.169651 -0.936595
vn 0.865922 0.000008 0.500179
vn 0.968912 0.195536 0.151579
vn -0.865922 -0.000008 -0.500179
vn -0.968912 -0.195536 -0.151579
vn 0.866222 -0.000009 -0.499660
vn 0.584408 0.213633 -0.782833
vn -0.866222 0.000009 0.499660
vn -0.584408 -0.213633 0.782833
vn 0.000000 0.000000 1.000000
vn -0.304228 -0.183023 0.934852
vn 0.000000 0.000000 -1.000000
vn 0.304228 0.183023 -0.934852
vn 0.865930 -0.000002 0.500165
vn 0.965485 0.210855 0.152904
vn -0.865930 0.000002 -0.500165
vn -0.965485 -0.210855 -0.152904
vn 0.866236 -0.000007 -0.499635
vn 0.583077 0.230681 -0.778979
vn -0.866236 0.000007 0.499635
vn -0.583077 -0.230681 0.778979
vn 0.000000 0.000000 1.000000
vn -0.306306 -0.171425 0.936371
vn 0.000000 0.000000 -1.000000
vn 0.306306 0.171425 -0.936371
vn 0.865930 -0.000012 0.500165
vn 0.968479 0.197566 0.151711
vn -0.865930 0.000012 -0.500165
vn -0.968479 -0.197566 -0.151711
vn 0.866222 0.000010 -0.499660
vn 0.584263 0.215886 -0.782323
vn -0.866222 -0.000010 0.499660
vn -0.584263 -0.215886 0.782323
vn 0.000000 0.000000 1.000000
vn -0.284892 -0.280546 0.916586
vn 0.000000 0.000000 -1.000000
vn 0.284892 0.280546 -0.916586
vn 0.865930 0.000031 0.500165
vn 0.932947 0.321662 0.161691
vn -0.865930 -0.000031 -0.500165
vn -0.932947 -0.321662 -0.161691
vn 0.866213 -0.000019 -0.499674
vn 0.567602 0.354523 -0.743062
vn -0.866213 0.000019 0.499674
vn -0.567602 -0.354523 0.743062
vn 0.000000 0.000000 1.000000
vn -0.295841 -0.227467 0.927759
vn 0.000000 0.000000 -1.000000
vn 0.295841 0.227467 -0.927759
vn 0.865930 -0.000017 0.500165
vn 0.952301 0.261595 0.157134
vn -0.865930 0.000017 -0.500165
vn -0.952301 -0.261595 -0.157134
vn 0.866222 0.000014 -0.499660
vn 0.577333 0.287261 -0.764309
vn -0.866222 -0.000014 0.499660
vn -0.577333 -0.287261 0.764309
vn 0.000000 0.000000 1.000000
vn -0.308624 -0.158005 0.937969
vn 0.000000 0.000000 -1.000000
vn 0.308624 0.158005 -0.937969
vn 0.865930 -0.000001 0.500165
vn 0.971705 0.182161 0.150358
vn -0.865930 0.000001 -0.500165
vn -0.971705 -0.182161 -0.150358
vn 0.866228 -0.000007 -0.499649
vn 0.585415 0.198803 -0.785981
vn -0.866228 0.000007 0.499649
vn -0.585415 -0.198803 0.785981
vn 0.000000 0.000000 1.000000
vn -0.299007 -0.211087 0.930611
vn 0.000000 0.000000 -1.000000
vn 0.299007 0.211087 -0.930611
vn 0.865930 0.000022 0.500165
vn 0.957469 0.242938 0.155671
vn -0.865930 -0.000022 -0.500165
vn -0.957469 -0.242938 -0.155671
vn 0.866222 -0.000011 -0.499660
vn 0.579654 0.266442 -0.770071
vn -0.866222 0.000011 0.499660
vn -0.579654 -0.266442 0.770071
vn 0.000000 0.000000 1.000000
vn -0.306341 -0.171197 0.936401
vn 0.000000 0.000000 -1.000000
vn 0.306341 0.171197 -0.936401
vn 0.865916 0.000001 0.500190
vn 0.968528 0.197304 0.151740
vn -0.865916 -0.000001 -0.500190
vn -0.968528 -0.197304 -0.151740
vn 0.866222 0.000010 -0.499660
vn 0.584288 0.215597 -0.782385
vn -0.866222 -0.000010 0.499660
vn -0.584288 -0.215597 0.782385
vn 0.000000 0.000000 1.000000
vn -0.303533 -0.186833 0.934324
vn 0.000000 0.000000 -1.000000
vn 0.303533 0.186833 -0.934324
vn 0.865930 -0.000014 0.500165
vn 0.964464 0.215251 0.153217
vn -0.865930 0.000014 -0.500165
vn -0.964464 -0.215251 -0.153217
vn 0.866222 -0.000010 -0.499660
vn 0.582663 0.235526 -0.777838
vn -0.866222 0.000010 0.499660
vn -0.582663 -0.235526 0.777838
vn 0.000000 0.000000 1.000000
vn -0.296335 -0.224917 0.928223
vn 0.000000 0.000000 -1.000000
vn 0.296335 0.224917 -0.928223
vn 0.865930 -0.000002 0.500165
vn 0.953129 0.258690 0.156923
vn -0.865930 0.000002 -0.500165
vn -0.953129 -0.258690 -0.156923
vn 0.866222 0.000014 -0.499660
vn 0.577699 0.284038 -0.765236
vn -0.866222 -0.000014 0.499660
vn -0.577699 -0.284038 0.765236
vn 0.000000 0.000000 1.000000
vn -0.290154 -0.255744 0.922175
vn 0.000000 0.000000 -1.000000
vn 0.290154 0.255744 -0.922175
vn 0.865930 0.000028 0.500165
vn 0.942481 0.293675 0.159641
vn -0.865930 -0.000028 -0.500165
vn -0.942481 -0.293675 -0.159641
vn 0.866222 -0.000014 -0.499660
vn 0.572503 0.323174 -0.753524
vn -0.866222 0.000014 0.499660
vn -0.572503 -0.323174 0.753524
vn 0.000000 0.000000 1.000000
vn -0.307468 -0.164736 0.937190
vn 0.000000 0.000000 -1.000000
vn 0.307468 0.164736 -0.937190
vn 0.865930 -0.000001 0.500165
vn 0.970117 0.189888 0.151049
vn -0.865930 0.000001 -0.500165
vn -0.970117 -0.189888 -0.151049
vn 0.866213 0.000008 -0.499674
vn 0.584843 0.207373 -0.784191
vn -0.866213 -0.000008 0.499674
vn -0.584843 -0.207373 0.784191
vn 0.000000 0.000000 1.000000
vn -0.307140 -0.166633 0.936962
vn 0.000000 0.000000 -1.000000
vn 0.307140 0.166633 -0.936962
vn 0.865930 -0.000001 0.500165
vn 0.969658 0.192065 0.151242
vn -0.865930 0.000001 -0.500165
vn -0.969658 -0.192065 -0.151242
vn 0.866213 0.000008 -0.499674
vn 0.584673 0.209789 -0.783675
vn -0.866213 -0.000008 0.499674
vn -0.584673 -0.209789 0.783675
vn 0.000000 0.000000 1.000000
vn -0.308232 -0.160328 0.937703
vn 0.000000 0.000000 -1.000000
vn 0.308232 0.160328 -0.937703
vn 0.865930 -0.000001 0.500165
vn 0.971165 0.184828 0.150592
vn -0.865930 0.000001 -0.500165
vn -0.971165 -0.184828 -0.150592
vn 0.866213 0.000008 -0.499674
vn 0.585220 0.201759 -0.785373
vn -0.866213 -0.000008 0.499674
vn -0.585220 -0.201759 0.785373
vn 0.000000 0.000000 1.000000
vn -0.304428 -0.181874 0.935011
vn 0.000000 0.000000 -1.000000
vn 0.304428 0.181874 -0.935011
vn 0.865930 -0.000002 0.500165
vn 0.965790 0.209569 0.152741
vn -0.865930 0.000002 -0.500165
vn -0.965790 -0.209569 -0.152741
vn 0.866236 -0.000007 -0.499635
vn 0.583184 0.229229 -0.779327
vn -0.866236 0.000007 0.499635
vn -0.583184 -0.229229 0.779327
vn 0.000000 0.000000 1.000000
vn -0.289840 -0.257156 0.921881
vn 0.000000 0.000000 -1.000000
vn 0.289840 0.257156 -0.921881
vn 0.865922 -0.000017 0.500179
vn 0.941960 0.295316 0.159689
vn -0.865922 0.000017 -0.500179
vn -0.941960 -0.295316 -0.159689
vn 0.866236 -0.000010 -0.499635
vn 0.572286 0.324963 -0.752920
vn -0.866236 0.000010 0.499635
vn -0.572286 -0.324963 0.752920
vn 0.000000 0.000000 1.000000
vn -0.288926 -0.261634 0.920907
vn 0.000000 0.000000 -1.000000
vn 0.288926 0.261634 -0.920907
vn 0.865922 -0.000017 0.500179
vn 0.940301 0.300336 0.160098
vn -0.865922 0.000017 -0.500179
vn -0.940301 -0.300336 -0.160098
vn 0.866222 0.000016 -0.499660
vn 0.571453 0.330610 -0.751091
vn -0.866222 -0.000016 0.499660
vn -0.571453 -0.330610 0.751091
vn 0.000000 0.000000 1.000000
vn -0.300757 -0.201840 0.932098
vn 0.000000 0.000000 -1.000000
vn 0.300757 0.201840 -0.932098
vn 0.865930 -0.000002 0.500165
vn 0.960235 0.232377 0.154758
vn -0.865930 0.000002 -0.500165
vn -0.960235 -0.232377 -0.154758
vn 0.866228 -0.000009 -0.499649
vn 0.580881 0.254649 -0.773131
vn -0.866228 0.000009 0.499649
vn -0.580881 -0.254649 0.773131
vn 0.000000 0.000000 1.000000
vn -0.301416 -0.198300 0.932644
vn 0.000000 0.000000 -1.000000
vn 0.301416 0.198300 -0.932644
vn 0.865930 -0.000002 0.500165
vn 0.961259 0.228333 0.154419
vn -0.865930 0.000002 -0.500165
vn -0.961259 -0.228333 -0.154419
vn 0.866228 -0.000009 -0.499649
vn 0.581322 0.250141 -0.774270
vn -0.866228 0.000009 0.499649
vn -0.581322 -0.250141 0.774270
vn 0.000000 0.000000 1.000000
vn -0.286089 -0.274919 0.917918
vn 0.000000 0.000000 -1.000000
vn 0.286089 0.274919 -0.917918
vn 0.865930 -0.000003 0.500165
vn 0.935184 0.315364 0.161172
vn -0.865930 0.000003 -0.500165
vn -0.935184 -0.315364 -0.161172
vn 0.866213 -0.000018 -0.499674
vn 0.568780 0.347430 -0.745508
vn -0.866213 0.000018 0.499674
vn -0.568780 -0.347430 0.745508
vn 0.000000 0.000000 1.000000
vn -0.304970 -0.178866 0.935415
vn 0.000000 0.000000 -1.000000
vn 0.304970 0.178866 -0.935415
vn 0.865930 -0.000002 0.500165
vn 0.966577 0.206093 0.152495
vn -0.865930 0.000002 -0.500165
vn -0.966577 -0.206093 -0.152495
vn 0.866228 -0.000008 -0.499649
vn 0.583503 0.225376 -0.780212
vn -0.866228 0.000008 0.499649
vn -0.583503 -0.225376 0.780212
vn 0.000000 0.000000 1.000000
vn -0.307509 -0.164478 0.937222
vn 0.000000 0.000000 -1.000000
vn 0.307509 0.164478 -0.937222
vn 0.865930 -0.000001 0.500165
vn 0.970182 0.189620 0.150970
vn -0.865930 0.000001 -0.500165
vn -0.970182 -0.189620 -0.150970
vn 0.866228 -0.000007 -0.499649
vn 0.584850 0.207056 -0.784269
vn -0.866228 0.000007 0.499649
vn -0.584850 -0.207056 0.784269
vn 0.000000 0.000000 1.000000
vn -0.302825 -0.190729 0.933766
vn 0.000000 0.000000 -1.000000
vn 0.302825 0.190729 -0.933766
vn 0.865930 -0.000014 0.500165
vn 0.963396 0.219679 0.153654
vn -0.865930 0.000014 -0.500165
vn -0.963396 -0.219679 -0.153654
vn 0.866222 0.000011 -0.499660
vn 0.582249 0.240485 -0.776629
vn -0.866222 -0.000011 0.499660
vn -0.582249 -0.240485 0.776629
vn 0.000000 0.000000 1.000000
vn -0.297308 -0.220030 0.929083
vn 0.000000 0.000000 -1.000000
vn 0.297308 0.220030 -0.929083
vn 0.865930 0.000023 0.500165
vn 0.954693 0.253129 0.156482
vn -0.865930 -0.000023 -0.500165
vn -0.954693 -0.253129 -0.156482
vn 0.866222 -0.000012 -0.499660
vn 0.578409 0.277801 -0.766988
vn -0.866222 0.000012 0.499660
vn -0.578409 -0.277801 0.766988
vn 0.000000 0.000000 1.000000
vn -0.285527 -0.277654 0.917269
vn 0.000000 0.000000 -1.000000
vn 0.285527 0.277654 -0.917269
vn 0.865930 -0.000003 0.500165
vn 0.934112 0.318401 0.161417
vn -0.865930 0.000003 -0.500165
vn -0.934112 -0.318401 -0.161417
vn 0.866213 0.000015 -0.499674
vn 0.568229 0.350864 -0.744319
vn -0.866213 -0.000015 0.499674
vn -0.568229 -0.350864 0.744319
vn 0.000000 0.000000 1.000000
vn -0.309110 -0.155237 0.938271
vn 0.000000 0.000000 -1.000000
vn 0.309110 0.155237 -0.938271
vn 0.865930 -0.000011 0.500165
vn 0.972348 0.179010 0.149983
vn -0.865930 0.000011 -0.500165
vn -0.972348 -0.179010 -0.149983
vn 0.866236 -0.000005 -0.499635
vn 0.585646 0.195280 -0.786692
vn -0.866236 0.000005 0.499635
vn -0.585646 -0.195280 0.786692
vn 0.000000 0.000000 1.000000
vn -0.309382 -0.153658 0.938441
vn 0.000000 0.000000 -1.000000
vn 0.309382 0.153658 -0.938441
vn 0.865930 -0.000001 0.500165
vn 0.972701 0.177166 0.149884
vn -0.865930 0.000001 -0.500165
vn -0.972701 -0.177166 -0.149884
vn 0.866228 -0.000007 -0.499649
vn 0.585748 0.193264 -0.787114
vn -0.866228 0.000007 0.499649
vn -0.585748 -0.193264 0.787114
vn 0.000000 0.000000 1.000000
vn -0.307722 -0.163307 0.937357
vn 0.000000 0.000000 -1.000000
vn 0.307722 0.163307 -0.937357
vn 0.865930 0.000017 0.500165
vn 0.970455 0.188252 0.150928
vn -0.865930 -0.000017 -0.500165
vn -0.970455 -0.188252 -0.150928
vn 0.866213 -0.000010 -0.499674
vn 0.584937 0.205556 -0.784599
vn -0.866213 0.000010 0.499674
vn -0.584937 -0.205556 0.784599
vn 0.000000 0.000000 1.000000
vn -0.294307 -0.235298 0.926293
vn 0.000000 0.000000 -1.000000
vn 0.294307 0.235298 -0.926293
vn 0.865930 0.000009 0.500165
vn 0.949691 0.270501 0.157851
vn -0.865930 -0.000009 -0.500165
vn -0.949691 -0.270501 -0.157851
vn 0.866222 -0.000013 -0.499660
vn 0.576062 0.297214 -0.761457
vn -0.866222 0.000013 0.499660
vn -0.576062 -0.297214 0.761457
vn 0.000000 0.000000 1.000000
vn -0.305765 -0.174414 0.935995
vn 0.000000 0.000000 -1.000000
vn 0.305765 0.174414 -0.935995
vn 0.865930 -0.000001 0.500165
vn 0.967722 0.200990 0.152043
vn -0.865930 0.000001 -0.500165
vn -0.967722 -0.200990 -0.152043
vn 0.866222 0.000010 -0.499660
vn 0.583958 0.219712 -0.781485
vn -0.866222 -0.000010 0.499660
vn -0.583958 -0.219712 0.781485
vn 0.000000 0.000000 1.000000
vn -0.301405 -0.198359 0.932635
vn 0.000000 0.000000 -1.000000
vn 0.301405 0.198359 -0.932635
vn 0.865930 0.000021 0.500165
vn 0.961236 0.228405 0.154457
vn -0.865930 -0.000021 -0.500165
vn -0.961236 -0.228405 -0.154457
vn 0.866213 -0.000012 -0.499674
vn 0.581288 0.250221 -0.774270
vn -0.866213 0.000012 0.499674
vn -0.581288 -0.250221 0.774270
vn 0.000000 0.000000 1.000000
vn -0.298609 -0.213250 0.930246
vn 0.000000 0.000000 -1.000000
vn 0.298609 0.213250 -0.930246
vn 0.865930 -0.000016 0.500165
vn 0.956818 0.245403 0.155812
vn -0.865930 0.000016 -0.500165
vn -0.956818 -0.245403 -0.155812
vn 0.866236 -0.000008 -0.499635
vn 0.579400 0.269169 -0.769313
vn -0.866236 0.000008 0.499635
vn -0.579400 -0.269169 0.769313
vn 0.000000 0.000000 1.000000
vn -0.290342 -0.254817 0.922372
vn 0.000000 0.000000 -1.000000
vn 0.290342 0.254817 -0.922372
vn 0.865916 0.000002 0.500190
vn 0.942819 0.292627 0.159567
vn -0.865916 -0.000002 -0.500190
vn -0.942819 -0.292627 -0.159567
vn 0.866213 0.000013 -0.499674
vn 0.572691 0.321985 -0.753890
vn -0.866213 -0.000013 0.499674
vn -0.572691 -0.321985 0.753890
vn 0.000000 0.000000 1.000000
vn -0.292778 -0.242879 0.924819
vn 0.000000 0.000000 -1.000000
vn 0.292778 0.242879 -0.924819
vn 0.865930 -0.000018 0.500165
vn 0.947089 0.279140 0.158441
vn -0.865930 0.000018 -0.500165
vn -0.947089 -0.279140 -0.158441
vn 0.866236 -0.000009 -0.499635
vn 0.574816 0.306852 -0.758570
vn -0.866236 0.000009 0.499635
vn -0.574816 -0.306852 0.758570
vn 0.000000 0.000000 1.000000
vn -0.308667 -0.157783 0.937992
vn 0.000000 0.000000 -1.000000
vn 0.308667 0.157783 -0.937992
vn 0.865930 -0.000001 0.500165
vn 0.971757 0.181905 0.150330
vn -0.865930 0.000001 -0.500165
vn -0.971757 -0.181905 -0.150330
vn 0.866222 0.000009 -0.499660
vn 0.585466 0.198514 -0.786016
vn -0.866222 -0.000009 0.499660
vn -0.585466 -0.198514 0.786016
vn 0.000000 0.000000 1.000000
vn -0.293127 -0.241035 0.925191
vn 0.000000 0.000000 -1.000000
vn 0.293127 0.241035 -0.925191
vn 0.865922 -0.000016 0.500179
vn 0.947726 0.277012 0.158366
vn -0.865922 0.000016 -0.500179
vn -0.947726 -0.277012 -0.158366
vn 0.866222 0.000015 -0.499660
vn 0.575159 0.304507 -0.759255
vn -0.866222 -0.000015 0.499660
vn -0.575159 -0.304507 0.759255
vn 0.000000 0.000000 1.000000
vn -0.303540 -0.186810 0.934326
vn 0.000000 0.000000 -1.000000
vn 0.303540 0.186810 -0.934326
vn 0.865930 0.000007 0.500165
vn 0.964463 0.215199 0.153301
vn -0.865930 -0.000007 -0.500165
vn -0.964463 -0.215199 -0.153301
vn 0.866222 -0.000010 -0.499660
vn 0.582664 0.235496 -0.777846
vn -0.866222 0.000010 0.499660
vn -0.582664 -0.235496 0.777846
vn 0.000000 0.000000 1.000000
vn -0.289507 -0.258751 0.921539
vn 0.000000 0.000000 -1.000000
vn 0.289507 0.258751 -0.921539
vn 0.865930 -0.000020 0.500165
vn 0.941374 0.297078 0.159874
vn -0.865930 0.000020 -0.500165
vn -0.941374 -0.297078 -0.159874
vn 0.866222 0.000016 -0.499660
vn 0.572008 0.326969 -0.752262
vn -0.866222 -0.000016 0.499660
vn -0.572008 -0.326969 0.752262
vn 0.000000 0.000000 1.000000
vn -0.308831 -0.156817 0.938100
vn 0.000000 0.000000 -1.000000
vn 0.308831 0.156817 -0.938100
vn 0.865922 -0.000010 0.500179
vn 0.971980 0.180800 0.150222
vn -0.865922 0.000010 -0.500179
vn -0.971980 -0.180800 -0.150222
vn 0.866222 0.000009 -0.499660
vn 0.585544 0.197285 -0.786267
vn -0.866222 -0.000009 0.499660
vn -0.585544 -0.197285 0.786267
vn 0.000000 0.000000 1.000000
vn -0.296976 -0.221734 0.928784
vn 0.000000 0.000000 -1.000000
vn 0.296976 0.221734 -0.928784
vn 0.865930 -0.000002 0.500165
vn 0.954157 0.255065 0.156609
vn -0.865930 0.000002 -0.500165
vn -0.954157 -0.255065 -0.156609
vn 0.866228 -0.000010 -0.499649
vn 0.578152 0.279971 -0.766392
vn -0.866228 0.000010 0.499649
vn -0.578152 -0.279971 0.766392
vn 0.000000 0.000000 1.000000
vn -0.304519 -0.181333 0.935086
vn 0.000000 0.000000 -1.000000
vn 0.304519 0.181333 -0.935086
vn 0.865907 -0.000008 0.500204
vn 0.965923 0.208924 0.152783
vn -0.865907 0.000008 -0.500204
vn -0.965923 -0.208924 -0.152783
vn 0.866222 0.000011 -0.499660
vn 0.583263 0.228532 -0.779472
vn -0.866222 -0.000011 0.499660
vn -0.583263 -0.228532 0.779472
vn 0.000000 0.000000 1.000000
vn -0.302582 -0.192056 0.933573
vn 0.000000 0.000000 -1.000000
vn 0.302582 0.192056 -0.933573
vn 0.865922 -0.000012 0.500179
vn 0.963026 0.221193 0.153798
vn -0.865922 0.000012 -0.500179
vn -0.963026 -0.221193 -0.153798
vn 0.866236 -0.000007 -0.499635
vn 0.582072 0.242191 -0.776232
vn -0.866236 0.000007 0.499635
vn -0.582072 -0.242191 0.776232
vn 0.000000 0.000000 1.000000
vn -0.296078 -0.226353 0.927956
vn 0.000000 0.000000 -1.000000
vn 0.296078 0.226353 -0.927956
vn 0.865930 -0.000017 0.500165
vn 0.952668 0.260363 0.156957
vn -0.865930 0.000017 -0.500165
vn -0.952668 -0.260363 -0.156957
vn 0.866222 -0.000012 -0.499660
vn 0.577466 0.285842 -0.764740
vn -0.866222 0.000012 0.499660
vn -0.577466 -0.285842 0.764740
vn 0.000000 0.000000 1.000000
vn -0.300218 -0.204754 0.931636
vn 0.000000 0.000000 -1.000000
vn 0.300218 0.204754 -0.931636
vn 0.865930 -0.000002 0.500165
vn 0.959380 0.235705 0.155028
vn -0.865930 0.000002 -0.500165
vn -0.959380 -0.235705 -0.155028
vn 0.866222 0.000012 -0.499660
vn 0.580515 0.258368 -0.772171
vn -0.866222 -0.000012 0.499660
vn -0.580515 -0.258368 0.772171
vn 0.000000 0.000000 1.000000
vn -0.290770 -0.252672 0.922827
vn 0.000000 0.000000 -1.000000
vn 0.290770 0.252672 -0.922827
vn 0.865930 0.000027 0.500165
vn 0.943598 0.290199 0.159399
vn -0.865930 -0.000027 -0.500165
vn -0.943598 -0.290199 -0.159399
vn 0.866222 -0.000014 -0.499660
vn 0.573072 0.319289 -0.754747
vn -0.866222 0.000014 0.499660
vn -0.573072 -0.319289 0.754747
vn 0.000000 0.000000 1.000000
vn -0.291661 -0.248400 0.923705
vn 0.000000 0.000000 -1.000000
vn 0.291661 0.248400 -0.923705
vn 0.865916 0.000002 0.500190
vn 0.945137 0.285361 0.159016
vn -0.865916 -0.000002 -0.500190
vn -0.945137 -0.285361 -0.159016
vn 0.866222 0.000015 -0.499660
vn 0.573877 0.313842 -0.756418
vn -0.866222 -0.000015 0.499660
vn -0.573877 -0.313842 0.756418
vn 0.000000 0.000000 1.000000
vn -0.304133 -0.183460 0.934797
vn 0.000000 0.000000 -1.000000
vn 0.304133 0.183460 -0.934797
vn 0.865916 0.000002 0.500190
vn 0.965359 0.211360 0.152998
vn -0.865916 -0.000002 -0.500190
vn -0.965359 -0.211360 -0.152998
vn 0.866213 0.000009 -0.499674
vn 0.583027 0.231233 -0.778852
vn -0.866213 -0.000009 0.499674
vn -0.583027 -0.231233 0.778852
vn 0.000000 0.000000 1.000000
vn -0.303285 -0.188160 0.934138
vn 0.000000 0.000000 -1.000000
vn 0.303285 0.188160 -0.934138
vn 0.865922 -0.000012 0.500179
vn 0.964099 0.216741 0.153417
vn -0.865922 0.000012 -0.500179
vn -0.964099 -0.216741 -0.153417
vn 0.866236 -0.000007 -0.499635
vn 0.582546 0.237216 -0.777412
vn -0.866236 0.000007 0.499635
vn -0.582546 -0.237216 0.777412
vn 0.000000 0.000000 1.000000
vn -0.289763 -0.257563 0.921791
vn 0.000000 0.000000 -1.000000
vn 0.289763 0.257563 -0.921791
vn 0.865930 0.000028 0.500165
vn 0.941808 0.295733 0.159810
vn -0.865930 -0.000028 -0.500165
vn -0.941808 -0.295733 -0.159810
vn 0.866213 -0.000017 -0.499674
vn 0.572164 0.325473 -0.752792
vn -0.866213 0.000017 0.499674
vn -0.572164 -0.325473 0.752792
vn 0.000000 0.000000 1.000000
vn -0.300321 -0.204153 0.931734
vn 0.000000 0.000000 -1.000000
vn 0.300321 0.204153 -0.931734
vn 0.865930 -0.000015 0.500165
vn 0.959557 0.235023 0.154967
vn -0.865930 0.000015 -0.500165
vn -0.959557 -0.235023 -0.154967
vn 0.866222 0.000012 -0.499660
vn 0.580623 0.257590 -0.772350
vn -0.866222 -0.000012 0.499660
vn -0.580623 -0.257590 0.772350
vn 0.000000 0.000000 1.000000
vn -0.298659 -0.212911 0.930307
vn 0.000000 0.000000 -1.000000
vn 0.298659 0.212911 -0.930307
vn 0.865922 0.000010 0.500179
vn 0.956912 0.245017 0.155843
vn -0.865922 -0.000010 -0.500179
vn -0.956912 -0.245017 -0.155843
vn 0.866222 -0.000011 -0.499660
vn 0.579404 0.268763 -0.769452
vn -0.866222 0.000011 0.499660
vn -0.579404 -0.268763 0.769452
vn 0.000000 0.000000 1.000000
vn -0.307967 -0.161898 0.937521
vn 0.000000 0.000000 -1.000000
vn 0.307967 0.161898 -0.937521
vn 0.865930 0.000006 0.500165
vn 0.970791 0.186637 0.150767
vn -0.865930 -0.000006 -0.500165
vn -0.970791 -0.186637 -0.150767
vn 0.866222 -0.000008 -0.499660
vn 0.585093 0.203755 -0.784952
vn -0.866222 0.000008 0.499660
vn -0.585093 -0.203755 0.784952
vn 0.000000 0.000000 1.000000
vn -0.289421 -0.259247 0.921426
vn 0.000000 0.000000 -1.000000
vn 0.289421 0.259247 -0.921426
vn 0.865922 -0.000017 0.500179
vn 0.941192 0.297639 0.159901
vn -0.865922 0.000017 -0.500179
vn -0.941192 -0.297639 -0.159901
vn 0.866222 0.000016 -0.499660
vn 0.571906 0.327589 -0.752070
vn -0.866222 -0.000016 0.499660
vn -0.571906 -0.327589 0.752070
vn 0.000000 0.000000 1.000000
vn -0.309262 -0.154338 0.938369
vn 0.000000 0.000000 -1.000000
vn 0.309262 0.154338 -0.938369
vn 0.865930 -0.000011 0.500165
vn 0.972548 0.177951 0.149947
vn -0.865930 0.000011 -0.500165
vn -0.972548 -0.177951 -0.149947
vn 0.866222 0.000009 -0.499660
vn 0.585734 0.194126 -0.786912
vn -0.866222 -0.000009 0.499660
vn -0.585734 -0.194126 0.786912
vn 0.000000 0.000000 1.000000
vn -0.287507 -0.268354 0.919416
vn 0.000000 0.000000 -1.000000
vn 0.287507 0.268354 -0.919416
vn 0.865930 0.000029 0.500165
vn 0.937741 0.307923 0.160701
vn -0.865930 -0.000029 -0.500165
vn -0.937741 -0.307923 -0.160701
vn 0.866222 -0.000015 -0.499660
vn 0.570101 0.339138 -0.748312
vn -0.866222 0.000015 0.499660
vn -0.570101 -0.339138 0.748312
vn 0.000000 0.000000 1.000000
vn -0.286759 -0.271886 0.918612
vn 0.000000 0.000000 -1.000000
vn 0.286759 0.271886 -0.918612
vn 0.865930 -0.000021 0.500165
vn 0.936383 0.311907 0.160940
vn -0.865930 0.000021 -0.500165
vn -0.936383 -0.311907 -0.160940
vn 0.866222 0.000017 -0.499660
vn 0.569446 0.343574 -0.746785
vn -0.866222 -0.000017 0.499660
vn -0.569446 -0.343574 0.746785
vn 0.000000 0.000000 1.000000
vn -0.308697 -0.157653 0.938004
vn 0.000000 0.000000 -1.000000
vn 0.308697 0.157653 -0.938004
vn 0.865930 -0.000001 0.500165
vn 0.971788 0.181756 0.150308
vn -0.865930 0.000001 -0.500165
vn -0.971788 -0.181756 -0.150308
vn 0.866222 0.000009 -0.499660
vn 0.585448 0.198359 -0.786069
vn -0.866222 -0.000009 0.499660
vn -0.585448 -0.198359 0.786069
vn 0.000000 0.000000 1.000000
vn -0.301434 -0.198240 0.932651
vn 0.000000 0.000000 -1.000000
vn 0.301434 0.198240 -0.932651
vn 0.865930 0.000021 0.500165
vn 0.961271 0.228268 0.154438
vn -0.865930 -0.000021 -0.500165
vn -0.961271 -0.228268 -0.154438
vn 0.866213 -0.000012 -0.499674
vn 0.581299 0.250066 -0.774311
vn -0.866213 0.000012 0.499674
vn -0.581299 -0.250066 0.774311
vn 0.000000 0.000000 1.000000
vn -0.287184 -0.269930 0.919055
vn 0.000000 0.000000 -1.000000
vn 0.287184 0.269930 -0.919055
vn 0.865930 0.000011 0.500165
vn 0.937136 0.309707 0.160802
vn -0.865930 -0.000011 -0.500165
vn -0.937136 -0.309707 -0.160802
vn 0.866222 -0.000015 -0.499660
vn 0.569807 0.341105 -0.747641
vn -0.866222 0.000015 0.499660
vn -0.569807 -0.341105 0.747641
vn 0.000000 0.000000 1.000000
vn -0.300227 -0.204700 0.931645
vn 0.000000 0.000000 -1.000000
vn 0.300227 0.204700 -0.931645
vn 0.865930 -0.000002 0.500165
vn 0.959396 0.235676 0.154968
vn -0.865930 0.000002 -0.500165
vn -0.959396 -0.235676 -0.154968
vn 0.866213 -0.000013 -0.499674
vn 0.580485 0.258295 -0.772218
vn -0.866213 0.000013 0.499674
vn -0.580485 -0.258295 0.772218
vn 0.000000 0.000000 1.000000
vn -0.294139 -0.236000 0.926167
vn 0.000000 0.000000 -1.000000
vn 0.294139 0.236000 -0.926167
vn 0.865907 -0.000011 0.500204
vn 0.949446 0.271295 0.157959
vn -0.865907 0.000011 -0.500204
vn -0.949446 -0.271295 -0.157959
vn 0.866222 0.000014 -0.499660
vn 0.575965 0.298130 -0.761172
vn -0.866222 -0.000014 0.499660
vn -0.575965 -0.298130 0.761172
vn 0.000000 0.000000 1.000000
vn -0.291852 -0.247497 0.923887
vn 0.000000 0.000000 -1.000000
vn 0.291852 0.247497 -0.923887
vn 0.865930 -0.000002 0.500165
vn 0.945467 0.284331 0.158899
vn -0.865930 0.000002 -0.500165
vn -0.945467 -0.284331 -0.158899
vn 0.866222 0.000015 -0.499660
vn 0.574007 0.312712 -0.756787
vn -0.866222 -0.000015 0.499660
vn -0.574007 -0.312712 0.756787
vn 0.000000 0.000000 1.000000
vn -0.308529 -0.158548 0.937908
vn 0.000000 0.000000 -1.000000
vn 0.308529 0.158548 -0.937908
vn 0.865922 -0.000010 0.500179
vn 0.971578 0.182785 0.150417
vn -0.865922 0.000010 -0.500179
vn -0.971578 -0.182785 -0.150417
vn 0.866222 0.000009 -0.499660
vn 0.585384 0.199503 -0.785827
vn -0.866222 -0.000009 0.499660
vn -0.585384 -0.199503 0.785827
vn 0.000000 0.000000 1.000000
vn -0.309192 -0.154711 0.938331
vn 0.000000 0.000000 -1.000000
vn 0.309192 0.154711 -0.938331
vn 0.865930 -0.000001 0.500165
vn 0.972460 0.178377 0.150008
vn -0.865930 0.000001 -0.500165
vn -0.972460 -0.178377 -0.150008
vn 0.866236 -0.000005 -0.499635
vn 0.585685 0.194616 -0.786827
vn -0.866236 0.000005 0.499635
vn -0.585685 -0.194616 0.786827
vn 0.000000 0.000000 1.000000
vn -0.306921 -0.167839 0.936819
vn 0.000000 0.000000 -1.000000
vn 0.306921 0.167839 -0.936819
vn 0.865930 -0.000001 0.500165
vn 0.969365 0.193477 0.151319
vn -0.865930 0.000001 -0.500165
vn -0.969365 -0.193477 -0.151319
vn 0.866222 -0.000009 -0.499660
vn 0.584578 0.211326 -0.783333
vn -0.866222 0.000009 0.499660
vn -0.584578 -0.211326 0.783333
vn 0.000000 0.000000 1.000000
vn -0.307643 -0.163777 0.937301
vn 0.000000 0.000000 -1.000000
vn 0.307643 0.163777 -0.937301
vn 0.865930 0.000006 0.500165
vn 0.970344 0.188794 0.150960
vn -0.865930 -0.000006 -0.500165
vn -0.970344 -0.188794 -0.150960
vn 0.866222 -0.000009 -0.499660
vn 0.584931 0.206148 -0.784448
vn -0.866222 0.000009 0.499660
vn -0.584931 -0.206148 0.784448
vn 0.000000 0.000000 1.000000
vn -0.307669 -0.163534 0.937335
vn 0.000000 0.000000 -1.000000
vn 0.307669 0.163534 -0.937335
vn 0.865930 -0.000001 0.500165
vn 0.970403 0.188509 0.150935
vn -0.865930 0.000001 -0.500165
vn -0.970403 -0.188509 -0.150935
vn 0.866222 0.000010 -0.499660
vn 0.584988 0.205840 -0.784486
vn -0.866222 -0.000010 0.499660
vn -0.584988 -0.205840 0.784486
vn 0.000000 0.000000 1.000000
vn -0.303088 -0.189281 0.933976
vn 0.000000 0.000000 -1.000000
vn 0.303088 0.189281 -0.933976
vn 0.865930 -0.000002 0.500165
vn 0.963793 0.218019 0.153529
vn -0.865930 0.000002 -0.500165
vn -0.963793 -0.218019 -0.153529
vn 0.866222 0.000011 -0.499660
vn 0.582391 0.238656 -0.777087
vn -0.866222 -0.000011 0.499660
vn -0.582391 -0.238656 0.777087
vn 0.000000 0.000000 1.000000
vn -0.303587 -0.186510 0.934371
vn 0.000000 0.000000 -1.000000
vn 0.303587 0.186510 -0.934371
vn 0.865930 -0.000002 0.500165
vn 0.964547 0.214847 0.153262
vn -0.865930 0.000002 -0.500165
vn -0.964547 -0.214847 -0.153262
vn 0.866222 0.000011 -0.499660
vn 0.582704 0.235127 -0.777927
vn -0.866222 -0.000011 0.499660
vn -0.582704 -0.235127 0.777927
vn 0.000000 0.000000 1.000000
vn -0.306255 -0.171630 0.936350
vn 0.000000 0.000000 -1.000000
vn 0.306255 0.171630 -0.936350
vn 0.865930 -0.000001 0.500165
vn 0.968427 0.197826 0.151706
vn -0.865930 0.000001 -0.500165
vn -0.968427 -0.197826 -0.151706
vn 0.866236 -0.000006 -0.499635
vn 0.584210 0.216176 -0.782283
vn -0.866236 0.000006 0.499635
vn -0.584210 -0.216176 0.782283
vn 0.000000 0.000000 1.000000
vn -0.301454 -0.198172 0.932659
vn 0.000000 0.000000 -1.000000
vn 0.301454 0.198172 -0.932659
vn 0.865930 -0.000002 0.500165
vn 0.961299 0.228185 0.154390
vn -0.865930 0.000002 -0.500165
vn -0.961299 -0.228185 -0.154390
vn 0.866222 0.000012 -0.499660
vn 0.581341 0.249982 -0.774307
vn -0.866222 -0.000012 0.499660
vn -0.581341 -0.249982 0.774307
vn 0.000000 0.000000 1.000000
vn -0.296577 -0.223742 0.928430
vn 0.000000 0.000000 -1.000000
vn 0.296577 0.223742 -0.928430
vn 0.865930 -0.000002 0.500165
vn 0.953510 0.257387 0.156746
vn -0.865930 0.000002 -0.500165
vn -0.953510 -0.257387 -0.156746
vn 0.866236 -0.000008 -0.499635
vn 0.577850 0.282552 -0.765672
vn -0.866236 0.000008 0.499635
vn -0.577850 -0.282552 0.765672
vn 0.000000 0.000000 1.000000
vn -0.306829 -0.168377 0.936753
vn 0.000000 0.000000 -1.000000
vn 0.306829 0.168377 -0.936753
vn 0.865922 -0.000011 0.500179
vn 0.969231 0.194071 0.151419
vn -0.865922 0.000011 -0.500179
vn -0.969231 -0.194071 -0.151419
vn 0.866236 -0.000006 -0.499635
vn 0.584554 0.212007 -0.783166
vn -0.866236 0.000006 0.499635
vn -0.584554 -0.212007 0.783166
vn 0.000000 0.000000 1.000000
vn -0.305865 -0.173857 0.936067
vn 0.000000 0.000000 -1.000000
vn 0.305865 0.173857 -0.936067
vn 0.865930 -0.000013 0.500165
vn 0.967868 0.200384 0.151915
vn -0.865930 0.000013 -0.500165
vn -0.967868 -0.200384 -0.151915
vn 0.866236 -0.000006 -0.499635
vn 0.584018 0.218998 -0.781641
vn -0.866236 0.000006 0.499635
vn -0.584018 -0.218998 0.781641
vn 0.000000 0.000000 1.000000
vn -0.290269 -0.255122 0.922311
vn 0.000000 0.000000 -1.000000
vn 0.290269 0.255122 -0.922311
vn 0.865930 -0.000002 0.500165
vn 0.942713 0.292967 0.159572
vn -0.865930 0.000002 -0.500165
vn -0.942713 -0.292967 -0.159572
vn 0.866236 -0.000010 -0.499635
vn 0.572651 0.322387 -0.753749
vn -0.866236 0.000010 0.499635
vn -0.572651 -0.322387 0.753749
vn 0.000000 0.000000 1.000000
vn -0.297160 -0.220657 0.928981
vn 0.000000 0.000000 -1.000000
vn 0.297160 0.220657 -0.928981
vn 0.865930 0.000023 0.500165
vn 0.954489 0.253845 0.156570
vn -0.865930 -0.000023 -0.500165
vn -0.954489 -0.253845 -0.156570
vn 0.866222 -0.000012 -0.499660
vn 0.578332 0.278609 -0.766753
vn -0.866222 0.000012 0.499660
vn -0.578332 -0.278609 0.766753
vn 0.000000 0.000000 1.000000
vn -0.292341 -0.244971 0.924406
vn 0.000000 0.000000 -1.000000
vn 0.292341 0.244971 -0.924406
vn 0.865930 0.000010 0.500165
vn 0.946349 0.281480 0.158725
vn -0.865930 -0.000010 -0.500165
vn -0.946349 -0.281480 -0.158725
vn 0.866222 -0.000013 -0.499660
vn 0.574457 0.309504 -0.757764
vn -0.866222 0.000013 0.499660
vn -0.574457 -0.309504 0.757764
vn 0.000000 0.000000 1.000000
vn -0.302339 -0.193321 0.933391
vn 0.000000 0.000000 -1.000000
vn 0.302339 0.193321 -0.933391
vn 0.865930 -0.000002 0.500165
vn 0.962673 0.222672 0.153877
vn -0.865930 0.000002 -0.500165
vn -0.962673 -0.222672 -0.153877
vn 0.866236 -0.000007 -0.499635
vn 0.581912 0.243818 -0.775842
vn -0.866236 0.000007 0.499635
vn -0.581912 -0.243818 0.775842
vn 0.000000 0.000000 1.000000
vn -0.304937 -0.179032 0.935393
vn 0.000000 0.000000 -1.000000
vn 0.304937 0.179032 -0.935393
vn 0.865930 0.000007 0.500165
vn 0.966529 0.206291 0.152533
vn -0.865930 -0.000007 -0.500165
vn -0.966529 -0.206291 -0.152533
vn 0.866222 -0.000009 -0.499660
vn 0.583496 0.225588 -0.780155
vn -0.866222 0.000009 0.499660
vn -0.583496 -0.225588 0.780155
vn 0.000000 0.000000 1.000000
vn -0.301810 -0.196270 0.932946
vn 0.000000 0.000000 -1.000000
vn 0.301810 0.196270 -0.932946
vn 0.865922 -0.000013 0.500179
vn 0.961842 0.226012 0.154203
vn -0.865922 0.000013 -0.500179
vn -0.961842 -0.226012 -0.154203
vn 0.866222 0.000012 -0.499660
vn 0.581570 0.247559 -0.774913
vn -0.866222 -0.000012 0.499660
vn -0.581570 -0.247559 0.774913
vn 0.000000 0.000000 1.000000
vn -0.294961 -0.231909 0.926939
vn 0.000000 0.000000 -1.000000
vn 0.294961 0.231909 -0.926939
vn 0.865930 -0.000002 0.500165
vn 0.950830 0.266679 0.157497
vn -0.865930 0.000002 -0.500165
vn -0.950830 -0.266679 -0.157497
vn 0.866222 -0.000013 -0.499660
vn 0.576590 0.292933 -0.762715
vn -0.866222 0.000013 0.499660
vn -0.576590 -0.292933 0.762715
vn 0.000000 0.000000 1.000000
vn -0.299704 -0.207438 0.931207
vn 0.000000 0.000000 -1.000000
vn 0.299704 0.207438 -0.931207
vn 0.865930 0.000022 0.500165
vn 0.958573 0.238774 0.155323
vn -0.865930 -0.000022 -0.500165
vn -0.958573 -0.238774 -0.155323
vn 0.866222 0.000012 -0.499660
vn 0.580168 0.261790 -0.771279
vn -0.866222 -0.000012 0.499660
vn -0.580168 -0.261790 0.771279
vn 0.000000 0.000000 1.000000
vn -0.301086 -0.200101 0.932366
vn 0.000000 0.000000 -1.000000
vn 0.301086 0.200101 -0.932366
vn 0.865907 -0.000009 0.500204
vn 0.960735 0.230395 0.154618
vn -0.865907 0.000009 -0.500204
vn -0.960735 -0.230395 -0.154618
vn 0.866222 0.000012 -0.499660
vn 0.581108 0.252443 -0.773683
vn -0.866222 -0.000012 0.499660
vn -0.581108 -0.252443 0.773683
vn 0.000000 0.000000 1.000000
vn -0.302087 -0.194683 0.933189
vn 0.000000 0.000000 -1.000000
vn 0.302087 0.194683 -0.933189
vn 0.865922 -0.000012 0.500179
vn 0.962288 0.224198 0.154067
vn -0.865922 0.000012 -0.500179
vn -0.962288 -0.224198 -0.154067
vn 0.866222 0.000012 -0.499660
vn 0.581769 0.245542 -0.775405
vn -0.866222 -0.000012 0.499660
vn -0.581769 -0.245542 0.775405
vn 0.000000 0.000000 1.000000
vn -0.307799 -0.162864 0.937409
vn 0.000000 0.000000 -1.000000
vn 0.307799 0.162864 -0.937409
vn 0.865930 -0.000001 0.500165
vn 0.970570 0.187766 0.150792
vn -0.865930 0.000001 -0.500165
vn -0.970570 -0.187766 -0.150792
vn 0.866222 -0.000008 -0.499660
vn 0.584987 0.204998 -0.784707
vn -0.866222 0.000008 0.499660
vn -0.584987 -0.204998 0.784707
vn 0.000000 0.000000 1.000000
vn -0.308224 -0.160356 0.937701
vn 0.000000 0.000000 -1.000000
vn 0.308224 0.160356 -0.937701
vn 0.865922 -0.000010 0.500179
vn 0.971157 0.184861 0.150599
vn -0.865922 0.000010 -0.500179
vn -0.971157 -0.184861 -0.150599
vn 0.866222 0.000009 -0.499660
vn 0.585231 0.201804 -0.785353
vn -0.866222 -0.000009 0.499660
vn -0.585231 -0.201804 0.785353
vn 0.000000 0.000000 1.000000
vn -0.293206 -0.240712 0.925250
vn 0.000000 0.000000 -1.000000
vn 0.293206 0.240712 -0.925250
vn 0.865922 -0.000016 0.500179
vn 0.947839 0.276677 0.158276
vn -0.865922 0.000016 -0.500179
vn -0.947839 -0.276677 -0.158276
vn 0.866236 -0.000009 -0.499635
vn 0.575162 0.304123 -0.759406
vn -0.866236 0.000009 0.499635
vn -0.575162 -0.304123 0.759406
vn 0.000000 0.000000 1.000000
vn -0.302811 -0.190862 0.933744
vn 0.000000 0.000000 -1.000000
vn 0.302811 0.190862 -0.933744
vn 0.865930 -0.000002 0.500165
vn 0.963360 0.219826 0.153670
vn -0.865930 0.000002 -0.500165
vn -0.963360 -0.219826 -0.153670
vn 0.866213 0.000009 -0.499674
vn 0.582193 0.240656 -0.776619
vn -0.866213 -0.000009 0.499674
vn -0.582193 -0.240656 0.776619
vn 0.000000 0.000000 1.000000
vn -0.302347 -0.193336 0.933385
vn 0.000000 0.000000 -1.000000
vn 0.302347 0.193336 -0.933385
vn 0.865930 0.000008 0.500165
vn 0.962664 0.222666 0.153940
vn -0.865930 -0.000008 -0.500165
vn -0.962664 -0.222666 -0.153940
vn 0.866222 -0.000010 -0.499660
vn 0.581919 0.243811 -0.775839
vn -0.866222 0.000010 0.499660
vn -0.581919 -0.243811 0.775839
vn 0.000000 0.000000 1.000000
vn -0.300147 -0.205178 0.931565
vn 0.000000 0.000000 -1.000000
vn 0.300147 0.205178 -0.931565
vn 0.865930 0.000021 0.500165
vn 0.959250 0.236192 0.155090
vn -0.865930 -0.000021 -0.500165
vn -0.959250 -0.236192 -0.155090
vn 0.866213 -0.000013 -0.499674
vn 0.580418 0.258899 -0.772066
vn -0.866213 0.000013 0.499674
vn -0.580418 -0.258899 0.772066
vn 0.000000 0.000000 1.000000
vn -0.296403 -0.224561 0.928288
vn 0.000000 0.000000 -1.000000
vn 0.296403 0.224561 -0.928288
vn 0.865922 -0.000015 0.500179
vn 0.953244 0.258290 0.156884
vn -0.865922 0.000015 -0.500179
vn -0.953244 -0.258290 -0.156884
vn 0.866222 0.000014 -0.499660
vn 0.577778 0.283569 -0.765350
vn -0.866222 -0.000014 0.499660
vn -0.577778 -0.283569 0.765350
vn 0.000000 0.000000 1.000000
vn -0.303265 -0.188267 0.934123
vn 0.000000 0.000000 -1.000000
vn 0.303265 0.188267 -0.934123
vn 0.865930 0.000019 0.500165
vn 0.964063 0.216863 0.153469
vn -0.865930 -0.000019 -0.500165
vn -0.964063 -0.216863 -0.153469
vn 0.866213 -0.000012 -0.499674
vn 0.582471 0.237362 -0.777423
vn -0.866213 0.000012 0.499674
vn -0.582471 -0.237362 0.777423
vn 0.000000 0.000000 1.000000
vn -0.301017 -0.200490 0.932305
vn 0.000000 0.000000 -1.000000
vn 0.301017 0.200490 -0.932305
vn 0.865930 0.000021 0.500165
vn 0.960623 0.230839 0.154651
vn -0.865930 -0.000021 -0.500165
vn -0.960623 -0.230839 -0.154651
vn 0.866213 -0.000013 -0.499674
vn 0.581019 0.252931 -0.773591
vn -0.866213 0.000013 0.499674
vn -0.581019 -0.252931 0.773591
vn 0.000000 0.000000 1.000000
vn -0.301102 -0.200092 0.932363
vn 0.000000 0.000000 -1.000000
vn 0.301102 0.200092 -0.932363
vn 0.865922 -0.000013 0.500179
vn 0.960747 0.230384 0.154560
vn -0.865922 0.000013 -0.500179
vn -0.960747 -0.230384 -0.154560
vn 0.866222 0.000012 -0.499660
vn 0.581125 0.252410 -0.773681
vn -0.866222 -0.000012 0.499660
vn -0.581125 -0.252410 0.773681
vn 0.000000 0.000000 1.000000
vn -0.294123 -0.236165 0.926131
vn 0.000000 0.000000 -1.000000
vn 0.294123 0.236165 -0.926131
vn 0.865930 -0.000002 0.500165
vn 0.949400 0.271476 0.157924
vn -0.865930 0.000002 -0.500165
vn -0.949400 -0.271476 -0.157924
vn 0.866228 -0.000011 -0.499649
vn 0.575919 0.298321 -0.761132
vn -0.866228 0.000011 0.499649
vn -0.575919 -0.298321 0.761132
vn 0.000000 0.000000 1.000000
vn -0.290580 -0.253691 0.922607
vn 0.000000 0.000000 -1.000000
vn 0.290580 0.253691 -0.922607
vn 0.865922 -0.000017 0.500179
vn 0.943238 0.291353 0.159423
vn -0.865922 0.000017 -0.500179
vn -0.943238 -0.291353 -0.159423
vn 0.866222 0.000016 -0.499660
vn 0.572928 0.320547 -0.754323
vn -0.866222 -0.000016 0.499660
vn -0.572928 -0.320547 0.754323
vn 0.000000 0.000000 1.000000
vn -0.305276 -0.177127 0.935645
vn 0.000000 0.000000 -1.000000
vn 0.305276 0.177127 -0.935645
vn 0.865922 -0.000011 0.500179
vn 0.967027 0.204100 0.152324
vn -0.865922 0.000011 -0.500179
vn -0.967027 -0.204100 -0.152324
vn 0.866236 -0.000006 -0.499635
vn 0.583693 0.223170 -0.780703
vn -0.866236 0.000006 0.499635
vn -0.583693 -0.223170 0.780703
vn 0.000000 0.000000 1.000000
vn -0.303219 -0.188633 0.934064
vn 0.000000 0.000000 -1.000000
vn 0.303219 0.188633 -0.934064
vn 0.865930 -0.000002 0.500165
vn 0.963973 0.217277 0.153450
vn -0.865930 0.000002 -0.500165
vn -0.963973 -0.217277 -0.153450
vn 0.866228 -0.000009 -0.499649
vn 0.582446 0.237817 -0.777303
vn -0.866228 0.000009 0.499649
vn -0.582446 -0.237817 0.777303
vn 0.000000 0.000000 1.000000
vn -0.298761 -0.212472 0.930375
vn 0.000000 0.000000 -1.000000
vn 0.298761 0.212472 -0.930375
vn 0.865930 0.000022 0.500165
vn 0.957050 0.244516 0.155782
vn -0.865930 -0.000022 -0.500165
vn -0.957050 -0.244516 -0.155782
vn 0.866213 -0.000013 -0.499674
vn 0.579444 0.268188 -0.769623
vn -0.866213 0.000013 0.499674
vn -0.579444 -0.268188 0.769623
vn 0.000000 0.000000 1.000000
vn -0.300551 -0.203011 0.931910
vn 0.000000 0.000000 -1.000000
vn 0.300551 0.203011 -0.931910
vn 0.865930 -0.000002 0.500165
vn 0.959896 0.233747 0.154799
vn -0.865930 0.000002 -0.500165
vn -0.959896 -0.233747 -0.154799
vn 0.866228 -0.000009 -0.499649
vn 0.580707 0.256148 -0.772767
vn -0.866228 0.000009 0.499649
vn -0.580707 -0.256148 0.772767
vn 0.000000 0.000000 1.000000
vn -0.307976 -0.161819 0.937532
vn 0.000000 0.000000 -1.000000
vn 0.307976 0.161819 -0.937532
vn 0.865930 -0.000001 0.500165
vn 0.970813 0.186539 0.150746
vn -0.865930 0.000001 -0.500165
vn -0.970813 -0.186539 -0.150746
vn 0.866213 0.000008 -0.499674
vn 0.585094 0.203657 -0.784977
vn -0.866213 -0.000008 0.499674
vn -0.585094 -0.203657 0.784977
vn 0.000000 0.000000 1.000000
vn -0.299131 -0.210504 0.930703
vn 0.000000 0.000000 -1.000000
vn 0.299131 0.210504 -0.930703
vn 0.865930 -0.000016 0.500165
vn 0.957657 0.242272 0.155556
vn -0.865930 0.000016 -0.500165
vn -0.957657 -0.242272 -0.155556
vn 0.866236 -0.000008 -0.499635
vn 0.579777 0.265674 -0.770244
vn -0.866236 0.000008 0.499635
vn -0.579777 -0.265674 0.770244
vn 0.000000 0.000000 1.000000
vn -0.307105 -0.166837 0.936937
vn 0.000000 0.000000 -1.000000
vn 0.307105 0.166837 -0.936937
vn 0.865916 0.000001 0.500190
vn 0.969603 0.192304 0.151295
vn -0.865916 -0.000001 -0.500190
vn -0.969603 -0.192304 -0.151295
vn 0.866222 0.000010 -0.499660
vn 0.584690 0.210044 -0.783594
vn -0.866222 -0.000010 0.499660
vn -0.584690 -0.210044 0.783594
vn 0.000000 0.000000 1.000000
vn -0.298301 -0.214872 0.929971
vn 0.000000 0.000000 -1.000000
vn 0.298301 0.214872 -0.929971
vn 0.865930 -0.000016 0.500165
vn 0.956317 0.247252 0.155960
vn -0.865930 0.000016 -0.500165
vn -0.956317 -0.247252 -0.155960
vn 0.866222 0.000013 -0.499660
vn 0.579173 0.271232 -0.768760
vn -0.866222 -0.000013 0.499660
vn -0.579173 -0.271232 0.768760
vn 0.000000 0.000000 1.000000
vn -0.304742 -0.180174 0.935238
vn 0.000000 0.000000 -1.000000
vn 0.304742 0.180174 -0.935238
vn 0.865930 -0.000002 0.500165
vn 0.966237 0.207591 0.152618
vn -0.865930 0.000002 -0.500165
vn -0.966237 -0.207591 -0.152618
vn 0.866222 0.000011 -0.499660
vn 0.583400 0.227036 -0.779807
vn -0.866222 -0.000011 0.499660
vn -0.583400 -0.227036 0.779807
vn 0.000000 0.000000 1.000000
vn -0.292987 -0.241840 0.925026
vn 0.000000 0.000000 -1.000000
vn 0.292987 0.241840 -0.925026
vn 0.865922 -0.000016 0.500179
vn 0.947450 0.277956 0.158366
vn -0.865922 0.000016 -0.500179
vn -0.947450 -0.277956 -0.158366
vn 0.866222 -0.000013 -0.499660
vn 0.574960 0.305544 -0.758989
vn -0.866222 0.000013 0.499660
vn -0.574960 -0.305544 0.758989
vn 0.000000 0.000000 1.000000
vn -0.303812 -0.185264 0.934546
vn 0.000000 0.000000 -1.000000
vn 0.303812 0.185264 -0.934546
vn 0.865930 0.000019 0.500165
vn 0.964877 0.213426 0.153172
vn -0.865930 -0.000019 -0.500165
vn -0.964877 -0.213426 -0.153172
vn 0.866213 -0.000012 -0.499674
vn 0.582803 0.233535 -0.778333
vn -0.866213 0.000012 0.499674
vn -0.582803 -0.233535 0.778333
vn 0.000000 0.000000 1.000000
vn -0.309012 -0.155783 0.938213
vn 0.000000 0.000000 -1.000000
vn 0.309012 0.155783 -0.938213
vn 0.865930 -0.000001 0.500165
vn 0.972217 0.179608 0.150117
vn -0.865930 0.000001 -0.500165
vn -0.972217 -0.179608 -0.150117
vn 0.866222 0.000009 -0.499660
vn 0.585600 0.195980 -0.786553
vn -0.866222 -0.000009 0.499660
vn -0.585600 -0.195980 0.786553
vn 0.000000 0.000000 1.000000
vn -0.296899 -0.222093 0.928723
vn 0.000000 0.000000 -1.000000
vn 0.296899 0.222093 -0.928723
vn 0.865930 -0.000017 0.500165
vn 0.954042 0.255479 0.156635
vn -0.865930 0.000017 -0.500165
vn -0.954042 -0.255479 -0.156635
vn 0.866222 0.000013 -0.499660
vn 0.578138 0.280424 -0.766237
vn -0.866222 -0.000013 0.499660
vn -0.578138 -0.280424 0.766237
vn 0.000000 0.000000 1.000000
vn -0.308605 -0.158221 0.937939
vn 0.000000 0.000000 -1.000000
vn 0.308605 0.158221 -0.937939
vn 0.865930 -0.000001 0.500165
vn 0.971658 0.182407 0.150361
vn -0.865930 0.000001 -0.500165
vn -0.971658 -0.182407 -0.150361
vn 0.866213 0.000008 -0.499674
vn 0.585387 0.199073 -0.785934
vn -0.866213 -0.000008 0.499674
vn -0.585387 -0.199073 0.785934
vn 0.000000 0.000000 1.000000
vn -0.309528 -0.152736 0.938544
vn 0.000000 0.000000 -1.000000
vn 0.309528 0.152736 -0.938544
vn 0.865930 -0.000011 0.500165
vn 0.972908 0.176111 0.149786
vn -0.865930 0.000011 -0.500165
vn -0.972908 -0.176111 -0.149786
vn 0.866236 -0.000005 -0.499635
vn 0.585860 0.192090 -0.787318
vn -0.866236 0.000005 0.499635
vn -0.585860 -0.192090 0.787318
vn 0.000000 0.000000 1.000000
vn -0.294649 -0.233551 0.926626
vn 0.000000 0.000000 -1.000000
vn 0.294649 0.233551 -0.926626
vn 0.865907 -0.000011 0.500204
vn 0.950277 0.268517 0.157707
vn -0.865907 0.000011 -0.500204
vn -0.950277 -0.268517 -0.157707
vn 0.866222 0.000014 -0.499660
vn 0.576373 0.294991 -0.762086
vn -0.866222 -0.000014 0.499660
vn -0.576373 -0.294991 0.762086
vn 0.000000 0.000000 1.000000
vn -0.306253 -0.171731 0.936332
vn 0.000000 0.000000 -1.000000
vn 0.306253 0.171731 -0.936332
vn 0.865916 0.000001 0.500190
vn 0.968395 0.197916 0.151788
vn -0.865916 -0.000001 -0.500190
vn -0.968395 -0.197916 -0.151788
vn 0.866213 0.000008 -0.499674
vn 0.584198 0.216281 -0.782263
vn -0.866213 -0.000008 0.499674
vn -0.584198 -0.216281 0.782263
vn 0.000000 0.000000 1.000000
vn -0.306645 -0.169457 0.936618
vn 0.000000 0.000000 -1.000000
vn 0.306645 0.169457 -0.936618
vn 0.865930 -0.000001 0.500165
vn 0.968965 0.195306 0.151533
vn -0.865930 0.000001 -0.500165
vn -0.968965 -0.195306 -0.151533
vn 0.866228 -0.000008 -0.499649
vn 0.584416 0.213387 -0.782895
vn -0.866228 0.000008 0.499649
vn -0.584416 -0.213387 0.782895
vn 0.000000 0.000000 1.000000
vn -0.300229 -0.204691 0.931646
vn 0.000000 0.000000 -1.000000
vn 0.300229 0.204691 -0.931646
vn 0.865922 -0.000013 0.500179
vn 0.959399 0.235633 0.155022
vn -0.865922 0.000013 -0.500179
vn -0.959399 -0.235633 -0.155022
vn 0.866222 0.000012 -0.499660
vn 0.580523 0.258288 -0.772192
vn -0.866222 -0.000012 0.499660
vn -0.580523 -0.258288 0.772192
vn 0.000000 0.000000 1.000000
vn -0.307723 -0.163216 0.937372
vn 0.000000 0.000000 -1.000000
vn 0.307723 0.163216 -0.937372
vn 0.865922 -0.000010 0.500179
vn 0.970483 0.188176 0.150837
vn -0.865922 0.000010 -0.500179
vn -0.970483 -0.188176 -0.150837
vn 0.866236 -0.000006 -0.499635
vn 0.584998 0.205445 -0.784582
vn -0.866236 0.000006 0.499635
vn -0.584998 -0.205445 0.784582
vn 0.000000 0.000000 1.000000
vn -0.308744 -0.157331 0.938043
vn 0.000000 0.000000 -1.000000
vn 0.308744 0.157331 -0.938043
vn 0.865930 0.000016 0.500165
vn 0.971856 0.181389 0.150315
vn -0.865930 -0.000016 -0.500165
vn -0.971856 -0.181389 -0.150315
vn 0.866222 -0.000008 -0.499660
vn 0.585452 0.197954 -0.786168
vn -0.866222 0.000008 0.499660
vn -0.585452 -0.197954 0.786168
vn 0.000000 0.000000 1.000000
vn -0.303578 -0.186599 0.934356
vn 0.000000 0.000000 -1.000000
vn 0.303578 0.186599 -0.934356
vn 0.865930 -0.000014 0.500165
vn 0.964528 0.214984 0.153191
vn -0.865930 0.000014 -0.500165
vn -0.964528 -0.214984 -0.153191
vn 0.866236 -0.000007 -0.499635
vn 0.582696 0.235234 -0.777901
vn -0.866236 0.000007 0.499635
vn -0.582696 -0.235234 0.777901
vn 0.000000 0.000000 1.000000
vn -0.290976 -0.251658 0.923039
vn 0.000000 0.000000 -1.000000
vn 0.290976 0.251658 -0.923039
vn 0.865930 0.000027 0.500165
vn 0.943964 0.289052 0.159315
vn -0.865930 -0.000027 -0.500165
vn -0.943964 -0.289052 -0.159315
vn 0.866222 -0.000014 -0.499660
vn 0.573280 0.317987 -0.755138
vn -0.866222 0.000014 0.499660
vn -0.573280 -0.317987 0.755138
vn 0.000000 0.000000 1.000000
vn -0.306219 -0.171840 0.936323
vn 0.000000 0.000000 -1.000000
vn 0.306219 0.171840 -0.936323
vn 0.865930 -0.000001 0.500165
vn 0.968371 0.198039 0.151783
vn -0.865930 0.000001 -0.500165
vn -0.968371 -0.198039 -0.151783
vn 0.866228 -0.000008 -0.499649
vn 0.584196 0.216425 -0.782225
vn -0.866228 0.000008 0.499649
vn -0.584196 -0.216425 0.782225
vn 0.000000 0.000000 1.000000
vn -0.293667 -0.238412 0.925699
vn 0.000000 0.000000 -1.000000
vn 0.293667 0.238412 -0.925699
vn 0.865930 -0.000002 0.500165
vn 0.948631 0.274066 0.158074
vn -0.865930 0.000002 -0.500165
vn -0.948631 -0.274066 -0.158074
vn 0.866222 -0.000013 -0.499660
vn 0.575538 0.301194 -0.760288
vn -0.866222 0.000013 0.499660
vn -0.575538 -0.301194 0.760288
vn 0.000000 0.000000 1.000000
vn -0.291859 -0.247420 0.923906
vn 0.000000 0.000000 -1.000000
vn 0.291859 0.247420 -0.923906
vn 0.865930 0.000027 0.500165
vn 0.945485 0.284250 0.158934
vn -0.865930 -0.000027 -0.500165
vn -0.945485 -0.284250 -0.158934
vn 0.866213 -0.000016 -0.499674
vn 0.573989 0.312612 -0.756842
vn -0.866213 0.000016 0.499674
vn -0.573989 -0.312612 0.756842
vn 0.000000 0.000000 1.000000
vn -0.309386 -0.153597 0.938450
vn 0.000000 0.000000 -1.000000
vn 0.309386 0.153597 -0.938450
vn 0.865930 -0.000001 0.500165
vn 0.972713 0.177096 0.149885
vn -0.865930 0.000001 -0.500165
vn -0.972713 -0.177096 -0.149885
vn 0.866236 -0.000005 -0.499635
vn 0.585769 0.193196 -0.787115
vn -0.866236 0.000005 0.499635
vn -0.585769 -0.193196 0.787115
vn 0.000000 0.000000 1.000000
vn -0.309056 -0.155510 0.938244
vn 0.000000 0.000000 -1.000000
vn 0.309056 0.155510 -0.938244
vn 0.865930 -0.000001 0.500165
vn 0.972283 0.179320 0.150034
vn -0.865930 0.000001 -0.500165
vn -0.972283 -0.179320 -0.150034
vn 0.866222 -0.000008 -0.499660
vn 0.585620 0.195624 -0.786626
vn -0.866222 0.000008 0.499660
vn -0.585620 -0.195624 0.786626
vn 0.000000 0.000000 1.000000
vn -0.285197 -0.279047 0.916949
vn 0.000000 0.000000 -1.000000
vn 0.285197 0.279047 -0.916949
vn 0.865916 0.000002 0.500190
vn 0.933543 0.319976 0.161593
vn -0.865916 -0.000002 -0.500190
vn -0.933543 -0.319976 -0.161593
vn 0.866222 0.000018 -0.499660
vn 0.567963 0.352648 -0.743679
vn -0.866222 -0.000018 0.499660
vn -0.567963 -0.352648 0.743679
vn 0.000000 0.000000 1.000000
vn -0.298917 -0.211633 0.930516
vn 0.000000 0.000000 -1.000000
vn 0.298917 0.211633 -0.930516
vn 0.865930 -0.000002 0.500165
vn 0.957312 0.243588 0.155620
vn -0.865930 0.000002 -0.500165
vn -0.957312 -0.243588 -0.155620
vn 0.866213 -0.000013 -0.499674
vn 0.579561 0.267121 -0.769906
vn -0.866213 0.000013 0.499674
vn -0.579561 -0.267121 0.769906
vn 0.000000 0.000000 1.000000
vn -0.286440 -0.273362 0.918273
vn 0.000000 0.000000 -1.000000
vn 0.286440 0.273362 -0.918273
vn 0.865930 0.000011 0.500165
vn 0.935798 0.313577 0.161096
vn -0.865930 -0.000011 -0.500165
vn -0.935798 -0.313577 -0.161096
vn 0.866222 -0.000015 -0.499660
vn 0.569123 0.345447 -0.746168
vn -0.866222 0.000015 0.499660
vn -0.569123 -0.345447 0.746168
vn 0.000000 0.000000 1.000000
vn -0.307134 -0.166669 0.936958
vn 0.000000 0.000000 -1.000000
vn 0.307134 0.166669 -0.936958
vn 0.865930 0.000017 0.500165
vn 0.969644 0.192110 0.151278
vn -0.865930 -0.000017 -0.500165
vn -0.969644 -0.192110 -0.151278
vn 0.866222 -0.000009 -0.499660
vn 0.584655 0.209846 -0.783673
vn -0.866222 0.000009 0.499660
vn -0.584655 -0.209846 0.783673
vn 0.000000 0.000000 1.000000
vn -0.306700 -0.169147 0.936656
vn 0.000000 0.000000 -1.000000
vn 0.306700 0.169147 -0.936656
vn 0.865930 -0.000012 0.500165
vn 0.969043 0.194954 0.151486
vn -0.865930 0.000012 -0.500165
vn -0.969043 -0.194954 -0.151486
vn 0.866222 0.000010 -0.499660
vn 0.584480 0.212987 -0.782956
vn -0.866222 -0.000010 0.499660
vn -0.584480 -0.212987 0.782956
vn 0.000000 0.000000 1.000000
vn -0.300976 -0.200698 0.932274
vn 0.000000 0.000000 -1.000000
vn 0.300976 0.200698 -0.932274
vn 0.865930 -0.000002 0.500165
vn 0.960568 0.231072 0.154643
vn -0.865930 0.000002 -0.500165
vn -0.960568 -0.231072 -0.154643
vn 0.866228 -0.000009 -0.499649
vn 0.581022 0.253193 -0.773503
vn -0.866228 0.000009 0.499649
vn -0.581022 -0.253193 0.773503
vn 0.000000 0.000000 1.000000
vn -0.308317 -0.159795 0.937766
vn 0.000000 0.000000 -1.000000
vn 0.308317 0.159795 -0.937766
vn 0.865922 0.000008 0.500179
vn 0.971282 0.184220 0.150576
vn -0.865922 -0.000008 -0.500179
vn -0.971282 -0.184220 -0.150576
vn 0.866222 0.000009 -0.499660
vn 0.585280 0.201091 -0.785500
vn -0.866222 -0.000009 0.499660
vn -0.585280 -0.201091 0.785500
vn 0.000000 0.000000 1.000000
vn -0.294750 -0.233051 0.926720
vn 0.000000 0.000000 -1.000000
vn 0.294750 0.233051 -0.926720
vn 0.865922 -0.000015 0.500179
vn 0.950452 0.267944 0.157629
vn -0.865922 0.000015 -0.500179
vn -0.950452 -0.267944 -0.157629
vn 0.866222 0.000014 -0.499660
vn 0.576452 0.294355 -0.762272
vn -0.866222 -0.000014 0.499660
vn -0.576452 -0.294355 0.762272
vn 0.000000 0.000000 1.000000
vn -0.285993 -0.275492 0.917776
vn 0.000000 0.000000 -1.000000
vn 0.285993 0.275492 -0.917776
vn 0.865930 -0.000003 0.500165
vn 0.934969 0.315965 0.161242
vn -0.865930 0.000003 -0.500165
vn -0.934969 -0.315965 -0.161242
vn 0.866222 0.000017 -0.499660
vn 0.568685 0.348146 -0.745246
vn -0.866222 -0.000017 0.499660
vn -0.568685 -0.348146 0.745246
vn 0.000000 0.000000 1.000000
vn -0.305573 -0.175565 0.935843
vn 0.000000 0.000000 -1.000000
vn 0.305573 0.175565 -0.935843
vn 0.865922 -0.000011 0.500179
vn 0.967431 0.202309 0.152145
vn -0.865922 0.000011 -0.500179
vn -0.967431 -0.202309 -0.152145
vn 0.866222 0.000010 -0.499660
vn 0.583838 0.221175 -0.781162
vn -0.866222 -0.000010 0.499660
vn -0.583838 -0.221175 0.781162
vn 0.000000 0.000000 1.000000
vn -0.291447 -0.249351 0.923516
vn 0.000000 0.000000 -1.000000
vn 0.291447 0.249351 -0.923516
vn 0.865930 -0.000002 0.500165
vn 0.944797 0.286473 0.159033
vn -0.865930 0.000002 -0.500165
vn -0.944797 -0.286473 -0.159033
vn 0.866228 -0.000012 -0.499649
vn 0.573666 0.315077 -0.756065
vn -0.866228 0.000012 0.499649
vn -0.573666 -0.315077 0.756065
vn 0.000000 0.000000 1.000000
vn -0.294874 -0.232392 0.926846
vn 0.000000 0.000000 -1.000000
vn 0.294874 0.232392 -0.926846
vn 0.865930 -0.000002 0.500165
vn 0.950671 0.267190 0.157587
vn -0.865930 0.000002 -0.500165
vn -0.950671 -0.267190 -0.157587
vn 0.866222 0.000014 -0.499660
vn 0.576536 0.293538 -0.762523
vn -0.866222 -0.000014 0.499660
vn -0.576536 -0.293538 0.762523
vn 0.000000 0.000000 1.000000
vn -0.300397 -0.203829 0.931781
vn 0.000000 0.000000 -1.000000
vn 0.300397 0.203829 -0.931781
vn 0.865930 0.000021 0.500165
vn 0.959648 0.234653 0.154966
vn -0.865930 -0.000021 -0.500165
vn -0.959648 -0.234653 -0.154966
vn 0.866222 0.000012 -0.499660
vn 0.580632 0.257189 -0.772477
vn -0.866222 -0.000012 0.499660
vn -0.580632 -0.257189 0.772477
vn 0.000000 0.000000 1.000000
vn -0.305327 -0.176802 0.935690
vn 0.000000 0.000000 -1.000000
vn 0.305327 0.176802 -0.935690
vn 0.865922 -0.000011 0.500179
vn 0.967109 0.203728 0.152299
vn -0.865922 0.000011 -0.500179
vn -0.967109 -0.203728 -0.152299
vn 0.866236 -0.000006 -0.499635
vn 0.583729 0.222759 -0.780793
vn -0.866236 0.000006 0.499635
vn -0.583729 -0.222759 0.780793
vn 0.000000 0.000000 1.000000
vn -0.297943 -0.216621 0.929680
vn 0.000000 0.000000 -1.000000
vn 0.297943 0.216621 -0.929680
vn 0.865922 0.000011 0.500179
vn 0.955761 0.249247 0.156194
vn -0.865922 -0.000011 -0.500179
vn -0.955761 -0.249247 -0.156194
vn 0.866222 -0.000012 -0.499660
vn 0.578887 0.273488 -0.768175
vn -0.866222 0.000012 0.499660
vn -0.578887 -0.273488 0.768175
vn 0.000000 0.000000 1.000000
vn -0.299922 -0.206235 0.931404
vn 0.000000 0.000000 -1.000000
vn 0.299922 0.206235 -0.931404
vn 0.865930 -0.000002 0.500165
vn 0.958937 0.237396 0.155187
vn -0.865930 0.000002 -0.500165
vn -0.958937 -0.237396 -0.155187
vn 0.866222 0.000012 -0.499660
vn 0.580356 0.260244 -0.771661
vn -0.866222 -0.000012 0.499660
vn -0.580356 -0.260244 0.771661
vn 0.000000 0.000000 1.000000
vn -0.309242 -0.154451 0.938357
vn 0.000000 0.000000 -1.000000
vn 0.309242 0.154451 -0.938357
vn 0.865930 -0.000001 0.500165
vn 0.972520 0.178078 0.149974
vn -0.865930 0.000001 -0.500165
vn -0.972520 -0.178078 -0.149974
vn 0.866228 -0.000007 -0.499649
vn 0.585690 0.194276 -0.786908
vn -0.866228 0.000007 0.499649
vn -0.585690 -0.194276 0.786908
vn 0.000000 0.000000 1.000000
vn -0.291634 -0.248519 0.923682
vn 0.000000 0.000000 -1.000000
vn 0.291634 0.248519 -0.923682
vn 0.865930 -0.000002 0.500165
vn 0.945101 0.285490 0.158998
vn -0.865930 0.000002 -0.500165
vn -0.945101 -0.285490 -0.158998
vn 0.866213 0.000013 -0.499674
vn 0.573823 0.314000 -0.756394
vn -0.866213 -0.000013 0.499674
vn -0.573823 -0.314000 0.756394
vn 0.000000 0.000000 1.000000
vn -0.307224 -0.166106 0.937028
vn 0.000000 0.000000 -1.000000
vn 0.307224 0.166106 -0.937028
vn 0.865916 0.000001 0.500190
vn 0.969779 0.191464 0.151230
vn -0.865916 -0.000001 -0.500190
vn -0.969779 -0.191464 -0.151230
vn 0.866213 0.000008 -0.499674
vn 0.584725 0.209120 -0.783815
vn -0.866213 -0.000008 0.499674
vn -0.584725 -0.209120 0.783815
vn 0.000000 0.000000 1.000000
vn -0.297820 -0.217356 0.929548
vn 0.000000 0.000000 -1.000000
vn 0.297820 0.217356 -0.929548
vn 0.865916 0.000002 0.500190
vn 0.955535 0.250083 0.156241
vn -0.865916 -0.000002 -0.500190
vn -0.955535 -0.250083 -0.156241
vn 0.866222 0.000013 -0.499660
vn 0.578799 0.274412 -0.767913
vn -0.866222 -0.000013 0.499660
vn -0.578799 -0.274412 0.767913
vn 0.000000 0.000000 1.000000
vn -0.309249 -0.154364 0.938369
vn 0.000000 0.000000 -1.000000
vn 0.309249 0.154364 -0.938369
vn 0.865916 0.000001 0.500190
vn 0.972533 0.177982 0.150006
vn -0.865916 -0.000001 -0.500190
vn -0.972533 -0.177982 -0.150006
vn 0.866213 0.000007 -0.499674
vn 0.585702 0.194167 -0.786926
vn -0.866213 -0.000007 0.499674
vn -0.585702 -0.194167 0.786926
vn 0.000000 0.000000 1.000000
vn -0.308493 -0.158767 0.937883
vn 0.000000 0.000000 -1.000000
vn 0.308493 0.158767 -0.937883
vn 0.865930 -0.000001 0.500165
vn 0.971528 0.183035 0.150438
vn -0.865930 0.000001 -0.500165
vn -0.971528 -0.183035 -0.150438
vn 0.866213 0.000008 -0.499674
vn 0.585353 0.199773 -0.785781
vn -0.866213 -0.000008 0.499674
vn -0.585353 -0.199773 0.785781
vn 0.000000 0.000000 1.000000
vn -0.289949 -0.256610 0.921998
vn 0.000000 0.000000 -1.000000
vn 0.289949 0.256610 -0.921998
vn 0.865930 -0.000002 0.500165
vn 0.942161 0.294692 0.159656
vn -0.865930 0.000002 -0.500165
vn -0.942161 -0.294692 -0.159656
vn 0.866228 -0.000012 -0.499649
vn 0.572354 0.324280 -0.753162
vn -0.866228 0.000012 0.499649
vn -0.572354 -0.324280 0.753162
vn 0.000000 0.000000 1.000000
vn -0.307120 -0.166735 0.936951
vn 0.000000 0.000000 -1.000000
vn 0.307120 0.166735 -0.936951
vn 0.865930 -0.000001 0.500165
vn 0.969633 0.192183 0.151256
vn -0.865930 0.000001 -0.500165
vn -0.969633 -0.192183 -0.151256
vn 0.866222 0.000010 -0.499660
vn 0.584677 0.209928 -0.783634
vn -0.866222 -0.000010 0.499660
vn -0.584677 -0.209928 0.783634
vn 0.000000 0.000000 1.000000
vn -0.300102 -0.205351 0.931542
vn 0.000000 0.000000 -1.000000
vn 0.300102 0.205351 -0.931542
vn 0.865930 -0.000015 0.500165
vn 0.959204 0.236391 0.155074
vn -0.865930 0.000015 -0.500165
vn -0.959204 -0.236391 -0.155074
vn 0.866222 0.000012 -0.499660
vn 0.580464 0.259114 -0.771960
vn -0.866222 -0.000012 0.499660
vn -0.580464 -0.259114 0.771960
vn 0.000000 0.000000 1.000000
vn -0.288518 -0.263520 0.920497
vn 0.000000 0.000000 -1.000000
vn 0.288518 0.263520 -0.920497
vn 0.865930 -0.000002 0.500165
vn 0.939589 0.302461 0.160279
vn -0.865930 0.000002 -0.500165
vn -0.939589 -0.302461 -0.160279
vn 0.866222 0.000016 -0.499660
vn 0.571074 0.333022 -0.750314
vn -0.866222 -0.000016 0.499660
vn -0.571074 -0.333022 0.750314
vn 0.000000 0.000000 1.000000
vn -0.306812 -0.168487 0.936738
vn 0.000000 0.000000 -1.000000
vn 0.306812 0.168487 -0.936738
vn 0.865916 0.000001 0.500190
vn 0.969198 0.194197 0.151469
vn -0.865916 -0.000001 -0.500190
vn -0.969198 -0.194197 -0.151469
vn 0.866213 0.000008 -0.499674
vn 0.584507 0.212152 -0.783162
vn -0.866213 -0.000008 0.499674
vn -0.584507 -0.212152 0.783162
vn 0.000000 0.000000 1.000000
vn -0.298923 -0.211661 0.930508
vn 0.000000 0.000000 -1.000000
vn 0.298923 0.211661 -0.930508
vn 0.865930 -0.000016 0.500165
vn 0.957307 0.243624 0.155595
vn -0.865930 0.000016 -0.500165
vn -0.957307 -0.243624 -0.155595
vn 0.866222 -0.000011 -0.499660
vn 0.579587 0.267146 -0.769878
vn -0.866222 0.000011 0.499660
vn -0.579587 -0.267146 0.769878
vn 0.000000 0.000000 1.000000
vn -0.290321 -0.254887 0.922359
vn 0.000000 0.000000 -1.000000
vn 0.290321 0.254887 -0.922359
vn 0.865922 -0.000017 0.500179
vn 0.942796 0.292747 0.159484
vn -0.865922 0.000017 -0.500179
vn -0.942796 -0.292747 -0.159484
vn 0.866222 -0.000014 -0.499660
vn 0.572690 0.322074 -0.753853
vn -0.866222 0.000014 0.499660
vn -0.572690 -0.322074 0.753853
vn 0.000000 0.000000 1.000000
vn -0.307232 -0.166099 0.937027
vn 0.000000 0.000000 -1.000000
vn 0.307232 0.166099 -0.937027
vn 0.865930 -0.000012 0.500165
vn 0.969789 0.191457 0.151175
vn -0.865930 0.000012 -0.500165
vn -0.969789 -0.191457 -0.151175
vn 0.866222 0.000010 -0.499660
vn 0.584758 0.209105 -0.783794
vn -0.866222 -0.000010 0.499660
vn -0.584758 -0.209105 0.783794
vn 0.000000 0.000000 1.000000
vn -0.298821 -0.212124 0.930435
vn 0.000000 0.000000 -1.000000
vn 0.298821 0.212124 -0.930435
vn 0.865930 -0.000016 0.500165
vn 0.957162 0.244120 0.155710
vn -0.865930 0.000016 -0.500165
vn -0.957162 -0.244120 -0.155710
vn 0.866222 0.000013 -0.499660
vn 0.579557 0.267737 -0.769695
vn -0.866222 -0.000013 0.499660
vn -0.579557 -0.267737 0.769695
vn 0.000000 0.000000 1.000000
vn -0.307948 -0.161978 0.937513
vn 0.000000 0.000000 -1.000000
vn 0.307948 0.161978 -0.937513
vn 0.865922 -0.000010 0.500179
vn 0.970776 0.186722 0.150763
vn -0.865922 0.000010 -0.500179
vn -0.970776 -0.186722 -0.150763
vn 0.866236 -0.000006 -0.499635
vn 0.585092 0.203868 -0.784923
vn -0.866236 0.000006 0.499635
vn -0.585092 -0.203868 0.784923
vn 0.000000 0.000000 1.000000
vn -0.309164 -0.154867 0.938314
vn 0.000000 0.000000 -1.000000
vn 0.309164 0.154867 -0.938314
vn 0.865930 -0.000001 0.500165
vn 0.972425 0.178556 0.150026
vn -0.865930 0.000001 -0.500165
vn -0.972425 -0.178556 -0.150026
vn 0.866222 0.000009 -0.499660
vn 0.585698 0.194803 -0.786772
vn -0.866222 -0.000009 0.499660
vn -0.585698 -0.194803 0.786772
vn 0.000000 0.000000 1.000000
vn -0.303239 -0.188375 0.934110
vn 0.000000 0.000000 -1.000000
vn 0.303239 0.188375 -0.934110
vn 0.865930 0.000019 0.500165
vn 0.964032 0.216987 0.153487
vn -0.865930 -0.000019 -0.500165
vn -0.964032 -0.216987 -0.153487
vn 0.866213 -0.000012 -0.499674
vn 0.582463 0.237501 -0.777387
vn -0.866213 0.000012 0.499674
vn -0.582463 -0.237501 0.777387
vn 0.000000 0.000000 1.000000
vn -0.288565 -0.263270 0.920554
vn 0.000000 0.000000 -1.000000
vn 0.288565 0.263270 -0.920554
vn 0.865930 0.000029 0.500165
vn 0.939675 0.302185 0.160295
vn -0.865930 -0.000029 -0.500165
vn -0.939675 -0.302185 -0.160295
vn 0.866222 0.000016 -0.499660
vn 0.571125 0.332709 -0.750414
vn -0.866222 -0.000016 0.499660
vn -0.571125 -0.332709 0.750414
vn 0.000000 0.000000 1.000000
vn -0.307211 -0.166201 0.937016
vn 0.000000 0.000000 -1.000000
vn 0.307211 0.166201 -0.937016
vn 0.865930 0.000006 0.500165
vn 0.969758 0.191577 0.151221
vn -0.865930 -0.000006 -0.500165
vn -0.969758 -0.191577 -0.151221
vn 0.866222 -0.000009 -0.499660
vn 0.584723 0.209239 -0.783784
vn -0.866222 0.000009 0.499660
vn -0.584723 -0.209239 0.783784
vn 0.000000 0.000000 1.000000
vn -0.305877 -0.173778 0.936077
vn 0.000000 0.000000 -1.000000
vn 0.305877 0.173778 -0.936077
vn 0.865922 -0.000011 0.500179
vn 0.967884 0.200266 0.151970
vn -0.865922 0.000011 -0.500179
vn -0.967884 -0.200266 -0.151970
vn 0.866222 0.000010 -0.499660
vn 0.584045 0.218888 -0.781652
vn -0.866222 -0.000010 0.499660
vn -0.584045 -0.218888 0.781652
vn 0.000000 0.000000 1.000000
vn -0.304762 -0.180069 0.935252
vn 0.000000 0.000000 -1.000000
vn 0.304762 0.180069 -0.935252
vn 0.865930 -0.000002 0.500165
vn 0.966264 0.207471 0.152607
vn -0.865930 0.000002 -0.500165
vn -0.966264 -0.207471 -0.152607
vn 0.866222 0.000011 -0.499660
vn 0.583386 0.226916 -0.779852
vn -0.866222 -0.000011 0.499660
vn -0.583386 -0.226916 0.779852
vn 0.000000 0.000000 1.000000
vn -0.309515 -0.152843 0.938531
vn 0.000000 0.000000 -1.000000
vn 0.309515 0.152843 -0.938531
vn 0.865930 -0.000001 0.500165
vn 0.972883 0.176229 0.149805
vn -0.865930 0.000001 -0.500165
vn -0.972883 -0.176229 -0.149805
vn 0.866213 0.000007 -0.499674
vn 0.585814 0.192228 -0.787319
vn -0.866213 -0.000007 0.499674
vn -0.585814 -0.192228 0.787319
vn 0.000000 0.000000 1.000000
vn -0.290556 -0.253774 0.922592
vn 0.000000 0.000000 -1.000000
vn 0.290556 0.253774 -0.922592
vn 0.865930 -0.000019 0.500165
vn 0.943207 0.291446 0.159433
vn -0.865930 0.000019 -0.500165
vn -0.943207 -0.291446 -0.159433
vn 0.866222 0.000016 -0.499660
vn 0.572917 0.320656 -0.754285
vn -0.866222 -0.000016 0.499660
vn -0.572917 -0.320656 0.754285
vn 0.000000 0.000000 1.000000
vn -0.292649 -0.243509 0.924694
vn 0.000000 0.000000 -1.000000
vn 0.292649 0.243509 -0.924694
vn 0.865930 -0.000002 0.500165
vn 0.946868 0.279849 0.158512
vn -0.865930 0.000002 -0.500165
vn -0.946868 -0.279849 -0.158512
vn 0.866228 -0.000012 -0.499649
vn 0.574674 0.307659 -0.758350
vn -0.866228 0.000012 0.499649
vn -0.574674 -0.307659 0.758350
vn 0.000000 0.000000 1.000000
vn -0.288414 -0.264049 0.920378
vn 0.000000 0.000000 -1.000000
vn 0.288414 0.264049 -0.920378
vn 0.865930 0.000029 0.500165
vn 0.939384 0.303064 0.160346
vn -0.865930 -0.000029 -0.500165
vn -0.939384 -0.303064 -0.160346
vn 0.866222 0.000016 -0.499660
vn 0.570968 0.333688 -0.750098
vn -0.866222 -0.000016 0.499660
vn -0.570968 -0.333688 0.750098
vn 0.000000 0.000000 1.000000
vn -0.290687 -0.253039 0.922752
vn 0.000000 0.000000 -1.000000
vn 0.290687 0.253039 -0.922752
vn 0.865930 -0.000002 0.500165
vn 0.943467 0.290650 0.159353
vn -0.865930 0.000002 -0.500165
vn -0.943467 -0.290650 -0.159353
vn 0.866222 -0.000014 -0.499660
vn 0.573034 0.319739 -0.754585
vn -0.866222 0.000014 0.499660
vn -0.573034 -0.319739 0.754585
vn 0.000000 0.000000 1.000000
vn -0.295895 -0.227255 0.927794
vn 0.000000 0.000000 -1.000000
vn 0.295895 0.227255 -0.927794
vn 0.865930 0.000024 0.500165
vn 0.952365 0.261354 0.157146
vn -0.865930 -0.000024 -0.500165
vn -0.952365 -0.261354 -0.157146
vn 0.866222 -0.000012 -0.499660
vn 0.577331 0.286992 -0.764411
vn -0.866222 0.000012 0.499660
vn -0.577331 -0.286992 0.764411
vn 0.000000 0.000000 1.000000
vn -0.302178 -0.194251 0.933250
vn 0.000000 0.000000 -1.000000
vn 0.302178 0.194251 -0.933250
vn 0.865930 -0.000002 0.500165
vn 0.962412 0.223703 0.154013
vn -0.865930 0.000002 -0.500165
vn -0.962412 -0.223703 -0.154013
vn 0.866222 0.000012 -0.499660
vn 0.581839 0.244972 -0.775534
vn -0.866222 -0.000012 0.499660
vn -0.581839 -0.244972 0.775534
vn 0.000000 0.000000 1.000000
vn -0.309434 -0.153295 0.938483
vn 0.000000 0.000000 -1.000000
vn 0.309434 0.153295 -0.938483
vn 0.865930 0.000016 0.500165
vn 0.972775 0.176754 0.149889
vn -0.865930 -0.000016 -0.500165
vn -0.972775 -0.176754 -0.149889
vn 0.866213 -0.000009 -0.499674
vn 0.585755 0.192809 -0.787221
vn -0.866213 0.000009 0.499674
vn -0.585755 -0.192809 0.787221
vn 0.000000 0.000000 1.000000
vn -0.303311 -0.188076 0.934147
vn 0.000000 0.000000 -1.000000
vn 0.303311 0.188076 -0.934147
vn 0.865930 -0.000002 0.500165
vn 0.964125 0.216670 0.153350
vn -0.865930 0.000002 -0.500165
vn -0.964125 -0.216670 -0.153350
vn 0.866228 -0.000009 -0.499649
vn 0.582496 0.237121 -0.777478
vn -0.866228 0.000009 0.499649
vn -0.582496 -0.237121 0.777478
vn 0.000000 0.000000 1.000000
vn -0.299417 -0.208947 0.930962
vn 0.000000 0.000000 -1.000000
vn 0.299417 0.208947 -0.930962
vn 0.865930 -0.000002 0.500165
vn 0.958125 0.240491 0.155435
vn -0.865930 0.000002 -0.500165
vn -0.958125 -0.240491 -0.155435
vn 0.866222 0.000013 -0.499660
vn 0.579968 0.263711 -0.770775
vn -0.866222 -0.000013 0.499660
vn -0.579968 -0.263711 0.770775
vn 0.000000 0.000000 1.000000
vn -0.308923 -0.156337 0.938150
vn 0.000000 0.000000 -1.000000
vn 0.308923 0.156337 -0.938150
vn 0.865930 -0.000001 0.500165
vn 0.972091 0.180245 0.150169
vn -0.865930 0.000001 -0.500165
vn -0.972091 -0.180245 -0.150169
vn 0.866222 0.000009 -0.499660
vn 0.585553 0.196684 -0.786412
vn -0.866222 -0.000009 0.499660
vn -0.585553 -0.196684 0.786412
vn 0.000000 0.000000 1.000000
vn -0.299502 -0.208470 0.931042
vn 0.000000 0.000000 -1.000000
vn 0.299502 0.208470 -0.931042
vn 0.865922 -0.000013 0.500179
vn 0.958268 0.239947 0.155396
vn -0.865922 0.000013 -0.500179
vn -0.958268 -0.239947 -0.155396
vn 0.866222 0.000013 -0.499660
vn 0.580035 0.263106 -0.770931
vn -0.866222 -0.000013 0.499660
vn -0.580035 -0.263106 0.770931
vn 0.000000 0.000000 1.000000
vn -0.285978 -0.275509 0.917775
vn 0.000000 0.000000 -1.000000
vn 0.285978 0.275509 -0.917775
vn 0.865922 0.000014 0.500179
vn 0.934953 0.315991 0.161287
vn -0.865922 -0.000014 -0.500179
vn -0.934953 -0.315991 -0.161287
vn 0.866222 -0.000015 -0.499660
vn 0.568660 0.348179 -0.745250
vn -0.866222 0.000015 0.499660
vn -0.568660 -0.348179 0.745250
vn 0.000000 0.000000 1.000000
vn -0.290172 -0.255565 0.922218
vn 0.000000 0.000000 -1.000000
vn 0.290172 0.255565 -0.922218
vn 0.865930 -0.000002 0.500165
vn 0.942549 0.293469 0.159615
vn -0.865930 0.000002 -0.500165
vn -0.942549 -0.293469 -0.159615
vn 0.866228 -0.000012 -0.499649
vn 0.572562 0.322939 -0.753580
vn -0.866228 0.000012 0.499649
vn -0.572562 -0.322939 0.753580
vn 0.000000 0.000000 1.000000
vn -0.292603 -0.243748 0.924646
vn 0.000000 0.000000 -1.000000
vn 0.292603 0.243748 -0.924646
vn 0.865930 0.000026 0.500165
vn 0.946780 0.280088 0.158617
vn -0.865930 -0.000026 -0.500165
vn -0.946780 -0.280088 -0.158617
vn 0.866213 -0.000016 -0.499674
vn 0.574624 0.307954 -0.758269
vn -0.866213 0.000016 0.499674
vn -0.574624 -0.307954 0.758269
vn 0.000000 0.000000 1.000000
vn -0.308758 -0.157287 0.938045
vn 0.000000 0.000000 -1.000000
vn 0.308758 0.157287 -0.938045
vn 0.865907 -0.000007 0.500204
vn 0.971867 0.181339 0.150304
vn -0.865907 0.000007 -0.500204
vn -0.971867 -0.181339 -0.150304
vn 0.866222 0.000009 -0.499660
vn 0.585479 0.197894 -0.786163
vn -0.866222 -0.000009 0.499660
vn -0.585479 -0.197894 0.786163
vn 0.000000 0.000000 1.000000
vn -0.308868 -0.156683 0.938111
vn 0.000000 0.000000 -1.000000
vn 0.308868 0.156683 -0.938111
vn 0.865930 0.000016 0.500165
vn 0.972007 0.180645 0.150233
vn -0.865930 -0.000016 -0.500165
vn -0.972007 -0.180645 -0.150233
vn 0.866222 -0.000008 -0.499660
vn 0.585497 0.197126 -0.786343
vn -0.866222 0.000008 0.499660
vn -0.585497 -0.197126 0.786343
vn 0.000000 0.000000 1.000000
vn -0.300695 -0.202139 0.932053
vn 0.000000 0.000000 -1.000000
vn 0.300695 0.202139 -0.932053
vn 0.865930 -0.000002 0.500165
vn 0.960146 0.232719 0.154793
vn -0.865930 0.000002 -0.500165
vn -0.960146 -0.232719 -0.154793
vn 0.866213 0.000010 -0.499674
vn 0.580846 0.255032 -0.773031
vn -0.866213 -0.000010 0.499674
vn -0.580846 -0.255032 0.773031
vn 0.000000 0.000000 1.000000
vn -0.309231 -0.154437 0.938363
vn 0.000000 0.000000 -1.000000
vn 0.309231 0.154437 -0.938363
vn 0.865930 -0.000011 0.500165
vn 0.972527 0.178091 0.149916
vn -0.865930 0.000011 -0.500165
vn -0.972527 -0.178091 -0.149916
vn 0.866236 -0.000005 -0.499635
vn 0.585717 0.194265 -0.786890
vn -0.866236 0.000005 0.499635
vn -0.585717 -0.194265 0.786890
vn 0.000000 0.000000 1.000000
vn -0.298915 -0.211661 0.930510
vn 0.000000 0.000000 -1.000000
vn 0.298915 0.211661 -0.930510
vn 0.865930 0.000022 0.500165
vn 0.957298 0.243591 0.155706
vn -0.865930 -0.000022 -0.500165
vn -0.957298 -0.243591 -0.155706
vn 0.866213 0.000011 -0.499674
vn 0.579582 0.267151 -0.769880
vn -0.866213 -0.000011 0.499674
vn -0.579582 -0.267151 0.769880
vn 0.000000 0.000000 1.000000
vn -0.299505 -0.208580 0.931016
vn 0.000000 0.000000 -1.000000
vn 0.299505 0.208580 -0.931016
vn 0.865922 -0.000013 0.500179
vn 0.958240 0.240071 0.155380
vn -0.865922 0.000013 -0.500179
vn -0.958240 -0.240071 -0.155380
vn 0.866222 0.000013 -0.499660
vn 0.580007 0.263237 -0.770907
vn -0.866222 -0.000013 0.499660
vn -0.580007 -0.263237 0.770907
vn 0.000000 0.000000 1.000000
vn -0.307634 -0.163789 0.937302
vn 0.000000 0.000000 -1.000000
vn 0.307634 0.163789 -0.937302
vn 0.865930 0.000017 0.500165
vn 0.970339 0.188805 0.150983
vn -0.865930 -0.000017 -0.500165
vn -0.970339 -0.188805 -0.150983
vn 0.866222 -0.000009 -0.499660
vn 0.584910 0.206178 -0.784456
vn -0.866222 0.000009 0.499660
vn -0.584910 -0.206178 0.784456
vn 0.000000 0.000000 1.000000
vn -0.301191 -0.199568 0.932446
vn 0.000000 0.000000 -1.000000
vn 0.301191 0.199568 -0.932446
vn 0.865922 -0.000013 0.500179
vn 0.960896 0.229787 0.154519
vn -0.865922 0.000013 -0.500179
vn -0.960896 -0.229787 -0.154519
vn 0.866236 -0.000007 -0.499635
vn 0.581195 0.251746 -0.773845
vn -0.866236 0.000007 0.499635
vn -0.581195 -0.251746 0.773845
vn 0.000000 0.000000 1.000000
vn -0.301175 -0.199578 0.932450
vn 0.000000 0.000000 -1.000000
vn 0.301175 0.199578 -0.932450
vn 0.865922 -0.000013 0.500179
vn 0.960891 0.229799 0.154537
vn -0.865922 0.000013 -0.500179
vn -0.960891 -0.229799 -0.154537
vn 0.866222 0.000012 -0.499660
vn 0.581202 0.251764 -0.773834
vn -0.866222 -0.000012 0.499660
vn -0.581202 -0.251764 0.773834
vn 0.000000 0.000000 1.000000
vn -0.299885 -0.206454 0.931368
vn 0.000000 0.000000 -1.000000
vn 0.299885 0.206454 -0.931368
vn 0.865930 -0.000002 0.500165
vn 0.958873 0.237680 0.155147
vn -0.865930 0.000002 -0.500165
vn -0.958873 -0.237680 -0.155147
vn 0.866213 -0.000013 -0.499674
vn 0.580263 0.260533 -0.771633
vn -0.866213 0.000013 0.499674
vn -0.580263 -0.260533 0.771633
vn 0.000000 0.000000 1.000000
vn -0.309428 -0.153316 0.938482
vn 0.000000 0.000000 -1.000000
vn 0.309428 0.153316 -0.938482
vn 0.865930 0.000016 0.500165
vn 0.972770 0.176777 0.149895
vn -0.865930 -0.000016 -0.500165
vn -0.972770 -0.176777 -0.149895
vn 0.866222 -0.000008 -0.499660
vn 0.585767 0.192843 -0.787203
vn -0.866222 0.000008 0.499660
vn -0.585767 -0.192843 0.787203
vn 0.000000 0.000000 1.000000
vn -0.307108 -0.166772 0.936948
vn 0.000000 0.000000 -1.000000
vn 0.307108 0.166772 -0.936948
vn 0.865922 0.000008 0.500179
vn 0.969617 0.192229 0.151297
vn -0.865922 -0.000008 -0.500179
vn -0.969617 -0.192229 -0.151297
vn 0.866222 -0.000009 -0.499660
vn 0.584650 0.209980 -0.783641
vn -0.866222 0.000009 0.499660
vn -0.584650 -0.209980 0.783641
vn 0.000000 0.000000 1.000000
vn -0.302993 -0.189808 0.933899
vn 0.000000 0.000000 -1.000000
vn 0.302993 0.189808 -0.933899
vn 0.865930 -0.000002 0.500165
vn 0.963648 0.218621 0.153579
vn -0.865930 0.000002 -0.500165
vn -0.963648 -0.218621 -0.153579
vn 0.866213 0.000009 -0.499674
vn 0.582319 0.239318 -0.776937
vn -0.866213 -0.000009 0.499674
vn -0.582319 -0.239318 0.776937
vn 0.000000 0.000000 1.000000
vn -0.301269 -0.199174 0.932506
vn 0.000000 0.000000 -1.000000
vn 0.301269 0.199174 -0.932506
vn 0.865922 -0.000013 0.500179
vn 0.961011 0.229336 0.154477
vn -0.865922 0.000013 -0.500179
vn -0.961011 -0.229336 -0.154477
vn 0.866222 0.000012 -0.499660
vn 0.581242 0.251243 -0.773974
vn -0.866222 -0.000012 0.499660
vn -0.581242 -0.251243 0.773974
vn 0.000000 0.000000 1.000000
vn -0.301535 -0.197766 0.932719
vn 0.000000 0.000000 -1.000000
vn 0.301535 0.197766 -0.932719
vn 0.865930 0.000021 0.500165
vn 0.961410 0.227726 0.154377
vn -0.865930 -0.000021 -0.500165
vn -0.961410 -0.227726 -0.154377
vn 0.866222 -0.000010 -0.499660
vn 0.581361 0.249468 -0.774458
vn -0.866222 0.000010 0.499660
vn -0.581361 -0.249468 0.774458
vn 0.000000 0.000000 1.000000
vn -0.293556 -0.239006 0.925581
vn 0.000000 0.000000 -1.000000
vn 0.293556 0.239006 -0.925581
vn 0.865930 -0.000002 0.500165
vn 0.948430 0.274702 0.158173
vn -0.865930 0.000002 -0.500165
vn -0.948430 -0.274702 -0.158173
vn 0.866213 0.000012 -0.499674
vn 0.575451 0.301929 -0.760062
vn -0.866213 -0.000012 0.499674
vn -0.575451 -0.301929 0.760062
vn 0.000000 0.000000 1.000000
vn -0.294554 -0.233926 0.926562
vn 0.000000 0.000000 -1.000000
vn 0.294554 0.233926 -0.926562
vn 0.865930 -0.000002 0.500165
vn 0.950154 0.268934 0.157741
vn -0.865930 0.000002 -0.500165
vn -0.950154 -0.268934 -0.157741
vn 0.866213 0.000012 -0.499674
vn 0.576289 0.295483 -0.761959
vn -0.866213 -0.000012 0.499674
vn -0.576289 -0.295483 0.761959
vn 0.000000 0.000000 1.000000
vn -0.298646 -0.213026 0.930285
vn 0.000000 0.000000 -1.000000
vn 0.298646 0.213026 -0.930285
vn 0.865930 0.000008 0.500165
vn 0.956879 0.245153 0.155829
vn -0.865930 -0.000008 -0.500165
vn -0.956879 -0.245153 -0.155829
vn 0.866222 -0.000011 -0.499660
vn 0.579408 0.268891 -0.769405
vn -0.866222 0.000011 0.499660
vn -0.579408 -0.268891 0.769405
vn 0.000000 0.000000 1.000000
vn -0.303861 -0.185100 0.934562
vn 0.000000 0.000000 -1.000000
vn 0.303861 0.185100 -0.934562
vn 0.865930 -0.000002 0.500165
vn 0.964931 0.213232 0.153101
vn -0.865930 0.000002 -0.500165
vn -0.964931 -0.213232 -0.153101
vn 0.866213 0.000009 -0.499674
vn 0.582837 0.233315 -0.778374
vn -0.866213 -0.000009 0.499674
vn -0.582837 -0.233315 0.778374
vn 0.000000 0.000000 1.000000
vn -0.306322 -0.171242 0.936399
vn 0.000000 0.000000 -1.000000
vn 0.306322 0.171242 -0.936399
vn 0.865916 0.000001 0.500190
vn 0.968514 0.197357 0.151758
vn -0.865916 -0.000001 -0.500190
vn -0.968514 -0.197357 -0.151758
vn 0.866222 0.000010 -0.499660
vn 0.584290 0.215658 -0.782366
vn -0.866222 -0.000010 0.499660
vn -0.584290 -0.215658 0.782366
vn 0.000000 0.000000 1.000000
vn -0.305390 -0.176498 0.935727
vn 0.000000 0.000000 -1.000000
vn 0.305390 0.176498 -0.935727
vn 0.865922 -0.000011 0.500179
vn 0.967189 0.203384 0.152250
vn -0.865922 0.000011 -0.500179
vn -0.967189 -0.203384 -0.152250
vn 0.866236 -0.000006 -0.499635
vn 0.583779 0.222355 -0.780872
vn -0.866236 0.000006 0.499635
vn -0.583779 -0.222355 0.780872
vn 0.000000 0.000000 1.000000
vn -0.295971 -0.226869 0.927864
vn 0.000000 0.000000 -1.000000
vn 0.295971 0.226869 -0.927864
vn 0.865916 -0.000013 0.500190
vn 0.952492 0.260920 0.157097
vn -0.865916 0.000013 -0.500190
vn -0.952492 -0.260920 -0.157097
vn 0.866222 0.000014 -0.499660
vn 0.577417 0.286497 -0.764532
vn -0.866222 -0.000014 0.499660
vn -0.577417 -0.286497 0.764532
vn 0.000000 0.000000 1.000000
vn -0.309485 -0.153020 0.938512
vn 0.000000 0.000000 -1.000000
vn 0.309485 0.153020 -0.938512
vn 0.865930 -0.000001 0.500165
vn 0.972843 0.176434 0.149824
vn -0.865930 0.000001 -0.500165
vn -0.972843 -0.176434 -0.149824
vn 0.866213 0.000007 -0.499674
vn 0.585800 0.192454 -0.787274
vn -0.866213 -0.000007 0.499674
vn -0.585800 -0.192454 0.787274
vn 0.000000 0.000000 1.000000
vn -0.295125 -0.231119 0.927084
vn 0.000000 0.000000 -1.000000
vn 0.295125 0.231119 -0.927084
vn 0.865922 -0.000015 0.500179
vn 0.951096 0.265748 0.157464
vn -0.865922 0.000015 -0.500179
vn -0.951096 -0.265748 -0.157464
vn 0.866236 -0.000009 -0.499635
vn 0.576763 0.291902 -0.762980
vn -0.866236 0.000009 0.499635
vn -0.576763 -0.291902 0.762980
vn 0.000000 0.000000 1.000000
vn -0.284615 -0.281764 0.916299
vn 0.000000 0.000000 -1.000000
vn 0.284615 0.281764 -0.916299
vn 0.865922 -0.000019 0.500179
vn 0.932461 0.323027 0.161771
vn -0.865922 0.000019 -0.500179
vn -0.932461 -0.323027 -0.161771
vn 0.866222 0.000018 -0.499660
vn 0.567387 0.356071 -0.742486
vn -0.866222 -0.000018 0.499660
vn -0.567387 -0.356071 0.742486
vn 0.000000 0.000000 1.000000
vn -0.286596 -0.272622 0.918444
vn 0.000000 0.000000 -1.000000
vn 0.286596 0.272622 -0.918444
vn 0.865930 -0.000021 0.500165
vn 0.936094 0.312738 0.161007
vn -0.865930 0.000021 -0.500165
vn -0.936094 -0.312738 -0.161007
vn 0.866222 0.000017 -0.499660
vn 0.569300 0.344508 -0.746466
vn -0.866222 -0.000017 0.499660
vn -0.569300 -0.344508 0.746466
vn 0.000000 0.000000 1.000000
vn -0.286520 -0.272968 0.918365
vn 0.000000 0.000000 -1.000000
vn 0.286520 0.272968 -0.918365
vn 0.865916 0.000002 0.500190
vn 0.935950 0.313128 0.161083
vn -0.865916 -0.000002 -0.500190
vn -0.935950 -0.313128 -0.161083
vn 0.866222 0.000017 -0.499660
vn 0.569231 0.344946 -0.746317
vn -0.866222 -0.000017 0.499660
vn -0.569231 -0.344946 0.746317
vn 0.000000 0.000000 1.000000
vn -0.302539 -0.192263 0.933544
vn 0.000000 0.000000 -1.000000
vn 0.302539 0.192263 -0.933544
vn 0.865930 -0.000002 0.500165
vn 0.962968 0.221430 0.153824
vn -0.865930 0.000002 -0.500165
vn -0.962968 -0.221430 -0.153824
vn 0.866228 -0.000009 -0.499649
vn 0.582039 0.242447 -0.776177
vn -0.866228 0.000009 0.499649
vn -0.582039 -0.242447 0.776177
vn 0.000000 0.000000 1.000000
vn -0.307397 -0.165201 0.937132
vn 0.000000 0.000000 -1.000000
vn 0.307397 0.165201 -0.937132
vn 0.865930 -0.000001 0.500165
vn 0.970006 0.190422 0.151087
vn -0.865930 0.000001 -0.500165
vn -0.970006 -0.190422 -0.151087
vn 0.866213 0.000008 -0.499674
vn 0.584797 0.207963 -0.784069
vn -0.866213 -0.000008 0.499674
vn -0.584797 -0.207963 0.784069
vn 0.000000 0.000000 1.000000
vn -0.304252 -0.182844 0.934879
vn 0.000000 0.000000 -1.000000
vn 0.304252 0.182844 -0.934879
vn 0.865930 -0.000002 0.500165
vn 0.965533 0.210680 0.152840
vn -0.865930 0.000002 -0.500165
vn -0.965533 -0.210680 -0.152840
vn 0.866236 -0.000007 -0.499635
vn 0.583083 0.230465 -0.779038
vn -0.866236 0.000007 0.499635
vn -0.583083 -0.230465 0.779038
vn 0.000000 0.000000 1.000000
vn -0.297072 -0.221230 0.928873
vn 0.000000 0.000000 -1.000000
vn 0.297072 0.221230 -0.928873
vn 0.865930 -0.000002 0.500165
vn 0.954317 0.254526 0.156509
vn -0.865930 0.000002 -0.500165
vn -0.954317 -0.254526 -0.156509
vn 0.866228 -0.000010 -0.499649
vn 0.578208 0.279342 -0.766579
vn -0.866228 0.000010 0.499649
vn -0.578208 -0.279342 0.766579
vn 0.000000 0.000000 1.000000
vn -0.288055 -0.265685 0.920020
vn 0.000000 0.000000 -1.000000
vn 0.288055 0.265685 -0.920020
vn 0.865930 -0.000020 0.500165
vn 0.938767 0.304913 0.160452
vn -0.865930 0.000020 -0.500165
vn -0.938767 -0.304913 -0.160452
vn 0.866236 -0.000010 -0.499635
vn 0.570684 0.335745 -0.749397
vn -0.866236 0.000010 0.499635
vn -0.570684 -0.335745 0.749397
vn 0.000000 0.000000 1.000000
vn -0.287189 -0.269854 0.919076
vn 0.000000 0.000000 -1.000000
vn 0.287189 0.269854 -0.919076
vn 0.865922 -0.000018 0.500179
vn 0.937169 0.309618 0.160783
vn -0.865922 0.000018 -0.500179
vn -0.937169 -0.309618 -0.160783
vn 0.866222 0.000017 -0.499660
vn 0.569854 0.341009 -0.747649
vn -0.866222 -0.000017 0.499660
vn -0.569854 -0.341009 0.747649
vn 0.000000 0.000000 1.000000
vn -0.300848 -0.201376 0.932169
vn 0.000000 0.000000 -1.000000
vn 0.300848 0.201376 -0.932169
vn 0.865907 -0.000009 0.500204
vn 0.960365 0.231857 0.154732
vn -0.865907 0.000009 -0.500204
vn -0.960365 -0.231857 -0.154732
vn 0.866222 0.000012 -0.499660
vn 0.580973 0.254051 -0.773259
vn -0.866222 -0.000012 0.499660
vn -0.580973 -0.254051 0.773259
vn 0.000000 0.000000 1.000000
vn -0.306052 -0.172727 0.936214
vn 0.000000 0.000000 -1.000000
vn 0.306052 0.172727 -0.936214
vn 0.865930 0.000018 0.500165
vn 0.968141 0.199061 0.151917
vn -0.865930 -0.000018 -0.500165
vn -0.968141 -0.199061 -0.151917
vn 0.866213 -0.000011 -0.499674
vn 0.584090 0.217562 -0.781988
vn -0.866213 0.000011 0.499674
vn -0.584090 -0.217562 0.781988
vn 0.000000 0.000000 1.000000
vn -0.297896 -0.216952 0.929618
vn 0.000000 0.000000 -1.000000
vn 0.297896 0.216952 -0.929618
vn 0.865922 0.000011 0.500179
vn 0.955661 0.249623 0.156206
vn -0.865922 -0.000011 -0.500179
vn -0.955661 -0.249623 -0.156206
vn 0.866222 -0.000012 -0.499660
vn 0.578831 0.273903 -0.768070
vn -0.866222 0.000012 0.499660
vn -0.578831 -0.273903 0.768070
vn 0.000000 0.000000 1.000000
vn -0.307699 -0.163435 0.937342
vn 0.000000 0.000000 -1.000000
vn 0.307699 0.163435 -0.937342
vn 0.865930 -0.000001 0.500165
vn 0.970430 0.188395 0.150909
vn -0.865930 0.000001 -0.500165
vn -0.970430 -0.188395 -0.150909
vn 0.866213 0.000008 -0.499674
vn 0.584953 0.205714 -0.784545
vn -0.866213 -0.000008 0.499674
vn -0.584953 -0.205714 0.784545
vn 0.000000 0.000000 1.000000
vn -0.293703 -0.238289 0.925719
vn 0.000000 0.000000 -1.000000
vn 0.293703 0.238289 -0.925719
vn 0.865930 0.000025 0.500165
vn 0.948670 0.273893 0.158137
vn -0.865930 -0.000025 -0.500165
vn -0.948670 -0.273893 -0.158137
vn 0.866213 -0.000015 -0.499674
vn 0.575541 0.301023 -0.760354
vn -0.866213 0.000015 0.499674
vn -0.575541 -0.301023 0.760354
vn 0.000000 0.000000 1.000000
vn -0.300710 -0.202111 0.932054
vn 0.000000 0.000000 -1.000000
vn 0.300710 0.202111 -0.932054
vn 0.865922 -0.000013 0.500179
vn 0.960156 0.232692 0.154770
vn -0.865922 0.000013 -0.500179
vn -0.960156 -0.232692 -0.154770
vn 0.866236 -0.000007 -0.499635
vn 0.580880 0.254988 -0.773020
vn -0.866236 0.000007 0.499635
vn -0.580880 -0.254988 0.773020
vn 0.000000 0.000000 1.000000
vn -0.301917 -0.195691 0.933033
vn 0.000000 0.000000 -1.000000
vn 0.301917 0.195691 -0.933033
vn 0.865930 -0.000014 0.500165
vn 0.962008 0.225354 0.154132
vn -0.865930 0.000014 -0.500165
vn -0.962008 -0.225354 -0.154132
vn 0.866222 0.000012 -0.499660
vn 0.581664 0.246806 -0.775083
vn -0.866222 -0.000012 0.499660
vn -0.581664 -0.246806 0.775083
vn 0.000000 0.000000 1.000000
vn -0.303948 -0.184606 0.934632
vn 0.000000 0.000000 -1.000000
vn 0.303948 0.184606 -0.934632
vn 0.865930 0.000019 0.500165
vn 0.965057 0.212671 0.153087
vn -0.865930 -0.000019 -0.500165
vn -0.965057 -0.212671 -0.153087
vn 0.866213 -0.000012 -0.499674
vn 0.582865 0.232691 -0.778539
vn -0.866213 0.000012 0.499674
vn -0.582865 -0.232691 0.778539
vn 0.000000 0.000000 1.000000
vn -0.286265 -0.274138 0.918096
vn 0.000000 0.000000 -1.000000
vn 0.286265 0.274138 -0.918096
vn 0.865930 0.000030 0.500165
vn 0.935491 0.314447 0.161183
vn -0.865930 -0.000030 -0.500165
vn -0.935491 -0.314447 -0.161183
vn 0.866222 -0.000015 -0.499660
vn 0.568944 0.346452 -0.745838
vn -0.866222 0.000015 0.499660
vn -0.568944 -0.346452 0.745838
vn 0.000000 0.000000 1.000000
vn -0.293404 -0.239740 0.925440
vn 0.000000 0.000000 -1.000000
vn 0.293404 0.239740 -0.925440
vn 0.865930 -0.000002 0.500165
vn 0.948177 0.275535 0.158243
vn -0.865930 0.000002 -0.500165
vn -0.948177 -0.275535 -0.158243
vn 0.866222 0.000015 -0.499660
vn 0.575367 0.302856 -0.759757
vn -0.866222 -0.000015 0.499660
vn -0.575367 -0.302856 0.759757
vn 0.000000 0.000000 1.000000
vn -0.288060 -0.265728 0.920005
vn 0.000000 0.000000 -1.000000
vn 0.288060 0.265728 -0.920005
vn 0.865916 0.000002 0.500190
vn 0.938746 0.304960 0.160486
vn -0.865916 -0.000002 -0.500190
vn -0.938746 -0.304960 -0.160486
vn 0.866222 0.000017 -0.499660
vn 0.570643 0.335813 -0.749397
vn -0.866222 -0.000017 0.499660
vn -0.570643 -0.335813 0.749397
vn 0.000000 0.000000 1.000000
vn -0.286596 -0.272622 0.918444
vn 0.000000 0.000000 -1.000000
vn 0.286596 0.272622 -0.918444
vn 0.865916 0.000002 0.500190
vn 0.936086 0.312738 0.161053
vn -0.865916 -0.000002 -0.500190
vn -0.936086 -0.312738 -0.161053
vn 0.866213 0.000014 -0.499674
vn 0.569266 0.344516 -0.746489
vn -0.866213 -0.000014 0.499674
vn -0.569266 -0.344516 0.746489
vn 0.000000 0.000000 1.000000
vn -0.307741 -0.163158 0.937377
vn 0.000000 0.000000 -1.000000
vn 0.307741 0.163158 -0.937377
vn 0.865930 -0.000001 0.500165
vn 0.970495 0.188077 0.150888
vn -0.865930 0.000001 -0.500165
vn -0.970495 -0.188077 -0.150888
vn 0.866222 0.000010 -0.499660
vn 0.584993 0.205372 -0.784606
vn -0.866222 -0.000010 0.499660
vn -0.584993 -0.205372 0.784606
vn 0.000000 0.000000 1.000000
vn -0.303480 -0.187134 0.934281
vn 0.000000 0.000000 -1.000000
vn 0.303480 0.187134 -0.934281
vn 0.865930 -0.000002 0.500165
vn 0.964381 0.215592 0.153259
vn -0.865930 0.000002 -0.500165
vn -0.964381 -0.215592 -0.153259
vn 0.866222 -0.000010 -0.499660
vn 0.582605 0.235924 -0.777761
vn -0.866222 0.000010 0.499660
vn -0.582605 -0.235924 0.777761
vn 0.000000 0.000000 1.000000
vn -0.308659 -0.157826 0.937988
vn 0.000000 0.000000 -1.000000
vn 0.308659 0.157826 -0.937988
vn 0.865916 0.000001 0.500190
vn 0.971741 0.181959 0.150368
vn -0.865916 -0.000001 -0.500190
vn -0.971741 -0.181959 -0.150368
vn 0.866213 0.000008 -0.499674
vn 0.585427 0.198574 -0.786030
vn -0.866213 -0.000008 0.499674
vn -0.585427 -0.198574 0.786030
vn 0.000000 0.000000 1.000000
vn -0.306526 -0.170088 0.936543
vn 0.000000 0.000000 -1.000000
vn 0.306526 0.170088 -0.936543
vn 0.865930 -0.000001 0.500165
vn 0.968807 0.196030 0.151607
vn -0.865930 0.000001 -0.500165
vn -0.968807 -0.196030 -0.151607
vn 0.866236 -0.000006 -0.499635
vn 0.584398 0.214188 -0.782689
vn -0.866236 0.000006 0.499635
vn -0.584398 -0.214188 0.782689
vn 0.000000 0.000000 1.000000
vn -0.301069 -0.200205 0.932350
vn 0.000000 0.000000 -1.000000
vn 0.301069 0.200205 -0.932350
vn 0.865930 -0.000002 0.500165
vn 0.960711 0.230509 0.154594
vn -0.865930 0.000002 -0.500165
vn -0.960711 -0.230509 -0.154594
vn 0.866213 0.000010 -0.499674
vn 0.581083 0.252565 -0.773663
vn -0.866213 -0.000010 0.499674
vn -0.581083 -0.252565 0.773663
vn 0.000000 0.000000 1.000000
vn -0.298606 -0.213260 0.930244
vn 0.000000 0.000000 -1.000000
vn 0.298606 0.213260 -0.930244
vn 0.865930 -0.000002 0.500165
vn 0.956813 0.245410 0.155828
vn -0.865930 0.000002 -0.500165
vn -0.956813 -0.245410 -0.155828
vn 0.866213 0.000011 -0.499674
vn 0.579364 0.269188 -0.769334
vn -0.866213 -0.000011 0.499674
vn -0.579364 -0.269188 0.769334
vn 0.000000 0.000000 1.000000
vn -0.295700 -0.228254 0.927611
vn 0.000000 0.000000 -1.000000
vn 0.295700 0.228254 -0.927611
vn 0.865922 -0.000015 0.500179
vn 0.952045 0.262484 0.157204
vn -0.865922 0.000015 -0.500179
vn -0.952045 -0.262484 -0.157204
vn 0.866222 0.000014 -0.499660
vn 0.577179 0.288274 -0.764044
vn -0.866222 -0.000014 0.499660
vn -0.577179 -0.288274 0.764044
vn 0.000000 0.000000 1.000000
vn -0.302372 -0.193144 0.933417
vn 0.000000 0.000000 -1.000000
vn 0.302372 0.193144 -0.933417
vn 0.865930 -0.000002 0.500165
vn 0.962723 0.222470 0.153859
vn -0.865930 0.000002 -0.500165
vn -0.962723 -0.222470 -0.153859
vn 0.866222 -0.000010 -0.499660
vn 0.581924 0.243585 -0.775907
vn -0.866222 0.000010 0.499660
vn -0.581924 -0.243585 0.775907
vn 0.000000 0.000000 1.000000
vn -0.303582 -0.186503 0.934374
vn 0.000000 0.000000 -1.000000
vn 0.303582 0.186503 -0.934374
vn 0.865922 -0.000012 0.500179
vn 0.964548 0.214839 0.153267
vn -0.865922 0.000012 -0.500179
vn -0.964548 -0.214839 -0.153267
vn 0.866222 0.000011 -0.499660
vn 0.582708 0.235120 -0.777927
vn -0.866222 -0.000011 0.499660
vn -0.582708 -0.235120 0.777927
vn 0.000000 0.000000 1.000000
vn -0.306789 -0.168580 0.936729
vn 0.000000 0.000000 -1.000000
vn 0.306789 0.168580 -0.936729
vn 0.865930 -0.000001 0.500165
vn 0.969180 0.194300 0.151454
vn -0.865930 0.000001 -0.500165
vn -0.969180 -0.194300 -0.151454
vn 0.866222 0.000010 -0.499660
vn 0.584514 0.212281 -0.783122
vn -0.866222 -0.000010 0.499660
vn -0.584514 -0.212281 0.783122
vn 0.000000 0.000000 1.000000
vn -0.290628 -0.253325 0.922693
vn 0.000000 0.000000 -1.000000
vn 0.290628 0.253325 -0.922693
vn 0.865930 -0.000002 0.500165
vn 0.943366 0.290934 0.159432
vn -0.865930 0.000002 -0.500165
vn -0.943366 -0.290934 -0.159432
vn 0.866213 0.000013 -0.499674
vn 0.572974 0.320103 -0.754477
vn -0.866213 -0.000013 0.499674
vn -0.572974 -0.320103 0.754477
vn 0.000000 0.000000 1.000000
vn -0.298630 -0.213105 0.930272
vn 0.000000 0.000000 -1.000000
vn 0.298630 0.213105 -0.930272
vn 0.865916 0.000002 0.500190
vn 0.956854 0.245237 0.155851
vn -0.865916 -0.000002 -0.500190
vn -0.956854 -0.245237 -0.155851
vn 0.866213 0.000011 -0.499674
vn 0.579389 0.268992 -0.769384
vn -0.866213 -0.000011 0.499674
vn -0.579389 -0.268992 0.769384
vn 0.000000 0.000000 1.000000
vn -0.303188 -0.188780 0.934045
vn 0.000000 0.000000 -1.000000
vn 0.303188 0.188780 -0.934045
vn 0.865930 -0.000002 0.500165
vn 0.963932 0.217444 0.153470
vn -0.865930 0.000002 -0.500165
vn -0.963932 -0.217444 -0.153470
vn 0.866222 0.000011 -0.499660
vn 0.582443 0.238014 -0.777244
vn -0.866222 -0.000011 0.499660
vn -0.582443 -0.238014 0.777244
vn 0.000000 0.000000 1.000000
vn -0.304522 -0.181382 0.935076
vn 0.000000 0.000000 -1.000000
vn 0.304522 0.181382 -0.935076
vn 0.865916 -0.000010 0.500190
vn 0.965914 0.208983 0.152760
vn -0.865916 0.000010 -0.500190
vn -0.965914 -0.208983 -0.152760
vn 0.866222 0.000011 -0.499660
vn 0.583275 0.228575 -0.779451
vn -0.866222 -0.000011 0.499660
vn -0.583275 -0.228575 0.779451
vn 0.000000 0.000000 1.000000
vn -0.307884 -0.162342 0.937471
vn 0.000000 0.000000 -1.000000
vn 0.307884 0.162342 -0.937471
vn 0.865930 -0.000001 0.500165
vn 0.970689 0.187141 0.150801
vn -0.865930 0.000001 -0.500165
vn -0.970689 -0.187141 -0.150801
vn 0.866222 0.000009 -0.499660
vn 0.585062 0.204333 -0.784825
vn -0.866222 -0.000009 0.499660
vn -0.585062 -0.204333 0.784825
vn 0.000000 0.000000 1.000000
vn -0.288414 -0.264049 0.920378
vn 0.000000 0.000000 -1.000000
vn 0.288414 0.264049 -0.920378
vn 0.865930 -0.000002 0.500165
vn 0.939387 0.303100 0.160260
vn -0.865930 0.000002 -0.500165
vn -0.939387 -0.303100 -0.160260
vn 0.866228 -0.000013 -0.499649
vn 0.570939 0.333691 -0.750119
vn -0.866228 0.000013 0.499649
vn -0.570939 -0.333691 0.750119
vn 0.000000 0.000000 1.000000
vn -0.306748 -0.168863 0.936692
vn 0.000000 0.000000 -1.000000
vn 0.306748 0.168863 -0.936692
vn 0.865916 -0.000009 0.500190
vn 0.969107 0.194631 0.151492
vn -0.865916 0.000009 -0.500190
vn -0.969107 -0.194631 -0.151492
vn 0.866222 0.000010 -0.499660
vn 0.584507 0.212625 -0.783034
vn -0.866222 -0.000010 0.499660
vn -0.584507 -0.212625 0.783034
vn 0.000000 0.000000 1.000000
vn -0.296113 -0.226081 0.928011
vn 0.000000 0.000000 -1.000000
vn 0.296113 0.226081 -0.928011
vn 0.865930 -0.000002 0.500165
vn 0.952752 0.260013 0.157023
vn -0.865930 0.000002 -0.500165
vn -0.952752 -0.260013 -0.157023
vn 0.866213 0.000011 -0.499674
vn 0.577509 0.285505 -0.764833
vn -0.866213 -0.000011 0.499674
vn -0.577509 -0.285505 0.764833
vn 0.000000 0.000000 1.000000
vn -0.297909 -0.216881 0.929630
vn 0.000000 0.000000 -1.000000
vn 0.297909 0.216881 -0.929630
vn 0.865907 -0.000010 0.500204
vn 0.955683 0.249548 0.156190
vn -0.865907 0.000010 -0.500204
vn -0.955683 -0.249548 -0.156190
vn 0.866222 0.000013 -0.499660
vn 0.578892 0.273791 -0.768064
vn -0.866222 -0.000013 0.499660
vn -0.578892 -0.273791 0.768064
vn 0.000000 0.000000 1.000000
vn -0.297294 -0.220103 0.929070
vn 0.000000 0.000000 -1.000000
vn 0.297294 0.220103 -0.929070
vn 0.865922 -0.000014 0.500179
vn 0.954676 0.253213 0.156448
vn -0.865922 0.000014 -0.500179
vn -0.954676 -0.253213 -0.156448
vn 0.866222 0.000013 -0.499660
vn 0.578425 0.277888 -0.766944
vn -0.866222 -0.000013 0.499660
vn -0.578425 -0.277888 0.766944
vn 0.000000 0.000000 1.000000
vn -0.293568 -0.238910 0.925602
vn 0.000000 0.000000 -1.000000
vn 0.293568 0.238910 -0.925602
vn 0.865930 -0.000002 0.500165
vn 0.948462 0.274593 0.158172
vn -0.865930 0.000002 -0.500165
vn -0.948462 -0.274593 -0.158172
vn 0.866228 -0.000011 -0.499649
vn 0.575471 0.301810 -0.760095
vn -0.866228 0.000011 0.499649
vn -0.575471 -0.301810 0.760095
vn 0.000000 0.000000 1.000000
vn -0.308301 -0.159933 0.937748
vn 0.000000 0.000000 -1.000000
vn 0.308301 0.159933 -0.937748
vn 0.865930 -0.000001 0.500165
vn 0.971257 0.184375 0.150550
vn -0.865930 0.000001 -0.500165
vn -0.971257 -0.184375 -0.150550
vn 0.866236 -0.000006 -0.499635
vn 0.585288 0.201251 -0.785453
vn -0.866236 0.000006 0.499635
vn -0.585288 -0.201251 0.785453
vn 0.000000 0.000000 1.000000
vn -0.308638 -0.157908 0.937981
vn 0.000000 0.000000 -1.000000
vn 0.308638 0.157908 -0.937981
vn 0.865930 0.000016 0.500165
vn 0.971721 0.182053 0.150383
vn -0.865930 -0.000016 -0.500165
vn -0.971721 -0.182053 -0.150383
vn 0.866213 -0.000010 -0.499674
vn 0.585397 0.198683 -0.786025
vn -0.866213 0.000010 0.499674
vn -0.585397 -0.198683 0.786025
vn 0.000000 0.000000 1.000000
vn -0.306863 -0.168229 0.936768
vn 0.000000 0.000000 -1.000000
vn 0.306863 0.168229 -0.936768
vn 0.865930 -0.000001 0.500165
vn 0.969268 0.193896 0.151404
vn -0.865930 0.000001 -0.500165
vn -0.969268 -0.193896 -0.151404
vn 0.866236 -0.000006 -0.499635
vn 0.584539 0.211830 -0.783225
vn -0.866236 0.000006 0.499635
vn -0.584539 -0.211830 0.783225
vn 0.000000 0.000000 1.000000
vn -0.309082 -0.155379 0.938257
vn 0.000000 0.000000 -1.000000
vn 0.309082 0.155379 -0.938257
vn 0.865930 -0.000001 0.500165
vn 0.972309 0.179143 0.150074
vn -0.865930 0.000001 -0.500165
vn -0.972309 -0.179143 -0.150074
vn 0.866222 0.000009 -0.499660
vn 0.585631 0.195465 -0.786657
vn -0.866222 -0.000009 0.499660
vn -0.585631 -0.195465 0.786657
vn 0.000000 0.000000 1.000000
vn -0.307242 -0.166010 0.937039
vn 0.000000 0.000000 -1.000000
vn 0.307242 0.166010 -0.937039
vn 0.865916 -0.000009 0.500190
vn 0.969804 0.191358 0.151204
vn -0.865916 0.000009 -0.500190
vn -0.969804 -0.191358 -0.151204
vn 0.866222 0.000010 -0.499660
vn 0.584768 0.208992 -0.783816
vn -0.866222 -0.000010 0.499660
vn -0.584768 -0.208992 0.783816
vn 0.000000 0.000000 1.000000
vn -0.303779 -0.185435 0.934522
vn 0.000000 0.000000 -1.000000
vn 0.303779 0.185435 -0.934522
vn 0.865930 0.000019 0.500165
vn 0.964831 0.213621 0.153191
vn -0.865930 -0.000019 -0.500165
vn -0.964831 -0.213621 -0.153191
vn 0.866222 -0.000010 -0.499660
vn 0.582797 0.233762 -0.778269
vn -0.866222 0.000010 0.499660
vn -0.582797 -0.233762 0.778269
vn 0.000000 0.000000 1.000000
vn -0.294162 -0.235870 0.926193
vn 0.000000 0.000000 -1.000000
vn 0.294162 0.235870 -0.926193
vn 0.865930 -0.000002 0.500165
vn 0.949496 0.271142 0.157919
vn -0.865930 0.000002 -0.500165
vn -0.949496 -0.271142 -0.157919
vn 0.866222 0.000014 -0.499660
vn 0.575988 0.297966 -0.761219
vn -0.866222 -0.000014 0.499660
vn -0.575988 -0.297966 0.761219
vn 0.000000 0.000000 1.000000
vn -0.301026 -0.200438 0.932313
vn 0.000000 0.000000 -1.000000
vn 0.301026 0.200438 -0.932313
vn 0.865922 -0.000013 0.500179
vn 0.960645 0.230808 0.154559
vn -0.865922 0.000013 -0.500179
vn -0.960645 -0.230808 -0.154559
vn 0.866236 -0.000007 -0.499635
vn 0.581046 0.252883 -0.773586
vn -0.866236 0.000007 0.499635
vn -0.581046 -0.252883 0.773586
vn 0.000000 0.000000 1.000000
vn -0.305417 -0.176430 0.935731
vn 0.000000 0.000000 -1.000000
vn 0.305417 0.176430 -0.935731
vn 0.865930 0.000007 0.500165
vn 0.967205 0.203308 0.152254
vn -0.865930 -0.000007 -0.500165
vn -0.967205 -0.203308 -0.152254
vn 0.866222 0.000010 -0.499660
vn 0.583778 0.222263 -0.780899
vn -0.866222 -0.000010 0.499660
vn -0.583778 -0.222263 0.780899
vn 0.000000 0.000000 1.000000
vn -0.299247 -0.209804 0.930824
vn 0.000000 0.000000 -1.000000
vn 0.299247 0.209804 -0.930824
vn 0.865930 -0.000002 0.500165
vn 0.957865 0.241503 0.155468
vn -0.865930 0.000002 -0.500165
vn -0.957865 -0.241503 -0.155468
vn 0.866228 -0.000010 -0.499649
vn 0.579828 0.264808 -0.770504
vn -0.866228 0.000010 0.499649
vn -0.579828 -0.264808 0.770504
vn 0.000000 0.000000 1.000000
vn -0.304103 -0.183663 0.934767
vn 0.000000 0.000000 -1.000000
vn 0.304103 0.183663 -0.934767
vn 0.865930 -0.000002 0.500165
vn 0.965315 0.211618 0.152923
vn -0.865930 0.000002 -0.500165
vn -0.965315 -0.211618 -0.152923
vn 0.866236 -0.000007 -0.499635
vn 0.583020 0.231496 -0.778780
vn -0.866236 0.000007 0.499635
vn -0.583020 -0.231496 0.778780
vn 0.000000 0.000000 1.000000
vn -0.290272 -0.255081 0.922321
vn 0.000000 0.000000 -1.000000
vn 0.290272 0.255081 -0.922321
vn 0.865930 0.000028 0.500165
vn 0.942720 0.292926 0.159606
vn -0.865930 -0.000028 -0.500165
vn -0.942720 -0.292926 -0.159606
vn 0.866213 -0.000017 -0.499674
vn 0.572624 0.322331 -0.753793
vn -0.866213 0.000017 0.499674
vn -0.572624 -0.322331 0.753793
vn 0.000000 0.000000 1.000000
vn -0.306706 -0.169092 0.936664
vn 0.000000 0.000000 -1.000000
vn 0.306706 0.169092 -0.936664
vn 0.865930 -0.000001 0.500165
vn 0.969055 0.194886 0.151499
vn -0.865930 0.000001 -0.500165
vn -0.969055 -0.194886 -0.151499
vn 0.866213 0.000008 -0.499674
vn 0.584452 0.212922 -0.782995
vn -0.866213 -0.000008 0.499674
vn -0.584452 -0.212922 0.782995
vn 0.000000 0.000000 1.000000
vn -0.307847 -0.162498 0.937457
vn 0.000000 0.000000 -1.000000
vn 0.307847 0.162498 -0.937457
vn 0.865930 -0.000001 0.500165
vn 0.970650 0.187320 0.150829
vn -0.865930 0.000001 -0.500165
vn -0.970650 -0.187320 -0.150829
vn 0.866213 0.000008 -0.499674
vn 0.585042 0.204525 -0.784790
vn -0.866213 -0.000008 0.499674
vn -0.585042 -0.204525 0.784790
vn 0.000000 0.000000 1.000000
vn -0.308837 -0.156848 0.938093
vn 0.000000 0.000000 -1.000000
vn 0.308837 0.156848 -0.938093
vn 0.865930 0.000016 0.500165
vn 0.971968 0.180835 0.150253
vn -0.865930 -0.000016 -0.500165
vn -0.971968 -0.180835 -0.150253
vn 0.866213 -0.000010 -0.499674
vn 0.585473 0.197329 -0.786310
vn -0.866213 0.000010 0.499674
vn -0.585473 -0.197329 0.786310
vn 0.000000 0.000000 1.000000
vn -0.285018 -0.279870 0.916754
vn 0.000000 0.000000 -1.000000
vn 0.285018 0.279870 -0.916754
vn 0.865922 0.000014 0.500179
vn 0.933213 0.320903 0.161660
vn -0.865922 -0.000014 -0.500179
vn -0.933213 -0.320903 -0.161660
vn 0.866222 -0.000016 -0.499660
vn 0.567764 0.353693 -0.743334
vn -0.866222 0.000016 0.499660
vn -0.567764 -0.353693 0.743334
vn 0.000000 0.000000 1.000000
vn -0.294655 -0.233425 0.926656
vn 0.000000 0.000000 -1.000000
vn 0.294655 0.233425 -0.926656
vn 0.865922 -0.000015 0.500179
vn 0.950323 0.268364 0.157694
vn -0.865922 0.000015 -0.500179
vn -0.950323 -0.268364 -0.157694
vn 0.866236 -0.000009 -0.499635
vn 0.576379 0.294856 -0.762133
vn -0.866236 0.000009 0.499635
vn -0.576379 -0.294856 0.762133
vn 0.000000 0.000000 1.000000
vn -0.288475 -0.263726 0.920452
vn 0.000000 0.000000 -1.000000
vn 0.288475 0.263726 -0.920452
vn 0.865930 -0.000002 0.500165
vn 0.939511 0.302694 0.160296
vn -0.865930 0.000002 -0.500165
vn -0.939511 -0.302694 -0.160296
vn 0.866236 -0.000010 -0.499635
vn 0.571034 0.333282 -0.750228
vn -0.866236 0.000010 0.499635
vn -0.571034 -0.333282 0.750228
vn 0.000000 0.000000 1.000000
vn -0.290445 -0.254295 0.922484
vn 0.000000 0.000000 -1.000000
vn 0.290445 0.254295 -0.922484
vn 0.865930 -0.000002 0.500165
vn 0.943013 0.292071 0.159442
vn -0.865930 0.000002 -0.500165
vn -0.943013 -0.292071 -0.159442
vn 0.866236 -0.000010 -0.499635
vn 0.572805 0.321332 -0.754082
vn -0.866236 0.000010 0.499635
vn -0.572805 -0.321332 0.754082
vn 0.000000 0.000000 1.000000
vn -0.309405 -0.153439 0.938470
vn 0.000000 0.000000 -1.000000
vn 0.309405 0.153439 -0.938470
vn 0.865930 -0.000001 0.500165
vn 0.972748 0.176915 0.149878
vn -0.865930 0.000001 -0.500165
vn -0.972748 -0.176915 -0.149878
vn 0.866228 -0.000007 -0.499649
vn 0.585773 0.192989 -0.787162
vn -0.866228 0.000007 0.499649
vn -0.585773 -0.192989 0.787162
vn 0.000000 0.000000 1.000000
vn -0.306355 -0.171133 0.936408
vn 0.000000 0.000000 -1.000000
vn 0.306355 0.171133 -0.936408
vn 0.865930 -0.000001 0.500165
vn 0.968550 0.197227 0.151698
vn -0.865930 0.000001 -0.500165
vn -0.968550 -0.197227 -0.151698
vn 0.866222 0.000010 -0.499660
vn 0.584268 0.215529 -0.782418
vn -0.866222 -0.000010 0.499660
vn -0.584268 -0.215529 0.782418
vn 0.000000 0.000000 1.000000
vn -0.305360 -0.176713 0.935696
vn 0.000000 0.000000 -1.000000
vn 0.305360 0.176713 -0.935696
vn 0.865930 -0.000002 0.500165
vn 0.967135 0.203625 0.152271
vn -0.865930 0.000002 -0.500165
vn -0.967135 -0.203625 -0.152271
vn 0.866213 0.000009 -0.499674
vn 0.583717 0.222631 -0.780839
vn -0.866213 -0.000009 0.499674
vn -0.583717 -0.222631 0.780839
vn 0.000000 0.000000 1.000000
vn -0.303741 -0.185687 0.934485
vn 0.000000 0.000000 -1.000000
vn 0.303741 0.185687 -0.934485
vn 0.865930 0.000019 0.500165
vn 0.964764 0.213909 0.153208
vn -0.865930 -0.000019 -0.500165
vn -0.964764 -0.213909 -0.153208
vn 0.866222 -0.000010 -0.499660
vn 0.582765 0.234081 -0.778197
vn -0.866222 0.000010 0.499660
vn -0.582765 -0.234081 0.778197
vn 0.000000 0.000000 1.000000
vn -0.301849 -0.196031 0.932984
vn 0.000000 0.000000 -1.000000
vn 0.301849 0.196031 -0.932984
vn 0.865930 0.000020 0.500165
vn 0.961903 0.225743 0.154218
vn -0.865930 -0.000020 -0.500165
vn -0.961903 -0.225743 -0.154218
vn 0.866213 -0.000012 -0.499674
vn 0.581564 0.247250 -0.775016
vn -0.866213 0.000012 0.499674
vn -0.581564 -0.247250 0.775016
vn 0.000000 0.000000 1.000000
vn -0.299634 -0.207836 0.931141
vn 0.000000 0.000000 -1.000000
vn 0.299634 0.207836 -0.931141
vn 0.865922 -0.000013 0.500179
vn 0.958461 0.239228 0.155313
vn -0.865922 0.000013 -0.500179
vn -0.958461 -0.239228 -0.155313
vn 0.866236 -0.000008 -0.499635
vn 0.580136 0.262278 -0.771137
vn -0.866236 0.000008 0.499635
vn -0.580136 -0.262278 0.771137
vn 0.000000 0.000000 1.000000
vn -0.302082 -0.194812 0.933164
vn 0.000000 0.000000 -1.000000
vn 0.302082 0.194812 -0.933164
vn 0.865930 -0.000002 0.500165
vn 0.962255 0.224345 0.154059
vn -0.865930 0.000002 -0.500165
vn -0.962255 -0.224345 -0.154059
vn 0.866213 0.000010 -0.499674
vn 0.581733 0.245691 -0.775386
vn -0.866213 -0.000010 0.499674
vn -0.581733 -0.245691 0.775386
vn 0.000000 0.000000 1.000000
vn -0.297710 -0.217874 0.929462
vn 0.000000 0.000000 -1.000000
vn 0.297710 0.217874 -0.929462
vn 0.865930 -0.000002 0.500165
vn 0.955377 0.250705 0.156212
vn -0.865930 0.000002 -0.500165
vn -0.955377 -0.250705 -0.156212
vn 0.866228 -0.000010 -0.499649
vn 0.578701 0.275077 -0.767748
vn -0.866228 0.000010 0.499649
vn -0.578701 -0.275077 0.767748
vn 0.000000 0.000000 1.000000
vn -0.302386 -0.193119 0.933417
vn 0.000000 0.000000 -1.000000
vn 0.302386 0.193119 -0.933417
vn 0.865916 0.000002 0.500190
vn 0.962724 0.222413 0.153934
vn -0.865916 -0.000002 -0.500190
vn -0.962724 -0.222413 -0.153934
vn 0.866222 0.000011 -0.499660
vn 0.581972 0.243530 -0.775888
vn -0.866222 -0.000011 0.499660
vn -0.581972 -0.243530 0.775888
vn 0.000000 0.000000 1.000000
vn -0.299455 -0.208842 0.930974
vn 0.000000 0.000000 -1.000000
vn 0.299455 0.208842 -0.930974
vn 0.865916 0.000002 0.500190
vn 0.958154 0.240375 0.155437
vn -0.865916 -0.000002 -0.500190
vn -0.958154 -0.240375 -0.155437
vn 0.866213 0.000010 -0.499674
vn 0.579961 0.263561 -0.770831
vn -0.866213 -0.000010 0.499674
vn -0.579961 -0.263561 0.770831
vn 0.000000 0.000000 1.000000
vn -0.309102 -0.155263 0.938269
vn 0.000000 0.000000 -1.000000
vn 0.309102 0.155263 -0.938269
vn 0.865930 -0.000001 0.500165
vn 0.972340 0.179037 0.150004
vn -0.865930 0.000001 -0.500165
vn -0.972340 -0.179037 -0.150004
vn 0.866213 -0.000010 -0.499674
vn 0.585601 0.195313 -0.786717
vn -0.866213 0.000010 0.499674
vn -0.585601 -0.195313 0.786717
vn 0.000000 0.000000 1.000000
vn -0.291075 -0.251267 0.923114
vn 0.000000 0.000000 -1.000000
vn 0.291075 0.251267 -0.923114
vn 0.865916 0.000002 0.500190
vn 0.944109 0.288607 0.159261
vn -0.865916 -0.000002 -0.500190
vn -0.944109 -0.288607 -0.159261
vn 0.866222 0.000016 -0.499660
vn 0.573343 0.317495 -0.755298
vn -0.866222 -0.000016 0.499660
vn -0.573343 -0.317495 0.755298
vn 0.000000 0.000000 1.000000
vn -0.304037 -0.183985 0.934725
vn 0.000000 0.000000 -1.000000
vn 0.304037 0.183985 -0.934725
vn 0.865922 -0.000012 0.500179
vn 0.965225 0.211957 0.153020
vn -0.865922 0.000012 -0.500179
vn -0.965225 -0.211957 -0.153020
vn 0.866222 0.000011 -0.499660
vn 0.582984 0.231912 -0.778683
vn -0.866222 -0.000011 0.499660
vn -0.582984 -0.231912 0.778683
vn 0.000000 0.000000 1.000000
vn -0.288196 -0.265058 0.920156
vn 0.000000 0.000000 -1.000000
vn 0.288196 0.265058 -0.920156
vn 0.865930 -0.000002 0.500165
vn 0.939007 0.304198 0.160405
vn -0.865930 0.000002 -0.500165
vn -0.939007 -0.304198 -0.160405
vn 0.866213 0.000014 -0.499674
vn 0.570766 0.334955 -0.749687
vn -0.866213 -0.000014 0.499674
vn -0.570766 -0.334955 0.749687
vn 0.000000 0.000000 1.000000
vn -0.302684 -0.191477 0.933659
vn 0.000000 0.000000 -1.000000
vn 0.302684 0.191477 -0.933659
vn 0.865930 -0.000002 0.500165
vn 0.963186 0.220531 0.153746
vn -0.865930 0.000002 -0.500165
vn -0.963186 -0.220531 -0.153746
vn 0.866236 -0.000007 -0.499635
vn 0.582165 0.241440 -0.776396
vn -0.866236 0.000007 0.499635
vn -0.582165 -0.241440 0.776396
vn 0.000000 0.000000 1.000000
vn -0.300759 -0.201857 0.932093
vn 0.000000 0.000000 -1.000000
vn 0.300759 0.201857 -0.932093
vn 0.865922 -0.000013 0.500179
vn 0.960232 0.232434 0.154689
vn -0.865922 0.000013 -0.500179
vn -0.960232 -0.232434 -0.154689
vn 0.866236 -0.000007 -0.499635
vn 0.580893 0.254675 -0.773113
vn -0.866236 0.000007 0.499635
vn -0.580893 -0.254675 0.773113
vn 0.000000 0.000000 1.000000
vn -0.304212 -0.183117 0.934839
vn 0.000000 0.000000 -1.000000
vn 0.304212 0.183117 -0.934839
vn 0.865930 -0.000002 0.500165
vn 0.965460 0.210963 0.152913
vn -0.865930 0.000002 -0.500165
vn -0.965460 -0.210963 -0.152913
vn 0.866222 0.000011 -0.499660
vn 0.583066 0.230801 -0.778951
vn -0.866222 -0.000011 0.499660
vn -0.583066 -0.230801 0.778951
vn 0.000000 0.000000 1.000000
vn -0.305069 -0.178301 0.935490
vn 0.000000 0.000000 -1.000000
vn 0.305069 0.178301 -0.935490
vn 0.865907 -0.000008 0.500204
vn 0.966718 0.205454 0.152463
vn -0.865907 0.000008 -0.500204
vn -0.966718 -0.205454 -0.152463
vn 0.866222 0.000010 -0.499660
vn 0.583597 0.224651 -0.780350
vn -0.866222 -0.000010 0.499660
vn -0.583597 -0.224651 0.780350
vn 0.000000 0.000000 1.000000
vn -0.308579 -0.158319 0.937931
vn 0.000000 0.000000 -1.000000
vn 0.308579 0.158319 -0.937931
vn 0.865930 0.000016 0.500165
vn 0.971628 0.182525 0.150413
vn -0.865930 -0.000016 -0.500165
vn -0.971628 -0.182525 -0.150413
vn 0.866222 0.000009 -0.499660
vn 0.585420 0.199196 -0.785878
vn -0.866222 -0.000009 0.499660
vn -0.585420 -0.199196 0.785878
vn 0.000000 0.000000 1.000000
vn -0.308495 -0.158777 0.937881
vn 0.000000 0.000000 -1.000000
vn 0.308495 0.158777 -0.937881
vn 0.865930 -0.000001 0.500165
vn 0.971530 0.183074 0.150378
vn -0.865930 0.000001 -0.500165
vn -0.971530 -0.183074 -0.150378
vn 0.866213 -0.000010 -0.499674
vn 0.585323 0.199789 -0.785800
vn -0.866213 0.000010 0.499674
vn -0.585323 -0.199789 0.785800
vn 0.000000 0.000000 1.000000
vn -0.289043 -0.260971 0.921058
vn 0.000000 0.000000 -1.000000
vn 0.289043 0.260971 -0.921058
vn 0.865930 0.000028 0.500165
vn 0.940539 0.299587 0.160108
vn -0.865930 -0.000028 -0.500165
vn -0.940539 -0.299587 -0.160108
vn 0.866222 -0.000014 -0.499660
vn 0.571564 0.329786 -0.751370
vn -0.866222 0.000014 0.499660
vn -0.571564 -0.329786 0.751370
vn 0.000000 0.000000 1.000000
vn -0.298108 -0.215818 0.929814
vn 0.000000 0.000000 -1.000000
vn 0.298108 0.215818 -0.929814
vn 0.865930 0.000023 0.500165
vn 0.956014 0.248331 0.156107
vn -0.865930 -0.000023 -0.500165
vn -0.956014 -0.248331 -0.156107
vn 0.866222 -0.000012 -0.499660
vn 0.578995 0.272462 -0.768459
vn -0.866222 0.000012 0.499660
vn -0.578995 -0.272462 0.768459
vn 0.000000 0.000000 1.000000
vn -0.303473 -0.187179 0.934274
vn 0.000000 0.000000 -1.000000
vn 0.303473 0.187179 -0.934274
vn 0.865922 -0.000012 0.500179
vn 0.964367 0.215613 0.153319
vn -0.865922 0.000012 -0.500179
vn -0.964367 -0.215613 -0.153319
vn 0.866236 -0.000007 -0.499635
vn 0.582626 0.235977 -0.777729
vn -0.866236 0.000007 0.499635
vn -0.582626 -0.235977 0.777729
vn 0.000000 0.000000 1.000000
vn -0.302689 -0.191485 0.933656
vn 0.000000 0.000000 -1.000000
vn 0.302689 0.191485 -0.933656
vn 0.865930 0.000020 0.500165
vn 0.963179 0.220544 0.153772
vn -0.865930 -0.000020 -0.500165
vn -0.963179 -0.220544 -0.153772
vn 0.866222 -0.000010 -0.499660
vn 0.582110 0.241467 -0.776429
vn -0.866222 0.000010 0.499660
vn -0.582110 -0.241467 0.776429
vn 0.000000 0.000000 1.000000
vn -0.309395 -0.153586 0.938449
vn 0.000000 0.000000 -1.000000
vn 0.309395 0.153586 -0.938449
vn 0.865930 -0.000001 0.500165
vn 0.972717 0.177084 0.149877
vn -0.865930 0.000001 -0.500165
vn -0.972717 -0.177084 -0.149877
vn 0.866236 -0.000005 -0.499635
vn 0.585766 0.193180 -0.787121
vn -0.866236 0.000005 0.499635
vn -0.585766 -0.193180 0.787121
vn 0.000000 0.000000 1.000000
vn -0.303978 -0.184444 0.934654
vn 0.000000 0.000000 -1.000000
vn 0.303978 0.184444 -0.934654
vn 0.865922 -0.000012 0.500179
vn 0.965109 0.212512 0.152981
vn -0.865922 0.000012 -0.500179
vn -0.965109 -0.212512 -0.152981
vn 0.866236 -0.000007 -0.499635
vn 0.582902 0.232500 -0.778568
vn -0.866236 0.000007 0.499635
vn -0.582902 -0.232500 0.778568
vn 0.000000 0.000000 1.000000
vn -0.300394 -0.203838 0.931780
vn 0.000000 0.000000 -1.000000
vn 0.300394 0.203838 -0.931780
vn 0.865930 -0.000015 0.500165
vn 0.959652 0.234664 0.154922
vn -0.865930 0.000015 -0.500165
vn -0.959652 -0.234664 -0.154922
vn 0.866236 -0.000007 -0.499635
vn 0.580655 0.257185 -0.772461
vn -0.866236 0.000007 0.499635
vn -0.580655 -0.257185 0.772461
vn 0.000000 0.000000 1.000000
vn -0.289090 -0.260782 0.921097
vn 0.000000 0.000000 -1.000000
vn 0.289090 0.260782 -0.921097
vn 0.865930 0.000028 0.500165
vn 0.940611 0.299373 0.160083
vn -0.865930 -0.000028 -0.500165
vn -0.940611 -0.299373 -0.160083
vn 0.866213 -0.000017 -0.499674
vn 0.571561 0.329551 -0.751475
vn -0.866213 0.000017 0.499674
vn -0.571561 -0.329551 0.751475
vn 0.000000 0.000000 1.000000
vn -0.289141 -0.260579 0.921138
vn 0.000000 0.000000 -1.000000
vn 0.289141 0.260579 -0.921138
vn 0.865930 0.000028 0.500165
vn 0.940689 0.299144 0.160057
vn -0.865930 -0.000028 -0.500165
vn -0.940689 -0.299144 -0.160057
vn 0.866222 -0.000014 -0.499660
vn 0.571605 0.329302 -0.751550
vn -0.866222 0.000014 0.499660
vn -0.571605 -0.329302 0.751550
vn 0.000000 0.000000 1.000000
vn -0.295481 -0.229362 0.927407
vn 0.000000 0.000000 -1.000000
vn 0.295481 0.229362 -0.927407
vn 0.865930 0.000024 0.500165
vn 0.951673 0.263749 0.157337
vn -0.865930 -0.000024 -0.500165
vn -0.951673 -0.263749 -0.157337
vn 0.866213 -0.000015 -0.499674
vn 0.576971 0.289677 -0.763670
vn -0.866213 0.000015 0.499674
vn -0.576971 -0.289677 0.763670
vn 0.000000 0.000000 1.000000
vn -0.294996 -0.231793 0.926957
vn 0.000000 0.000000 -1.000000
vn 0.294996 0.231793 -0.926957
vn 0.865930 -0.000002 0.500165
vn 0.950872 0.266509 0.157529
vn -0.865930 0.000002 -0.500165
vn -0.950872 -0.266509 -0.157529
vn 0.866222 0.000014 -0.499660
vn 0.576654 0.292758 -0.762734
vn -0.866222 -0.000014 0.499660
vn -0.576654 -0.292758 0.762734
vn 0.000000 0.000000 1.000000
vn -0.307411 -0.165048 0.937154
vn 0.000000 0.000000 -1.000000
vn 0.307411 0.165048 -0.937154
vn 0.865922 -0.000010 0.500179
vn 0.970045 0.190279 0.151019
vn -0.865922 0.000010 -0.500179
vn -0.970045 -0.190279 -0.151019
vn 0.866236 -0.000006 -0.499635
vn 0.584835 0.207777 -0.784090
vn -0.866236 0.000006 0.499635
vn -0.584835 -0.207777 0.784090
vn 0.000000 0.000000 1.000000
vn -0.297338 -0.219804 0.929127
vn 0.000000 0.000000 -1.000000
vn 0.297338 0.219804 -0.929127
vn 0.865930 0.000009 0.500165
vn 0.954763 0.252877 0.156462
vn -0.865930 -0.000009 -0.500165
vn -0.954763 -0.252877 -0.156462
vn 0.866222 0.000013 -0.499660
vn 0.578476 0.277513 -0.767041
vn -0.866222 -0.000013 0.499660
vn -0.578476 -0.277513 0.767041
vn 0.000000 0.000000 1.000000
vn -0.306936 -0.167717 0.936836
vn 0.000000 0.000000 -1.000000
vn 0.306936 0.167717 -0.936836
vn 0.865922 -0.000011 0.500179
vn 0.969394 0.193342 0.151305
vn -0.865922 0.000011 -0.500179
vn -0.969394 -0.193342 -0.151305
vn 0.866236 -0.000006 -0.499635
vn 0.584602 0.211179 -0.783354
vn -0.866236 0.000006 0.499635
vn -0.584602 -0.211179 0.783354
vn 0.000000 0.000000 1.000000
vn -0.301071 -0.200196 0.932351
vn 0.000000 0.000000 -1.000000
vn 0.301071 0.200196 -0.932351
vn 0.865930 0.000021 0.500165
vn 0.960708 0.230503 0.154624
vn -0.865930 -0.000021 -0.500165
vn -0.960708 -0.230503 -0.154624
vn 0.866222 -0.000011 -0.499660
vn 0.581068 0.252567 -0.773673
vn -0.866222 0.000011 0.499660
vn -0.581068 -0.252567 0.773673
vn 0.000000 0.000000 1.000000
vn -0.306080 -0.172674 0.936215
vn 0.000000 0.000000 -1.000000
vn 0.306080 0.172674 -0.936215
vn 0.865930 0.000018 0.500165
vn 0.968157 0.198999 0.151891
vn -0.865930 -0.000018 -0.500165
vn -0.968157 -0.198999 -0.151891
vn 0.866222 -0.000009 -0.499660
vn 0.584096 0.217497 -0.782002
vn -0.866222 0.000009 0.499660
vn -0.584096 -0.217497 0.782002
vn 0.000000 0.000000 1.000000
vn -0.307371 -0.165250 0.937132
vn 0.000000 0.000000 -1.000000
vn 0.307371 0.165250 -0.937132
vn 0.865922 0.000008 0.500179
vn 0.969986 0.190482 0.151144
vn -0.865922 -0.000008 -0.500179
vn -0.969986 -0.190482 -0.151144
vn 0.866222 -0.000009 -0.499660
vn 0.584787 0.208042 -0.784055
vn -0.866222 0.000009 0.499660
vn -0.584787 -0.208042 0.784055
vn 0.000000 0.000000 1.000000
vn -0.291338 -0.249920 0.923397
vn 0.000000 0.000000 -1.000000
vn 0.291338 0.249920 -0.923397
vn 0.865930 0.000010 0.500165
vn 0.944591 0.287089 0.159146
vn -0.865930 -0.000010 -0.500165
vn -0.944591 -0.287089 -0.159146
vn 0.866222 -0.000014 -0.499660
vn 0.573588 0.315780 -0.755830
vn -0.866222 0.000014 0.499660
vn -0.573588 -0.315780 0.755830
vn 0.000000 0.000000 1.000000
vn -0.305002 -0.178679 0.935440
vn 0.000000 0.000000 -1.000000
vn 0.305002 0.178679 -0.935440
vn 0.865930 0.000018 0.500165
vn 0.966619 0.205883 0.152509
vn -0.865930 -0.000018 -0.500165
vn -0.966619 -0.205883 -0.152509
vn 0.866213 -0.000011 -0.499674
vn 0.583496 0.225143 -0.780284
vn -0.866213 0.000011 0.499674
vn -0.583496 -0.225143 0.780284
vn 0.000000 0.000000 1.000000
vn -0.308082 -0.161230 0.937598
vn 0.000000 0.000000 -1.000000
vn 0.308082 0.161230 -0.937598
vn 0.865930 0.000016 0.500165
vn 0.970948 0.185867 0.150712
vn -0.865930 -0.000016 -0.500165
vn -0.970948 -0.185867 -0.150712
vn 0.866213 -0.000010 -0.499674
vn 0.585114 0.202910 -0.785155
vn -0.866213 0.000010 0.499674
vn -0.585114 -0.202910 0.785155
vn 0.000000 0.000000 1.000000
vn -0.291330 -0.249947 0.923392
vn 0.000000 0.000000 -1.000000
vn 0.291330 0.249947 -0.923392
vn 0.865930 -0.000002 0.500165
vn 0.944585 0.287148 0.159079
vn -0.865930 0.000002 -0.500165
vn -0.944585 -0.287148 -0.159079
vn 0.866236 -0.000009 -0.499635
vn 0.573568 0.315843 -0.755820
vn -0.866236 0.000009 0.499635
vn -0.573568 -0.315843 0.755820
vn 0.000000 0.000000 1.000000
vn -0.307255 -0.165968 0.937043
vn 0.000000 0.000000 -1.000000
vn 0.307255 0.165968 -0.937043
vn 0.865930 0.000006 0.500165
vn 0.969815 0.191310 0.151193
vn -0.865930 -0.000006 -0.500165
vn -0.969815 -0.191310 -0.151193
vn 0.866222 -0.000009 -0.499660
vn 0.584742 0.208941 -0.783850
vn -0.866222 0.000009 0.499660
vn -0.584742 -0.208941 0.783850
f 1//1 3//1 2//1
f 1//2 4//2 3//2
f 2//3 3//3 1//3
f 3//4 4//4 1//4
f 5//5 7//5 6//5
f 5//6 8//6 7//6
f 6//7 7//7 5//7
f 7//8 8//8 5//8
f 9//9 11//9 10//9
f 9//10 12//10 11//10
f 10//11 11//11 9//11
f 11//12 12//12 9//12
f 13//13 15//13 14//13
f 13//14 16//14 15//14
f 14//15 15//15 13//15
f 15//16 16//16 13//16
f 17//17 19//17 18//17
f 17//18 20//18 19//18
f 18//19 19//19 17//19
f 19//20 20//20 17//20
f 21//21 23//21 22//21
f 21//22 24//22 23//22
f 22//23 23//23 21//23
f 23//24 24//24 21//24
f 25//25 27//25 26//25
f 25//26 28//26 27//26
f 26//27 27//27 25//27
f 27//28 28//28 25//28
f 29//29 31//29 30//29
f 29//30 32//30 31//30
f 30//31 31//31 29//31
f 31//32 32//32 29//32
f 33//33 35//33 34//33
f 33//34 36//34 35//34
f 34//35 35//35 33//35
f 35//36 36//36 33//36
f 37//37 39//37 38//37
f 37//38 40//38 39//38
f 38//39 39//39 37//39
f 39//40 40//40 37//40
f 41//41 43//41 42//41
f 41//42 44//42 43//42
f 42//43 43//43 41//43
f 43//44 44//44 41//44
f 45//45 47//45 46//45
f 45//46 48//46 47//46
f 46//47 47//47 45//47
f 47//48 48//48 45//48
f 49//49 51//49 50//49
f 49//50 52//50 51//50
f 50//51 51//51 49//51
f 51//52 52//52 49//52
f 53//53 55//53 54//53
f 53//54 56//54 55//54
f 54//55 55//55 53//55
f 55//56 56//56 53//56
f 57//57 59//57 58//57
f 57//58 60//58 59//58
f 58//59 59//59 57//59
f 59//60 60//60 57//60
f 61//61 63//61 62//61
f 61//62 64//62 63//62
f 62//63 63//63 61//63
f 63//64 64//64 61//64
f 65//65 67//65 66//65
f 65//66 68//66 67//66
f 66//67 67//67 65//67
f 67//68 68//68 65//68
f 69//69 71//69 70//69
f 69//70 72//70 71//70
f 70//71 71//71 69//71
f 71//72 72//72 69//72
f 73//73 75//73 74//73
f 73//74 76//74 75//74
f 74//75 75//75 73//75
f 75//76 76//76 73//76
f 77//77 79//77 78//77
f 77//78 80//78 79//78
f 78//79 79//79 77//79
f 79//80 80//80 77//80
f 81//81 83//81 82//81
f 81//82 84//82 83//82
f 82//83 83//83 81//83
f 83//84 84//84 81//84
f 85//85 87//85 86//85
f 85//86 88//86 87//86
f 86//87 87//87 85//87
f 87//88 88//88 85//88
f 89//89 91//89 90//89
f 89//90 92//90 91//90
f 90//91 91//91 89//91
f 91//92 92//92 89//92
f 93//93 95//93 94//93
f 93//94 96//94 95//94
f 94//95 95//95 93//95
f 95//96 96//96 93//96
f 97//97 99//97 98//97
f 97//98 100//98 99//98
f 98//99 99//99 97//99
f 99//100 100//100 97//100
f 101//101 103//101 102//101
f 101//102 104//102 103//102
f 102//103 103//103 101//103
f 103//104 104//104 101//104
f 105//105 107//105 106//105
f 105//106 108//106 107//106
f 106//107 107//107 105//107
f 107//108 108//108 105//108
f 109//109 111//109 110//109
f 109//110 112//110 111//110
f 110//111 111//111 109//111
f 111//112 112//112 109//112
f 113//113 115//113 114//113
f 113//114 116//114 115//114
f 114//115 115//115 113//115
f 115//116 116//116 113//116
f 117//117 119//117 118//117
f 117//118 120//118 119//118
f 118//119 119//119 117//119
f 119//120 120//120 117//120
f 121//121 123//121 122//121
f 121//122 124//122 123//122
f 122//123 123//123 121//123
f 123//124 124//124 121//124
f 125//125 127//125 126//125
f 125//126 128//126 127//126
f 126//127 127//127 125//127
f 127//128 128//128 125//128
f 129//129 131//129 130//129
f 129//130 132//130 131//130
f 130//131 131//131 129//131
f 131//132 132//132 129//132
f 133//133 135//133 134//133
f 133//134 136//134 135//134
f 134//135 135//135 133//135
f 135//136 136//136 133//136
f 137//137 139//137 138//137
f 137//138 140//138 139//138
f 138//139 139//139 137//139
f 139//140 140//140 137//140
f 141//141 143//141 142//141
f 141//142 144//142 143//142
f 142//143 143//143 141//143
f 143//144 144//144 141//144
f 145//145 147//145 146//145
f 145//146 148//146 147//146
f 146//147 147//147 145//147
f 147//148 148//148 145//148
f 149//149 151//149 150//149
f 149//150 152//150 151//150
f 150//151 151//151 149//151
f 151//152 152//152 149//152
f 153//153 155//153 154//153
f 153//154 156//154 155//154
f 154//155 155//155 153//155
f 155//156 156//156 153//156
f 157//157 159//157 158//157
f 157//158 160//158 159//158
f 158//159 159//159 157//159
f 159//160 160//160 157//160
f 161//161 163//161 162//161
f 161//162 164//162 163//162
f 162//163 163//163 161//163
f 163//164 164//164 161//164
f 165//165 167//165 166//165
f 165//166 168//166 167//166
f 166//167 167//167 165//167
f 167//168 168//168 165//168
f 169//169 171//169 170//169
f 169//170 172//170 171//170
f 170//171 171//171 169//171
f 171//172 172//172 169//172
f 173//173 175//173 174//173
f 173//174 176//174 175//174
f 174//175 175//175 173//175
f 175//176 176//176 173//176
f 177//177 179//177 178//177
f 177//178 180//178 179//178
f 178//179 179//179 177//179
f 179//180 180//180 177//180
f 181//181 183//181 182//181
f 181//182 184//182 183//182
f 182//183 183//183 181//183
f 183//184 184//184 181//184
f 185//185 187//185 186//185
f 185//186 188//186 187//186
f 186//187 187//187 185//187
f 187//188 188//188 185//188
f 189//189 191//189 190//189
f 189//190 192//190 191//190
f 190//191 191//191 189//191
f 191//192 192//192 189//192
f 193//193 195//193 194//193
f 193//194 196//194 195//194
f 194//195 195//195 193//195
f 195//196 196//196 193//196
f 197//197 199//197 198//197
f 197//198 200//198 199//198
f 198//199 199//199 197//199
f 199//200 200//200 197//200
f 201//201 203//201 202//201
f 201//202 204//202 203//202
f 202//203 203//203 201//203
f 203//204 204//204 201//204
f 205//205 207//205 206//205
f 205//206 208//206 207//206
f 206//207 207//207 205//207
f 207//208 208//208 205//208
f 209//209 211//209 210//209
f 209//210 212//210 211//210
f 210//211 211//211 209//211
f 211//212 212//212 209//212
f 213//213 215//213 214//213
f 213//214 216//214 215//214
f 214//215 215//215 213//215
f 215//216 216//216 213//216
f 217//217 219//217 218//217
f 217//218 220//218 219//218
f 218//219 219//219 217//219
f 219//220 220//220 217//220
f 221//221 223//221 222//221
f 221//222 224//222 223//222
f 222//223 223//223 221//223
f 223//224 224//224 221//224
f 225//225 227//225 226//225
f 225//226 228//226 227//226
f 226//227 227//227 225//227
f 227//228 228//228 225//228
f 229//229 231//229 230//229
f 229//230 232//230 231//230
f 230//231 231//231 229//231
f 231//232 232//232 229//232
f 233//233 235//233 234//233
f 233//234 236//234 235//234
f 234//235 235//235 233//235
f 235//236 236//236 233//236
f 237//237 239//237 238//237
f 237//238 240//238 239//238
f 238//239 239//239 237//239
f 239//240 240//240 237//240
f 241//241 243//241 242//241
f 241//242 244//242 243//242
f 242//243 243//243 241//243
f 243//244 244//244 241//244
f 245//245 247//245 246//245
f 245//246 248//246 247//246
f 246//247 247//247 245//247
f 247//248 248//248 245//248
f 249//249 251//249 250//249
f 249//250 252//250 251//250
f 250//251 251//251 249//251
f 251//252 252//252 249//252
f 253//253 255//253 254//253
f 253//254 256//254 255//254
f 254//255 255//255 253//255
f 255//256 256//256 253//256
f 257//257 259//257 258//257
f 257//258 260//258 259//258
f 258//259 259//259 257//259
f 259//260 260//260 257//260
f 261//261 263//261 262//261
f 261//262 264//262 263//262
f 262//263 263//263 261//263
f 263//264 264//264 261//264
f 265//265 267//265 266//265
f 265//266 268//266 267//266
f 266//267 267//267 265//267
f 267//268 268//268 265//268
f 269//269 271//269 270//269
f 269//270 272//270 271//270
f 270//271 271//271 269//271
f 271//272 272//272 269//272
f 273//273 275//273 274//273
f 273//274 276//274 275//274
f 274//275 275//275 273//275
f 275//276 276//276 273//276
f 277//277 279//277 278//277
f 277//278 280//278 279//278
f 278//279 279//279 277//279
f 279//280 280//280 277//280
f 281//281 283//281 282//281
f 281//282 284//282 283//282
f 282//283 283//283 281//283
f 283//284 284//284 281//284
f 285//285 287//285 286//285
f 285//286 288//286 287//286
f 286//287 287//287 285//287
f 287//288 288//288 285//288
f 289//289 291//289 290//289
f 289//290 292//290 291//290
f 290//291 291//291 289//291
f 291//292 292//292 289//292
f 293//293 295//293 294//293
f 293//294 296//294 295//294
f 294//295 295//295 293//295
f 295//296 296//296 293//296
f 297//297 299//297 298//297
f 297//298 300//298 299//298
f 298//299 299//299 297//299
f 299//300 300//300 297//300
f 301//301 303//301 302//301
f 301//302 304//302 303//302
f 302//303 303//303 301//303
f 303//304 304//304 301//304
f 305//305 307//305 306//305
f 305//306 308//306 307//306
f 306//307 307//307 305//307
f 307//308 308//308 305//308
f 309//309 311//309 310//309
f 309//310 312//310 311//310
f 310//311 311//311 309//311
f 311//312 312//312 309//312
f 313//313 315//313 314//313
f 313//314 316//314 315//314
f 314//315 315//315 313//315
f 315//316 316//316 313//316
f 317//317 319//317 318//317
f 317//318 320//318 319//318
f 318//319 319//319 317//319
f 319//320 320//320 317//320
f 321//321 323//321 322//321
f 321//322 324//322 323//322
f 322//323 323//323 321//323
f 323//324 324//324 321//324
f 325//325 327//325 326//325
f 325//326 328//326 327//326
f 326//327 327//327 325//327
f 327//328 328//328 325//328
f 329//329 331//329 330//329
f 329//330 332//330 331//330
f 330//331 331//331 329//331
f 331//332 332//332 329//332
f 333//333 335//333 334//333
f 333//334 336//334 335//334
f 334//335 335//335 333//335
f 335//336 336//336 333//336
f 337//337 339//337 338//337
f 337//338 340//338 339//338
f 338//339 339//339 337//339
f 339//340 340//340 337//340
f 341//341 343//341 342//341
f 341//342 344//342 343//342
f 342//343 343//343 341//343
f 343//344 344//344 341//344
f 345//345 347//345 346//345
f 345//346 348//346 347//346
f 346//347 347//347 345//347
f 347//348 348//348 345//348
f 349//349 351//349 350//349
f 349//350 352//350 351//350
f 350//351 351//351 349//351
f 351//352 352//352 349//352
f 353//353 355//353 354//353
f 353//354 356//354 355//354
f 354//355 355//355 353//355
f 355//356 356//356 353//356
f 357//357 359//357 358//357
f 357//358 360//358 359//358
f 358//359 359//359 357//359
f 359//360 360//360 357//360
f 361//361 363//361 362//361
f 361//362 364//362 363//362
f 362//363 363//363 361//363
f 363//364 364//364 361//364
f 365//365 367//365 366//365
f 365//366 368//366 367//366
f 366//367 367//367 365//367
f 367//368 368//368 365//368
f 369//369 371//369 370//369
f 369//370 372//370 371//370
f 370//371 371//371 369//371
f 371//372 372//372 369//372
f 373//373 375//373 374//373
f 373//374 376//374 375//374
f 374//375 375//375 373//375
f 375//376 376//376 373//376
f 377//377 379//377 378//377
f 377//378 380//378 379//378
f 378//379 379//379 377//379
f 379//380 380//380 377//380
f 381//381 383//381 382//381
f 381//382 384//382 383//382
f 382//383 383//383 381//383
f 383//384 384//384 381//384
f 385//385 387//385 386//385
f 385//386 388//386 387//386
f 386//387 387//387 385//387
f 387//388 388//388 385//388
f 389//389 391//389 390//389
f 389//390 392//390 391//390
f 390//391 391//391 389//391
f 391//392 392//392 389//392
f 393//393 395//393 394//393
f 393//394 396//394 395//394
f 394//395 395//395 393//395
f 395//396 396//396 393//396
f 397//397 399//397 398//397
f 397//398 400//398 399//398
f 398//399 399//399 397//399
f 399//400 400//400 397//400
f 401//401 403//401 402//401
f 401//402 404//402 403//402
f 402//403 403//403 401//403
f 403//404 404//404 401//404
f 405//405 407//405 406//405
f 405//406 408//406 407//406
f 406//407 407//407 405//407
f 407//408 408//408 405//408
f 409//409 411//409 410//409
f 409//410 412//410 411//410
f 410//411 411//411 409//411
f 411//412 412//412 409//412
f 413//413 415//413 414//413
f 413//414 416//414 415//414
f 414//415 415//415 413//415
f 415//416 416//416 413//416
f 417//417 419//417 418//417
f 417//418 420//418 419//418
f 418//419 419//419 417//419
f 419//420 420//420 417//420
f 421//421 423//421 422//421
f 421//422 424//422 423//422
f 422//423 423//423 421//423
f 423//424 424//424 421//424
f 425//425 427//425 426//425
f 425//426 428//426 427//426
f 426//427 427//427 425//427
f 427//428 428//428 425//428
f 429//429 431//429 430//429
f 429//430 432//430 431//430
f 430//431 431//431 429//431
f 431//432 432//432 429//432
f 433//433 435//433 434//433
f 433//434 436//434 435//434
f 434//435 435//435 433//435
f 435//436 436//436 433//436
f 437//437 439//437 438//437
f 437//438 440//438 439//438
f 438//439 439//439 437//439
f 439//440 440//440 437//440
f 441//441 443//441 442//441
f 441//442 444//442 443//442
f 442//443 443//443 441//443
f 443//444 444//444 441//444
f 445//445 447//445 446//445
f 445//446 448//446 447//446
f 446//447 447//447 445//447
f 447//448 448//448 445//448
f 449//449 451//449 450//449
f 449//450 452//450 451//450
f 450//451 451//451 449//451
f 451//452 452//452 449//452
f 453//453 455//453 454//453
f 453//454 456//454 455//454
f 454//455 455//455 453//455
f 455//456 456//456 453//456
f 457//457 459//457 458//457
f 457//458 460//458 459//458
f 458//459 459//459 457//459
f 459//460 460//460 457//460
f 461//461 463//461 462//461
f 461//462 464//462 463//462
f 462//463 463//463 461//463
f 463//464 464//464 461//464
f 465//465 467//465 466//465
f 465//466 468//466 467//466
f 466//467 467//467 465//467
f 467//468 468//468 465//468
f 469//469 471//469 470//469
f 469//470 472//470 471//470
f 470//471 471//471 469//471
f 471//472 472//472 469//472
f 473//473 475//473 474//473
f 473//474 476//474 475//474
f 474//475 475//475 473//475
f 475//476 476//476 473//476
f 477//477 479//477 478//477
f 477//478 480//478 479//478
f 478//479 479//479 477//479
f 479//480 480//480 477//480
f 481//481 483//481 482//481
f 481//482 484//482 483//482
f 482//483 483//483 481//483
f 483//484 484//484 481//484
f 485//485 487//485 486//485
f 485//486 488//486 487//486
f 486//487 487//487 485//487
f 487//488 488//488 485//488
f 489//489 491//489 490//489
f 489//490 492//490 491//490
f 490//491 491//491 489//491
f 491//492 492//492 489//492
f 493//493 495//493 494//493
f 493//494 496//494 495//494
f 494//495 495//495 493//495
f 495//496 496//496 493//496
f 497//497 499//497 498//497
f 497//498 500//498 499//498
f 498//499 499//499 497//499
f 499//500 500//500 497//500
f 501//501 503//501 502//501
f 501//502 504//502 503//502
f 502//503 503//503 501//503
f 503//504 504//504 501//504
f 505//505 507//505 506//505
f 505//506 508//506 507//506
f 506//507 507//507 505//507
f 507//508 508//508 505//508
f 509//509 511//509 510//509
f 509//510 512//510 511//510
f 510//511 511//511 509//511
f 511//512 512//512 509//512
f 513//513 515//513 514//513
f 513//514 516//514 515//514
f 514//515 515//515 513//515
f 515//516 516//516 513//516
f 517//517 519//517 518//517
f 517//518 520//518 519//518
f 518//519 519//519 517//519
f 519//520 520//520 517//520
f 521//521 523//521 522//521
f 521//522 524//522 523//522
f 522//523 523//523 521//523
f 523//524 524//524 521//524
f 525//525 527//525 526//525
f 525//526 528//526 527//526
f 526//527 527//527 525//527
f 527//528 528//528 525//528
f 529//529 531//529 530//529
f 529//530 532//530 531//530
f 530//531 531//531 529//531
f 531//532 532//532 529//532
f 533//533 535//533 534//533
f 533//534 536//534 535//534
f 534//535 535//535 533//535
f 535//536 536//536 533//536
f 537//537 539//537 538//537
f 537//538 540//538 539//538
f 538//539 539//539 537//539
f 539//540 540//540 537//540
f 541//541 543//541 542//541
f 541//542 544//542 543//542
f 542//543 543//543 541//543
f 543//544 544//544 541//544
f 545//545 547//545 546//545
f 545//546 548//546 547//546
f 546//547 547//547 545//547
f 547//548 548//548 545//548
f 549//549 551//549 550//549
f 549//550 552//550 551//550
f 550//551 551//551 549//551
f 551//552 552//552 549//552
f 553//553 555//553 554//553
f 553//554 556//554 555//554
f 554//555 555//555 553//555
f 555//556 556//556 553//556
f 557//557 559//557 558//557
f 557//558 560//558 559//558
f 558//559 559//559 557//559
f 559//560 560//560 557//560
f 561//561 563//561 562//561
f 561//562 564//562 563//562
f 562//563 563//563 561//563
f 563//564 564//564 561//564
f 565//565 567//565 566//565
f 565//566 568//566 567//566
f 566//567 567//567 565//567
f 567//568 568//568 565//568
f 569//569 571//569 570//569
f 569//570 572//570 571//570
f 570//571 571//571 569//571
f 571//572 572//572 569//572
f 573//573 575//573 574//573
f 573//574 576//574 575//574
f 574//575 575//575 573//575
f 575//576 576//576 573//576
f 577//577 579//577 578//577
f 577//578 580//578 579//578
f 578//579 579//579 577//579
f 579//580 580//580 577//580
f 581//581 583//581 582//581
f 581//582 584//582 583//582
f 582//583 583//583 581//583
f 583//584 584//584 581//584
f 585//585 587//585 586//585
f 585//586 588//586 587//586
f 586//587 587//587 585//587
f 587//588 588//588 585//588
f 589//589 591//589 590//589
f 589//590 592//590 591//590
f 590//591 591//591 589//591
f 591//592 592//592 589//592
f 593//593 595//593 594//593
f 593//594 596//594 595//594
f 594//595 595//595 593//595
f 595//596 596//596 593//596
f 597//597 599//597 598//597
f 597//598 600//598 599//598
f 598//599 599//599 597//599
f 599//600 600//600 597//600
f 601//601 603//601 602//601
f 601//602 604//602 603//602
f 602//603 603//603 601//603
f 603//604 604//604 601//604
f 605//605 607//605 606//605
f 605//606 608//606 607//606
f 606//607 607//607 605//607
f 607//608 608//608 605//608
f 609//609 611//609 610//609
f 609//610 612//610 611//610
f 610//611 611//611 609//611
f 611//612 612//612 609//612
f 613//613 615//613 614//613
f 613//614 616//614 615//614
f 614//615 615//615 613//615
f 615//616 616//616 613//616
f 617//617 619//617 618//617
f 617//618 620//618 619//618
f 618//619 619//619 617//619
f 619//620 620//620 617//620
f 621//621 623//621 622//621
f 621//622 624//622 623//622
f 622//623 623//623 621//623
f 623//624 624//624 621//624
f 625//625 627//625 626//625
f 625//626 628//626 627//626
f 626//627 627//627 625//627
f 627//628 628//628 625//628
f 629//629 631//629 630//629
f 629//630 632//630 631//630
f 630//631 631//631 629//631
f 631//632 632//632 629//632
f 633//633 635//633 634//633
f 633//634 636//634 635//634
f 634//635 635//635 633//635
f 635//636 636//636 633//636
f 637//637 639//637 638//637
f 637//638 640//638 639//638
f 638//639 639//639 637//639
f 639//640 640//640 637//640
f 641//641 643//641 642//641
f 641//642 644//642 643//642
f 642//643 643//643 641//643
f 643//644 644//644 641//644
f 645//645 647//645 646//645
f 645//646 648//646 647//646
f 646//647 647//647 645//647
f 647//648 648//648 645//648
f 649//649 651//649 650//649
f 649//650 652//650 651//650
f 650//651 651//651 649//651
f 651//652 652//652 649//652
f 653//653 655//653 654//653
f 653//654 656//654 655//654
f 654//655 655//655 653//655
f 655//656 656//656 653//656
f 657//657 659//657 658//657
f 657//658 660//658 659//658
f 658//659 659//659 657//659
f 659//660 660//660 657//660
f 661//661 663//661 662//661
f 661//662 664//662 663//662
f 662//663 663//663 661//663
f 663//664 664//664 661//664
f 665//665 667//665 666//665
f 665//666 668//666 667//666
f 666//667 667//667 665//667
f 667//668 668//668 665//668
f 669//669 671//669 670//669
f 669//670 672//670 671//670
f 670//671 671//671 669//671
f 671//672 672//672 669//672
f 673//673 675//673 674//673
f 673//674 676//674 675//674
f 674//675 675//675 673//675
f 675//676 676//676 673//676
f 677//677 679//677 678//677
f 677//678 680//678 679//678
f 678//679 679//679 677//679
f 679//680 680//680 677//680
f 681//681 683//681 682//681
f 681//682 684//682 683//682
f 682//683 683//683 681//683
f 683//684 684//684 681//684
f 685//685 687//685 686//685
f 685//686 688//686 687//686
f 686//687 687//687 685//687
f 687//688 688//688 685//688
f 689//689 691//689 690//689
f 689//690 692//690 691//690
f 690//691 691//691 689//691
f 691//692 692//692 689//692
f 693//693 695//693 694//693
f 693//694 696//694 695//694
f 694//695 695//695 693//695
f 695//696 696//696 693//696
f 697//697 699//697 698//697
f 697//698 700//698 699//698
f 698//699 699//699 697//699
f 699//700 700//700 697//700
f 701//701 703//701 702//701
f 701//702 704//702 703//702
f 702//703 703//703 701//703
f 703//704 704//704 701//704
f 705//705 707//705 706//705
f 705//706 708//706 707//706
f 706//707 707//707 705//707
f 707//708 708//708 705//708
f 709//709 711//709 710//709
f 709//710 712//710 711//710
f 710//711 711//711 709//711
f 711//712 712//712 709//712
f 713//713 715//713 714//713
f 713//714 716//714 715//714
f 714//715 715//715 713//715
f 715//716 716//716 713//716
f 717//717 719//717 718//717
f 717//718 720//718 719//718
f 718//719 719//719 717//719
f 719//720 720//720 717//720
f 721//721 723//721 722//721
f 721//722 724//722 723//722
f 722//723 723//723 721//723
f 723//724 724//724 721//724
f 725//725 727//725 726//725
f 725//726 728//726 727//726
f 726//727 727//727 725//727
f 727//728 728//728 725//728
f 729//729 731//729 730//729
f 729//730 732//730 731//730
f 730//731 731//731 729//731
f 731//732 732//732 729//732
f 733//733 735//733 734//733
f 733//734 736//734 735//734
f 734//735 735//735 733//735
f 735//736 736//736 733//736
f 737//737 739//737 738//737
f 737//738 740//738 739//738
f 738//739 739//739 737//739
f 739//740 740//740 737//740
f 741//741 743//741 742//741
f 741//742 744//742 743//742
f 742//743 743//743 741//743
f 743//744 744//744 741//744
f 745//745 747//745 746//745
f 745//746 748//746 747//746
f 746//747 747//747 745//747
f 747//748 748//748 745//748
f 749//749 751//749 750//749
f 749//750 752//750 751//750
f 750//751 751//751 749//751
f 751//752 752//752 749//752
f 753//753 755//753 754//753
f 753//754 756//754 755//754
f 754//755 755//755 753//755
f 755//756 756//756 753//756
f 757//757 759//757 758//757
f 757//758 760//758 759//758
f 758//759 759//759 757//759
f 759//760 760//760 757//760
f 761//761 763//761 762//761
f 761//762 764//762 763//762
f 762//763 763//763 761//763
f 763//764 764//764 761//764
f 765//765 767//765 766//765
f 765//766 768//766 767//766
f 766//767 767//767 765//767
f 767//768 768//768 765//768
f 769//769 771//769 770//769
f 769//770 772//770 771//770
f 770//771 771//771 769//771
f 771//772 772//772 769//772
f 773//773 775//773 774//773
f 773//774 776//774 775//774
f 774//775 775//775 773//775
f 775//776 776//776 773//776
f 777//777 779//777 778//777
f 777//778 780//778 779//778
f 778//779 779//779 777//779
f 779//780 780//780 777//780
f 781//781 783//781 782//781
f 781//782 784//782 783//782
f 782//783 783//783 781//783
f 783//784 784//784 781//784
f 785//785 787//785 786//785
f 785//786 788//786 787//786
f 786//787 787//787 785//787
f 787//788 788//788 785//788
f 789//789 791//789 790//789
f 789//790 792//790 791//790
f 790//791 791//791 789//791
f 791//792 792//792 789//792
f 793//793 795//793 794//793
f 793//794 796//794 795//794
f 794//795 795//795 793//795
f 795//796 796//796 793//796
f 797//797 799//797 798//797
f 797//798 800//798 799//798
f 798//799 799//799 797//799
f 799//800 800//800 797//800
f 801//801 803//801 802//801
f 801//802 804//802 803//802
f 802//803 803//803 801//803
f 803//804 804//804 801//804
f 805//805 807//805 806//805
f 805//806 808//806 807//806
f 806//807 807//807 805//807
f 807//808 808//808 805//808
f 809//809 811//809 810//809
f 809//810 812//810 811//810
f 810//811 811//811 809//811
f 811//812 812//812 809//812
f 813//813 815//813 814//813
f 813//814 816//814 815//814
f 814//815 815//815 813//815
f 815//816 816//816 813//816
f 817//817 819//817 818//817
f 817//818 820//818 819//818
f 818//819 819//819 817//819
f 819//820 820//820 817//820
f 821//821 823//821 822//821
f 821//822 824//822 823//822
f 822//823 823//823 821//823
f 823//824 824//824 821//824
f 825//825 827//825 826//825
f 825//826 828//826 827//826
f 826//827 827//827 825//827
f 827//828 828//828 825//828
f 829//829 831//829 830//829
f 829//830 832//830 831//830
f 830//831 831//831 829//831
f 831//832 832//832 829//832
f 833//833 835//833 834//833
f 833//834 836//834 835//834
f 834//835 835//835 833//835
f 835//836 836//836 833//836
f 837//837 839//837 838//837
f 837//838 840//838 839//838
f 838//839 839//839 837//839
f 839//840 840//840 837//840
f 841//841 843//841 842//841
f 841//842 844//842 843//842
f 842//843 843//843 841//843
f 843//844 844//844 841//844
f 845//845 847//845 846//845
f 845//846 848//846 847//846
f 846//847 847//847 845//847
f 847//848 848//848 845//848
f 849//849 851//849 850//849
f 849//850 852//850 851//850
f 850//851 851//851 849//851
f 851//852 852//852 849//852
f 853//853 855//853 854//853
f 853//854 856//854 855//854
f 854//855 855//855 853//855
f 855//856 856//856 853//856
f 857//857 859//857 858//857
f 857//858 860//858 859//858
f 858//859 859//859 857//859
f 859//860 860//860 857//860
f 861//861 863//861 862//861
f 861//862 864//862 863//862
f 862//863 863//863 861//863
f 863//864 864//864 861//864
f 865//865 867//865 866//865
f 865//866 868//866 867//866
f 866//867 867//867 865//867
f 867//868 868//868 865//868
f 869//869 871//869 870//869
f 869//870 872//870 871//870
f 870//871 871//871 869//871
f 871//872 872//872 869//872
f 873//873 875//873 874//873
f 873//874 876//874 875//874
f 874//875 875//875 873//875
f 875//876 876//876 873//876
f 877//877 879//877 878//877
f 877//878 880//878 879//878
f 878//879 879//879 877//879
f 879//880 880//880 877//880
f 881//881 883//881 882//881
f 881//882 884//882 883//882
f 882//883 883//883 881//883
f 883//884 884//884 881//884
f 885//885 887//885 886//885
f 885//886 888//886 887//886
f 886//887 887//887 885//887
f 887//888 888//888 885//888
f 889//889 891//889 890//889
f 889//890 892//890 891//890
f 890//891 891//891 889//891
f 891//892 892//892 889//892
f 893//893 895//893 894//893
f 893//894 896//894 895//894
f 894//895 895//895 893//895
f 895//896 896//896 893//896
f 897//897 899//897 898//897
f 897//898 900//898 899//898
f 898//899 899//899 897//899
f 899//900 900//900 897//900
f 901//901 903//901 902//901
f 901//902 904//902 903//902
f 902//903 903//903 901//903
f 903//904 904//904 901//904
f 905//905 907//905 906//905
f 905//906 908//906 907//906
f 906//907 907//907 905//907
f 907//908 908//908 905//908
f 909//909 911//909 910//909
f 909//910 912//910 911//910
f 910//911 911//911 909//911
f 911//912 912//912 909//912
f 913//913 915//913 914//913
f 913//914 916//914 915//914
f 914//915 915//915 913//915
f 915//916 916//916 913//916
f 917//917 919//917 918//917
f 917//918 920//918 919//918
f 918//919 919//919 917//919
f 919//920 920//920 917//920
f 921//921 923//921 922//921
f 921//922 924//922 923//922
f 922//923 923//923 921//923
f 923//924 924//924 921//924
f 925//925 927//925 926//925
f 925//926 928//926 927//926
f 926//927 927//927 925//927
f 927//928 928//928 925//928
f 929//929 931//929 930//929
f 929//930 932//930 931//930
f 930//931 931//931 929//931
f 931//932 932//932 929//932
f 933//933 935//933 934//933
f 933//934 936//934 935//934
f 934//935 935//935 933//935
f 935//936 936//936 933//936
f 937//937 939//937 938//937
f 937//938 940//938 939//938
f 938//939 939//939 937//939
f 939//940 940//940 937//940
f 941//941 943//941 942//941
f 941//942 944//942 943//942
f 942//943 943//943 941//943
f 943//944 944//944 941//944
f 945//945 947//945 946//945
f 945//946 948//946 947//946
f 946//947 947//947 945//947
f 947//948 948//948 945//948
f 949//949 951//949 950//949
f 949//950 952//950 951//950
f 950//951 951//951 949//951
f 951//952 952//952 949//952
f 953//953 955//953 954//953
f 953//954 956//954 955//954
f 954//955 955//955 953//955
f 955//956 956//956 953//956
f 957//957 959//957 958//957
f 957//958 960//958 959//958
f 958//959 959//959 957//959
f 959//960 960//960 957//960
f 961//961 963//961 962//961
f 961//962 964//962 963//962
f 962//963 963//963 961//963
f 963//964 964//964 961//964
f 965//965 967//965 966//965
f 965//966 968//966 967//966
f 966//967 967//967 965//967
f 967//968 968//968 965//968
f 969//969 971//969 970//969
f 969//970 972//970 971//970
f 970//971 971//971 969//971
f 971//972 972//972 969//972
f 973//973 975//973 974//973
f 973//974 976//974 975//974
f 974//975 975//975 973//975
f 975//976 976//976 973//976
f 977//977 979//977 978//977
f 977//978 980//978 979//978
f 978//979 979//979 977//979
f 979//980 980//980 977//980
f 981//981 983//981 982//981
f 981//982 984//982 983//982
f 982//983 983//983 981//983
f 983//984 984//984 981//984
f 985//985 987//985 986//985
f 985//986 988//986 987//986
f 986//987 987//987 985//987
f 987//988 988//988 985//988
f 989//989 991//989 990//989
f 989//990 992//990 991//990
f 990//991 991//991 989//991
f 991//992 992//992 989//992
f 993//993 995//993 994//993
f 993//994 996//994 995//994
f 994//995 995//995 993//995
f 995//996 996//996 993//996
f 997//997 999//997 998//997
f 997//998 1000//998 999//998
f 998//999 999//999 997//999
f 999//1000 1000//1000 997//1000
f 1001//1001 1003//1001 1002//1001
f 1001//1002 1004//1002 1003//1002
f 1002//1003 1003//1003 1001//1003
f 1003//1004 1004//1004 1001//1004
f 1005//1005 1007//1005 1006//1005
f 1005//1006 1008//1006 1007//1006
f 1006//1007 1007//1007 1005//1007
f 1007//1008 1008//1008 1005//1008
f 1009//1009 1011//1009 1010//1009
f 1009//1010 1012//1010 1011//1010
f 1010//1011 1011//1011 1009//1011
f 1011//1012 1012//1012 1009//1012
f 1013//1013 1015//1013 1014//1013
f 1013//1014 1016//1014 1015//1014
f 1014//1015 1015//1015 1013//1015
f 1015//1016 1016//1016 1013//1016
f 1017//1017 1019//1017 1018//1017
f 1017//1018 1020//1018 1019//1018
f 1018//1019 1019//1019 1017//1019
f 1019//1020 1020//1020 1017//1020
f 1021//1021 1023//1021 1022//1021
f 1021//1022 1024//1022 1023//1022
f 1022//1023 1023//1023 1021//1023
f 1023//1024 1024//1024 1021//1024
f 1025//1025 1027//1025 1026//1025
f 1025//1026 1028//1026 1027//1026
f 1026//1027 1027//1027 1025//1027
f 1027//1028 1028//1028 1025//1028
f 1029//1029 1031//1029 1030//1029
f 1029//1030 1032//1030 1031//1030
f 1030//1031 1031//1031 1029//1031
f 1031//1032 1032//1032 1029//1032
f 1033//1033 1035//1033 1034//1033
f 1033//1034 1036//1034 1035//1034
f 1034//1035 1035//1035 1033//1035
f 1035//1036 1036//1036 1033//1036
f 1037//1037 1039//1037 1038//1037
f 1037//1038 1040//1038 1039//1038
f 1038//1039 1039//1039 1037//1039
f 1039//1040 1040//1040 1037//1040
f 1041//1041 1043//1041 1042//1041
f 1041//1042 1044//1042 1043//1042
f 1042//1043 1043//1043 1041//1043
f 1043//1044 1044//1044 1041//1044
f 1045//1045 1047//1045 1046//1045
f 1045//1046 1048//1046 1047//1046
f 1046//1047 1047//1047 1045//1047
f 1047//1048 1048//1048 1045//1048
f 1049//1049 1051//1049 1050//1049
f 1049//1050 1052//1050 1051//1050
f 1050//1051 1051//1051 1049//1051
f 1051//1052 1052//1052 1049//1052
f 1053//1053 1055//1053 1054//1053
f 1053//1054 1056//1054 1055//1054
f 1054//1055 1055//1055 1053//1055
f 1055//1056 1056//1056 1053//1056
f 1057//1057 1059//1057 1058//1057
f 1057//1058 1060//1058 1059//1058
f 1058//1059 1059//1059 1057//1059
f 1059//1060 1060//1060 1057//1060
f 1061//1061 1063//1061 1062//1061
f 1061//1062 1064//1062 1063//1062
f 1062//1063 1063//1063 1061//1063
f 1063//1064 1064//1064 1061//1064
f 1065//1065 1067//1065 1066//1065
f 1065//1066 1068//1066 1067//1066
f 1066//1067 1067//1067 1065//1067
f 1067//1068 1068//1068 1065//1068
f 1069//1069 1071//1069 1070//1069
f 1069//1070 1072//1070 1071//1070
f 1070//1071 1071//1071 1069//1071
f 1071//1072 1072//1072 1069//1072
f 1073//1073 1075//1073 1074//1073
f 1073//1074 1076//1074 1075//1074
f 1074//1075 1075//1075 1073//1075
f 1075//1076 1076//1076 1073//1076
f 1077//1077 1079//1077 1078//1077
f 1077//1078 1080//1078 1079//1078
f 1078//1079 1079//1079 1077//1079
f 1079//1080 1080//1080 1077//1080
f 1081//1081 1083//1081 1082//1081
f 1081//1082 1084//1082 1083//1082
f 1082//1083 1083//1083 1081//1083
f 1083//1084 1084//1084 1081//1084
f 1085//1085 1087//1085 1086//1085
f 1085//1086 1088//1086 1087//1086
f 1086//1087 1087//1087 1085//1087
f 1087//1088 1088//1088 1085//1088
f 1089//1089 1091//1089 1090//1089
f 1089//1090 1092//1090 1091//1090
f 1090//1091 1091//1091 1089//1091
f 1091//1092 1092//1092 1089//1092
f 1093//1093 1095//1093 1094//1093
f 1093//1094 1096//1094 1095//1094
f 1094//1095 1095//1095 1093//1095
f 1095//1096 1096//1096 1093//1096
f 1097//1097 1099//1097 1098//1097
f 1097//1098 1100//1098 1099//1098
f 1098//1099 1099//1099 1097//1099
f 1099//1100 1100//1100 1097//1100
f 1101//1101 1103//1101 1102//1101
f 1101//1102 1104//1102 1103//1102
f 1102//1103 1103//1103 1101//1103
f 1103//1104 1104//1104 1101//1104
f 1105//1105 1107//1105 1106//1105
f 1105//1106 1108//1106 1107//1106
f 1106//1107 1107//1107 1105//1107
f 1107//1108 1108//1108 1105//1108
f 1109//1109 1111//1109 1110//1109
f 1109//1110 1112//1110 1111//1110
f 1110//1111 1111//1111 1109//1111
f 1111//1112 1112//1112 1109//1112
f 1113//1113 1115//1113 1114//1113
f 1113//1114 1116//1114 1115//1114
f 1114//1115 1115//1115 1113//1115
f 1115//1116 1116//1116 1113//1116
f 1117//1117 1119//1117 1118//1117
f 1117//1118 1120//1118 1119//1118
f 1118//1119 1119//1119 1117//1119
f 1119//1120 1120//1120 1117//1120
f 1121//1121 1123//1121 1122//1121
f 1121//1122 1124//1122 1123//1122
f 1122//1123 1123//1123 1121//1123
f 1123//1124 1124//1124 1121//1124
f 1125//1125 1127//1125 1126//1125
f 1125//1126 1128//1126 1127//1126
f 1126//1127 1127//1127 1125//1127
f 1127//1128 1128//1128 1125//1128
f 1129//1129 1131//1129 1130//1129
f 1129//1130 1132//1130 1131//1130
f 1130//1131 1131//1131 1129//1131
f 1131//1132 1132//1132 1129//1132
f 1133//1133 1135//1133 1134//1133
f 1133//1134 1136//1134 1135//1134
f 1134//1135 1135//1135 1133//1135
f 1135//1136 1136//1136 1133//1136
f 1137//1137 1139//1137 1138//1137
f 1137//1138 1140//1138 1139//1138
f 1138//1139 1139//1139 1137//1139
f 1139//1140 1140//1140 1137//1140
f 1141//1141 1143//1141 1142//1141
f 1141//1142 1144//1142 1143//1142
f 1142//1143 1143//1143 1141//1143
f 1143//1144 1144//1144 1141//1144
f 1145//1145 1147//1145 1146//1145
f 1145//1146 1148//1146 1147//1146
f 1146//1147 1147//1147 1145//1147
f 1147//1148 1148//1148 1145//1148
f 1149//1149 1151//1149 1150//1149
f 1149//1150 1152//1150 1151//1150
f 1150//1151 1151//1151 1149//1151
f 1151//1152 1152//1152 1149//1152
f 1153//1153 1155//1153 1154//1153
f 1153//1154 1156//1154 1155//1154
f 1154//1155 1155//1155 1153//1155
f 1155//1156 1156//1156 1153//1156
f 1157//1157 1159//1157 1158//1157
f 1157//1158 1160//1158 1159//1158
f 1158//1159 1159//1159 1157//1159
f 1159//1160 1160//1160 1157//1160
f 1161//1161 1163//1161 1162//1161
f 1161//1162 1164//1162 1163//1162
f 1162//1163 1163//1163 1161//1163
f 1163//1164 1164//1164 1161//1164
f 1165//1165 1167//1165 1166//1165
f 1165//1166 1168//1166 1167//1166
f 1166//1167 1167//1167 1165//1167
f 1167//1168 1168//1168 1165//1168
f 1169//1169 1171//1169 1170//1169
f 1169//1170 1172//1170 1171//1170
f 1170//1171 1171//1171 1169//1171
f 1171//1172 1172//1172 1169//1172
f 1173//1173 1175//1173 1174//1173
f 1173//1174 1176//1174 1175//1174
f 1174//1175 1175//1175 1173//1175
f 1175//1176 1176//1176 1173//1176
f 1177//1177 1179//1177 1178//1177
f 1177//1178 1180//1178 1179//1178
f 1178//1179 1179//1179 1177//1179
f 1179//1180 1180//1180 1177//1180
f 1181//1181 1183//1181 1182//1181
f 1181//1182 1184//1182 1183//1182
f 1182//1183 1183//1183 1181//1183
f 1183//1184 1184//1184 1181//1184
f 1185//1185 1187//1185 1186//1185
f 1185//1186 1188//1186 1187//1186
f 1186//1187 1187//1187 1185//1187
f 1187//1188 1188//1188 1185//1188
f 1189//1189 1191//1189 1190//1189
f 1189//1190 1192//1190 1191//1190
f 1190//1191 1191//1191 1189//1191
f 1191//1192 1192//1192 1189//1192
f 1193//1193 1195//1193 1194//1193
f 1193//1194 1196//1194 1195//1194
f 1194//1195 1195//1195 1193//1195
f 1195//1196 1196//1196 1193//1196
f 1197//1197 1199//1197 1198//1197
f 1197//1198 1200//1198 1199//1198
f 1198//1199 1199//1199 1197//1199
f 1199//1200 1200//1200 1197//1200
f 1201//1201 1203//1201 1202//1201
f 1201//1202 1204//1202 1203//1202
f 1202//1203 1203//1203 1201//1203
f 1203//1204 1204//1204 1201//1204
f 1205//1205 1207//1205 1206//1205
f 1205//1206 1208//1206 1207//1206
f 1206//1207 1207//1207 1205//1207
f 1207//1208 1208//1208 1205//1208
f 1209//1209 1211//1209 1210//1209
f 1209//1210 1212//1210 1211//1210
f 1210//1211 1211//1211 1209//1211
f 1211//1212 1212//1212 1209//1212
f 1213//1213 1215//1213 1214//1213
f 1213//1214 1216//1214 1215//1214
f 1214//1215 1215//1215 1213//1215
f 1215//1216 1216//1216 1213//1216
f 1217//1217 1219//1217 1218//1217
f 1217//1218 1220//1218 1219//1218
f 1218//1219 1219//1219 1217//1219
f 1219//1220 1220//1220 1217//1220
f 1221//1221 1223//1221 1222//1221
f 1221//1222 1224//1222 1223//1222
f 1222//1223 1223//1223 1221//1223
f 1223//1224 1224//1224 1221//1224
f 1225//1225 1227//1225 1226//1225
f 1225//1226 1228//1226 1227//1226
f 1226//1227 1227//1227 1225//1227
f 1227//1228 1228//1228 1225//1228
f 1229//1229 1231//1229 1230//1229
f 1229//1230 1232//1230 1231//1230
f 1230//1231 1231//1231 1229//1231
f 1231//1232 1232//1232 1229//1232
f 1233//1233 1235//1233 1234//1233
f 1233//1234 1236//1234 1235//1234
f 1234//1235 1235//1235 1233//1235
f 1235//1236 1236//1236 1233//1236
f 1237//1237 1239//1237 1238//1237
f 1237//1238 1240//1238 1239//1238
f 1238//1239 1239//1239 1237//1239
f 1239//1240 1240//1240 1237//1240
f 1241//1241 1243//1241 1242//1241
f 1241//1242 1244//1242 1243//1242
f 1242//1243 1243//1243 1241//1243
f 1243//1244 1244//1244 1241//1244
f 1245//1245 1247//1245 1246//1245
f 1245//1246 1248//1246 1247//1246
f 1246//1247 1247//1247 1245//1247
f 1247//1248 1248//1248 1245//1248
f 1249//1249 1251//1249 1250//1249
f 1249//1250 1252//1250 1251//1250
f 1250//1251 1251//1251 1249//1251
f 1251//1252 1252//1252 1249//1252
f 1253//1253 1255//1253 1254//1253
f 1253//1254 1256//1254 1255//1254
f 1254//1255 1255//1255 1253//1255
f 1255//1256 1256//1256 1253//1256
f 1257//1257 1259//1257 1258//1257
f 1257//1258 1260//1258 1259//1258
f 1258//1259 1259//1259 1257//1259
f 1259//1260 1260//1260 1257//1260
f 1261//1261 1263//1261 1262//1261
f 1261//1262 1264//1262 1263//1262
f 1262//1263 1263//1263 1261//1263
f 1263//1264 1264//1264 1261//1264
f 1265//1265 1267//1265 1266//1265
f 1265//1266 1268//1266 1267//1266
f 1266//1267 1267//1267 1265//1267
f 1267//1268 1268//1268 1265//1268
f 1269//1269 1271//1269 1270//1269
f 1269//1270 1272//1270 1271//1270
f 1270//1271 1271//1271 1269//1271
f 1271//1272 1272//1272 1269//1272
f 1273//1273 1275//1273 1274//1273
f 1273//1274 1276//1274 1275//1274
f 1274//1275 1275//1275 1273//1275
f 1275//1276 1276//1276 1273//1276
f 1277//1277 1279//1277 1278//1277
f 1277//1278 1280//1278 1279//1278
f 1278//1279 1279//1279 1277//1279
f 1279//1280 1280//1280 1277//1280
f 1281//1281 1283//1281 1282//1281
f 1281//1282 1284//1282 1283//1282
f 1282//1283 1283//1283 1281//1283
f 1283//1284 1284//1284 1281//1284
f 1285//1285 1287//1285 1286//1285
f 1285//1286 1288//1286 1287//1286
f 1286//1287 1287//1287 1285//1287
f 1287//1288 1288//1288 1285//1288
f 1289//1289 1291//1289 1290//1289
f 1289//1290 1292//1290 1291//1290
f 1290//1291 1291//1291 1289//1291
f 1291//1292 1292//1292 1289//1292
f 1293//1293 1295//1293 1294//1293
f 1293//1294 1296//1294 1295//1294
f 1294//1295 1295//1295 1293//1295
f 1295//1296 1296//1296 1293//1296
f 1297//1297 1299//1297 1298//1297
f 1297//1298 1300//1298 1299//1298
f 1298//1299 1299//1299 1297//1299
f 1299//1300 1300//1300 1297//1300
f 1301//1301 1303//1301 1302//1301
f 1301//1302 1304//1302 1303//1302
f 1302//1303 1303//1303 1301//1303
f 1303//1304 1304//1304 1301//1304
f 1305//1305 1307//1305 1306//1305
f 1305//1306 1308//1306 1307//1306
f 1306//1307 1307//1307 1305//1307
f 1307//1308 1308//1308 1305//1308
f 1309//1309 1311//1309 1310//1309
f 1309//1310 1312//1310 1311//1310
f 1310//1311 1311//1311 1309//1311
f 1311//1312 1312//1312 1309//1312
f 1313//1313 1315//1313 1314//1313
f 1313//1314 1316//1314 1315//1314
f 1314//1315 1315//1315 1313//1315
f 1315//1316 1316//1316 1313//1316
f 1317//1317 1319//1317 1318//1317
f 1317//1318 1320//1318 1319//1318
f 1318//1319 1319//1319 1317//1319
f 1319//1320 1320//1320 1317//1320
f 1321//1321 1323//1321 1322//1321
f 1321//1322 1324//1322 1323//1322
f 1322//1323 1323//1323 1321//1323
f 1323//1324 1324//1324 1321//1324
f 1325//1325 1327//1325 1326//1325
f 1325//1326 1328//1326 1327//1326
f 1326//1327 1327//1327 1325//1327
f 1327//1328 1328//1328 1325//1328
f 1329//1329 1331//1329 1330//1329
f 1329//1330 1332//1330 1331//1330
f 1330//1331 1331//1331 1329//1331
f 1331//1332 1332//1332 1329//1332
f 1333//1333 1335//1333 1334//1333
f 1333//1334 1336//1334 1335//1334
f 1334//1335 1335//1335 1333//1335
f 1335//1336 1336//1336 1333//1336
f 1337//1337 1339//1337 1338//1337
f 1337//1338 1340//1338 1339//1338
f 1338//1339 1339//1339 1337//1339
f 1339//1340 1340//1340 1337//1340
f 1341//1341 1343//1341 1342//1341
f 1341//1342 1344//1342 1343//1342
f 1342//1343 1343//1343 1341//1343
f 1343//1344 1344//1344 1341//1344
f 1345//1345 1347//1345 1346//1345
f 1345//1346 1348//1346 1347//1346
f 1346//1347 1347//1347 1345//1347
f 1347//1348 1348//1348 1345//1348
f 1349//1349 1351//1349 1350//1349
f 1349//1350 1352//1350 1351//1350
f 1350//1351 1351//1351 1349//1351
f 1351//1352 1352//1352 1349//1352
f 1353//1353 1355//1353 1354//1353
f 1353//1354 1356//1354 1355//1354
f 1354//1355 1355//1355 1353//1355
f 1355//1356 1356//1356 1353//1356
f 1357//1357 1359//1357 1358//1357
f 1357//1358 1360//1358 1359//1358
f 1358//1359 1359//1359 1357//1359
f 1359//1360 1360//1360 1357//1360
f 1361//1361 1363//1361 1362//1361
f 1361//1362 1364//1362 1363//1362
f 1362//1363 1363//1363 1361//1363
f 1363//1364 1364//1364 1361//1364
f 1365//1365 1367//1365 1366//1365
f 1365//1366 1368//1366 1367//1366
f 1366//1367 1367//1367 1365//1367
f 1367//1368 1368//1368 1365//1368
f 1369//1369 1371//1369 1370//1369
f 1369//1370 1372//1370 1371//1370
f 1370//1371 1371//1371 1369//1371
f 1371//1372 1372//1372 1369//1372
f 1373//1373 1375//1373 1374//1373
f 1373//1374 1376//1374 1375//1374
f 1374//1375 1375//1375 1373//1375
f 1375//1376 1376//1376 1373//1376
f 1377//1377 1379//1377 1378//1377
f 1377//1378 1380//1378 1379//1378
f 1378//1379 1379//1379 1377//1379
f 1379//1380 1380//1380 1377//1380
f 1381//1381 1383//1381 1382//1381
f 1381//1382 1384//1382 1383//1382
f 1382//1383 1383//1383 1381//1383
f 1383//1384 1384//1384 1381//1384
f 1385//1385 1387//1385 1386//1385
f 1385//1386 1388//1386 1387//1386
f 1386//1387 1387//1387 1385//1387
f 1387//1388 1388//1388 1385//1388
f 1389//1389 1391//1389 1390//1389
f 1389//1390 1392//1390 1391//1390
f 1390//1391 1391//1391 1389//1391
f 1391//1392 1392//1392 1389//1392
f 1393//1393 1395//1393 1394//1393
f 1393//1394 1396//1394 1395//1394
f 1394//1395 1395//1395 1393//1395
f 1395//1396 1396//1396 1393//1396
f 1397//1397 1399//1397 1398//1397
f 1397//1398 1400//1398 1399//1398
f 1398//1399 1399//1399 1397//1399
f 1399//1400 1400//1400 1397//1400
f 1401//1401 1403//1401 1402//1401
f 1401//1402 1404//1402 1403//1402
f 1402//1403 1403//1403 1401//1403
f 1403//1404 1404//1404 1401//1404
f 1405//1405 1407//1405 1406//1405
f 1405//1406 1408//1406 1407//1406
f 1406//1407 1407//1407 1405//1407
f 1407//1408 1408//1408 1405//1408
f 1409//1409 1411//1409 1410//1409
f 1409//1410 1412//1410 1411//1410
f 1410//1411 1411//1411 1409//1411
f 1411//1412 1412//1412 1409//1412
f 1413//1413 1415//1413 1414//1413
f 1413//1414 1416//1414 1415//1414
f 1414//1415 1415//1415 1413//1415
f 1415//1416 1416//1416 1413//1416
f 1417//1417 1419//1417 1418//1417
f 1417//1418 1420//1418 1419//1418
f 1418//1419 1419//1419 1417//1419
f 1419//1420 1420//1420 1417//1420
f 1421//1421 1423//1421 1422//1421
f 1421//1422 1424//1422 1423//1422
f 1422//1423 1423//1423 1421//1423
f 1423//1424 1424//1424 1421//1424
f 1425//1425 1427//1425 1426//1425
f 1425//1426 1428//1426 1427//1426
f 1426//1427 1427//1427 1425//1427
f 1427//1428 1428//1428 1425//1428
f 1429//1429 1431//1429 1430//1429
f 1429//1430 1432//1430 1431//1430
f 1430//1431 1431//1431 1429//1431
f 1431//1432 1432//1432 1429//1432
f 1433//1433 1435//1433 1434//1433
f 1433//1434 1436//1434 1435//1434
f 1434//1435 1435//1435 1433//1435
f 1435//1436 1436//1436 1433//1436
f 1437//1437 1439//1437 1438//1437
f 1437//1438 1440//1438 1439//1438
f 1438//1439 1439//1439 1437//1439
f 1439//1440 1440//1440 1437//1440
f 1441//1441 1443//1441 1442//1441
f 1441//1442 1444//1442 1443//1442
f 1442//1443 1443//1443 1441//1443
f 1443//1444 1444//1444 1441//1444
f 1445//1445 1447//1445 1446//1445
f 1445//1446 1448//1446 1447//1446
f 1446//1447 1447//1447 1445//1447
f 1447//1448 1448//1448 1445//1448
f 1449//1449 1451//1449 1450//1449
f 1449//1450 1452//1450 1451//1450
f 1450//1451 1451//1451 1449//1451
f 1451//1452 1452//1452 1449//1452
f 1453//1453 1455//1453 1454//1453
f 1453//1454 1456//1454 1455//1454
f 1454//1455 1455//1455 1453//1455
f 1455//1456 1456//1456 1453//1456
f 1457//1457 1459//1457 1458//1457
f 1457//1458 1460//1458 1459//1458
f 1458//1459 1459//1459 1457//1459
f 1459//1460 1460//1460 1457//1460
f 1461//1461 1463//1461 1462//1461
f 1461//1462 1464//1462 1463//1462
f 1462//1463 1463//1463 1461//1463
f 1463//1464 1464//1464 1461//1464
f 1465//1465 1467//1465 1466//1465
f 1465//1466 1468//1466 1467//1466
f 1466//1467 1467//1467 1465//1467
f 1467//1468 1468//1468 1465//1468
f 1469//1469 1471//1469 1470//1469
f 1469//1470 1472//1470 1471//1470
f 1470//1471 1471//1471 1469//1471
f 1471//1472 1472//1472 1469//1472
f 1473//1473 1475//1473 1474//1473
f 1473//1474 1476//1474 1475//1474
f 1474//1475 1475//1475 1473//1475
f 1475//1476 1476//1476 1473//1476
f 1477//1477 1479//1477 1478//1477
f 1477//1478 1480//1478 1479//1478
f 1478//1479 1479//1479 1477//1479
f 1479//1480 1480//1480 1477//1480
f 1481//1481 1483//1481 1482//1481
f 1481//1482 1484//1482 1483//1482
f 1482//1483 1483//1483 1481//1483
f 1483//1484 1484//1484 1481//1484
f 1485//1485 1487//1485 1486//1485
f 1485//1486 1488//1486 1487//1486
f 1486//1487 1487//1487 1485//1487
f 1487//1488 1488//1488 1485//1488
f 1489//1489 1491//1489 1490//1489
f 1489//1490 1492//1490 1491//1490
f 1490//1491 1491//1491 1489//1491
f 1491//1492 1492//1492 1489//1492
f 1493//1493 1495//1493 1494//1493
f 1493//1494 1496//1494 1495//1494
f 1494//1495 1495//1495 1493//1495
f 1495//1496 1496//1496 1493//1496
f 1497//1497 1499//1497 1498//1497
f 1497//1498 1500//1498 1499//1498
f 1498//1499 1499//1499 1497//1499
f 1499//1500 1500//1500 1497//1500
f 1501//1501 1503//1501 1502//1501
f 1501//1502 1504//1502 1503//1502
f 1502//1503 1503//1503 1501//1503
f 1503//1504 1504//1504 1501//1504
f 1505//1505 1507//1505 1506//1505
f 1505//1506 1508//1506 1507//1506
f 1506//1507 1507//1507 1505//1507
f 1507//1508 1508//1508 1505//1508
f 1509//1509 1511//1509 1510//1509
f 1509//1510 1512//1510 1511//1510
f 1510//1511 1511//1511 1509//1511
f 1511//1512 1512//1512 1509//1512
f 1513//1513 1515//1513 1514//1513
f 1513//1514 1516//1514 1515//1514
f 1514//1515 1515//1515 1513//1515
f 1515//1516 1516//1516 1513//1516
f 1517//1517 1519//1517 1518//1517
f 1517//1518 1520//1518 1519//1518
f 1518//1519 1519//1519 1517//1519
f 1519//1520 1520//1520 1517//1520
f 1521//1521 1523//1521 1522//1521
f 1521//1522 1524//1522 1523//1522
f 1522//1523 1523//1523 1521//1523
f 1523//1524 1524//1524 1521//1524
f 1525//1525 1527//1525 1526//1525
f 1525//1526 1528//1526 1527//1526
f 1526//1527 1527//1527 1525//1527
f 1527//1528 1528//1528 1525//1528
f 1529//1529 1531//1529 1530//1529
f 1529//1530 1532//1530 1531//1530
f 1530//1531 1531//1531 1529//1531
f 1531//1532 1532//1532 1529//1532
f 1533//1533 1535//1533 1534//1533
f 1533//1534 1536//1534 1535//1534
f 1534//1535 1535//1535 1533//1535
f 1535//1536 1536//1536 1533//1536
f 1537//1537 1539//1537 1538//1537
f 1537//1538 1540//1538 1539//1538
f 1538//1539 1539//1539 1537//1539
f 1539//1540 1540//1540 1537//1540
f 1541//1541 1543//1541 1542//1541
f 1541//1542 1544//1542 1543//1542
f 1542//1543 1543//1543 1541//1543
f 1543//1544 1544//1544 1541//1544
f 1545//1545 1547//1545 1546//1545
f 1545//1546 1548//1546 1547//1546
f 1546//1547 1547//1547 1545//1547
f 1547//1548 1548//1548 1545//1548
f 1549//1549 1551//1549 1550//1549
f 1549//1550 1552//1550 1551//1550
f 1550//1551 1551//1551 1549//1551
f 1551//1552 1552//1552 1549//1552
f 1553//1553 1555//1553 1554//1553
f 1553//1554 1556//1554 1555//1554
f 1554//1555 1555//1555 1553//1555
f 1555//1556 1556//1556 1553//1556
f 1557//1557 1559//1557 1558//1557
f 1557//1558 1560//1558 1559//1558
f 1558//1559 1559//1559 1557//1559
f 1559//1560 1560//1560 1557//1560
f 1561//1561 1563//1561 1562//1561
f 1561//1562 1564//1562 1563//1562
f 1562//1563 1563//1563 1561//1563
f 1563//1564 1564//1564 1561//1564
f 1565//1565 1567//1565 1566//1565
f 1565//1566 1568//1566 1567//1566
f 1566//1567 1567//1567 1565//1567
f 1567//1568 1568//1568 1565//1568
f 1569//1569 1571//1569 1570//1569
f 1569//1570 1572//1570 1571//1570
f 1570//1571 1571//1571 1569//1571
f 1571//1572 1572//1572 1569//1572
f 1573//1573 1575//1573 1574//1573
f 1573//1574 1576//1574 1575//1574
f 1574//1575 1575//1575 1573//1575
f 1575//1576 1576//1576 1573//1576
f 1577//1577 1579//1577 1578//1577
f 1577//1578 1580//1578 1579//1578
f 1578//1579 1579//1579 1577//1579
f 1579//1580 1580//1580 1577//1580
f 1581//1581 1583//1581 1582//1581
f 1581//1582 1584//1582 1583//1582
f 1582//1583 1583//1583 1581//1583
f 1583//1584 1584//1584 1581//1584
f 1585//1585 1587//1585 1586//1585
f 1585//1586 1588//1586 1587//1586
f 1586//1587 1587//1587 1585//1587
f 1587//1588 1588//1588 1585//1588
f 1589//1589 1591//1589 1590//1589
f 1589//1590 1592//1590 1591//1590
f 1590//1591 1591//1591 1589//1591
f 1591//1592 1592//1592 1589//1592
f 1593//1593 1595//1593 1594//1593
f 1593//1594 1596//1594 1595//1594
f 1594//1595 1595//1595 1593//1595
f 1595//1596 1596//1596 1593//1596
f 1597//1597 1599//1597 1598//1597
f 1597//1598 1600//1598 1599//1598
f 1598//1599 1599//1599 1597//1599
f 1599//1600 1600//1600 1597//1600
f 1601//1601 1603//1601 1602//1601
f 1601//1602 1604//1602 1603//1602
f 1602//1603 1603//1603 1601//1603
f 1603//1604 1604//1604 1601//1604
f 1605//1605 1607//1605 1606//1605
f 1605//1606 1608//1606 1607//1606
f 1606//1607 1607//1607 1605//1607
f 1607//1608 1608//1608 1605//1608
f 1609//1609 1611//1609 1610//1609
f 1609//1610 1612//1610 1611//1610
f 1610//1611 1611//1611 1609//1611
f 1611//1612 1612//1612 1609//1612
f 1613//1613 1615//1613 1614//1613
f 1613//1614 1616//1614 1615//1614
f 1614//1615 1615//1615 1613//1615
f 1615//1616 1616//1616 1613//1616
f 1617//1617 1619//1617 1618//1617
f 1617//1618 1620//1618 1619//1618
f 1618//1619 1619//1619 1617//1619
f 1619//1620 1620//1620 1617//1620
f 1621//1621 1623//1621 1622//1621
f 1621//1622 1624//1622 1623//1622
f 1622//1623 1623//1623 1621//1623
f 1623//1624 1624//1624 1621//1624
f 1625//1625 1627//1625 1626//1625
f 1625//1626 1628//1626 1627//1626
f 1626//1627 1627//1627 1625//1627
f 1627//1628 1628//1628 1625//1628
f 1629//1629 1631//1629 1630//1629
f 1629//1630 1632//1630 1631//1630
f 1630//1631 1631//1631 1629//1631
f 1631//1632 1632//1632 1629//1632
f 1633//1633 1635//1633 1634//1633
f 1633//1634 1636//1634 1635//1634
f 1634//1635 1635//1635 1633//1635
f 1635//1636 1636//1636 1633//1636
f 1637//1637 1639//1637 1638//1637
f 1637//1638 1640//1638 1639//1638
f 1638//1639 1639//1639 1637//1639
f 1639//1640 1640//1640 1637//1640
f 1641//1641 1643//1641 1642//1641
f 1641//1642 1644//1642 1643//1642
f 1642//1643 1643//1643 1641//1643
f 1643//1644 1644//1644 1641//1644
f 1645//1645 1647//1645 1646//1645
f 1645//1646 1648//1646 1647//1646
f 1646//1647 1647//1647 1645//1647
f 1647//1648 1648//1648 1645//1648
f 1649//1649 1651//1649 1650//1649
f 1649//1650 1652//1650 1651//1650
f 1650//1651 1651//1651 1649//1651
f 1651//1652 1652//1652 1649//1652
f 1653//1653 1655//1653 1654//1653
f 1653//1654 1656//1654 1655//1654
f 1654//1655 1655//1655 1653//1655
f 1655//1656 1656//1656 1653//1656
f 1657//1657 1659//1657 1658//1657
f 1657//1658 1660//1658 1659//1658
f 1658//1659 1659//1659 1657//1659
f 1659//1660 1660//1660 1657//1660
f 1661//1661 1663//1661 1662//1661
f 1661//1662 1664//1662 1663//1662
f 1662//1663 1663//1663 1661//1663
f 1663//1664 1664//1664 1661//1664
f 1665//1665 1667//1665 1666//1665
f 1665//1666 1668//1666 1667//1666
f 1666//1667 1667//1667 1665//1667
f 1667//1668 1668//1668 1665//1668
f 1669//1669 1671//1669 1670//1669
f 1669//1670 1672//1670 1671//1670
f 1670//1671 1671//1671 1669//1671
f 1671//1672 1672//1672 1669//1672
f 1673//1673 1675//1673 1674//1673
f 1673//1674 1676//1674 1675//1674
f 1674//1675 1675//1675 1673//1675
f 1675//1676 1676//1676 1673//1676
f 1677//1677 1679//1677 1678//1677
f 1677//1678 1680//1678 1679//1678
f 1678//1679 1679//1679 1677//1679
f 1679//1680 1680//1680 1677//1680
f 1681//1681 1683//1681 1682//1681
f 1681//1682 1684//1682 1683//1682
f 1682//1683 1683//1683 1681//1683
f 1683//1684 1684//1684 1681//1684
f 1685//1685 1687//1685 1686//1685
f 1685//1686 1688//1686 1687//1686
f 1686//1687 1687//1687 1685//1687
f 1687//1688 1688//1688 1685//1688
f 1689//1689 1691//1689 1690//1689
f 1689//1690 1692//1690 1691//1690
f 1690//1691 1691//1691 1689//1691
f 1691//1692 1692//1692 1689//1692
f 1693//1693 1695//1693 1694//1693
f 1693//1694 1696//1694 1695//1694
f 1694//1695 1695//1695 1693//1695
f 1695//1696 1696//1696 1693//1696
f 1697//1697 1699//1697 1698//1697
f 1697//1698 1700//1698 1699//1698
f 1698//1699 1699//1699 1697//1699
f 1699//1700 1700//1700 1697//1700
f 1701//1701 1703//1701 1702//1701
f 1701//1702 1704//1702 1703//1702
f 1702//1703 1703//1703 1701//1703
f 1703//1704 1704//1704 1701//1704
f 1705//1705 1707//1705 1706//1705
f 1705//1706 1708//1706 1707//1706
f 1706//1707 1707//1707 1705//1707
f 1707//1708 1708//1708 1705//1708
f 1709//1709 1711//1709 1710//1709
f 1709//1710 1712//1710 1711//1710
f 1710//1711 1711//1711 1709//1711
f 1711//1712 1712//1712 1709//1712
f 1713//1713 1715//1713 1714//1713
f 1713//1714 1716//1714 1715//1714
f 1714//1715 1715//1715 1713//1715
f 1715//1716 1716//1716 1713//1716
f 1717//1717 1719//1717 1718//1717
f 1717//1718 1720//1718 1719//1718
f 1718//1719 1719//1719 1717//1719
f 1719//1720 1720//1720 1717//1720
f 1721//1721 1723//1721 1722//1721
f 1721//1722 1724//1722 1723//1722
f 1722//1723 1723//1723 1721//1723
f 1723//1724 1724//1724 1721//1724
f 1725//1725 1727//1725 1726//1725
f 1725//1726 1728//1726 1727//1726
f 1726//1727 1727//1727 1725//1727
f 1727//1728 1728//1728 1725//1728
f 1729//1729 1731//1729 1730//1729
f 1729//1730 1732//1730 1731//1730
f 1730//1731 1731//1731 1729//1731
f 1731//1732 1732//1732 1729//1732
f 1733//1733 1735//1733 1734//1733
f 1733//1734 1736//1734 1735//1734
f 1734//1735 1735//1735 1733//1735
f 1735//1736 1736//1736 1733//1736
f 1737//1737 1739//1737 1738//1737
f 1737//1738 1740//1738 1739//1738
f 1738//1739 1739//1739 1737//1739
f 1739//1740 1740//1740 1737//1740
f 1741//1741 1743//1741 1742//1741
f 1741//1742 1744//1742 1743//1742
f 1742//1743 1743//1743 1741//1743
f 1743//1744 1744//1744 1741//1744
f 1745//1745 1747//1745 1746//1745
f 1745//1746 1748//1746 1747//1746
f 1746//1747 1747//1747 1745//1747
f 1747//1748 1748//1748 1745//1748
f 1749//1749 1751//1749 1750//1749
f 1749//1750 1752//1750 1751//1750
f 1750//1751 1751//1751 1749//1751
f 1751//1752 1752//1752 1749//1752
f 1753//1753 1755//1753 1754//1753
f 1753//1754 1756//1754 1755//1754
f 1754//1755 1755//1755 1753//1755
f 1755//1756 1756//1756 1753//1756
f 1757//1757 1759//1757 1758//1757
f 1757//1758 1760//1758 1759//1758
f 1758//1759 1759//1759 1757//1759
f 1759//1760 1760//1760 1757//1760
f 1761//1761 1763//1761 1762//1761
f 1761//1762 1764//1762 1763//1762
f 1762//1763 1763//1763 1761//1763
f 1763//1764 1764//1764 1761//1764
f 1765//1765 1767//1765 1766//1765
f 1765//1766 1768//1766 1767//1766
f 1766//1767 1767//1767 1765//1767
f 1767//1768 1768//1768 1765//1768
f 1769//1769 1771//1769 1770//1769
f 1769//1770 1772//1770 1771//1770
f 1770//1771 1771//1771 1769//1771
f 1771//1772 1772//1772 1769//1772
f 1773//1773 1775//1773 1774//1773
f 1773//1774 1776//1774 1775//1774
f 1774//1775 1775//1775 1773//1775
f 1775//1776 1776//1776 1773//1776
f 1777//1777 1779//1777 1778//1777
f 1777//1778 1780//1778 1779//1778
f 1778//1779 1779//1779 1777//1779
f 1779//1780 1780//1780 1777//1780
f 1781//1781 1783//1781 1782//1781
f 1781//1782 1784//1782 1783//1782
f 1782//1783 1783//1783 1781//1783
f 1783//1784 1784//1784 1781//1784
f 1785//1785 1787//1785 1786//1785
f 1785//1786 1788//1786 1787//1786
f 1786//1787 1787//1787 1785//1787
f 1787//1788 1788//1788 1785//1788
f 1789//1789 1791//1789 1790//1789
f 1789//1790 1792//1790 1791//1790
f 1790//1791 1791//1791 1789//1791
f 1791//1792 1792//1792 1789//1792
f 1793//1793 1795//1793 1794//1793
f 1793//1794 1796//1794 1795//1794
f 1794//1795 1795//1795 1793//1795
f 1795//1796 1796//1796 1793//1796
f 1797//1797 1799//1797 1798//1797
f 1797//1798 1800//1798 1799//1798
f 1798//1799 1799//1799 1797//1799
f 1799//1800 1800//1800 1797//1800
f 1801//1801 1803//1801 1802//1801
f 1801//1802 1804//1802 1803//1802
f 1802//1803 1803//1803 1801//1803
f 1803//1804 1804//1804 1801//1804
f 1805//1805 1807//1805 1806//1805
f 1805//1806 1808//1806 1807//1806
f 1806//1807 1807//1807 1805//1807
f 1807//1808 1808//1808 1805//1808
f 1809//1809 1811//1809 1810//1809
f 1809//1810 1812//1810 1811//1810
f 1810//1811 1811//1811 1809//1811
f 1811//1812 1812//1812 1809//1812
f 1813//1813 1815//1813 1814//1813
f 1813//1814 1816//1814 1815//1814
f 1814//1815 1815//1815 1813//1815
f 1815//1816 1816//1816 1813//1816
f 1817//1817 1819//1817 1818//1817
f 1817//1818 1820//1818 1819//1818
f 1818//1819 1819//1819 1817//1819
f 1819//1820 1820//1820 1817//1820
f 1821//1821 1823//1821 1822//1821
f 1821//1822 1824//1822 1823//1822
f 1822//1823 1823//1823 1821//1823
f 1823//1824 1824//1824 1821//1824
f 1825//1825 1827//1825 1826//1825
f 1825//1826 1828//1826 1827//1826
f 1826//1827 1827//1827 1825//1827
f 1827//1828 1828//1828 1825//1828
f 1829//1829 1831//1829 1830//1829
f 1829//1830 1832//1830 1831//1830
f 1830//1831 1831//1831 1829//1831
f 1831//1832 1832//1832 1829//1832
f 1833//1833 1835//1833 1834//1833
f 1833//1834 1836//1834 1835//1834
f 1834//1835 1835//1835 1833//1835
f 1835//1836 1836//1836 1833//1836
f 1837//1837 1839//1837 1838//1837
f 1837//1838 1840//1838 1839//1838
f 1838//1839 1839//1839 1837//1839
f 1839//1840 1840//1840 1837//1840
f 1841//1841 1843//1841 1842//1841
f 1841//1842 1844//1842 1843//1842
f 1842//1843 1843//1843 1841//1843
f 1843//1844 1844//1844 1841//1844
f 1845//1845 1847//1845 1846//1845
f 1845//1846 1848//1846 1847//1846
f 1846//1847 1847//1847 1845//1847
f 1847//1848 1848//1848 1845//1848
f 1849//1849 1851//1849 1850//1849
f 1849//1850 1852//1850 1851//1850
f 1850//1851 1851//1851 1849//1851
f 1851//1852 1852//1852 1849//1852
f 1853//1853 1855//1853 1854//1853
f 1853//1854 1856//1854 1855//1854
f 1854//1855 1855//1855 1853//1855
f 1855//1856 1856//1856 1853//1856
f 1857//1857 1859//1857 1858//1857
f 1857//1858 1860//1858 1859//1858
f 1858//1859 1859//1859 1857//1859
f 1859//1860 1860//1860 1857//1860
f 1861//1861 1863//1861 1862//1861
f 1861//1862 1864//1862 1863//1862
f 1862//1863 1863//1863 1861//1863
f 1863//1864 1864//1864 1861//1864
f 1865//1865 1867//1865 1866//1865
f 1865//1866 1868//1866 1867//1866
f 1866//1867 1867//1867 1865//1867
f 1867//1868 1868//1868 1865//1868
f 1869//1869 1871//1869 1870//1869
f 1869//1870 1872//1870 1871//1870
f 1870//1871 1871//1871 1869//1871
f 1871//1872 1872//1872 1869//1872
f 1873//1873 1875//1873 1874//1873
f 1873//1874 1876//1874 1875//1874
f 1874//1875 1875//1875 1873//1875
f 1875//1876 1876//1876 1873//1876
f 1877//1877 1879//1877 1878//1877
f 1877//1878 1880//1878 1879//1878
f 1878//1879 1879//1879 1877//1879
f 1879//1880 1880//1880 1877//1880
f 1881//1881 1883//1881 1882//1881
f 1881//1882 1884//1882 1883//1882
f 1882//1883 1883//1883 1881//1883
f 1883//1884 1884//1884 1881//1884
f 1885//1885 1887//1885 1886//1885
f 1885//1886 1888//1886 1887//1886
f 1886//1887 1887//1887 1885//1887
f 1887//1888 1888//1888 1885//1888
f 1889//1889 1891//1889 1890//1889
f 1889//1890 1892//1890 1891//1890
f 1890//1891 1891//1891 1889//1891
f 1891//1892 1892//1892 1889//1892
f 1893//1893 1895//1893 1894//1893
f 1893//1894 1896//1894 1895//1894
f 1894//1895 1895//1895 1893//1895
f 1895//1896 1896//1896 1893//1896
f 1897//1897 1899//1897 1898//1897
f 1897//1898 1900//1898 1899//1898
f 1898//1899 1899//1899 1897//1899
f 1899//1900 1900//1900 1897//1900
f 1901//1901 1903//1901 1902//1901
f 1901//1902 1904//1902 1903//1902
f 1902//1903 1903//1903 1901//1903
f 1903//1904 1904//1904 1901//1904
f 1905//1905 1907//1905 1906//1905
f 1905//1906 1908//1906 1907//1906
f 1906//1907 1907//1907 1905//1907
f 1907//1908 1908//1908 1905//1908
f 1909//1909 1911//1909 1910//1909
f 1909//1910 1912//1910 1911//1910
f 1910//1911 1911//1911 1909//1911
f 1911//1912 1912//1912 1909//1912
f 1913//1913 1915//1913 1914//1913
f 1913//1914 1916//1914 1915//1914
f 1914//1915 1915//1915 1913//1915
f 1915//1916 1916//1916 1913//1916
f 1917//1917 1919//1917 1918//1917
f 1917//1918 1920//1918 1919//1918
f 1918//1919 1919//1919 1917//1919
f 1919//1920 1920//1920 1917//1920
f 1921//1921 1923//1921 1922//1921
f 1921//1922 1924//1922 1923//1922
f 1922//1923 1923//1923 1921//1923
f 1923//1924 1924//1924 1921//1924
f 1925//1925 1927//1925 1926//1925
f 1925//1926 1928//1926 1927//1926
f 1926//1927 1927//1927 1925//1927
f 1927//1928 1928//1928 1925//1928
f 1929//1929 1931//1929 1930//1929
f 1929//1930 1932//1930 1931//1930
f 1930//1931 1931//1931 1929//1931
f 1931//1932 1932//1932 1929//1932
f 1933//1933 1935//1933 1934//1933
f 1933//1934 1936//1934 1935//1934
f 1934//1935 1935//1935 1933//1935
f 1935//1936 1936//1936 1933//1936
f 1937//1937 1939//1937 1938//1937
f 1937//1938 1940//1938 1939//1938
f 1938//1939 1939//1939 1937//1939
f 1939//1940 1940//1940 1937//1940
f 1941//1941 1943//1941 1942//1941
f 1941//1942 1944//1942 1943//1942
f 1942//1943 1943//1943 1941//1943
f 1943//1944 1944//1944 1941//1944
f 1945//1945 1947//1945 1946//1945
f 1945//1946 1948//1946 1947//1946
f 1946//1947 1947//1947 1945//1947
f 1947//1948 1948//1948 1945//1948
f 1949//1949 1951//1949 1950//1949
f 1949//1950 1952//1950 1951//1950
f 1950//1951 1951//1951 1949//1951
f 1951//1952 1952//1952 1949//1952
f 1953//1953 1955//1953 1954//1953
f 1953//1954 1956//1954 1955//1954
f 1954//1955 1955//1955 1953//1955
f 1955//1956 1956//1956 1953//1956
f 1957//1957 1959//1957 1958//1957
f 1957//1958 1960//1958 1959//1958
f 1958//1959 1959//1959 1957//1959
f 1959//1960 1960//1960 1957//1960
f 1961//1961 1963//1961 1962//1961
f 1961//1962 1964//1962 1963//1962
f 1962//1963 1963//1963 1961//1963
f 1963//1964 1964//1964 1961//1964
f 1965//1965 1967//1965 1966//1965
f 1965//1966 1968//1966 1967//1966
f 1966//1967 1967//1967 1965//1967
f 1967//1968 1968//1968 1965//1968
f 1969//1969 1971//1969 1970//1969
f 1969//1970 1972//1970 1971//1970
f 1970//1971 1971//1971 1969//1971
f 1971//1972 1972//1972 1969//1972
f 1973//1973 1975//1973 1974//1973
f 1973//1974 1976//1974 1975//1974
f 1974//1975 1975//1975 1973//1975
f 1975//1976 1976//1976 1973//1976
f 1977//1977 1979//1977 1978//1977
f 1977//1978 1980//1978 1979//1978
f 1978//1979 1979//1979 1977//1979
f 1979//1980 1980//1980 1977//1980
f 1981//1981 1983//1981 1982//1981
f 1981//1982 1984//1982 1983//1982
f 1982//1983 1983//1983 1981//1983
f 1983//1984 1984//1984 1981//1984
f 1985//1985 1987//1985 1986//1985
f 1985//1986 1988//1986 1987//1986
f 1986//1987 1987//1987 1985//1987
f 1987//1988 1988//1988 1985//1988
f 1989//1989 1991//1989 1990//1989
f 1989//1990 1992//1990 1991//1990
f 1990//1991 1991//1991 1989//1991
f 1991//1992 1992//1992 1989//1992
f 1993//1993 1995//1993 1994//1993
f 1993//1994 1996//1994 1995//1994
f 1994//1995 1995//1995 1993//1995
f 1995//1996 1996//1996 1993//1996
f 1997//1997 1999//1997 1998//1997
f 1997//1998 2000//1998 1999//1998
f 1998//1999 1999//1999 1997//1999
f 1999//2000 2000//2000 1997//2000
f 2001//2001 2003//2001 2002//2001
f 2001//2002 2004//2002 2003//2002
f 2002//2003 2003//2003 2001//2003
f 2003//2004 2004//2004 2001//2004
f 2005//2005 2007//2005 2006//2005
f 2005//2006 2008//2006 2007//2006
f 2006//2007 2007//2007 2005//2007
f 2007//2008 2008//2008 2005//2008
f 2009//2009 2011//2009 2010//2009
f 2009//2010 2012//2010 2011//2010
f 2010//2011 2011//2011 2009//2011
f 2011//2012 2012//2012 2009//2012
f 2013//2013 2015//2013 2014//2013
f 2013//2014 2016//2014 2015//2014
f 2014//2015 2015//2015 2013//2015
f 2015//2016 2016//2016 2013//2016
f 2017//2017 2019//2017 2018//2017
f 2017//2018 2020//2018 2019//2018
f 2018//2019 2019//2019 2017//2019
f 2019//2020 2020//2020 2017//2020
f 2021//2021 2023//2021 2022//2021
f 2021//2022 2024//2022 2023//2022
f 2022//2023 2023//2023 2021//2023
f 2023//2024 2024//2024 2021//2024
f 2025//2025 2027//2025 2026//2025
f 2025//2026 2028//2026 2027//2026
f 2026//2027 2027//2027 2025//2027
f 2027//2028 2028//2028 2025//2028
f 2029//2029 2031//2029 2030//2029
f 2029//2030 2032//2030 2031//2030
f 2030//2031 2031//2031 2029//2031
f 2031//2032 2032//2032 2029//2032
f 2033//2033 2035//2033 2034//2033
f 2033//2034 2036//2034 2035//2034
f 2034//2035 2035//2035 2033//2035
f 2035//2036 2036//2036 2033//2036
f 2037//2037 2039//2037 2038//2037
f 2037//2038 2040//2038 2039//2038
f 2038//2039 2039//2039 2037//2039
f 2039//2040 2040//2040 2037//2040
f 2041//2041 2043//2041 2042//2041
f 2041//2042 2044//2042 2043//2042
f 2042//2043 2043//2043 2041//2043
f 2043//2044 2044//2044 2041//2044
f 2045//2045 2047//2045 2046//2045
f 2045//2046 2048//2046 2047//2046
f 2046//2047 2047//2047 2045//2047
f 2047//2048 2048//2048 2045//2048
f 2049//2049 2051//2049 2050//2049
f 2049//2050 2052//2050 2051//2050
f 2050//2051 2051//2051 2049//2051
f 2051//2052 2052//2052 2049//2052
f 2053//2053 2055//2053 2054//2053
f 2053//2054 2056//2054 2055//2054
f 2054//2055 2055//2055 2053//2055
f 2055//2056 2056//2056 2053//2056
f 2057//2057 2059//2057 2058//2057
f 2057//2058 2060//2058 2059//2058
f 2058//2059 2059//2059 2057//2059
f 2059//2060 2060//2060 2057//2060
f 2061//2061 2063//2061 2062//2061
f 2061//2062 2064//2062 2063//2062
f 2062//2063 2063//2063 2061//2063
f 2063//2064 2064//2064 2061//2064
f 2065//2065 2067//2065 2066//2065
f 2065//2066 2068//2066 2067//2066
f 2066//2067 2067//2067 2065//2067
f 2067//2068 2068//2068 2065//2068
f 2069//2069 2071//2069 2070//2069
f 2069//2070 2072//2070 2071//2070
f 2070//2071 2071//2071 2069//2071
f 2071//2072 2072//2072 2069//2072
f 2073//2073 2075//2073 2074//2073
f 2073//2074 2076//2074 2075//2074
f 2074//2075 2075//2075 2073//2075
f 2075//2076 2076//2076 2073//2076
f 2077//2077 2079//2077 2078//2077
f 2077//2078 2080//2078 2079//2078
f 2078//2079 2079//2079 2077//2079
f 2079//2080 2080//2080 2077//2080
f 2081//2081 2083//2081 2082//2081
f 2081//2082 2084//2082 2083//2082
f 2082//2083 2083//2083 2081//2083
f 2083//2084 2084//2084 2081//2084
f 2085//2085 2087//2085 2086//2085
f 2085//2086 2088//2086 2087//2086
f 2086//2087 2087//2087 2085//2087
f 2087//2088 2088//2088 2085//2088
f 2089//2089 2091//2089 2090//2089
f 2089//2090 2092//2090 2091//2090
f 2090//2091 2091//2091 2089//2091
f 2091//2092 2092//2092 2089//2092
f 2093//2093 2095//2093 2094//2093
f 2093//2094 2096//2094 2095//2094
f 2094//2095 2095//2095 2093//2095
f 2095//2096 2096//2096 2093//2096
f 2097//2097 2099//2097 2098//2097
f 2097//2098 2100//2098 2099//2098
f 2098//2099 2099//2099 2097//2099
f 2099//2100 2100//2100 2097//2100
f 2101//2101 2103//2101 2102//2101
f 2101//2102 2104//2102 2103//2102
f 2102//2103 2103//2103 2101//2103
f 2103//2104 2104//2104 2101//2104
f 2105//2105 2107//2105 2106//2105
f 2105//2106 2108//2106 2107//2106
f 2106//2107 2107//2107 2105//2107
f 2107//2108 2108//2108 2105//2108
f 2109//2109 2111//2109 2110//2109
f 2109//2110 2112//2110 2111//2110
f 2110//2111 2111//2111 2109//2111
f 2111//2112 2112//2112 2109//2112
f 2113//2113 2115//2113 2114//2113
f 2113//2114 2116//2114 2115//2114
f 2114//2115 2115//2115 2113//2115
f 2115//2116 2116//2116 2113//2116
f 2117//2117 2119//2117 2118//2117
f 2117//2118 2120//2118 2119//2118
f 2118//2119 2119//2119 2117//2119
f 2119//2120 2120//2120 2117//2120
f 2121//2121 2123//2121 2122//2121
f 2121//2122 2124//2122 2123//2122
f 2122//2123 2123//2123 2121//2123
f 2123//2124 2124//2124 2121//2124
f 2125//2125 2127//2125 2126//2125
f 2125//2126 2128//2126 2127//2126
f 2126//2127 2127//2127 2125//2127
f 2127//2128 2128//2128 2125//2128
f 2129//2129 2131//2129 2130//2129
f 2129//2130 2132//2130 2131//2130
f 2130//2131 2131//2131 2129//2131
f 2131//2132 2132//2132 2129//2132
f 2133//2133 2135//2133 2134//2133
f 2133//2134 2136//2134 2135//2134
f 2134//2135 2135//2135 2133//2135
f 2135//2136 2136//2136 2133//2136
f 2137//2137 2139//2137 2138//2137
f 2137//2138 2140//2138 2139//2138
f 2138//2139 2139//2139 2137//2139
f 2139//2140 2140//2140 2137//2140
f 2141//2141 2143//2141 2142//2141
f 2141//2142 2144//2142 2143//2142
f 2142//2143 2143//2143 2141//2143
f 2143//2144 2144//2144 2141//2144
f 2145//2145 2147//2145 2146//2145
f 2145//2146 2148//2146 2147//2146
f 2146//2147 2147//2147 2145//2147
f 2147//2148 2148//2148 2145//2148
f 2149//2149 2151//2149 2150//2149
f 2149//2150 2152//2150 2151//2150
f 2150//2151 2151//2151 2149//2151
f 2151//2152 2152//2152 2149//2152
f 2153//2153 2155//2153 2154//2153
f 2153//2154 2156//2154 2155//2154
f 2154//2155 2155//2155 2153//2155
f 2155//2156 2156//2156 2153//2156
f 2157//2157 2159//2157 2158//2157
f 2157//2158 2160//2158 2159//2158
f 2158//2159 2159//2159 2157//2159
f 2159//2160 2160//2160 2157//2160
f 2161//2161 2163//2161 2162//2161
f 2161//2162 2164//2162 2163//2162
f 2162//2163 2163//2163 2161//2163
f 2163//2164 2164//2164 2161//2164
f 2165//2165 2167//2165 2166//2165
f 2165//2166 2168//2166 2167//2166
f 2166//2167 2167//2167 2165//2167
f 2167//2168 2168//2168 2165//2168
f 2169//2169 2171//2169 2170//2169
f 2169//2170 2172//2170 2171//2170
f 2170//2171 2171//2171 2169//2171
f 2171//2172 2172//2172 2169//2172
f 2173//2173 2175//2173 2174//2173
f 2173//2174 2176//2174 2175//2174
f 2174//2175 2175//2175 2173//2175
f 2175//2176 2176//2176 2173//2176
f 2177//2177 2179//2177 2178//2177
f 2177//2178 2180//2178 2179//2178
f 2178//2179 2179//2179 2177//2179
f 2179//2180 2180//2180 2177//2180
f 2181//2181 2183//2181 2182//2181
f 2181//2182 2184//2182 2183//2182
f 2182//2183 2183//2183 2181//2183
f 2183//2184 2184//2184 2181//2184
f 2185//2185 2187//2185 2186//2185
f 2185//2186 2188//2186 2187//2186
f 2186//2187 2187//2187 2185//2187
f 2187//2188 2188//2188 2185//2188
f 2189//2189 2191//2189 2190//2189
f 2189//2190 2192//2190 2191//2190
f 2190//2191 2191//2191 2189//2191
f 2191//2192 2192//2192 2189//2192
f 2193//2193 2195//2193 2194//2193
f 2193//2194 2196//2194 2195//2194
f 2194//2195 2195//2195 2193//2195
f 2195//2196 2196//2196 2193//2196
f 2197//2197 2199//2197 2198//2197
f 2197//2198 2200//2198 2199//2198
f 2198//2199 2199//2199 2197//2199
f 2199//2200 2200//2200 2197//2200
f 2201//2201 2203//2201 2202//2201
f 2201//2202 2204//2202 2203//2202
f 2202//2203 2203//2203 2201//2203
f 2203//2204 2204//2204 2201//2204
f 2205//2205 2207//2205 2206//2205
f 2205//2206 2208//2206 2207//2206
f 2206//2207 2207//2207 2205//2207
f 2207//2208 2208//2208 2205//2208
f 2209//2209 2211//2209 2210//2209
f 2209//2210 2212//2210 2211//2210
f 2210//2211 2211//2211 2209//2211
f 2211//2212 2212//2212 2209//2212
f 2213//2213 2215//2213 2214//2213
f 2213//2214 2216//2214 2215//2214
f 2214//2215 2215//2215 2213//2215
f 2215//2216 2216//2216 2213//2216
f 2217//2217 2219//2217 2218//2217
f 2217//2218 2220//2218 2219//2218
f 2218//2219 2219//2219 2217//2219
f 2219//2220 2220//2220 2217//2220
f 2221//2221 2223//2221 2222//2221
f 2221//2222 2224//2222 2223//2222
f 2222//2223 2223//2223 2221//2223
f 2223//2224 2224//2224 2221//2224
f 2225//2225 2227//2225 2226//2225
f 2225//2226 2228//2226 2227//2226
f 2226//2227 2227//2227 2225//2227
f 2227//2228 2228//2228 2225//2228
f 2229//2229 2231//2229 2230//2229
f 2229//2230 2232//2230 2231//2230
f 2230//2231 2231//2231 2229//2231
f 2231//2232 2232//2232 2229//2232
f 2233//2233 2235//2233 2234//2233
f 2233//2234 2236//2234 2235//2234
f 2234//2235 2235//2235 2233//2235
f 2235//2236 2236//2236 2233//2236
f 2237//2237 2239//2237 2238//2237
f 2237//2238 2240//2238 2239//2238
f 2238//2239 2239//2239 2237//2239
f 2239//2240 2240//2240 2237//2240
f 2241//2241 2243//2241 2242//2241
f 2241//2242 2244//2242 2243//2242
f 2242//2243 2243//2243 2241//2243
f 2243//2244 2244//2244 2241//2244
f 2245//2245 2247//2245 2246//2245
f 2245//2246 2248//2246 2247//2246
f 2246//2247 2247//2247 2245//2247
f 2247//2248 2248//2248 2245//2248
f 2249//2249 2251//2249 2250//2249
f 2249//2250 2252//2250 2251//2250
f 2250//2251 2251//2251 2249//2251
f 2251//2252 2252//2252 2249//2252
f 2253//2253 2255//2253 2254//2253
f 2253//2254 2256//2254 2255//2254
f 2254//2255 2255//2255 2253//2255
f 2255//2256 2256//2256 2253//2256
f 2257//2257 2259//2257 2258//2257
f 2257//2258 2260//2258 2259//2258
f 2258//2259 2259//2259 2257//2259
f 2259//2260 2260//2260 2257//2260
f 2261//2261 2263//2261 2262//2261
f 2261//2262 2264//2262 2263//2262
f 2262//2263 2263//2263 2261//2263
f 2263//2264 2264//2264 2261//2264
f 2265//2265 2267//2265 2266//2265
f 2265//2266 2268//2266 2267//2266
f 2266//2267 2267//2267 2265//2267
f 2267//2268 2268//2268 2265//2268
f 2269//2269 2271//2269 2270//2269
f 2269//2270 2272//2270 2271//2270
f 2270//2271 2271//2271 2269//2271
f 2271//2272 2272//2272 2269//2272
f 2273//2273 2275//2273 2274//2273
f 2273//2274 2276//2274 2275//2274
f 2274//2275 2275//2275 2273//2275
f 2275//2276 2276//2276 2273//2276
f 2277//2277 2279//2277 2278//2277
f 2277//2278 2280//2278 2279//2278
f 2278//2279 2279//2279 2277//2279
f 2279//2280 2280//2280 2277//2280
f 2281//2281 2283//2281 2282//2281
f 2281//2282 2284//2282 2283//2282
f 2282//2283 2283//2283 2281//2283
f 2283//2284 2284//2284 2281//2284
f 2285//2285 2287//2285 2286//2285
f 2285//2286 2288//2286 2287//2286
f 2286//2287 2287//2287 2285//2287
f 2287//2288 2288//2288 2285//2288
f 2289//2289 2291//2289 2290//2289
f 2289//2290 2292//2290 2291//2290
f 2290//2291 2291//2291 2289//2291
f 2291//2292 2292//2292 2289//2292
f 2293//2293 2295//2293 2294//2293
f 2293//2294 2296//2294 2295//2294
f 2294//2295 2295//2295 2293//2295
f 2295//2296 2296//2296 2293//2296
f 2297//2297 2299//2297 2298//2297
f 2297//2298 2300//2298 2299//2298
f 2298//2299 2299//2299 2297//2299
f 2299//2300 2300//2300 2297//2300
f 2301//2301 2303//2301 2302//2301
f 2301//2302 2304//2302 2303//2302
f 2302//2303 2303//2303 2301//2303
f 2303//2304 2304//2304 2301//2304
f 2305//2305 2307//2305 2306//2305
f 2305//2306 2308//2306 2307//2306
f 2306//2307 2307//2307 2305//2307
f 2307//2308 2308//2308 2305//2308
f 2309//2309 2311//2309 2310//2309
f 2309//2310 2312//2310 2311//2310
f 2310//2311 2311//2311 2309//2311
f 2311//2312 2312//2312 2309//2312
f 2313//2313 2315//2313 2314//2313
f 2313//2314 2316//2314 2315//2314
f 2314//2315 2315//2315 2313//2315
f 2315//2316 2316//2316 2313//2316
f 2317//2317 2319//2317 2318//2317
f 2317//2318 2320//2318 2319//2318
f 2318//2319 2319//2319 2317//2319
f 2319//2320 2320//2320 2317//2320
f 2321//2321 2323//2321 2322//2321
f 2321//2322 2324//2322 2323//2322
f 2322//2323 2323//2323 2321//2323
f 2323//2324 2324//2324 2321//2324
f 2325//2325 2327//2325 2326//2325
f 2325//2326 2328//2326 2327//2326
f 2326//2327 2327//2327 2325//2327
f 2327//2328 2328//2328 2325//2328
f 2329//2329 2331//2329 2330//2329
f 2329//2330 2332//2330 2331//2330
f 2330//2331 2331//2331 2329//2331
f 2331//2332 2332//2332 2329//2332
f 2333//2333 2335//2333 2334//2333
f 2333//2334 2336//2334 2335//2334
f 2334//2335 2335//2335 2333//2335
f 2335//2336 2336//2336 2333//2336
f 2337//2337 2339//2337 2338//2337
f 2337//2338 2340//2338 2339//2338
f 2338//2339 2339//2339 2337//2339
f 2339//2340 2340//2340 2337//2340
f 2341//2341 2343//2341 2342//2341
f 2341//2342 2344//2342 2343//2342
f 2342//2343 2343//2343 2341//2343
f 2343//2344 2344//2344 2341//2344
f 2345//2345 2347//2345 2346//2345
f 2345//2346 2348//2346 2347//2346
f 2346//2347 2347//2347 2345//2347
f 2347//2348 2348//2348 2345//2348
f 2349//2349 2351//2349 2350//2349
f 2349//2350 2352//2350 2351//2350
f 2350//2351 2351//2351 2349//2351
f 2351//2352 2352//2352 2349//2352
f 2353//2353 2355//2353 2354//2353
f 2353//2354 2356//2354 2355//2354
f 2354//2355 2355//2355 2353//2355
f 2355//2356 2356//2356 2353//2356
f 2357//2357 2359//2357 2358//2357
f 2357//2358 2360//2358 2359//2358
f 2358//2359 2359//2359 2357//2359
f 2359//2360 2360//2360 2357//2360
f 2361//2361 2363//2361 2362//2361
f 2361//2362 2364//2362 2363//2362
f 2362//2363 2363//2363 2361//2363
f 2363//2364 2364//2364 2361//2364
f 2365//2365 2367//2365 2366//2365
f 2365//2366 2368//2366 2367//2366
f 2366//2367 2367//2367 2365//2367
f 2367//2368 2368//2368 2365//2368
f 2369//2369 2371//2369 2370//2369
f 2369//2370 2372//2370 2371//2370
f 2370//2371 2371//2371 2369//2371
f 2371//2372 2372//2372 2369//2372
f 2373//2373 2375//2373 2374//2373
f 2373//2374 2376//2374 2375//2374
f 2374//2375 2375//2375 2373//2375
f 2375//2376 2376//2376 2373//2376
f 2377//2377 2379//2377 2378//2377
f 2377//2378 2380//2378 2379//2378
f 2378//2379 2379//2379 2377//2379
f 2379//2380 2380//2380 2377//2380
f 2381//2381 2383//2381 2382//2381
f 2381//2382 2384//2382 2383//2382
f 2382//2383 2383//2383 2381//2383
f 2383//2384 2384//2384 2381//2384
f 2385//2385 2387//2385 2386//2385
f 2385//2386 2388//2386 2387//2386
f 2386//2387 2387//2387 2385//2387
f 2387//2388 2388//2388 2385//2388
f 2389//2389 2391//2389 2390//2389
f 2389//2390 2392//2390 2391//2390
f 2390//2391 2391//2391 2389//2391
f 2391//2392 2392//2392 2389//2392
f 2393//2393 2395//2393 2394//2393
f 2393//2394 2396//2394 2395//2394
f 2394//2395 2395//2395 2393//2395
f 2395//2396 2396//2396 2393//2396
f 2397//2397 2399//2397 2398//2397
f 2397//2398 2400//2398 2399//2398
f 2398//2399 2399//2399 2397//2399
f 2399//2400 2400//2400 2397//2400
f 2401//2401 2403//2401 2402//2401
f 2401//2402 2404//2402 2403//2402
f 2402//2403 2403//2403 2401//2403
f 2403//2404 2404//2404 2401//2404
f 2405//2405 2407//2405 2406//2405
f 2405//2406 2408//2406 2407//2406
f 2406//2407 2407//2407 2405//2407
f 2407//2408 2408//2408 2405//2408
f 2409//2409 2411//2409 2410//2409
f 2409//2410 2412//2410 2411//2410
f 2410//2411 2411//2411 2409//2411
f 2411//2412 2412//2412 2409//2412
f 2413//2413 2415//2413 2414//2413
f 2413//2414 2416//2414 2415//2414
f 2414//2415 2415//2415 2413//2415
f 2415//2416 2416//2416 2413//2416
f 2417//2417 2419//2417 2418//2417
f 2417//2418 2420//2418 2419//2418
f 2418//2419 2419//2419 2417//2419
f 2419//2420 2420//2420 2417//2420
f 2421//2421 2423//2421 2422//2421
f 2421//2422 2424//2422 2423//2422
f 2422//2423 2423//2423 2421//2423
f 2423//2424 2424//2424 2421//2424
f 2425//2425 2427//2425 2426//2425
f 2425//2426 2428//2426 2427//2426
f 2426//2427 2427//2427 2425//2427
f 2427//2428 2428//2428 2425//2428
f 2429//2429 2431//2429 2430//2429
f 2429//2430 2432//2430 2431//2430
f 2430//2431 2431//2431 2429//2431
f 2431//2432 2432//2432 2429//2432
f 2433//2433 2435//2433 2434//2433
f 2433//2434 2436//2434 2435//2434
f 2434//2435 2435//2435 2433//2435
f 2435//2436 2436//2436 2433//2436
f 2437//2437 2439//2437 2438//2437
f 2437//2438 2440//2438 2439//2438
f 2438//2439 2439//2439 2437//2439
f 2439//2440 2440//2440 2437//2440
f 2441//2441 2443//2441 2442//2441
f 2441//2442 2444//2442 2443//2442
f 2442//2443 2443//2443 2441//2443
f 2443//2444 2444//2444 2441//2444
f 2445//2445 2447//2445 2446//2445
f 2445//2446 2448//2446 2447//2446
f 2446//2447 2447//2447 2445//2447
f 2447//2448 2448//2448 2445//2448
f 2449//2449 2451//2449 2450//2449
f 2449//2450 2452//2450 2451//2450
f 2450//2451 2451//2451 2449//2451
f 2451//2452 2452//2452 2449//2452
f 2453//2453 2455//2453 2454//2453
f 2453//2454 2456//2454 2455//2454
f 2454//2455 2455//2455 2453//2455
f 2455//2456 2456//2456 2453//2456
f 2457//2457 2459//2457 2458//2457
f 2457//2458 2460//2458 2459//2458
f 2458//2459 2459//2459 2457//2459
f 2459//2460 2460//2460 2457//2460
f 2461//2461 2463//2461 2462//2461
f 2461//2462 2464//2462 2463//2462
f 2462//2463 2463//2463 2461//2463
f 2463//2464 2464//2464 2461//2464
f 2465//2465 2467//2465 2466//2465
f 2465//2466 2468//2466 2467//2466
f 2466//2467 2467//2467 2465//2467
f 2467//2468 2468//2468 2465//2468
f 2469//2469 2471//2469 2470//2469
f 2469//2470 2472//2470 2471//2470
f 2470//2471 2471//2471 2469//2471
f 2471//2472 2472//2472 2469//2472
f 2473//2473 2475//2473 2474//2473
f 2473//2474 2476//2474 2475//2474
f 2474//2475 2475//2475 2473//2475
f 2475//2476 2476//2476 2473//2476
f 2477//2477 2479//2477 2478//2477
f 2477//2478 2480//2478 2479//2478
f 2478//2479 2479//2479 2477//2479
f 2479//2480 2480//2480 2477//2480
f 2481//2481 2483//2481 2482//2481
f 2481//2482 2484//2482 2483//2482
f 2482//2483 2483//2483 2481//2483
f 2483//2484 2484//2484 2481//2484
f 2485//2485 2487//2485 2486//2485
f 2485//2486 2488//2486 2487//2486
f 2486//2487 2487//2487 2485//2487
f 2487//2488 2488//2488 2485//2488
f 2489//2489 2491//2489 2490//2489
f 2489//2490 2492//2490 2491//2490
f 2490//2491 2491//2491 2489//2491
f 2491//2492 2492//2492 2489//2492
f 2493//2493 2495//2493 2494//2493
f 2493//2494 2496//2494 2495//2494
f 2494//2495 2495//2495 2493//2495
f 2495//2496 2496//2496 2493//2496
f 2497//2497 2499//2497 2498//2497
f 2497//2498 2500//2498 2499//2498
f 2498//2499 2499//2499 2497//2499
f 2499//2500 2500//2500 2497//2500
f 2501//2501 2503//2501 2502//2501
f 2501//2502 2504//2502 2503//2502
f 2502//2503 2503//2503 2501//2503
f 2503//2504 2504//2504 2501//2504
f 2505//2505 2507//2505 2506//2505
f 2505//2506 2508//2506 2507//2506
f 2506//2507 2507//2507 2505//2507
f 2507//2508 2508//2508 2505//2508
f 2509//2509 2511//2509 2510//2509
f 2509//2510 2512//2510 2511//2510
f 2510//2511 2511//2511 2509//2511
f 2511//2512 2512//2512 2509//2512
f 2513//2513 2515//2513 2514//2513
f 2513//2514 2516//2514 2515//2514
f 2514//2515 2515//2515 2513//2515
f 2515//2516 2516//2516 2513//2516
f 2517//2517 2519//2517 2518//2517
f 2517//2518 2520//2518 2519//2518
f 2518//2519 2519//2519 2517//2519
f 2519//2520 2520//2520 2517//2520
f 2521//2521 2523//2521 2522//2521
f 2521//2522 2524//2522 2523//2522
f 2522//2523 2523//2523 2521//2523
f 2523//2524 2524//2524 2521//2524
f 2525//2525 2527//2525 2526//2525
f 2525//2526 2528//2526 2527//2526
f 2526//2527 2527//2527 2525//2527
f 2527//2528 2528//2528 2525//2528
f 2529//2529 2531//2529 2530//2529
f 2529//2530 2532//2530 2531//2530
f 2530//2531 2531//2531 2529//2531
f 2531//2532 2532//2532 2529//2532
f 2533//2533 2535//2533 2534//2533
f 2533//2534 2536//2534 2535//2534
f 2534//2535 2535//2535 2533//2535
f 2535//2536 2536//2536 2533//2536
f 2537//2537 2539//2537 2538//2537
f 2537//2538 2540//2538 2539//2538
f 2538//2539 2539//2539 2537//2539
f 2539//2540 2540//2540 2537//2540
f 2541//2541 2543//2541 2542//2541
f 2541//2542 2544//2542 2543//2542
f 2542//2543 2543//2543 2541//2543
f 2543//2544 2544//2544 2541//2544
f 2545//2545 2547//2545 2546//2545
f 2545//2546 2548//2546 2547//2546
f 2546//2547 2547//2547 2545//2547
f 2547//2548 2548//2548 2545//2548
f 2549//2549 2551//2549 2550//2549
f 2549//2550 2552//2550 2551//2550
f 2550//2551 2551//2551 2549//2551
f 2551//2552 2552//2552 2549//2552
f 2553//2553 2555//2553 2554//2553
f 2553//2554 2556//2554 2555//2554
f 2554//2555 2555//2555 2553//2555
f 2555//2556 2556//2556 2553//2556
f 2557//2557 2559//2557 2558//2557
f 2557//2558 2560//2558 2559//2558
f 2558//2559 2559//2559 2557//2559
f 2559//2560 2560//2560 2557//2560
f 2561//2561 2563//2561 2562//2561
f 2561//2562 2564//2562 2563//2562
f 2562//2563 2563//2563 2561//2563
f 2563//2564 2564//2564 2561//2564
f 2565//2565 2567//2565 2566//2565
f 2565//2566 2568//2566 2567//2566
f 2566//2567 2567//2567 2565//2567
f 2567//2568 2568//2568 2565//2568
f 2569//2569 2571//2569 2570//2569
f 2569//2570 2572//2570 2571//2570
f 2570//2571 2571//2571 2569//2571
f 2571//2572 2572//2572 2569//2572
f 2573//2573 2575//2573 2574//2573
f 2573//2574 2576//2574 2575//2574
f 2574//2575 2575//2575 2573//2575
f 2575//2576 2576//2576 2573//2576
f 2577//2577 2579//2577 2578//2577
f 2577//2578 2580//2578 2579//2578
f 2578//2579 2579//2579 2577//2579
f 2579//2580 2580//2580 2577//2580
f 2581//2581 2583//2581 2582//2581
f 2581//2582 2584//2582 2583//2582
f 2582//2583 2583//2583 2581//2583
f 2583//2584 2584//2584 2581//2584
f 2585//2585 2587//2585 2586//2585
f 2585//2586 2588//2586 2587//2586
f 2586//2587 2587//2587 2585//2587
f 2587//2588 2588//2588 2585//2588
f 2589//2589 2591//2589 2590//2589
f 2589//2590 2592//2590 2591//2590
f 2590//2591 2591//2591 2589//2591
f 2591//2592 2592//2592 2589//2592
f 2593//2593 2595//2593 2594//2593
f 2593//2594 2596//2594 2595//2594
f 2594//2595 2595//2595 2593//2595
f 2595//2596 2596//2596 2593//2596
f 2597//2597 2599//2597 2598//2597
f 2597//2598 2600//2598 2599//2598
f 2598//2599 2599//2599 2597//2599
f 2599//2600 2600//2600 2597//2600
f 2601//2601 2603//2601 2602//2601
f 2601//2602 2604//2602 2603//2602
f 2602//2603 2603//2603 2601//2603
f 2603//2604 2604//2604 2601//2604
f 2605//2605 2607//2605 2606//2605
f 2605//2606 2608//2606 2607//2606
f 2606//2607 2607//2607 2605//2607
f 2607//2608 2608//2608 2605//2608
f 2609//2609 2611//2609 2610//2609
f 2609//2610 2612//2610 2611//2610
f 2610//2611 2611//2611 2609//2611
f 2611//2612 2612//2612 2609//2612
f 2613//2613 2615//2613 2614//2613
f 2613//2614 2616//2614 2615//2614
f 2614//2615 2615//2615 2613//2615
f 2615//2616 2616//2616 2613//2616
f 2617//2617 2619//2617 2618//2617
f 2617//2618 2620//2618 2619//2618
f 2618//2619 2619//2619 2617//2619
f 2619//2620 2620//2620 2617//2620
f 2621//2621 2623//2621 2622//2621
f 2621//2622 2624//2622 2623//2622
f 2622//2623 2623//2623 2621//2623
f 2623//2624 2624//2624 2621//2624
f 2625//2625 2627//2625 2626//2625
f 2625//2626 2628//2626 2627//2626
f 2626//2627 2627//2627 2625//2627
f 2627//2628 2628//2628 2625//2628
f 2629//2629 2631//2629 2630//2629
f 2629//2630 2632//2630 2631//2630
f 2630//2631 2631//2631 2629//2631
f 2631//2632 2632//2632 2629//2632
f 2633//2633 2635//2633 2634//2633
f 2633//2634 2636//2634 2635//2634
f 2634//2635 2635//2635 2633//2635
f 2635//2636 2636//2636 2633//2636
f 2637//2637 2639//2637 2638//2637
f 2637//2638 2640//2638 2639//2638
f 2638//2639 2639//2639 2637//2639
f 2639//2640 2640//2640 2637//2640
f 2641//2641 2643//2641 2642//2641
f 2641//2642 2644//2642 2643//2642
f 2642//2643 2643//2643 2641//2643
f 2643//2644 2644//2644 2641//2644
f 2645//2645 2647//2645 2646//2645
f 2645//2646 2648//2646 2647//2646
f 2646//2647 2647//2647 2645//2647
f 2647//2648 2648//2648 2645//2648
f 2649//2649 2651//2649 2650//2649
f 2649//2650 2652//2650 2651//2650
f 2650//2651 2651//2651 2649//2651
f 2651//2652 2652//2652 2649//2652
f 2653//2653 2655//2653 2654//2653
f 2653//2654 2656//2654 2655//2654
f 2654//2655 2655//2655 2653//2655
f 2655//2656 2656//2656 2653//2656
f 2657//2657 2659//2657 2658//2657
f 2657//2658 2660//2658 2659//2658
f 2658//2659 2659//2659 2657//2659
f 2659//2660 2660//2660 2657//2660
f 2661//2661 2663//2661 2662//2661
f 2661//2662 2664//2662 2663//2662
f 2662//2663 2663//2663 2661//2663
f 2663//2664 2664//2664 2661//2664
f 2665//2665 2667//2665 2666//2665
f 2665//2666 2668//2666 2667//2666
f 2666//2667 2667//2667 2665//2667
f 2667//2668 2668//2668 2665//2668
f 2669//2669 2671//2669 2670//2669
f 2669//2670 2672//2670 2671//2670
f 2670//2671 2671//2671 2669//2671
f 2671//2672 2672//2672 2669//2672
f 2673//2673 2675//2673 2674//2673
f 2673//2674 2676//2674 2675//2674
f 2674//2675 2675//2675 2673//2675
f 2675//2676 2676//2676 2673//2676
f 2677//2677 2679//2677 2678//2677
f 2677//2678 2680//2678 2679//2678
f 2678//2679 2679//2679 2677//2679
f 2679//2680 2680//2680 2677//2680
f 2681//2681 2683//2681 2682//2681
f 2681//2682 2684//2682 2683//2682
f 2682//2683 2683//2683 2681//2683
f 2683//2684 2684//2684 2681//2684
f 2685//2685 2687//2685 2686//2685
f 2685//2686 2688//2686 2687//2686
f 2686//2687 2687//2687 2685//2687
f 2687//2688 2688//2688 2685//2688
f 2689//2689 2691//2689 2690//2689
f 2689//2690 2692//2690 2691//2690
f 2690//2691 2691//2691 2689//2691
f 2691//2692 2692//2692 2689//2692
f 2693//2693 2695//2693 2694//2693
f 2693//2694 2696//2694 2695//2694
f 2694//2695 2695//2695 2693//2695
f 2695//2696 2696//2696 2693//2696
f 2697//2697 2699//2697 2698//2697
f 2697//2698 2700//2698 2699//2698
f 2698//2699 2699//2699 2697//2699
f 2699//2700 2700//2700 2697//2700
f 2701//2701 2703//2701 2702//2701
f 2701//2702 2704//2702 2703//2702
f 2702//2703 2703//2703 2701//2703
f 2703//2704 2704//2704 2701//2704
f 2705//2705 2707//2705 2706//2705
f 2705//2706 2708//2706 2707//2706
f 2706//2707 2707//2707 2705//2707
f 2707//2708 2708//2708 2705//2708
f 2709//2709 2711//2709 2710//2709
f 2709//2710 2712//2710 2711//2710
f 2710//2711 2711//2711 2709//2711
f 2711//2712 2712//2712 2709//2712
f 2713//2713 2715//2713 2714//2713
f 2713//2714 2716//2714 2715//2714
f 2714//2715 2715//2715 2713//2715
f 2715//2716 2716//2716 2713//2716
f 2717//2717 2719//2717 2718//2717
f 2717//2718 2720//2718 2719//2718
f 2718//2719 2719//2719 2717//2719
f 2719//2720 2720//2720 2717//2720
f 2721//2721 2723//2721 2722//2721
f 2721//2722 2724//2722 2723//2722
f 2722//2723 2723//2723 2721//2723
f 2723//2724 2724//2724 2721//2724
f 2725//2725 2727//2725 2726//2725
f 2725//2726 2728//2726 2727//2726
f 2726//2727 2727//2727 2725//2727
f 2727//2728 2728//2728 2725//2728
f 2729//2729 2731//2729 2730//2729
f 2729//2730 2732//2730 2731//2730
f 2730//2731 2731//2731 2729//2731
f 2731//2732 2732//2732 2729//2732
f 2733//2733 2735//2733 2734//2733
f 2733//2734 2736//2734 2735//2734
f 2734//2735 2735//2735 2733//2735
f 2735//2736 2736//2736 2733//2736
f 2737//2737 2739//2737 2738//2737
f 2737//2738 2740//2738 2739//2738
f 2738//2739 2739//2739 2737//2739
f 2739//2740 2740//2740 2737//2740
f 2741//2741 2743//2741 2742//2741
f 2741//2742 2744//2742 2743//2742
f 2742//2743 2743//2743 2741//2743
f 2743//2744 2744//2744 2741//2744
f 2745//2745 2747//2745 2746//2745
f 2745//2746 2748//2746 2747//2746
f 2746//2747 2747//2747 2745//2747
f 2747//2748 2748//2748 2745//2748
f 2749//2749 2751//2749 2750//2749
f 2749//2750 2752//2750 2751//2750
f 2750//2751 2751//2751 2749//2751
f 2751//2752 2752//2752 2749//2752
f 2753//2753 2755//2753 2754//2753
f 2753//2754 2756//2754 2755//2754
f 2754//2755 2755//2755 2753//2755
f 2755//2756 2756//2756 2753//2756
f 2757//2757 2759//2757 2758//2757
f 2757//2758 2760//2758 2759//2758
f 2758//2759 2759//2759 2757//2759
f 2759//2760 2760//2760 2757//2760
f 2761//2761 2763//2761 2762//2761
f 2761//2762 2764//2762 2763//2762
f 2762//2763 2763//2763 2761//2763
f 2763//2764 2764//2764 2761//2764
f 2765//2765 2767//2765 2766//2765
f 2765//2766 2768//2766 2767//2766
f 2766//2767 2767//2767 2765//2767
f 2767//2768 2768//2768 2765//2768
f 2769//2769 2771//2769 2770//2769
f 2769//2770 2772//2770 2771//2770
f 2770//2771 2771//2771 2769//2771
f 2771//2772 2772//2772 2769//2772
f 2773//2773 2775//2773 2774//2773
f 2773//2774 2776//2774 2775//2774
f 2774//2775 2775//2775 2773//2775
f 2775//2776 2776//2776 2773//2776
f 2777//2777 2779//2777 2778//2777
f 2777//2778 2780//2778 2779//2778
f 2778//2779 2779//2779 2777//2779
f 2779//2780 2780//2780 2777//2780
f 2781//2781 2783//2781 2782//2781
f 2781//2782 2784//2782 2783//2782
f 2782//2783 2783//2783 2781//2783
f 2783//2784 2784//2784 2781//2784
f 2785//2785 2787//2785 2786//2785
f 2785//2786 2788//2786 2787//2786
f 2786//2787 2787//2787 2785//2787
f 2787//2788 2788//2788 2785//2788
f 2789//2789 2791//2789 2790//2789
f 2789//2790 2792//2790 2791//2790
f 2790//2791 2791//2791 2789//2791
f 2791//2792 2792//2792 2789//2792
f 2793//2793 2795//2793 2794//2793
f 2793//2794 2796//2794 2795//2794
f 2794//2795 2795//2795 2793//2795
f 2795//2796 2796//2796 2793//2796
f 2797//2797 2799//2797 2798//2797
f 2797//2798 2800//2798 2799//2798
f 2798//2799 2799//2799 2797//2799
f 2799//2800 2800//2800 2797//2800
f 2801//2801 2803//2801 2802//2801
f 2801//2802 2804//2802 2803//2802
f 2802//2803 2803//2803 2801//2803
f 2803//2804 2804//2804 2801//2804
f 2805//2805 2807//2805 2806//2805
f 2805//2806 2808//2806 2807//2806
f 2806//2807 2807//2807 2805//2807
f 2807//2808 2808//2808 2805//2808
f 2809//2809 2811//2809 2810//2809
f 2809//2810 2812//2810 2811//2810
f 2810//2811 2811//2811 2809//2811
f 2811//2812 2812//2812 2809//2812
f 2813//2813 2815//2813 2814//2813
f 2813//2814 2816//2814 2815//2814
f 2814//2815 2815//2815 2813//2815
f 2815//2816 2816//2816 2813//2816
f 2817//2817 2819//2817 2818//2817
f 2817//2818 2820//2818 2819//2818
f 2818//2819 2819//2819 2817//2819
f 2819//2820 2820//2820 2817//2820
f 2821//2821 2823//2821 2822//2821
f 2821//2822 2824//2822 2823//2822
f 2822//2823 2823//2823 2821//2823
f 2823//2824 2824//2824 2821//2824
f 2825//2825 2827//2825 2826//2825
f 2825//2826 2828//2826 2827//2826
f 2826//2827 2827//2827 2825//2827
f 2827//2828 2828//2828 2825//2828
f 2829//2829 2831//2829 2830//2829
f 2829//2830 2832//2830 2831//2830
f 2830//2831 2831//2831 2829//2831
f 2831//2832 2832//2832 2829//2832
f 2833//2833 2835//2833 2834//2833
f 2833//2834 2836//2834 2835//2834
f 2834//2835 2835//2835 2833//2835
f 2835//2836 2836//2836 2833//2836
f 2837//2837 2839//2837 2838//2837
f 2837//2838 2840//2838 2839//2838
f 2838//2839 2839//2839 2837//2839
f 2839//2840 2840//2840 2837//2840
f 2841//2841 2843//2841 2842//2841
f 2841//2842 2844//2842 2843//2842
f 2842//2843 2843//2843 2841//2843
f 2843//2844 2844//2844 2841//2844
f 2845//2845 2847//2845 2846//2845
f 2845//2846 2848//2846 2847//2846
f 2846//2847 2847//2847 2845//2847
f 2847//2848 2848//2848 2845//2848
f 2849//2849 2851//2849 2850//2849
f 2849//2850 2852//2850 2851//2850
f 2850//2851 2851//2851 2849//2851
f 2851//2852 2852//2852 2849//2852
f 2853//2853 2855//2853 2854//2853
f 2853//2854 2856//2854 2855//2854
f 2854//2855 2855//2855 2853//2855
f 2855//2856 2856//2856 2853//2856
f 2857//2857 2859//2857 2858//2857
f 2857//2858 2860//2858 2859//2858
f 2858//2859 2859//2859 2857//2859
f 2859//2860 2860//2860 2857//2860
f 2861//2861 2863//2861 2862//2861
f 2861//2862 2864//2862 2863//2862
f 2862//2863 2863//2863 2861//2863
f 2863//2864 2864//2864 2861//2864
f 2865//2865 2867//2865 2866//2865
f 2865//2866 2868//2866 2867//2866
f 2866//2867 2867//2867 2865//2867
f 2867//2868 2868//2868 2865//2868
f 2869//2869 2871//2869 2870//2869
f 2869//2870 2872//2870 2871//2870
f 2870//2871 2871//2871 2869//2871
f 2871//2872 2872//2872 2869//2872
f 2873//2873 2875//2873 2874//2873
f 2873//2874 2876//2874 2875//2874
f 2874//2875 2875//2875 2873//2875
f 2875//2876 2876//2876 2873//2876
f 2877//2877 2879//2877 2878//2877
f 2877//2878 2880//2878 2879//2878
f 2878//2879 2879//2879 2877//2879
f 2879//2880 2880//2880 2877//2880
f 2881//2881 2883//2881 2882//2881
f 2881//2882 2884//2882 2883//2882
f 2882//2883 2883//2883 2881//2883
f 2883//2884 2884//2884 2881//2884
f 2885//2885 2887//2885 2886//2885
f 2885//2886 2888//2886 2887//2886
f 2886//2887 2887//2887 2885//2887
f 2887//2888 2888//2888 2885//2888
f 2889//2889 2891//2889 2890//2889
f 2889//2890 2892//2890 2891//2890
f 2890//2891 2891//2891 2889//2891
f 2891//2892 2892//2892 2889//2892
f 2893//2893 2895//2893 2894//2893
f 2893//2894 2896//2894 2895//2894
f 2894//2895 2895//2895 2893//2895
f 2895//2896 2896//2896 2893//2896
f 2897//2897 2899//2897 2898//2897
f 2897//2898 2900//2898 2899//2898
f 2898//2899 2899//2899 2897//2899
f 2899//2900 2900//2900 2897//2900
f 2901//2901 2903//2901 2902//2901
f 2901//2902 2904//2902 2903//2902
f 2902//2903 2903//2903 2901//2903
f 2903//2904 2904//2904 2901//2904
f 2905//2905 2907//2905 2906//2905
f 2905//2906 2908//2906 2907//2906
f 2906//2907 2907//2907 2905//2907
f 2907//2908 2908//2908 2905//2908
f 2909//2909 2911//2909 2910//2909
f 2909//2910 2912//2910 2911//2910
f 2910//2911 2911//2911 2909//2911
f 2911//2912 2912//2912 2909//2912
f 2913//2913 2915//2913 2914//2913
f 2913//2914 2916//2914 2915//2914
f 2914//2915 2915//2915 2913//2915
f 2915//2916 2916//2916 2913//2916
f 2917//2917 2919//2917 2918//2917
f 2917//2918 2920//2918 2919//2918
f 2918//2919 2919//2919 2917//2919
f 2919//2920 2920//2920 2917//2920
f 2921//2921 2923//2921 2922//2921
f 2921//2922 2924//2922 2923//2922
f 2922//2923 2923//2923 2921//2923
f 2923//2924 2924//2924 2921//2924
f 2925//2925 2927//2925 2926//2925
f 2925//2926 2928//2926 2927//2926
f 2926//2927 2927//2927 2925//2927
f 2927//2928 2928//2928 2925//2928
f 2929//2929 2931//2929 2930//2929
f 2929//2930 2932//2930 2931//2930
f 2930//2931 2931//2931 2929//2931
f 2931//2932 2932//2932 2929//2932
f 2933//2933 2935//2933 2934//2933
f 2933//2934 2936//2934 2935//2934
f 2934//2935 2935//2935 2933//2935
f 2935//2936 2936//2936 2933//2936
f 2937//2937 2939//2937 2938//2937
f 2937//2938 2940//2938 2939//2938
f 2938//2939 2939//2939 2937//2939
f 2939//2940 2940//2940 2937//2940
f 2941//2941 2943//2941 2942//2941
f 2941//2942 2944//2942 2943//2942
f 2942//2943 2943//2943 2941//2943
f 2943//2944 2944//2944 2941//2944
f 2945//2945 2947//2945 2946//2945
f 2945//2946 2948//2946 2947//2946
f 2946//2947 2947//2947 2945//2947
f 2947//2948 2948//2948 2945//2948
f 2949//2949 2951//2949 2950//2949
f 2949//2950 2952//2950 2951//2950
f 2950//2951 2951//2951 2949//2951
f 2951//2952 2952//2952 2949//2952
f 2953//2953 2955//2953 2954//2953
f 2953//2954 2956//2954 2955//2954
f 2954//2955 2955//2955 2953//2955
f 2955//2956 2956//2956 2953//2956
f 2957//2957 2959//2957 2958//2957
f 2957//2958 2960//2958 2959//2958
f 2958//2959 2959//2959 2957//2959
f 2959//2960 2960//2960 2957//2960
f 2961//2961 2963//2961 2962//2961
f 2961//2962 2964//2962 2963//2962
f 2962//2963 2963//2963 2961//2963
f 2963//2964 2964//2964 2961//2964
f 2965//2965 2967//2965 2966//2965
f 2965//2966 2968//2966 2967//2966
f 2966//2967 2967//2967 2965//2967
f 2967//2968 2968//2968 2965//2968
f 2969//2969 2971//2969 2970//2969
f 2969//2970 2972//2970 2971//2970
f 2970//2971 2971//2971 2969//2971
f 2971//2972 2972//2972 2969//2972
f 2973//2973 2975//2973 2974//2973
f 2973//2974 2976//2974 2975//2974
f 2974//2975 2975//2975 2973//2975
f 2975//2976 2976//2976 2973//2976
f 2977//2977 2979//2977 2978//2977
f 2977//2978 2980//2978 2979//2978
f 2978//2979 2979//2979 2977//2979
f 2979//2980 2980//2980 2977//2980
f 2981//2981 2983//2981 2982//2981
f 2981//2982 2984//2982 2983//2982
f 2982//2983 2983//2983 2981//2983
f 2983//2984 2984//2984 2981//2984
f 2985//2985 2987//2985 2986//2985
f 2985//2986 2988//2986 2987//2986
f 2986//2987 2987//2987 2985//2987
f 2987//2988 2988//2988 2985//2988
f 2989//2989 2991//2989 2990//2989
f 2989//2990 2992//2990 2991//2990
f 2990//2991 2991//2991 2989//2991
f 2991//2992 2992//2992 2989//2992
f 2993//2993 2995//2993 2994//2993
f 2993//2994 2996//2994 2995//2994
f 2994//2995 2995//2995 2993//2995
f 2995//2996 2996//2996 2993//2996
f 2997//2997 2999//2997 2998//2997
f 2997//2998 3000//2998 2999//2998
f 2998//2999 2999//2999 2997//2999
f 2999//3000 3000//3000 2997//3000
f 3001//3001 3003//3001 3002//3001
f 3001//3002 3004//3002 3003//3002
f 3002//3003 3003//3003 3001//3003
f 3003//3004 3004//3004 3001//3004
f 3005//3005 3007//3005 3006//3005
f 3005//3006 3008//3006 3007//3006
f 3006//3007 3007//3007 3005//3007
f 3007//3008 3008//3008 3005//3008
f 3009//3009 3011//3009 3010//3009
f 3009//3010 3012//3010 3011//3010
f 3010//3011 3011//3011 3009//3011
f 3011//3012 3012//3012 3009//3012
f 3013//3013 3015//3013 3014//3013
f 3013//3014 3016//3014 3015//3014
f 3014//3015 3015//3015 3013//3015
f 3015//3016 3016//3016 3013//3016
f 3017//3017 3019//3017 3018//3017
f 3017//3018 3020//3018 3019//3018
f 3018//3019 3019//3019 3017//3019
f 3019//3020 3020//3020 3017//3020
f 3021//3021 3023//3021 3022//3021
f 3021//3022 3024//3022 3023//3022
f 3022//3023 3023//3023 3021//3023
f 3023//3024 3024//3024 3021//3024
f 3025//3025 3027//3025 3026//3025
f 3025//3026 3028//3026 3027//3026
f 3026//3027 3027//3027 3025//3027
f 3027//3028 3028//3028 3025//3028
f 3029//3029 3031//3029 3030//3029
f 3029//3030 3032//3030 3031//3030
f 3030//3031 3031//3031 3029//3031
f 3031//3032 3032//3032 3029//3032
f 3033//3033 3035//3033 3034//3033
f 3033//3034 3036//3034 3035//3034
f 3034//3035 3035//3035 3033//3035
f 3035//3036 3036//3036 3033//3036
f 3037//3037 3039//3037 3038//3037
f 3037//3038 3040//3038 3039//3038
f 3038//3039 3039//3039 3037//3039
f 3039//3040 3040//3040 3037//3040
f 3041//3041 3043//3041 3042//3041
f 3041//3042 3044//3042 3043//3042
f 3042//3043 3043//3043 3041//3043
f 3043//3044 3044//3044 3041//3044
f 3045//3045 3047//3045 3046//3045
f 3045//3046 3048//3046 3047//3046
f 3046//3047 3047//3047 3045//3047
f 3047//3048 3048//3048 3045//3048
f 3049//3049 3051//3049 3050//3049
f 3049//3050 3052//3050 3051//3050
f 3050//3051 3051//3051 3049//3051
f 3051//3052 3052//3052 3049//3052
f 3053//3053 3055//3053 3054//3053
f 3053//3054 3056//3054 3055//3054
f 3054//3055 3055//3055 3053//3055
f 3055//3056 3056//3056 3053//3056
f 3057//3057 3059//3057 3058//3057
f 3057//3058 3060//3058 3059//3058
f 3058//3059 3059//3059 3057//3059
f 3059//3060 3060//3060 3057//3060
f 3061//3061 3063//3061 3062//3061
f 3061//3062 3064//3062 3063//3062
f 3062//3063 3063//3063 3061//3063
f 3063//3064 3064//3064 3061//3064
f 3065//3065 3067//3065 3066//3065
f 3065//3066 3068//3066 3067//3066
f 3066//3067 3067//3067 3065//3067
f 3067//3068 3068//3068 3065//3068
f 3069//3069 3071//3069 3070//3069
f 3069//3070 3072//3070 3071//3070
f 3070//3071 3071//3071 3069//3071
f 3071//3072 3072//3072 3069//3072
f 3073//3073 3075//3073 3074//3073
f 3073//3074 3076//3074 3075//3074
f 3074//3075 3075//3075 3073//3075
f 3075//3076 3076//3076 3073//3076
f 3077//3077 3079//3077 3078//3077
f 3077//3078 3080//3078 3079//3078
f 3078//3079 3079//3079 3077//3079
f 3079//3080 3080//3080 3077//3080
f 3081//3081 3083//3081 3082//3081
f 3081//3082 3084//3082 3083//3082
f 3082//3083 3083//3083 3081//3083
f 3083//3084 3084//3084 3081//3084
f 3085//3085 3087//3085 3086//3085
f 3085//3086 3088//3086 3087//3086
f 3086//3087 3087//3087 3085//3087
f 3087//3088 3088//3088 3085//3088
f 3089//3089 3091//3089 3090//3089
f 3089//3090 3092//3090 3091//3090
f 3090//3091 3091//3091 3089//3091
f 3091//3092 3092//3092 3089//3092
f 3093//3093 3095//3093 3094//3093
f 3093//3094 3096//3094 3095//3094
f 3094//3095 3095//3095 3093//3095
f 3095//3096 3096//3096 3093//3096
f 3097//3097 3099//3097 3098//3097
f 3097//3098 3100//3098 3099//3098
f 3098//3099 3099//3099 3097//3099
f 3099//3100 3100//3100 3097//3100
f 3101//3101 3103//3101 3102//3101
f 3101//3102 3104//3102 3103//3102
f 3102//3103 3103//3103 3101//3103
f 3103//3104 3104//3104 3101//3104
f 3105//3105 3107//3105 3106//3105
f 3105//3106 3108//3106 3107//3106
f 3106//3107 3107//3107 3105//3107
f 3107//3108 3108//3108 3105//3108
f 3109//3109 3111//3109 3110//3109
f 3109//3110 3112//3110 3111//3110
f 3110//3111 3111//3111 3109//3111
f 3111//3112 3112//3112 3109//3112
f 3113//3113 3115//3113 3114//3113
f 3113//3114 3116//3114 3115//3114
f 3114//3115 3115//3115 3113//3115
f 3115//3116 3116//3116 3113//3116
f 3117//3117 3119//3117 3118//3117
f 3117//3118 3120//3118 3119//3118
f 3118//3119 3119//3119 3117//3119
f 3119//3120 3120//3120 3117//3120
f 3121//3121 3123//3121 3122//3121
f 3121//3122 3124//3122 3123//3122
f 3122//3123 3123//3123 3121//3123
f 3123//3124 3124//3124 3121//3124
f 3125//3125 3127//3125 3126//3125
f 3125//3126 3128//3126 3127//3126
f 3126//3127 3127//3127 3125//3127
f 3127//3128 3128//3128 3125//3128
f 3129//3129 3131//3129 3130//3129
f 3129//3130 3132//3130 3131//3130
f 3130//3131 3131//3131 3129//3131
f 3131//3132 3132//3132 3129//3132
f 3133//3133 3135//3133 3134//3133
f 3133//3134 3136//3134 3135//3134
f 3134//3135 3135//3135 3133//3135
f 3135//3136 3136//3136 3133//3136
f 3137//3137 3139//3137 3138//3137
f 3137//3138 3140//3138 3139//3138
f 3138//3139 3139//3139 3137//3139
f 3139//3140 3140//3140 3137//3140
f 3141//3141 3143//3141 3142//3141
f 3141//3142 3144//3142 3143//3142
f 3142//3143 3143//3143 3141//3143
f 3143//3144 3144//3144 3141//3144
f 3145//3145 3147//3145 3146//3145
f 3145//3146 3148//3146 3147//3146
f 3146//3147 3147//3147 3145//3147
f 3147//3148 3148//3148 3145//3148
f 3149//3149 3151//3149 3150//3149
f 3149//3150 3152//3150 3151//3150
f 3150//3151 3151//3151 3149//3151
f 3151//3152 3152//3152 3149//3152
f 3153//3153 3155//3153 3154//3153
f 3153//3154 3156//3154 3155//3154
f 3154//3155 3155//3155 3153//3155
f 3155//3156 3156//3156 3153//3156
f 3157//3157 3159//3157 3158//3157
f 3157//3158 3160//3158 3159//3158
f 3158//3159 3159//3159 3157//3159
f 3159//3160 3160//3160 3157//3160
f 3161//3161 3163//3161 3162//3161
f 3161//3162 3164//3162 3163//3162
f 3162//3163 3163//3163 3161//3163
f 3163//3164 3164//3164 3161//3164
f 3165//3165 3167//3165 3166//3165
f 3165//3166 3168//3166 3167//3166
f 3166//3167 3167//3167 3165//3167
f 3167//3168 3168//3168 3165//3168
f 3169//3169 3171//3169 3170//3169
f 3169//3170 3172//3170 3171//3170
f 3170//3171 3171//3171 3169//3171
f 3171//3172 3172//3172 3169//3172
f 3173//3173 3175//3173 3174//3173
f 3173//3174 3176//3174 3175//3174
f 3174//3175 3175//3175 3173//3175
f 3175//3176 3176//3176 3173//3176
f 3177//3177 3179//3177 3178//3177
f 3177//3178 3180//3178 3179//3178
f 3178//3179 3179//3179 3177//3179
f 3179//3180 3180//3180 3177//3180
f 3181//3181 3183//3181 3182//3181
f 3181//3182 3184//3182 3183//3182
f 3182//3183 3183//3183 3181//3183
f 3183//3184 3184//3184 3181//3184
f 3185//3185 3187//3185 3186//3185
f 3185//3186 3188//3186 3187//3186
f 3186//3187 3187//3187 3185//3187
f 3187//3188 3188//3188 3185//3188
f 3189//3189 3191//3189 3190//3189
f 3189//3190 3192//3190 3191//3190
f 3190//3191 3191//3191 3189//3191
f 3191//3192 3192//3192 3189//3192
f 3193//3193 3195//3193 3194//3193
f 3193//3194 3196//3194 3195//3194
f 3194//3195 3195//3195 3193//3195
f 3195//3196 3196//3196 3193//3196
f 3197//3197 3199//3197 3198//3197
f 3197//3198 3200//3198 3199//3198
f 3198//3199 3199//3199 3197//3199
f 3199//3200 3200//3200 3197//3200
f 3201//3201 3203//3201 3202//3201
f 3201//3202 3204//3202 3203//3202
f 3202//3203 3203//3203 3201//3203
f 3203//3204 3204//3204 3201//3204
f 3205//3205 3207//3205 3206//3205
f 3205//3206 3208//3206 3207//3206
f 3206//3207 3207//3207 3205//3207
f 3207//3208 3208//3208 3205//3208
f 3209//3209 3211//3209 3210//3209
f 3209//3210 3212//3210 3211//3210
f 3210//3211 3211//3211 3209//3211
f 3211//3212 3212//3212 3209//3212
f 3213//3213 3215//3213 3214//3213
f 3213//3214 3216//3214 3215//3214
f 3214//3215 3215//3215 3213//3215
f 3215//3216 3216//3216 3213//3216
f 3217//3217 3219//3217 3218//3217
f 3217//3218 3220//3218 3219//3218
f 3218//3219 3219//3219 3217//3219
f 3219//3220 3220//3220 3217//3220
f 3221//3221 3223//3221 3222//3221
f 3221//3222 3224//3222 3223//3222
f 3222//3223 3223//3223 3221//3223
f 3223//3224 3224//3224 3221//3224
f 3225//3225 3227//3225 3226//3225
f 3225//3226 3228//3226 3227//3226
f 3226//3227 3227//3227 3225//3227
f 3227//3228 3228//3228 3225//3228
f 3229//3229 3231//3229 3230//3229
f 3229//3230 3232//3230 3231//3230
f 3230//3231 3231//3231 3229//3231
f 3231//3232 3232//3232 3229//3232
f 3233//3233 3235//3233 3234//3233
f 3233//3234 3236//3234 3235//3234
f 3234//3235 3235//3235 3233//3235
f 3235//3236 3236//3236 3233//3236
f 3237//3237 3239//3237 3238//3237
f 3237//3238 3240//3238 3239//3238
f 3238//3239 3239//3239 3237//3239
f 3239//3240 3240//3240 3237//3240
f 3241//3241 3243//3241 3242//3241
f 3241//3242 3244//3242 3243//3242
f 3242//3243 3243//3243 3241//3243
f 3243//3244 3244//3244 3241//3244
f 3245//3245 3247//3245 3246//3245
f 3245//3246 3248//3246 3247//3246
f 3246//3247 3247//3247 3245//3247
f 3247//3248 3248//3248 3245//3248
f 3249//3249 3251//3249 3250//3249
f 3249//3250 3252//3250 3251//3250
f 3250//3251 3251//3251 3249//3251
f 3251//3252 3252//3252 3249//3252
f 3253//3253 3255//3253 3254//3253
f 3253//3254 3256//3254 3255//3254
f 3254//3255 3255//3255 3253//3255
f 3255//3256 3256//3256 3253//3256
f 3257//3257 3259//3257 3258//3257
f 3257//3258 3260//3258 3259//3258
f 3258//3259 3259//3259 3257//3259
f 3259//3260 3260//3260 3257//3260
f 3261//3261 3263//3261 3262//3261
f 3261//3262 3264//3262 3263//3262
f 3262//3263 3263//3263 3261//3263
f 3263//3264 3264//3264 3261//3264
f 3265//3265 3267//3265 3266//3265
f 3265//3266 3268//3266 3267//3266
f 3266//3267 3267//3267 3265//3267
f 3267//3268 3268//3268 3265//3268
f 3269//3269 3271//3269 3270//3269
f 3269//3270 3272//3270 3271//3270
f 3270//3271 3271//3271 3269//3271
f 3271//3272 3272//3272 3269//3272
f 3273//3273 3275//3273 3274//3273
f 3273//3274 3276//3274 3275//3274
f 3274//3275 3275//3275 3273//3275
f 3275//3276 3276//3276 3273//3276
f 3277//3277 3279//3277 3278//3277
f 3277//3278 3280//3278 3279//3278
f 3278//3279 3279//3279 3277//3279
f 3279//3280 3280//3280 3277//3280
f 3281//3281 3283//3281 3282//3281
f 3281//3282 3284//3282 3283//3282
f 3282//3283 3283//3283 3281//3283
f 3283//3284 3284//3284 3281//3284
f 3285//3285 3287//3285 3286//3285
f 3285//3286 3288//3286 3287//3286
f 3286//3287 3287//3287 3285//3287
f 3287//3288 3288//3288 3285//3288
f 3289//3289 3291//3289 3290//3289
f 3289//3290 3292//3290 3291//3290
f 3290//3291 3291//3291 3289//3291
f 3291//3292 3292//3292 3289//3292
f 3293//3293 3295//3293 3294//3293
f 3293//3294 3296//3294 3295//3294
f 3294//3295 3295//3295 3293//3295
f 3295//3296 3296//3296 3293//3296
f 3297//3297 3299//3297 3298//3297
f 3297//3298 3300//3298 3299//3298
f 3298//3299 3299//3299 3297//3299
f 3299//3300 3300//3300 3297//3300
f 3301//3301 3303//3301 3302//3301
f 3301//3302 3304//3302 3303//3302
f 3302//3303 3303//3303 3301//3303
f 3303//3304 3304//3304 3301//3304
f 3305//3305 3307//3305 3306//3305
f 3305//3306 3308//3306 3307//3306
f 3306//3307 3307//3307 3305//3307
f 3307//3308 3308//3308 3305//3308
f 3309//3309 3311//3309 3310//3309
f 3309//3310 3312//3310 3311//3310
f 3310//3311 3311//3311 3309//3311
f 3311//3312 3312//3312 3309//3312
f 3313//3313 3315//3313 3314//3313
f 3313//3314 3316//3314 3315//3314
f 3314//3315 3315//3315 3313//3315
f 3315//3316 3316//3316 3313//3316
f 3317//3317 3319//3317 3318//3317
f 3317//3318 3320//3318 3319//3318
f 3318//3319 3319//3319 3317//3319
f 3319//3320 3320//3320 3317//3320
f 3321//3321 3323//3321 3322//3321
f 3321//3322 3324//3322 3323//3322
f 3322//3323 3323//3323 3321//3323
f 3323//3324 3324//3324 3321//3324
f 3325//3325 3327//3325 3326//3325
f 3325//3326 3328//3326 3327//3326
f 3326//3327 3327//3327 3325//3327
f 3327//3328 3328//3328 3325//3328
f 3329//3329 3331//3329 3330//3329
f 3329//3330 3332//3330 3331//3330
f 3330//3331 3331//3331 3329//3331
f 3331//3332 3332//3332 3329//3332
f 3333//3333 3335//3333 3334//3333
f 3333//3334 3336//3334 3335//3334
f 3334//3335 3335//3335 3333//3335
f 3335//3336 3336//3336 3333//3336
f 3337//3337 3339//3337 3338//3337
f 3337//3338 3340//3338 3339//3338
f 3338//3339 3339//3339 3337//3339
f 3339//3340 3340//3340 3337//3340
f 3341//3341 3343//3341 3342//3341
f 3341//3342 3344//3342 3343//3342
f 3342//3343 3343//3343 3341//3343
f 3343//3344 3344//3344 3341//3344
f 3345//3345 3347//3345 3346//3345
f 3345//3346 3348//3346 3347//3346
f 3346//3347 3347//3347 3345//3347
f 3347//3348 3348//3348 3345//3348
f 3349//3349 3351//3349 3350//3349
f 3349//3350 3352//3350 3351//3350
f 3350//3351 3351//3351 3349//3351
f 3351//3352 3352//3352 3349//3352
f 3353//3353 3355//3353 3354//3353
f 3353//3354 3356//3354 3355//3354
f 3354//3355 3355//3355 3353//3355
f 3355//3356 3356//3356 3353//3356
f 3357//3357 3359//3357 3358//3357
f 3357//3358 3360//3358 3359//3358
f 3358//3359 3359//3359 3357//3359
f 3359//3360 3360//3360 3357//3360
f 3361//3361 3363//3361 3362//3361
f 3361//3362 3364//3362 3363//3362
f 3362//3363 3363//3363 3361//3363
f 3363//3364 3364//3364 3361//3364
f 3365//3365 3367//3365 3366//3365
f 3365//3366 3368//3366 3367//3366
f 3366//3367 3367//3367 3365//3367
f 3367//3368 3368//3368 3365//3368
f 3369//3369 3371//3369 3370//3369
f 3369//3370 3372//3370 3371//3370
f 3370//3371 3371//3371 3369//3371
f 3371//3372 3372//3372 3369//3372
f 3373//3373 3375//3373 3374//3373
f 3373//3374 3376//3374 3375//3374
f 3374//3375 3375//3375 3373//3375
f 3375//3376 3376//3376 3373//3376
f 3377//3377 3379//3377 3378//3377
f 3377//3378 3380//3378 3379//3378
f 3378//3379 3379//3379 3377//3379
f 3379//3380 3380//3380 3377//3380
f 3381//3381 3383//3381 3382//3381
f 3381//3382 3384//3382 3383//3382
f 3382//3383 3383//3383 3381//3383
f 3383//3384 3384//3384 3381//3384
f 3385//3385 3387//3385 3386//3385
f 3385//3386 3388//3386 3387//3386
f 3386//3387 3387//3387 3385//3387
f 3387//3388 3388//3388 3385//3388
f 3389//3389 3391//3389 3390//3389
f 3389//3390 3392//3390 3391//3390
f 3390//3391 3391//3391 3389//3391
f 3391//3392 3392//3392 3389//3392
f 3393//3393 3395//3393 3394//3393
f 3393//3394 3396//3394 3395//3394
f 3394//3395 3395//3395 3393//3395
f 3395//3396 3396//3396 3393//3396
f 3397//3397 3399//3397 3398//3397
f 3397//3398 3400//3398 3399//3398
f 3398//3399 3399//3399 3397//3399
f 3399//3400 3400//3400 3397//3400
f 3401//3401 3403//3401 3402//3401
f 3401//3402 3404//3402 3403//3402
f 3402//3403 3403//3403 3401//3403
f 3403//3404 3404//3404 3401//3404
f 3405//3405 3407//3405 3406//3405
f 3405//3406 3408//3406 3407//3406
f 3406//3407 3407//3407 3405//3407
f 3407//3408 3408//3408 3405//3408
f 3409//3409 3411//3409 3410//3409
f 3409//3410 3412//3410 3411//3410
f 3410//3411 3411//3411 3409//3411
f 3411//3412 3412//3412 3409//3412
f 3413//3413 3415//3413 3414//3413
f 3413//3414 3416//3414 3415//3414
f 3414//3415 3415//3415 3413//3415
f 3415//3416 3416//3416 3413//3416
f 3417//3417 3419//3417 3418//3417
f 3417//3418 3420//3418 3419//3418
f 3418//3419 3419//3419 3417//3419
f 3419//3420 3420//3420 3417//3420
f 3421//3421 3423//3421 3422//3421
f 3421//3422 3424//3422 3423//3422
f 3422//3423 3423//3423 3421//3423
f 3423//3424 3424//3424 3421//3424
f 3425//3425 3427//3425 3426//3425
f 3425//3426 3428//3426 3427//3426
f 3426//3427 3427//3427 3425//3427
f 3427//3428 3428//3428 3425//3428
f 3429//3429 3431//3429 3430//3429
f 3429//3430 3432//3430 3431//3430
f 3430//3431 3431//3431 3429//3431
f 3431//3432 3432//3432 3429//3432
f 3433//3433 3435//3433 3434//3433
f 3433//3434 3436//3434 3435//3434
f 3434//3435 3435//3435 3433//3435
f 3435//3436 3436//3436 3433//3436
f 3437//3437 3439//3437 3438//3437
f 3437//3438 3440//3438 3439//3438
f 3438//3439 3439//3439 3437//3439
f 3439//3440 3440//3440 3437//3440
f 3441//3441 3443//3441 3442//3441
f 3441//3442 3444//3442 3443//3442
f 3442//3443 3443//3443 3441//3443
f 3443//3444 3444//3444 3441//3444
f 3445//3445 3447//3445 3446//3445
f 3445//3446 3448//3446 3447//3446
f 3446//3447 3447//3447 3445//3447
f 3447//3448 3448//3448 3445//3448
f 3449//3449 3451//3449 3450//3449
f 3449//3450 3452//3450 3451//3450
f 3450//3451 3451//3451 3449//3451
f 3451//3452 3452//3452 3449//3452
f 3453//3453 3455//3453 3454//3453
f 3453//3454 3456//3454 3455//3454
f 3454//3455 3455//3455 3453//3455
f 3455//3456 3456//3456 3453//3456
f 3457//3457 3459//3457 3458//3457
f 3457//3458 3460//3458 3459//3458
f 3458//3459 3459//3459 3457//3459
f 3459//3460 3460//3460 3457//3460
f 3461//3461 3463//3461 3462//3461
f 3461//3462 3464//3462 3463//3462
f 3462//3463 3463//3463 3461//3463
f 3463//3464 3464//3464 3461//3464
f 3465//3465 3467//3465 3466//3465
f 3465//3466 3468//3466 3467//3466
f 3466//3467 3467//3467 3465//3467
f 3467//3468 3468//3468 3465//3468
f 3469//3469 3471//3469 3470//3469
f 3469//3470 3472//3470 3471//3470
f 3470//3471 3471//3471 3469//3471
f 3471//3472 3472//3472 3469//3472
f 3473//3473 3475//3473 3474//3473
f 3473//3474 3476//3474 3475//3474
f 3474//3475 3475//3475 3473//3475
f 3475//3476 3476//3476 3473//3476
f 3477//3477 3479//3477 3478//3477
f 3477//3478 3480//3478 3479//3478
f 3478//3479 3479//3479 3477//3479
f 3479//3480 3480//3480 3477//3480
f 3481//3481 3483//3481 3482//3481
f 3481//3482 3484//3482 3483//3482
f 3482//3483 3483//3483 3481//3483
f 3483//3484 3484//3484 3481//3484
f 3485//3485 3487//3485 3486//3485
f 3485//3486 3488//3486 3487//3486
f 3486//3487 3487//3487 3485//3487
f 3487//3488 3488//3488 3485//3488
f 3489//3489 3491//3489 3490//3489
f 3489//3490 3492//3490 3491//3490
f 3490//3491 3491//3491 3489//3491
f 3491//3492 3492//3492 3489//3492
f 3493//3493 3495//3493 3494//3493
f 3493//3494 3496//3494 3495//3494
f 3494//3495 3495//3495 3493//3495
f 3495//3496 3496//3496 3493//3496
f 3497//3497 3499//3497 3498//3497
f 3497//3498 3500//3498 3499//3498
f 3498//3499 3499//3499 3497//3499
f 3499//3500 3500//3500 3497//3500
f 3501//3501 3503//3501 3502//3501
f 3501//3502 3504//3502 3503//3502
f 3502//3503 3503//3503 3501//3503
f 3503//3504 3504//3504 3501//3504
f 3505//3505 3507//3505 3506//3505
f 3505//3506 3508//3506 3507//3506
f 3506//3507 3507//3507 3505//3507
f 3507//3508 3508//3508 3505//3508
f 3509//3509 3511//3509 3510//3509
f 3509//3510 3512//3510 3511//3510
f 3510//3511 3511//3511 3509//3511
f 3511//3512 3512//3512 3509//3512
f 3513//3513 3515//3513 3514//3513
f 3513//3514 3516//3514 3515//3514
f 3514//3515 3515//3515 3513//3515
f 3515//3516 3516//3516 3513//3516
f 3517//3517 3519//3517 3518//3517
f 3517//3518 3520//3518 3519//3518
f 3518//3519 3519//3519 3517//3519
f 3519//3520 3520//3520 3517//3520
f 3521//3521 3523//3521 3522//3521
f 3521//3522 3524//3522 3523//3522
f 3522//3523 3523//3523 3521//3523
f 3523//3524 3524//3524 3521//3524
f 3525//3525 3527//3525 3526//3525
f 3525//3526 3528//3526 3527//3526
f 3526//3527 3527//3527 3525//3527
f 3527//3528 3528//3528 3525//3528
f 3529//3529 3531//3529 3530//3529
f 3529//3530 3532//3530 3531//3530
f 3530//3531 3531//3531 3529//3531
f 3531//3532 3532//3532 3529//3532
f 3533//3533 3535//3533 3534//3533
f 3533//3534 3536//3534 3535//3534
f 3534//3535 3535//3535 3533//3535
f 3535//3536 3536//3536 3533//3536
f 3537//3537 3539//3537 3538//3537
f 3537//3538 3540//3538 3539//3538
f 3538//3539 3539//3539 3537//3539
f 3539//3540 3540//3540 3537//3540
f 3541//3541 3543//3541 3542//3541
f 3541//3542 3544//3542 3543//3542
f 3542//3543 3543//3543 3541//3543
f 3543//3544 3544//3544 3541//3544
f 3545//3545 3547//3545 3546//3545
f 3545//3546 3548//3546 3547//3546
f 3546//3547 3547//3547 3545//3547
f 3547//3548 3548//3548 3545//3548
f 3549//3549 3551//3549 3550//3549
f 3549//3550 3552//3550 3551//3550
f 3550//3551 3551//3551 3549//3551
f 3551//3552 3552//3552 3549//3552
f 3553//3553 3555//3553 3554//3553
f 3553//3554 3556//3554 3555//3554
f 3554//3555 3555//3555 3553//3555
f 3555//3556 3556//3556 3553//3556
f 3557//3557 3559//3557 3558//3557
f 3557//3558 3560//3558 3559//3558
f 3558//3559 3559//3559 3557//3559
f 3559//3560 3560//3560 3557//3560
f 3561//3561 3563//3561 3562//3561
f 3561//3562 3564//3562 3563//3562
f 3562//3563 3563//3563 3561//3563
f 3563//3564 3564//3564 3561//3564
f 3565//3565 3567//3565 3566//3565
f 3565//3566 3568//3566 3567//3566
f 3566//3567 3567//3567 3565//3567
f 3567//3568 3568//3568 3565//3568
f 3569//3569 3571//3569 3570//3569
f 3569//3570 3572//3570 3571//3570
f 3570//3571 3571//3571 3569//3571
f 3571//3572 3572//3572 3569//3572
f 3573//3573 3575//3573 3574//3573
f 3573//3574 3576//3574 3575//3574
f 3574//3575 3575//3575 3573//3575
f 3575//3576 3576//3576 3573//3576
f 3577//3577 3579//3577 3578//3577
f 3577//3578 3580//3578 3579//3578
f 3578//3579 3579//3579 3577//3579
f 3579//3580 3580//3580 3577//3580
f 3581//3581 3583//3581 3582//3581
f 3581//3582 3584//3582 3583//3582
f 3582//3583 3583//3583 3581//3583
f 3583//3584 3584//3584 3581//3584
f 3585//3585 3587//3585 3586//3585
f 3585//3586 3588//3586 3587//3586
f 3586//3587 3587//3587 3585//3587
f 3587//3588 3588//3588 3585//3588
f 3589//3589 3591//3589 3590//3589
f 3589//3590 3592//3590 3591//3590
f 3590//3591 3591//3591 3589//3591
f 3591//3592 3592//3592 3589//3592
f 3593//3593 3595//3593 3594//3593
f 3593//3594 3596//3594 3595//3594
f 3594//3595 3595//3595 3593//3595
f 3595//3596 3596//3596 3593//3596
f 3597//3597 3599//3597 3598//3597
f 3597//3598 3600//3598 3599//3598
f 3598//3599 3599//3599 3597//3599
f 3599//3600 3600//3600 3597//3600
f 3601//3601 3603//3601 3602//3601
f 3601//3602 3604//3602 3603//3602
f 3602//3603 3603//3603 3601//3603
f 3603//3604 3604//3604 3601//3604
f 3605//3605 3607//3605 3606//3605
f 3605//3606 3608//3606 3607//3606
f 3606//3607 3607//3607 3605//3607
f 3607//3608 3608//3608 3605//3608
f 3609//3609 3611//3609 3610//3609
f 3609//3610 3612//3610 3611//3610
f 3610//3611 3611//3611 3609//3611
f 3611//3612 3612//3612 3609//3612
f 3613//3613 3615//3613 3614//3613
f 3613//3614 3616//3614 3615//3614
f 3614//3615 3615//3615 3613//3615
f 3615//3616 3616//3616 3613//3616
f 3617//3617 3619//3617 3618//3617
f 3617//3618 3620//3618 3619//3618
f 3618//3619 3619//3619 3617//3619
f 3619//3620 3620//3620 3617//3620
f 3621//3621 3623//3621 3622//3621
f 3621//3622 3624//3622 3623//3622
f 3622//3623 3623//3623 3621//3623
f 3623//3624 3624//3624 3621//3624
f 3625//3625 3627//3625 3626//3625
f 3625//3626 3628//3626 3627//3626
f 3626//3627 3627//3627 3625//3627
f 3627//3628 3628//3628 3625//3628
f 3629//3629 3631//3629 3630//3629
f 3629//3630 3632//3630 3631//3630
f 3630//3631 3631//3631 3629//3631
f 3631//3632 3632//3632 3629//3632
f 3633//3633 3635//3633 3634//3633
f 3633//3634 3636//3634 3635//3634
f 3634//3635 3635//3635 3633//3635
f 3635//3636 3636//3636 3633//3636
f 3637//3637 3639//3637 3638//3637
f 3637//3638 3640//3638 3639//3638
f 3638//3639 3639//3639 3637//3639
f 3639//3640 3640//3640 3637//3640
f 3641//3641 3643//3641 3642//3641
f 3641//3642 3644//3642 3643//3642
f 3642//3643 3643//3643 3641//3643
f 3643//3644 3644//3644 3641//3644
f 3645//3645 3647//3645 3646//3645
f 3645//3646 3648//3646 3647//3646
f 3646//3647 3647//3647 3645//3647
f 3647//3648 3648//3648 3645//3648
f 3649//3649 3651//3649 3650//3649
f 3649//3650 3652//3650 3651//3650
f 3650//3651 3651//3651 3649//3651
f 3651//3652 3652//3652 3649//3652
f 3653//3653 3655//3653 3654//3653
f 3653//3654 3656//3654 3655//3654
f 3654//3655 3655//3655 3653//3655
f 3655//3656 3656//3656 3653//3656
f 3657//3657 3659//3657 3658//3657
f 3657//3658 3660//3658 3659//3658
f 3658//3659 3659//3659 3657//3659
f 3659//3660 3660//3660 3657//3660
f 3661//3661 3663//3661 3662//3661
f 3661//3662 3664//3662 3663//3662
f 3662//3663 3663//3663 3661//3663
f 3663//3664 3664//3664 3661//3664
f 3665//3665 3667//3665 3666//3665
f 3665//3666 3668//3666 3667//3666
f 3666//3667 3667//3667 3665//3667
f 3667//3668 3668//3668 3665//3668
f 3669//3669 3671//3669 3670//3669
f 3669//3670 3672//3670 3671//3670
f 3670//3671 3671//3671 3669//3671
f 3671//3672 3672//3672 3669//3672
f 3673//3673 3675//3673 3674//3673
f 3673//3674 3676//3674 3675//3674
f 3674//3675 3675//3675 3673//3675
f 3675//3676 3676//3676 3673//3676
f 3677//3677 3679//3677 3678//3677
f 3677//3678 3680//3678 3679//3678
f 3678//3679 3679//3679 3677//3679
f 3679//3680 3680//3680 3677//3680
f 3681//3681 3683//3681 3682//3681
f 3681//3682 3684//3682 3683//3682
f 3682//3683 3683//3683 3681//3683
f 3683//3684 3684//3684 3681//3684
f 3685//3685 3687//3685 3686//3685
f 3685//3686 3688//3686 3687//3686
f 3686//3687 3687//3687 3685//3687
f 3687//3688 3688//3688 3685//3688
f 3689//3689 3691//3689 3690//3689
f 3689//3690 3692//3690 3691//3690
f 3690//3691 3691//3691 3689//3691
f 3691//3692 3692//3692 3689//3692
f 3693//3693 3695//3693 3694//3693
f 3693//3694 3696//3694 3695//3694
f 3694//3695 3695//3695 3693//3695
f 3695//3696 3696//3696 3693//3696
f 3697//3697 3699//3697 3698//3697
f 3697//3698 3700//3698 3699//3698
f 3698//3699 3699//3699 3697//3699
f 3699//3700 3700//3700 3697//3700
f 3701//3701 3703//3701 3702//3701
f 3701//3702 3704//3702 3703//3702
f 3702//3703 3703//3703 3701//3703
f 3703//3704 3704//3704 3701//3704
f 3705//3705 3707//3705 3706//3705
f 3705//3706 3708//3706 3707//3706
f 3706//3707 3707//3707 3705//3707
f 3707//3708 3708//3708 3705//3708
f 3709//3709 3711//3709 3710//3709
f 3709//3710 3712//3710 3711//3710
f 3710//3711 3711//3711 3709//3711
f 3711//3712 3712//3712 3709//3712
f 3713//3713 3715//3713 3714//3713
f 3713//3714 3716//3714 3715//3714
f 3714//3715 3715//3715 3713//3715
f 3715//3716 3716//3716 3713//3716
f 3717//3717 3719//3717 3718//3717
f 3717//3718 3720//3718 3719//3718
f 3718//3719 3719//3719 3717//3719
f 3719//3720 3720//3720 3717//3720
f 3721//3721 3723//3721 3722//3721
f 3721//3722 3724//3722 3723//3722
f 3722//3723 3723//3723 3721//3723
f 3723//3724 3724//3724 3721//3724
f 3725//3725 3727//3725 3726//3725
f 3725//3726 3728//3726 3727//3726
f 3726//3727 3727//3727 3725//3727
f 3727//3728 3728//3728 3725//3728
f 3729//3729 3731//3729 3730//3729
f 3729//3730 3732//3730 3731//3730
f 3730//3731 3731//3731 3729//3731
f 3731//3732 3732//3732 3729//3732
f 3733//3733 3735//3733 3734//3733
f 3733//3734 3736//3734 3735//3734
f 3734//3735 3735//3735 3733//3735
f 3735//3736 3736//3736 3733//3736
f 3737//3737 3739//3737 3738//3737
f 3737//3738 3740//3738 3739//3738
f 3738//3739 3739//3739 3737//3739
f 3739//3740 3740//3740 3737//3740
f 3741//3741 3743//3741 3742//3741
f 3741//3742 3744//3742 3743//3742
f 3742//3743 3743//3743 3741//3743
f 3743//3744 3744//3744 3741//3744
f 3745//3745 3747//3745 3746//3745
f 3745//3746 3748//3746 3747//3746
f 3746//3747 3747//3747 3745//3747
f 3747//3748 3748//3748 3745//3748
f 3749//3749 3751//3749 3750//3749
f 3749//3750 3752//3750 3751//3750
f 3750//3751 3751//3751 3749//3751
f 3751//3752 3752//3752 3749//3752
f 3753//3753 3755//3753 3754//3753
f 3753//3754 3756//3754 3755//3754
f 3754//3755 3755//3755 3753//3755
f 3755//3756 3756//3756 3753//3756
f 3757//3757 3759//3757 3758//3757
f 3757//3758 3760//3758 3759//3758
f 3758//3759 3759//3759 3757//3759
f 3759//3760 3760//3760 3757//3760
f 3761//3761 3763//3761 3762//3761
f 3761//3762 3764//3762 3763//3762
f 3762//3763 3763//3763 3761//3763
f 3763//3764 3764//3764 3761//3764
f 3765//3765 3767//3765 3766//3765
f 3765//3766 3768//3766 3767//3766
f 3766//3767 3767//3767 3765//3767
f 3767//3768 3768//3768 3765//3768
f 3769//3769 3771//3769 3770//3769
f 3769//3770 3772//3770 3771//3770
f 3770//3771 3771//3771 3769//3771
f 3771//3772 3772//3772 3769//3772
f 3773//3773 3775//3773 3774//3773
f 3773//3774 3776//3774 3775//3774
f 3774//3775 3775//3775 3773//3775
f 3775//3776 3776//3776 3773//3776
f 3777//3777 3779//3777 3778//3777
f 3777//3778 3780//3778 3779//3778
f 3778//3779 3779//3779 3777//3779
f 3779//3780 3780//3780 3777//3780
f 3781//3781 3783//3781 3782//3781
f 3781//3782 3784//3782 3783//3782
f 3782//3783 3783//3783 3781//3783
f 3783//3784 3784//3784 3781//3784
f 3785//3785 3787//3785 3786//3785
f 3785//3786 3788//3786 3787//3786
f 3786//3787 3787//3787 3785//3787
f 3787//3788 3788//3788 3785//3788
f 3789//3789 3791//3789 3790//3789
f 3789//3790 3792//3790 3791//3790
f 3790//3791 3791//3791 3789//3791
f 3791//3792 3792//3792 3789//3792
f 3793//3793 3795//3793 3794//3793
f 3793//3794 3796//3794 3795//3794
f 3794//3795 3795//3795 3793//3795
f 3795//3796 3796//3796 3793//3796
f 3797//3797 3799//3797 3798//3797
f 3797//3798 3800//3798 3799//3798
f 3798//3799 3799//3799 3797//3799
f 3799//3800 3800//3800 3797//3800
f 3801//3801 3803//3801 3802//3801
f 3801//3802 3804//3802 3803//3802
f 3802//3803 3803//3803 3801//3803
f 3803//3804 3804//3804 3801//3804
f 3805//3805 3807//3805 3806//3805
f 3805//3806 3808//3806 3807//3806
f 3806//3807 3807//3807 3805//3807
f 3807//3808 3808//3808 3805//3808
f 3809//3809 3811//3809 3810//3809
f 3809//3810 3812//3810 3811//3810
f 3810//3811 3811//3811 3809//3811
f 3811//3812 3812//3812 3809//3812
f 3813//3813 3815//3813 3814//3813
f 3813//3814 3816//3814 3815//3814
f 3814//3815 3815//3815 3813//3815
f 3815//3816 3816//3816 3813//3816
f 3817//3817 3819//3817 3818//3817
f 3817//3818 3820//3818 3819//3818
f 3818//3819 3819//3819 3817//3819
f 3819//3820 3820//3820 3817//3820
f 3821//3821 3823//3821 3822//3821
f 3821//3822 3824//3822 3823//3822
f 3822//3823 3823//3823 3821//3823
f 3823//3824 3824//3824 3821//3824
f 3825//3825 3827//3825 3826//3825
f 3825//3826 3828//3826 3827//3826
f 3826//3827 3827//3827 3825//3827
f 3827//3828 3828//3828 3825//3828
f 3829//3829 3831//3829 3830//3829
f 3829//3830 3832//3830 3831//3830
f 3830//3831 3831//3831 3829//3831
f 3831//3832 3832//3832 3829//3832
f 3833//3833 3835//3833 3834//3833
f 3833//3834 3836//3834 3835//3834
f 3834//3835 3835//3835 3833//3835
f 3835//3836 3836//3836 3833//3836
f 3837//3837 3839//3837 3838//3837
f 3837//3838 3840//3838 3839//3838
f 3838//3839 3839//3839 3837//3839
f 3839//3840 3840//3840 3837//3840
f 3841//3841 3843//3841 3842//3841
f 3841//3842 3844//3842 3843//3842
f 3842//3843 3843//3843 3841//3843
f 3843//3844 3844//3844 3841//3844
f 3845//3845 3847//3845 3846//3845
f 3845//3846 3848//3846 3847//3846
f 3846//3847 3847//3847 3845//3847
f 3847//3848 3848//3848 3845//3848
f 3849//3849 3851//3849 3850//3849
f 3849//3850 3852//3850 3851//3850
f 3850//3851 3851//3851 3849//3851
f 3851//3852 3852//3852 3849//3852
f 3853//3853 3855//3853 3854//3853
f 3853//3854 3856//3854 3855//3854
f 3854//3855 3855//3855 3853//3855
f 3855//3856 3856//3856 3853//3856
f 3857//3857 3859//3857 3858//3857
f 3857//3858 3860//3858 3859//3858
f 3858//3859 3859//3859 3857//3859
f 3859//3860 3860//3860 3857//3860
f 3861//3861 3863//3861 3862//3861
f 3861//3862 3864//3862 3863//3862
f 3862//3863 3863//3863 3861//3863
f 3863//3864 3864//3864 3861//3864
f 3865//3865 3867//3865 3866//3865
f 3865//3866 3868//3866 3867//3866
f 3866//3867 3867//3867 3865//3867
f 3867//3868 3868//3868 3865//3868
f 3869//3869 3871//3869 3870//3869
f 3869//3870 3872//3870 3871//3870
f 3870//3871 3871//3871 3869//3871
f 3871//3872 3872//3872 3869//3872
f 3873//3873 3875//3873 3874//3873
f 3873//3874 3876//3874 3875//3874
f 3874//3875 3875//3875 3873//3875
f 3875//3876 3876//3876 3873//3876
f 3877//3877 3879//3877 3878//3877
f 3877//3878 3880//3878 3879//3878
f 3878//3879 3879//3879 3877//3879
f 3879//3880 3880//3880 3877//3880
f 3881//3881 3883//3881 3882//3881
f 3881//3882 3884//3882 3883//3882
f 3882//3883 3883//3883 3881//3883
f 3883//3884 3884//3884 3881//3884
f 3885//3885 3887//3885 3886//3885
f 3885//3886 3888//3886 3887//3886
f 3886//3887 3887//3887 3885//3887
f 3887//3888 3888//3888 3885//3888
f 3889//3889 3891//3889 3890//3889
f 3889//3890 3892//3890 3891//3890
f 3890//3891 3891//3891 3889//3891
f 3891//3892 3892//3892 3889//3892
f 3893//3893 3895//3893 3894//3893
f 3893//3894 3896//3894 3895//3894
f 3894//3895 3895//3895 3893//3895
f 3895//3896 3896//3896 3893//3896
f 3897//3897 3899//3897 3898//3897
f 3897//3898 3900//3898 3899//3898
f 3898//3899 3899//3899 3897//3899
f 3899//3900 3900//3900 3897//3900
f 3901//3901 3903//3901 3902//3901
f 3901//3902 3904//3902 3903//3902
f 3902//3903 3903//3903 3901//3903
f 3903//3904 3904//3904 3901//3904
f 3905//3905 3907//3905 3906//3905
f 3905//3906 3908//3906 3907//3906
f 3906//3907 3907//3907 3905//3907
f 3907//3908 3908//3908 3905//3908
f 3909//3909 3911//3909 3910//3909
f 3909//3910 3912//3910 3911//3910
f 3910//3911 3911//3911 3909//3911
f 3911//3912 3912//3912 3909//3912
f 3913//3913 3915//3913 3914//3913
f 3913//3914 3916//3914 3915//3914
f 3914//3915 3915//3915 3913//3915
f 3915//3916 3916//3916 3913//3916
f 3917//3917 3919//3917 3918//3917
f 3917//3918 3920//3918 3919//3918
f 3918//3919 3919//3919 3917//3919
f 3919//3920 3920//3920 3917//3920
f 3921//3921 3923//3921 3922//3921
f 3921//3922 3924//3922 3923//3922
f 3922//3923 3923//3923 3921//3923
f 3923//3924 3924//3924 3921//3924
f 3925//3925 3927//3925 3926//3925
f 3925//3926 3928//3926 3927//3926
f 3926//3927 3927//3927 3925//3927
f 3927//3928 3928//3928 3925//3928
f 3929//3929 3931//3929 3930//3929
f 3929//3930 3932//3930 3931//3930
f 3930//3931 3931//3931 3929//3931
f 3931//3932 3932//3932 3929//3932
f 3933//3933 3935//3933 3934//3933
f 3933//3934 3936//3934 3935//3934
f 3934//3935 3935//3935 3933//3935
f 3935//3936 3936//3936 3933//3936
f 3937//3937 3939//3937 3938//3937
f 3937//3938 3940//3938 3939//3938
f 3938//3939 3939//3939 3937//3939
f 3939//3940 3940//3940 3937//3940
f 3941//3941 3943//3941 3942//3941
f 3941//3942 3944//3942 3943//3942
f 3942//3943 3943//3943 3941//3943
f 3943//3944 3944//3944 3941//3944
f 3945//3945 3947//3945 3946//3945
f 3945//3946 3948//3946 3947//3946
f 3946//3947 3947//3947 3945//3947
f 3947//3948 3948//3948 3945//3948
f 3949//3949 3951//3949 3950//3949
f 3949//3950 3952//3950 3951//3950
f 3950//3951 3951//3951 3949//3951
f 3951//3952 3952//3952 3949//3952
f 3953//3953 3955//3953 3954//3953
f 3953//3954 3956//3954 3955//3954
f 3954//3955 3955//3955 3953//3955
f 3955//3956 3956//3956 3953//3956
f 3957//3957 3959//3957 3958//3957
f 3957//3958 3960//3958 3959//3958
f 3958//3959 3959//3959 3957//3959
f 3959//3960 3960//3960 3957//3960
f 3961//3961 3963//3961 3962//3961
f 3961//3962 3964//3962 3963//3962
f 3962//3963 3963//3963 3961//3963
f 3963//3964 3964//3964 3961//3964
f 3965//3965 3967//3965 3966//3965
f 3965//3966 3968//3966 3967//3966
f 3966//3967 3967//3967 3965//3967
f 3967//3968 3968//3968 3965//3968
f 3969//3969 3971//3969 3970//3969
f 3969//3970 3972//3970 3971//3970
f 3970//3971 3971//3971 3969//3971
f 3971//3972 3972//3972 3969//3972
f 3973//3973 3975//3973 3974//3973
f 3973//3974 3976//3974 3975//3974
f 3974//3975 3975//3975 3973//3975
f 3975//3976 3976//3976 3973//3976
f 3977//3977 3979//3977 3978//3977
f 3977//3978 3980//3978 3979//3978
f 3978//3979 3979//3979 3977//3979
f 3979//3980 3980//3980 3977//3980
f 3981//3981 3983//3981 3982//3981
f 3981//3982 3984//3982 3983//3982
f 3982//3983 3983//3983 3981//3983
f 3983//3984 3984//3984 3981//3984
f 3985//3985 3987//3985 3986//3985
f 3985//3986 3988//3986 3987//3986
f 3986//3987 3987//3987 3985//3987
f 3987//3988 3988//3988 3985//3988
f 3989//3989 3991//3989 3990//3989
f 3989//3990 3992//3990 3991//3990
f 3990//3991 3991//3991 3989//3991
f 3991//3992 3992//3992 3989//3992
f 3993//3993 3995//3993 3994//3993
f 3993//3994 3996//3994 3995//3994
f 3994//3995 3995//3995 3993//3995
f 3995//3996 3996//3996 3993//3996
f 3997//3997 3999//3997 3998//3997
f 3997//3998 4000//3998 3999//3998
f 3998//3999 3999//3999 3997//3999
f 3999//4000 4000//4000 3997//4000
f 4001//4001 4003//4001 4002//4001
f 4001//4002 4004//4002 4003//4002
f 4002//4003 4003//4003 4001//4003
f 4003//4004 4004//4004 4001//4004
f 4005//4005 4007//4005 4006//4005
f 4005//4006 4008//4006 4007//4006
f 4006//4007 4007//4007 4005//4007
f 4007//4008 4008//4008 4005//4008
f 4009//4009 4011//4009 4010//4009
f 4009//4010 4012//4010 4011//4010
f 4010//4011 4011//4011 4009//4011
f 4011//4012 4012//4012 4009//4012
f 4013//4013 4015//4013 4014//4013
f 4013//4014 4016//4014 4015//4014
f 4014//4015 4015//4015 4013//4015
f 4015//4016 4016//4016 4013//4016
f 4017//4017 4019//4017 4018//4017
f 4017//4018 4020//4018 4019//4018
f 4018//4019 4019//4019 4017//4019
f 4019//4020 4020//4020 4017//4020
f 4021//4021 4023//4021 4022//4021
f 4021//4022 4024//4022 4023//4022
f 4022//4023 4023//4023 4021//4023
f 4023//4024 4024//4024 4021//4024
f 4025//4025 4027//4025 4026//4025
f 4025//4026 4028//4026 4027//4026
f 4026//4027 4027//4027 4025//4027
f 4027//4028 4028//4028 4025//4028
f 4029//4029 4031//4029 4030//4029
f 4029//4030 4032//4030 4031//4030
f 4030//4031 4031//4031 4029//4031
f 4031//4032 4032//4032 4029//4032
f 4033//4033 4035//4033 4034//4033
f 4033//4034 4036//4034 4035//4034
f 4034//4035 4035//4035 4033//4035
f 4035//4036 4036//4036 4033//4036
f 4037//4037 4039//4037 4038//4037
f 4037//4038 4040//4038 4039//4038
f 4038//4039 4039//4039 4037//4039
f 4039//4040 4040//4040 4037//4040
f 4041//4041 4043//4041 4042//4041
f 4041//4042 4044//4042 4043//4042
f 4042//4043 4043//4043 4041//4043
f 4043//4044 4044//4044 4041//4044
f 4045//4045 4047//4045 4046//4045
f 4045//4046 4048//4046 4047//4046
f 4046//4047 4047//4047 4045//4047
f 4047//4048 4048//4048 4045//4048
f 4049//4049 4051//4049 4050//4049
f 4049//4050 4052//4050 4051//4050
f 4050//4051 4051//4051 4049//4051
f 4051//4052 4052//4052 4049//4052
f 4053//4053 4055//4053 4054//4053
f 4053//4054 4056//4054 4055//4054
f 4054//4055 4055//4055 4053//4055
f 4055//4056 4056//4056 4053//4056
f 4057//4057 4059//4057 4058//4057
f 4057//4058 4060//4058 4059//4058
f 4058//4059 4059//4059 4057//4059
f 4059//4060 4060//4060 4057//4060
f 4061//4061 4063//4061 4062//4061
f 4061//4062 4064//4062 4063//4062
f 4062//4063 4063//4063 4061//4063
f 4063//4064 4064//4064 4061//4064
f 4065//4065 4067//4065 4066//4065
f 4065//4066 4068//4066 4067//4066
f 4066//4067 4067//4067 4065//4067
f 4067//4068 4068//4068 4065//4068
f 4069//4069 4071//4069 4070//4069
f 4069//4070 4072//4070 4071//4070
f 4070//4071 4071//4071 4069//4071
f 4071//4072 4072//4072 4069//4072
f 4073//4073 4075//4073 4074//4073
f 4073//4074 4076//4074 4075//4074
f 4074//4075 4075//4075 4073//4075
f 4075//4076 4076//4076 4073//4076
f 4077//4077 4079//4077 4078//4077
f 4077//4078 4080//4078 4079//4078
f 4078//4079 4079//4079 4077//4079
f 4079//4080 4080//4080 4077//4080
f 4081//4081 4083//4081 4082//4081
f 4081//4082 4084//4082 4083//4082
f 4082//4083 4083//4083 4081//4083
f 4083//4084 4084//4084 4081//4084
f 4085//4085 4087//4085 4086//4085
f 4085//4086 4088//4086 4087//4086
f 4086//4087 4087//4087 4085//4087
f 4087//4088 4088//4088 4085//4088
f 4089//4089 4091//4089 4090//4089
f 4089//4090 4092//4090 4091//4090
f 4090//4091 4091//4091 4089//4091
f 4091//4092 4092//4092 4089//4092
f 4093//4093 4095//4093 4094//4093
f 4093//4094 4096//4094 4095//4094
f 4094//4095 4095//4095 4093//4095
f 4095//4096 4096//4096 4093//4096
f 4097//4097 4099//4097 4098//4097
f 4097//4098 4100//4098 4099//4098
f 4098//4099 4099//4099 4097//4099
f 4099//4100 4100//4100 4097//4100
f 4101//4101 4103//4101 4102//4101
f 4101//4102 4104//4102 4103//4102
f 4102//4103 4103//4103 4101//4103
f 4103//4104 4104//4104 4101//4104
f 4105//4105 4107//4105 4106//4105
f 4105//4106 4108//4106 4107//4106
f 4106//4107 4107//4107 4105//4107
f 4107//4108 4108//4108 4105//4108
f 4109//4109 4111//4109 4110//4109
f 4109//4110 4112//4110 4111//4110
f 4110//4111 4111//4111 4109//4111
f 4111//4112 4112//4112 4109//4112
f 4113//4113 4115//4113 4114//4113
f 4113//4114 4116//4114 4115//4114
f 4114//4115 4115//4115 4113//4115
f 4115//4116 4116//4116 4113//4116
f 4117//4117 4119//4117 4118//4117
f 4117//4118 4120//4118 4119//4118
f 4118//4119 4119//4119 4117//4119
f 4119//4120 4120//4120 4117//4120
f 4121//4121 4123//4121 4122//4121
f 4121//4122 4124//4122 4123//4122
f 4122//4123 4123//4123 4121//4123
f 4123//4124 4124//4124 4121//4124
f 4125//4125 4127//4125 4126//4125
f 4125//4126 4128//4126 4127//4126
f 4126//4127 4127//4127 4125//4127
f 4127//4128 4128//4128 4125//4128
f 4129//4129 4131//4129 4130//4129
f 4129//4130 4132//4130 4131//4130
f 4130//4131 4131//4131 4129//4131
f 4131//4132 4132//4132 4129//4132
f 4133//4133 4135//4133 4134//4133
f 4133//4134 4136//4134 4135//4134
f 4134//4135 4135//4135 4133//4135
f 4135//4136 4136//4136 4133//4136
f 4137//4137 4139//4137 4138//4137
f 4137//4138 4140//4138 4139//4138
f 4138//4139 4139//4139 4137//4139
f 4139//4140 4140//4140 4137//4140
f 4141//4141 4143//4141 4142//4141
f 4141//4142 4144//4142 4143//4142
f 4142//4143 4143//4143 4141//4143
f 4143//4144 4144//4144 4141//4144
f 4145//4145 4147//4145 4146//4145
f 4145//4146 4148//4146 4147//4146
f 4146//4147 4147//4147 4145//4147
f 4147//4148 4148//4148 4145//4148
f 4149//4149 4151//4149 4150//4149
f 4149//4150 4152//4150 4151//4150
f 4150//4151 4151//4151 4149//4151
f 4151//4152 4152//4152 4149//4152
f 4153//4153 4155//4153 4154//4153
f 4153//4154 4156//4154 4155//4154
f 4154//4155 4155//4155 4153//4155
f 4155//4156 4156//4156 4153//4156
f 4157//4157 4159//4157 4158//4157
f 4157//4158 4160//4158 4159//4158
f 4158//4159 4159//4159 4157//4159
f 4159//4160 4160//4160 4157//4160
f 4161//4161 4163//4161 4162//4161
f 4161//4162 4164//4162 4163//4162
f 4162//4163 4163//4163 4161//4163
f 4163//4164 4164//4164 4161//4164
f 4165//4165 4167//4165 4166//4165
f 4165//4166 4168//4166 4167//4166
f 4166//4167 4167//4167 4165//4167
f 4167//4168 4168//4168 4165//4168
f 4169//4169 4171//4169 4170//4169
f 4169//4170 4172//4170 4171//4170
f 4170//4171 4171//4171 4169//4171
f 4171//4172 4172//4172 4169//4172
f 4173//4173 4175//4173 4174//4173
f 4173//4174 4176//4174 4175//4174
f 4174//4175 4175//4175 4173//4175
f 4175//4176 4176//4176 4173//4176
f 4177//4177 4179//4177 4178//4177
f 4177//4178 4180//4178 4179//4178
f 4178//4179 4179//4179 4177//4179
f 4179//4180 4180//4180 4177//4180
f 4181//4181 4183//4181 4182//4181
f 4181//4182 4184//4182 4183//4182
f 4182//4183 4183//4183 4181//4183
f 4183//4184 4184//4184 4181//4184
f 4185//4185 4187//4185 4186//4185
f 4185//4186 4188//4186 4187//4186
f 4186//4187 4187//4187 4185//4187
f 4187//4188 4188//4188 4185//4188
f 4189//4189 4191//4189 4190//4189
f 4189//4190 4192//4190 4191//4190
f 4190//4191 4191//4191 4189//4191
f 4191//4192 4192//4192 4189//4192
f 4193//4193 4195//4193 4194//4193
f 4193//4194 4196//4194 4195//4194
f 4194//4195 4195//4195 4193//4195
f 4195//4196 4196//4196 4193//4196
f 4197//4197 4199//4197 4198//4197
f 4197//4198 4200//4198 4199//4198
f 4198//4199 4199//4199 4197//4199
f 4199//4200 4200//4200 4197//4200
f 4201//4201 4203//4201 4202//4201
f 4201//4202 4204//4202 4203//4202
f 4202//4203 4203//4203 4201//4203
f 4203//4204 4204//4204 4201//4204
f 4205//4205 4207//4205 4206//4205
f 4205//4206 4208//4206 4207//4206
f 4206//4207 4207//4207 4205//4207
f 4207//4208 4208//4208 4205//4208
f 4209//4209 4211//4209 4210//4209
f 4209//4210 4212//4210 4211//4210
f 4210//4211 4211//4211 4209//4211
f 4211//4212 4212//4212 4209//4212
f 4213//4213 4215//4213 4214//4213
f 4213//4214 4216//4214 4215//4214
f 4214//4215 4215//4215 4213//4215
f 4215//4216 4216//4216 4213//4216
f 4217//4217 4219//4217 4218//4217
f 4217//4218 4220//4218 4219//4218
f 4218//4219 4219//4219 4217//4219
f 4219//4220 4220//4220 4217//4220
f 4221//4221 4223//4221 4222//4221
f 4221//4222 4224//4222 4223//4222
f 4222//4223 4223//4223 4221//4223
f 4223//4224 4224//4224 4221//4224
f 4225//4225 4227//4225 4226//4225
f 4225//4226 4228//4226 4227//4226
f 4226//4227 4227//4227 4225//4227
f 4227//4228 4228//4228 4225//4228
f 4229//4229 4231//4229 4230//4229
f 4229//4230 4232//4230 4231//4230
f 4230//4231 4231//4231 4229//4231
f 4231//4232 4232//4232 4229//4232
f 4233//4233 4235//4233 4234//4233
f 4233//4234 4236//4234 4235//4234
f 4234//4235 4235//4235 4233//4235
f 4235//4236 4236//4236 4233//4236
f 4237//4237 4239//4237 4238//4237
f 4237//4238 4240//4238 4239//4238
f 4238//4239 4239//4239 4237//4239
f 4239//4240 4240//4240 4237//4240
f 4241//4241 4243//4241 4242//4241
f 4241//4242 4244//4242 4243//4242
f 4242//4243 4243//4243 4241//4243
f 4243//4244 4244//4244 4241//4244
f 4245//4245 4247//4245 4246//4245
f 4245//4246 4248//4246 4247//4246
f 4246//4247 4247//4247 4245//4247
f 4247//4248 4248//4248 4245//4248
f 4249//4249 4251//4249 4250//4249
f 4249//4250 4252//4250 4251//4250
f 4250//4251 4251//4251 4249//4251
f 4251//4252 4252//4252 4249//4252
f 4253//4253 4255//4253 4254//4253
f 4253//4254 4256//4254 4255//4254
f 4254//4255 4255//4255 4253//4255
f 4255//4256 4256//4256 4253//4256
f 4257//4257 4259//4257 4258//4257
f 4257//4258 4260//4258 4259//4258
f 4258//4259 4259//4259 4257//4259
f 4259//4260 4260//4260 4257//4260
f 4261//4261 4263//4261 4262//4261
f 4261//4262 4264//4262 4263//4262
f 4262//4263 4263//4263 4261//4263
f 4263//4264 4264//4264 4261//4264
f 4265//4265 4267//4265 4266//4265
f 4265//4266 4268//4266 4267//4266
f 4266//4267 4267//4267 4265//4267
f 4267//4268 4268//4268 4265//4268
f 4269//4269 4271//4269 4270//4269
f 4269//4270 4272//4270 4271//4270
f 4270//4271 4271//4271 4269//4271
f 4271//4272 4272//4272 4269//4272
f 4273//4273 4275//4273 4274//4273
f 4273//4274 4276//4274 4275//4274
f 4274//4275 4275//4275 4273//4275
f 4275//4276 4276//4276 4273//4276
f 4277//4277 4279//4277 4278//4277
f 4277//4278 4280//4278 4279//4278
f 4278//4279 4279//4279 4277//4279
f 4279//4280 4280//4280 4277//4280
f 4281//4281 4283//4281 4282//4281
f 4281//4282 4284//4282 4283//4282
f 4282//4283 4283//4283 4281//4283
f 4283//4284 4284//4284 4281//4284
f 4285//4285 4287//4285 4286//4285
f 4285//4286 4288//4286 4287//4286
f 4286//4287 4287//4287 4285//4287
f 4287//4288 4288//4288 4285//4288
f 4289//4289 4291//4289 4290//4289
f 4289//4290 4292//4290 4291//4290
f 4290//4291 4291//4291 4289//4291
f 4291//4292 4292//4292 4289//4292
f 4293//4293 4295//4293 4294//4293
f 4293//4294 4296//4294 4295//4294
f 4294//4295 4295//4295 4293//4295
f 4295//4296 4296//4296 4293//4296
f 4297//4297 4299//4297 4298//4297
f 4297//4298 4300//4298 4299//4298
f 4298//4299 4299//4299 4297//4299
f 4299//4300 4300//4300 4297//4300
f 4301//4301 4303//4301 4302//4301
f 4301//4302 4304//4302 4303//4302
f 4302//4303 4303//4303 4301//4303
f 4303//4304 4304//4304 4301//4304
f 4305//4305 4307//4305 4306//4305
f 4305//4306 4308//4306 4307//4306
f 4306//4307 4307//4307 4305//4307
f 4307//4308 4308//4308 4305//4308
f 4309//4309 4311//4309 4310//4309
f 4309//4310 4312//4310 4311//4310
f 4310//4311 4311//4311 4309//4311
f 4311//4312 4312//4312 4309//4312
f 4313//4313 4315//4313 4314//4313
f 4313//4314 4316//4314 4315//4314
f 4314//4315 4315//4315 4313//4315
f 4315//4316 4316//4316 4313//4316
f 4317//4317 4319//4317 4318//4317
f 4317//4318 4320//4318 4319//4318
f 4318//4319 4319//4319 4317//4319
f 4319//4320 4320//4320 4317//4320
f 4321//4321 4323//4321 4322//4321
f 4321//4322 4324//4322 4323//4322
f 4322//4323 4323//4323 4321//4323
f 4323//4324 4324//4324 4321//4324
f 4325//4325 4327//4325 4326//4325
f 4325//4326 4328//4326 4327//4326
f 4326//4327 4327//4327 4325//4327
f 4327//4328 4328//4328 4325//4328
f 4329//4329 4331//4329 4330//4329
f 4329//4330 4332//4330 4331//4330
f 4330//4331 4331//4331 4329//4331
f 4331//4332 4332//4332 4329//4332
f 4333//4333 4335//4333 4334//4333
f 4333//4334 4336//4334 4335//4334
f 4334//4335 4335//4335 4333//4335
f 4335//4336 4336//4336 4333//4336
f 4337//4337 4339//4337 4338//4337
f 4337//4338 4340//4338 4339//4338
f 4338//4339 4339//4339 4337//4339
f 4339//4340 4340//4340 4337//4340
f 4341//4341 4343//4341 4342//4341
f 4341//4342 4344//4342 4343//4342
f 4342//4343 4343//4343 4341//4343
f 4343//4344 4344//4344 4341//4344
f 4345//4345 4347//4345 4346//4345
f 4345//4346 4348//4346 4347//4346
f 4346//4347 4347//4347 4345//4347
f 4347//4348 4348//4348 4345//4348
f 4349//4349 4351//4349 4350//4349
f 4349//4350 4352//4350 4351//4350
f 4350//4351 4351//4351 4349//4351
f 4351//4352 4352//4352 4349//4352
f 4353//4353 4355//4353 4354//4353
f 4353//4354 4356//4354 4355//4354
f 4354//4355 4355//4355 4353//4355
f 4355//4356 4356//4356 4353//4356
f 4357//4357 4359//4357 4358//4357
f 4357//4358 4360//4358 4359//4358
f 4358//4359 4359//4359 4357//4359
f 4359//4360 4360//4360 4357//4360
f 4361//4361 4363//4361 4362//4361
f 4361//4362 4364//4362 4363//4362
f 4362//4363 4363//4363 4361//4363
f 4363//4364 4364//4364 4361//4364
f 4365//4365 4367//4365 4366//4365
f 4365//4366 4368//4366 4367//4366
f 4366//4367 4367//4367 4365//4367
f 4367//4368 4368//4368 4365//4368
f 4369//4369 4371//4369 4370//4369
f 4369//4370 4372//4370 4371//4370
f 4370//4371 4371//4371 4369//4371
f 4371//4372 4372//4372 4369//4372
f 4373//4373 4375//4373 4374//4373
f 4373//4374 4376//4374 4375//4374
f 4374//4375 4375//4375 4373//4375
f 4375//4376 4376//4376 4373//4376
f 4377//4377 4379//4377 4378//4377
f 4377//4378 4380//4378 4379//4378
f 4378//4379 4379//4379 4377//4379
f 4379//4380 4380//4380 4377//4380
f 4381//4381 4383//4381 4382//4381
f 4381//4382 4384//4382 4383//4382
f 4382//4383 4383//4383 4381//4383
f 4383//4384 4384//4384 4381//4384
f 4385//4385 4387//4385 4386//4385
f 4385//4386 4388//4386 4387//4386
f 4386//4387 4387//4387 4385//4387
f 4387//4388 4388//4388 4385//4388
f 4389//4389 4391//4389 4390//4389
f 4389//4390 4392//4390 4391//4390
f 4390//4391 4391//4391 4389//4391
f 4391//4392 4392//4392 4389//4392
f 4393//4393 4395//4393 4394//4393
f 4393//4394 4396//4394 4395//4394
f 4394//4395 4395//4395 4393//4395
f 4395//4396 4396//4396 4393//4396
f 4397//4397 4399//4397 4398//4397
f 4397//4398 4400//4398 4399//4398
f 4398//4399 4399//4399 4397//4399
f 4399//4400 4400//4400 4397//4400
f 4401//4401 4403//4401 4402//4401
f 4401//4402 4404//4402 4403//4402
f 4402//4403 4403//4403 4401//4403
f 4403//4404 4404//4404 4401//4404
f 4405//4405 4407//4405 4406//4405
f 4405//4406 4408//4406 4407//4406
f 4406//4407 4407//4407 4405//4407
f 4407//4408 4408//4408 4405//4408
f 4409//4409 4411//4409 4410//4409
f 4409//4410 4412//4410 4411//4410
f 4410//4411 4411//4411 4409//4411
f 4411//4412 4412//4412 4409//4412
f 4413//4413 4415//4413 4414//4413
f 4413//4414 4416//4414 4415//4414
f 4414//4415 4415//4415 4413//4415
f 4415//4416 4416//4416 4413//4416
f 4417//4417 4419//4417 4418//4417
f 4417//4418 4420//4418 4419//4418
f 4418//4419 4419//4419 4417//4419
f 4419//4420 4420//4420 4417//4420
f 4421//4421 4423//4421 4422//4421
f 4421//4422 4424//4422 4423//4422
f 4422//4423 4423//4423 4421//4423
f 4423//4424 4424//4424 4421//4424
f 4425//4425 4427//4425 4426//4425
f 4425//4426 4428//4426 4427//4426
f 4426//4427 4427//4427 4425//4427
f 4427//4428 4428//4428 4425//4428
f 4429//4429 4431//4429 4430//4429
f 4429//4430 4432//4430 4431//4430
f 4430//4431 4431//4431 4429//4431
f 4431//4432 4432//4432 4429//4432
f 4433//4433 4435//4433 4434//4433
f 4433//4434 4436//4434 4435//4434
f 4434//4435 4435//4435 4433//4435
f 4435//4436 4436//4436 4433//4436
f 4437//4437 4439//4437 4438//4437
f 4437//4438 4440//4438 4439//4438
f 4438//4439 4439//4439 4437//4439
f 4439//4440 4440//4440 4437//4440
f 4441//4441 4443//4441 4442//4441
f 4441//4442 4444//4442 4443//4442
f 4442//4443 4443//4443 4441//4443
f 4443//4444 4444//4444 4441//4444
f 4445//4445 4447//4445 4446//4445
f 4445//4446 4448//4446 4447//4446
f 4446//4447 4447//4447 4445//4447
f 4447//4448 4448//4448 4445//4448
f 4449//4449 4451//4449 4450//4449
f 4449//4450 4452//4450 4451//4450
f 4450//4451 4451//4451 4449//4451
f 4451//4452 4452//4452 4449//4452
f 4453//4453 4455//4453 4454//4453
f 4453//4454 4456//4454 4455//4454
f 4454//4455 4455//4455 4453//4455
f 4455//4456 4456//4456 4453//4456
f 4457//4457 4459//4457 4458//4457
f 4457//4458 4460//4458 4459//4458
f 4458//4459 4459//4459 4457//4459
f 4459//4460 4460//4460 4457//4460
f 4461//4461 4463//4461 4462//4461
f 4461//4462 4464//4462 4463//4462
f 4462//4463 4463//4463 4461//4463
f 4463//4464 4464//4464 4461//4464
f 4465//4465 4467//4465 4466//4465
f 4465//4466 4468//4466 4467//4466
f 4466//4467 4467//4467 4465//4467
f 4467//4468 4468//4468 4465//4468
f 4469//4469 4471//4469 4470//4469
f 4469//4470 4472//4470 4471//4470
f 4470//4471 4471//4471 4469//4471
f 4471//4472 4472//4472 4469//4472
f 4473//4473 4475//4473 4474//4473
f 4473//4474 4476//4474 4475//4474
f 4474//4475 4475//4475 4473//4475
f 4475//4476 4476//4476 4473//4476
f 4477//4477 4479//4477 4478//4477
f 4477//4478 4480//4478 4479//4478
f 4478//4479 4479//4479 4477//4479
f 4479//4480 4480//4480 4477//4480
f 4481//4481 4483//4481 4482//4481
f 4481//4482 4484//4482 4483//4482
f 4482//4483 4483//4483 4481//4483
f 4483//4484 4484//4484 4481//4484
f 4485//4485 4487//4485 4486//4485
f 4485//4486 4488//4486 4487//4486
f 4486//4487 4487//4487 4485//4487
f 4487//4488 4488//4488 4485//4488
f 4489//4489 4491//4489 4490//4489
f 4489//4490 4492//4490 4491//4490
f 4490//4491 4491//4491 4489//4491
f 4491//4492 4492//4492 4489//4492
f 4493//4493 4495//4493 4494//4493
f 4493//4494 4496//4494 4495//4494
f 4494//4495 4495//4495 4493//4495
f 4495//4496 4496//4496 4493//4496
f 4497//4497 4499//4497 4498//4497
f 4497//4498 4500//4498 4499//4498
f 4498//4499 4499//4499 4497//4499
f 4499//4500 4500//4500 4497//4500
f 4501//4501 4503//4501 4502//4501
f 4501//4502 4504//4502 4503//4502
f 4502//4503 4503//4503 4501//4503
f 4503//4504 4504//4504 4501//4504
f 4505//4505 4507//4505 4506//4505
f 4505//4506 4508//4506 4507//4506
f 4506//4507 4507//4507 4505//4507
f 4507//4508 4508//4508 4505//4508
f 4509//4509 4511//4509 4510//4509
f 4509//4510 4512//4510 4511//4510
f 4510//4511 4511//4511 4509//4511
f 4511//4512 4512//4512 4509//4512
f 4513//4513 4515//4513 4514//4513
f 4513//4514 4516//4514 4515//4514
f 4514//4515 4515//4515 4513//4515
f 4515//4516 4516//4516 4513//4516
f 4517//4517 4519//4517 4518//4517
f 4517//4518 4520//4518 4519//4518
f 4518//4519 4519//4519 4517//4519
f 4519//4520 4520//4520 4517//4520
f 4521//4521 4523//4521 4522//4521
f 4521//4522 4524//4522 4523//4522
f 4522//4523 4523//4523 4521//4523
f 4523//4524 4524//4524 4521//4524
f 4525//4525 4527//4525 4526//4525
f 4525//4526 4528//4526 4527//4526
f 4526//4527 4527//4527 4525//4527
f 4527//4528 4528//4528 4525//4528
f 4529//4529 4531//4529 4530//4529
f 4529//4530 4532//4530 4531//4530
f 4530//4531 4531//4531 4529//4531
f 4531//4532 4532//4532 4529//4532
f 4533//4533 4535//4533 4534//4533
f 4533//4534 4536//4534 4535//4534
f 4534//4535 4535//4535 4533//4535
f 4535//4536 4536//4536 4533//4536
f 4537//4537 4539//4537 4538//4537
f 4537//4538 4540//4538 4539//4538
f 4538//4539 4539//4539 4537//4539
f 4539//4540 4540//4540 4537//4540
f 4541//4541 4543//4541 4542//4541
f 4541//4542 4544//4542 4543//4542
f 4542//4543 4543//4543 4541//4543
f 4543//4544 4544//4544 4541//4544
f 4545//4545 4547//4545 4546//4545
f 4545//4546 4548//4546 4547//4546
f 4546//4547 4547//4547 4545//4547
f 4547//4548 4548//4548 4545//4548
f 4549//4549 4551//4549 4550//4549
f 4549//4550 4552//4550 4551//4550
f 4550//4551 4551//4551 4549//4551
f 4551//4552 4552//4552 4549//4552
f 4553//4553 4555//4553 4554//4553
f 4553//4554 4556//4554 4555//4554
f 4554//4555 4555//4555 4553//4555
f 4555//4556 4556//4556 4553//4556
f 4557//4557 4559//4557 4558//4557
f 4557//4558 4560//4558 4559//4558
f 4558//4559 4559//4559 4557//4559
f 4559//4560 4560//4560 4557//4560
f 4561//4561 4563//4561 4562//4561
f 4561//4562 4564//4562 4563//4562
f 4562//4563 4563//4563 4561//4563
f 4563//4564 4564//4564 4561//4564
f 4565//4565 4567//4565 4566//4565
f 4565//4566 4568//4566 4567//4566
f 4566//4567 4567//4567 4565//4567
f 4567//4568 4568//4568 4565//4568
f 4569//4569 4571//4569 4570//4569
f 4569//4570 4572//4570 4571//4570
f 4570//4571 4571//4571 4569//4571
f 4571//4572 4572//4572 4569//4572
f 4573//4573 4575//4573 4574//4573
f 4573//4574 4576//4574 4575//4574
f 4574//4575 4575//4575 4573//4575
f 4575//4576 4576//4576 4573//4576
f 4577//4577 4579//4577 4578//4577
f 4577//4578 4580//4578 4579//4578
f 4578//4579 4579//4579 4577//4579
f 4579//4580 4580//4580 4577//4580
f 4581//4581 4583//4581 4582//4581
f 4581//4582 4584//4582 4583//4582
f 4582//4583 4583//4583 4581//4583
f 4583//4584 4584//4584 4581//4584
f 4585//4585 4587//4585 4586//4585
f 4585//4586 4588//4586 4587//4586
f 4586//4587 4587//4587 4585//4587
f 4587//4588 4588//4588 4585//4588
f 4589//4589 4591//4589 4590//4589
f 4589//4590 4592//4590 4591//4590
f 4590//4591 4591//4591 4589//4591
f 4591//4592 4592//4592 4589//4592
f 4593//4593 4595//4593 4594//4593
f 4593//4594 4596//4594 4595//4594
f 4594//4595 4595//4595 4593//4595
f 4595//4596 4596//4596 4593//4596
f 4597//4597 4599//4597 4598//4597
f 4597//4598 4600//4598 4599//4598
f 4598//4599 4599//4599 4597//4599
f 4599//4600 4600//4600 4597//4600
f 4601//4601 4603//4601 4602//4601
f 4601//4602 4604//4602 4603//4602
f 4602//4603 4603//4603 4601//4603
f 4603//4604 4604//4604 4601//4604
f 4605//4605 4607//4605 4606//4605
f 4605//4606 4608//4606 4607//4606
f 4606//4607 4607//4607 4605//4607
f 4607//4608 4608//4608 4605//4608
f 4609//4609 4611//4609 4610//4609
f 4609//4610 4612//4610 4611//4610
f 4610//4611 4611//4611 4609//4611
f 4611//4612 4612//4612 4609//4612
f 4613//4613 4615//4613 4614//4613
f 4613//4614 4616//4614 4615//4614
f 4614//4615 4615//4615 4613//4615
f 4615//4616 4616//4616 4613//4616
f 4617//4617 4619//4617 4618//4617
f 4617//4618 4620//4618 4619//4618
f 4618//4619 4619//4619 4617//4619
f 4619//4620 4620//4620 4617//4620
f 4621//4621 4623//4621 4622//4621
f 4621//4622 4624//4622 4623//4622
f 4622//4623 4623//4623 4621//4623
f 4623//4624 4624//4624 4621//4624
f 4625//4625 4627//4625 4626//4625
f 4625//4626 4628//4626 4627//4626
f 4626//4627 4627//4627 4625//4627
f 4627//4628 4628//4628 4625//4628
f 4629//4629 4631//4629 4630//4629
f 4629//4630 4632//4630 4631//4630
f 4630//4631 4631//4631 4629//4631
f 4631//4632 4632//4632 4629//4632
f 4633//4633 4635//4633 4634//4633
f 4633//4634 4636//4634 4635//4634
f 4634//4635 4635//4635 4633//4635
f 4635//4636 4636//4636 4633//4636
f 4637//4637 4639//4637 4638//4637
f 4637//4638 4640//4638 4639//4638
f 4638//4639 4639//4639 4637//4639
f 4639//4640 4640//4640 4637//4640
f 4641//4641 4643//4641 4642//4641
f 4641//4642 4644//4642 4643//4642
f 4642//4643 4643//4643 4641//4643
f 4643//4644 4644//4644 4641//4644
f 4645//4645 4647//4645 4646//4645
f 4645//4646 4648//4646 4647//4646
f 4646//4647 4647//4647 4645//4647
f 4647//4648 4648//4648 4645//4648
f 4649//4649 4651//4649 4650//4649
f 4649//4650 4652//4650 4651//4650
f 4650//4651 4651//4651 4649//4651
f 4651//4652 4652//4652 4649//4652
f 4653//4653 4655//4653 4654//4653
f 4653//4654 4656//4654 4655//4654
f 4654//4655 4655//4655 4653//4655
f 4655//4656 4656//4656 4653//4656
f 4657//4657 4659//4657 4658//4657
f 4657//4658 4660//4658 4659//4658
f 4658//4659 4659//4659 4657//4659
f 4659//4660 4660//4660 4657//4660
f 4661//4661 4663//4661 4662//4661
f 4661//4662 4664//4662 4663//4662
f 4662//4663 4663//4663 4661//4663
f 4663//4664 4664//4664 4661//4664
f 4665//4665 4667//4665 4666//4665
f 4665//4666 4668//4666 4667//4666
f 4666//4667 4667//4667 4665//4667
f 4667//4668 4668//4668 4665//4668
f 4669//4669 4671//4669 4670//4669
f 4669//4670 4672//4670 4671//4670
f 4670//4671 4671//4671 4669//4671
f 4671//4672 4672//4672 4669//4672
f 4673//4673 4675//4673 4674//4673
f 4673//4674 4676//4674 4675//4674
f 4674//4675 4675//4675 4673//4675
f 4675//4676 4676//4676 4673//4676
f 4677//4677 4679//4677 4678//4677
f 4677//4678 4680//4678 4679//4678
f 4678//4679 4679//4679 4677//4679
f 4679//4680 4680//4680 4677//4680
f 4681//4681 4683//4681 4682//4681
f 4681//4682 4684//4682 4683//4682
f 4682//4683 4683//4683 4681//4683
f 4683//4684 4684//4684 4681//4684
f 4685//4685 4687//4685 4686//4685
f 4685//4686 4688//4686 4687//4686
f 4686//4687 4687//4687 4685//4687
f 4687//4688 4688//4688 4685//4688
f 4689//4689 4691//4689 4690//4689
f 4689//4690 4692//4690 4691//4690
f 4690//4691 4691//4691 4689//4691
f 4691//4692 4692//4692 4689//4692
f 4693//4693 4695//4693 4694//4693
f 4693//4694 4696//4694 4695//4694
f 4694//4695 4695//4695 4693//4695
f 4695//4696 4696//4696 4693//4696
f 4697//4697 4699//4697 4698//4697
f 4697//4698 4700//4698 4699//4698
f 4698//4699 4699//4699 4697//4699
f 4699//4700 4700//4700 4697//4700
f 4701//4701 4703//4701 4702//4701
f 4701//4702 4704//4702 4703//4702
f 4702//4703 4703//4703 4701//4703
f 4703//4704 4704//4704 4701//4704
f 4705//4705 4707//4705 4706//4705
f 4705//4706 4708//4706 4707//4706
f 4706//4707 4707//4707 4705//4707
f 4707//4708 4708//4708 4705//4708
f 4709//4709 4711//4709 4710//4709
f 4709//4710 4712//4710 4711//4710
f 4710//4711 4711//4711 4709//4711
f 4711//4712 4712//4712 4709//4712
f 4713//4713 4715//4713 4714//4713
f 4713//4714 4716//4714 4715//4714
f 4714//4715 4715//4715 4713//4715
f 4715//4716 4716//4716 4713//4716
f 4717//4717 4719//4717 4718//4717
f 4717//4718 4720//4718 4719//4718
f 4718//4719 4719//4719 4717//4719
f 4719//4720 4720//4720 4717//4720
f 4721//4721 4723//4721 4722//4721
f 4721//4722 4724//4722 4723//4722
f 4722//4723 4723//4723 4721//4723
f 4723//4724 4724//4724 4721//4724
f 4725//4725 4727//4725 4726//4725
f 4725//4726 4728//4726 4727//4726
f 4726//4727 4727//4727 4725//4727
f 4727//4728 4728//4728 4725//4728
f 4729//4729 4731//4729 4730//4729
f 4729//4730 4732//4730 4731//4730
f 4730//4731 4731//4731 4729//4731
f 4731//4732 4732//4732 4729//4732
f 4733//4733 4735//4733 4734//4733
f 4733//4734 4736//4734 4735//4734
f 4734//4735 4735//4735 4733//4735
f 4735//4736 4736//4736 4733//4736
f 4737//4737 4739//4737 4738//4737
f 4737//4738 4740//4738 4739//4738
f 4738//4739 4739//4739 4737//4739
f 4739//4740 4740//4740 4737//4740
f 4741//4741 4743//4741 4742//4741
f 4741//4742 4744//4742 4743//4742
f 4742//4743 4743//4743 4741//4743
f 4743//4744 4744//4744 4741//4744
f 4745//4745 4747//4745 4746//4745
f 4745//4746 4748//4746 4747//4746
f 4746//4747 4747//4747 4745//4747
f 4747//4748 4748//4748 4745//4748
f 4749//4749 4751//4749 4750//4749
f 4749//4750 4752//4750 4751//4750
f 4750//4751 4751//4751 4749//4751
f 4751//4752 4752//4752 4749//4752
f 4753//4753 4755//4753 4754//4753
f 4753//4754 4756//4754 4755//4754
f 4754//4755 4755//4755 4753//4755
f 4755//4756 4756//4756 4753//4756
f 4757//4757 4759//4757 4758//4757
f 4757//4758 4760//4758 4759//4758
f 4758//4759 4759//4759 4757//4759
f 4759//4760 4760//4760 4757//4760
f 4761//4761 4763//4761 4762//4761
f 4761//4762 4764//4762 4763//4762
f 4762//4763 4763//4763 4761//4763
f 4763//4764 4764//4764 4761//4764
f 4765//4765 4767//4765 4766//4765
f 4765//4766 4768//4766 4767//4766
f 4766//4767 4767//4767 4765//4767
f 4767//4768 4768//4768 4765//4768
f 4769//4769 4771//4769 4770//4769
f 4769//4770 4772//4770 4771//4770
f 4770//4771 4771//4771 4769//4771
f 4771//4772 4772//4772 4769//4772
f 4773//4773 4775//4773 4774//4773
f 4773//4774 4776//4774 4775//4774
f 4774//4775 4775//4775 4773//4775
f 4775//4776 4776//4776 4773//4776
f 4777//4777 4779//4777 4778//4777
f 4777//4778 4780//4778 4779//4778
f 4778//4779 4779//4779 4777//4779
f 4779//4780 4780//4780 4777//4780
f 4781//4781 4783//4781 4782//4781
f 4781//4782 4784//4782 4783//4782
f 4782//4783 4783//4783 4781//4783
f 4783//4784 4784//4784 4781//4784
f 4785//4785 4787//4785 4786//4785
f 4785//4786 4788//4786 4787//4786
f 4786//4787 4787//4787 4785//4787
f 4787//4788 4788//4788 4785//4788
f 4789//4789 4791//4789 4790//4789
f 4789//4790 4792//4790 4791//4790
f 4790//4791 4791//4791 4789//4791
f 4791//4792 4792//4792 4789//4792
f 4793//4793 4795//4793 4794//4793
f 4793//4794 4796//4794 4795//4794
f 4794//4795 4795//4795 4793//4795
f 4795//4796 4796//4796 4793//4796
f 4797//4797 4799//4797 4798//4797
f 4797//4798 4800//4798 4799//4798
f 4798//4799 4799//4799 4797//4799
f 4799//4800 4800//4800 4797//4800
f 4801//4801 4803//4801 4802//4801
f 4801//4802 4804//4802 4803//4802
f 4802//4803 4803//4803 4801//4803
f 4803//4804 4804//4804 4801//4804
f 4805//4805 4807//4805 4806//4805
f 4805//4806 4808//4806 4807//4806
f 4806//4807 4807//4807 4805//4807
f 4807//4808 4808//4808 4805//4808
f 4809//4809 4811//4809 4810//4809
f 4809//4810 4812//4810 4811//4810
f 4810//4811 4811//4811 4809//4811
f 4811//4812 4812//4812 4809//4812
f 4813//4813 4815//4813 4814//4813
f 4813//4814 4816//4814 4815//4814
f 4814//4815 4815//4815 4813//4815
f 4815//4816 4816//4816 4813//4816
f 4817//4817 4819//4817 4818//4817
f 4817//4818 4820//4818 4819//4818
f 4818//4819 4819//4819 4817//4819
f 4819//4820 4820//4820 4817//4820
f 4821//4821 4823//4821 4822//4821
f 4821//4822 4824//4822 4823//4822
f 4822//4823 4823//4823 4821//4823
f 4823//4824 4824//4824 4821//4824
f 4825//4825 4827//4825 4826//4825
f 4825//4826 4828//4826 4827//4826
f 4826//4827 4827//4827 4825//4827
f 4827//4828 4828//4828 4825//4828
f 4829//4829 4831//4829 4830//4829
f 4829//4830 4832//4830 4831//4830
f 4830//4831 4831//4831 4829//4831
f 4831//4832 4832//4832 4829//4832
f 4833//4833 4835//4833 4834//4833
f 4833//4834 4836//4834 4835//4834
f 4834//4835 4835//4835 4833//4835
f 4835//4836 4836//4836 4833//4836
f 4837//4837 4839//4837 4838//4837
f 4837//4838 4840//4838 4839//4838
f 4838//4839 4839//4839 4837//4839
f 4839//4840 4840//4840 4837//4840
f 4841//4841 4843//4841 4842//4841
f 4841//4842 4844//4842 4843//4842
f 4842//4843 4843//4843 4841//4843
f 4843//4844 4844//4844 4841//4844
f 4845//4845 4847//4845 4846//4845
f 4845//4846 4848//4846 4847//4846
f 4846//4847 4847//4847 4845//4847
f 4847//4848 4848//4848 4845//4848
f 4849//4849 4851//4849 4850//4849
f 4849//4850 4852//4850 4851//4850
f 4850//4851 4851//4851 4849//4851
f 4851//4852 4852//4852 4849//4852
f 4853//4853 4855//4853 4854//4853
f 4853//4854 4856//4854 4855//4854
f 4854//4855 4855//4855 4853//4855
f 4855//4856 4856//4856 4853//4856
f 4857//4857 4859//4857 4858//4857
f 4857//4858 4860//4858 4859//4858
f 4858//4859 4859//4859 4857//4859
f 4859//4860 4860//4860 4857//4860
f 4861//4861 4863//4861 4862//4861
f 4861//4862 4864//4862 4863//4862
f 4862//4863 4863//4863 4861//4863
f 4863//4864 4864//4864 4861//4864
f 4865//4865 4867//4865 4866//4865
f 4865//4866 4868//4866 4867//4866
f 4866//4867 4867//4867 4865//4867
f 4867//4868 4868//4868 4865//4868
f 4869//4869 4871//4869 4870//4869
f 4869//4870 4872//4870 4871//4870
f 4870//4871 4871//4871 4869//4871
f 4871//4872 4872//4872 4869//4872
f 4873//4873 4875//4873 4874//4873
f 4873//4874 4876//4874 4875//4874
f 4874//4875 4875//4875 4873//4875
f 4875//4876 4876//4876 4873//4876
f 4877//4877 4879//4877 4878//4877
f 4877//4878 4880//4878 4879//4878
f 4878//4879 4879//4879 4877//4879
f 4879//4880 4880//4880 4877//4880
f 4881//4881 4883//4881 4882//4881
f 4881//4882 4884//4882 4883//4882
f 4882//4883 4883//4883 4881//4883
f 4883//4884 4884//4884 4881//4884
f 4885//4885 4887//4885 4886//4885
f 4885//4886 4888//4886 4887//4886
f 4886//4887 4887//4887 4885//4887
f 4887//4888 4888//4888 4885//4888
f 4889//4889 4891//4889 4890//4889
f 4889//4890 4892//4890 4891//4890
f 4890//4891 4891//4891 4889//4891
f 4891//4892 4892//4892 4889//4892
f 4893//4893 4895//4893 4894//4893
f 4893//4894 4896//4894 4895//4894
f 4894//4895 4895//4895 4893//4895
f 4895//4896 4896//4896 4893//4896
f 4897//4897 4899//4897 4898//4897
f 4897//4898 4900//4898 4899//4898
f 4898//4899 4899//4899 4897//4899
f 4899//4900 4900//4900 4897//4900
f 4901//4901 4903//4901 4902//4901
f 4901//4902 4904//4902 4903//4902
f 4902//4903 4903//4903 4901//4903
f 4903//4904 4904//4904 4901//4904
f 4905//4905 4907//4905 4906//4905
f 4905//4906 4908//4906 4907//4906
f 4906//4907 4907//4907 4905//4907
f 4907//4908 4908//4908 4905//4908
f 4909//4909 4911//4909 4910//4909
f 4909//4910 4912//4910 4911//4910
f 4910//4911 4911//4911 4909//4911
f 4911//4912 4912//4912 4909//4912
f 4913//4913 4915//4913 4914//4913
f 4913//4914 4916//4914 4915//4914
f 4914//4915 4915//4915 4913//4915
f 4915//4916 4916//4916 4913//4916
f 4917//4917 4919//4917 4918//4917
f 4917//4918 4920//4918 4919//4918
f 4918//4919 4919//4919 4917//4919
f 4919//4920 4920//4920 4917//4920
f 4921//4921 4923//4921 4922//4921
f 4921//4922 4924//4922 4923//4922
f 4922//4923 4923//4923 4921//4923
f 4923//4924 4924//4924 4921//4924
f 4925//4925 4927//4925 4926//4925
f 4925//4926 4928//4926 4927//4926
f 4926//4927 4927//4927 4925//4927
f 4927//4928 4928//4928 4925//4928
f 4929//4929 4931//4929 4930//4929
f 4929//4930 4932//4930 4931//4930
f 4930//4931 4931//4931 4929//4931
f 4931//4932 4932//4932 4929//4932
f 4933//4933 4935//4933 4934//4933
f 4933//4934 4936//4934 4935//4934
f 4934//4935 4935//4935 4933//4935
f 4935//4936 4936//4936 4933//4936
f 4937//4937 4939//4937 4938//4937
f 4937//4938 4940//4938 4939//4938
f 4938//4939 4939//4939 4937//4939
f 4939//4940 4940//4940 4937//4940
f 4941//4941 4943//4941 4942//4941
f 4941//4942 4944//4942 4943//4942
f 4942//4943 4943//4943 4941//4943
f 4943//4944 4944//4944 4941//4944
f 4945//4945 4947//4945 4946//4945
f 4945//4946 4948//4946 4947//4946
f 4946//4947 4947//4947 4945//4947
f 4947//4948 4948//4948 4945//4948
f 4949//4949 4951//4949 4950//4949
f 4949//4950 4952//4950 4951//4950
f 4950//4951 4951//4951 4949//4951
f 4951//4952 4952//4952 4949//4952
f 4953//4953 4955//4953 4954//4953
f 4953//4954 4956//4954 4955//4954
f 4954//4955 4955//4955 4953//4955
f 4955//4956 4956//4956 4953//4956
f 4957//4957 4959//4957 4958//4957
f 4957//4958 4960//4958 4959//4958
f 4958//4959 4959//4959 4957//4959
f 4959//4960 4960//4960 4957//4960
f 4961//4961 4963//4961 4962//4961
f 4961//4962 4964//4962 4963//4962
f 4962//4963 4963//4963 4961//4963
f 4963//4964 4964//4964 4961//4964
f 4965//4965 4967//4965 4966//4965
f 4965//4966 4968//4966 4967//4966
f 4966//4967 4967//4967 4965//4967
f 4967//4968 4968//4968 4965//4968
f 4969//4969 4971//4969 4970//4969
f 4969//4970 4972//4970 4971//4970
f 4970//4971 4971//4971 4969//4971
f 4971//4972 4972//4972 4969//4972
f 4973//4973 4975//4973 4974//4973
f 4973//4974 4976//4974 4975//4974
f 4974//4975 4975//4975 4973//4975
f 4975//4976 4976//4976 4973//4976
f 4977//4977 4979//4977 4978//4977
f 4977//4978 4980//4978 4979//4978
f 4978//4979 4979//4979 4977//4979
f 4979//4980 4980//4980 4977//4980
f 4981//4981 4983//4981 4982//4981
f 4981//4982 4984//4982 4983//4982
f 4982//4983 4983//4983 4981//4983
f 4983//4984 4984//4984 4981//4984
f 4985//4985 4987//4985 4986//4985
f 4985//4986 4988//4986 4987//4986
f 4986//4987 4987//4987 4985//4987
f 4987//4988 4988//4988 4985//4988
f 4989//4989 4991//4989 4990//4989
f 4989//4990 4992//4990 4991//4990
f 4990//4991 4991//4991 4989//4991
f 4991//4992 4992//4992 4989//4992
f 4993//4993 4995//4993 4994//4993
f 4993//4994 4996//4994 4995//4994
f 4994//4995 4995//4995 4993//4995
f 4995//4996 4996//4996 4993//4996
f 4997//4997 4999//4997 4998//4997
f 4997//4998 5000//4998 4999//4998
f 4998//4999 4999//4999 4997//4999
f 4999//5000 5000//5000 4997//5000
f 5001//5001 5003//5001 5002//5001
f 5001//5002 5004//5002 5003//5002
f 5002//5003 5003//5003 5001//5003
f 5003//5004 5004//5004 5001//5004
f 5005//5005 5007//5005 5006//5005
f 5005//5006 5008//5006 5007//5006
f 5006//5007 5007//5007 5005//5007
f 5007//5008 5008//5008 5005//5008
f 5009//5009 5011//5009 5010//5009
f 5009//5010 5012//5010 5011//5010
f 5010//5011 5011//5011 5009//5011
f 5011//5012 5012//5012 5009//5012
f 5013//5013 5015//5013 5014//5013
f 5013//5014 5016//5014 5015//5014
f 5014//5015 5015//5015 5013//5015
f 5015//5016 5016//5016 5013//5016
f 5017//5017 5019//5017 5018//5017
f 5017//5018 5020//5018 5019//5018
f 5018//5019 5019//5019 5017//5019
f 5019//5020 5020//5020 5017//5020
f 5021//5021 5023//5021 5022//5021
f 5021//5022 5024//5022 5023//5022
f 5022//5023 5023//5023 5021//5023
f 5023//5024 5024//5024 5021//5024
f 5025//5025 5027//5025 5026//5025
f 5025//5026 5028//5026 5027//5026
f 5026//5027 5027//5027 5025//5027
f 5027//5028 5028//5028 5025//5028
f 5029//5029 5031//5029 5030//5029
f 5029//5030 5032//5030 5031//5030
f 5030//5031 5031//5031 5029//5031
f 5031//5032 5032//5032 5029//5032
f 5033//5033 5035//5033 5034//5033
f 5033//5034 5036//5034 5035//5034
f 5034//5035 5035//5035 5033//5035
f 5035//5036 5036//5036 5033//5036
f 5037//5037 5039//5037 5038//5037
f 5037//5038 5040//5038 5039//5038
f 5038//5039 5039//5039 5037//5039
f 5039//5040 5040//5040 5037//5040
f 5041//5041 5043//5041 5042//5041
f 5041//5042 5044//5042 5043//5042
f 5042//5043 5043//5043 5041//5043
f 5043//5044 5044//5044 5041//5044
f 5045//5045 5047//5045 5046//5045
f 5045//5046 5048//5046 5047//5046
f 5046//5047 5047//5047 5045//5047
f 5047//5048 5048//5048 5045//5048
f 5049//5049 5051//5049 5050//5049
f 5049//5050 5052//5050 5051//5050
f 5050//5051 5051//5051 5049//5051
f 5051//5052 5052//5052 5049//5052
f 5053//5053 5055//5053 5054//5053
f 5053//5054 5056//5054 5055//5054
f 5054//5055 5055//5055 5053//5055
f 5055//5056 5056//5056 5053//5056
f 5057//5057 5059//5057 5058//5057
f 5057//5058 5060//5058 5059//5058
f 5058//5059 5059//5059 5057//5059
f 5059//5060 5060//5060 5057//5060
f 5061//5061 5063//5061 5062//5061
f 5061//5062 5064//5062 5063//5062
f 5062//5063 5063//5063 5061//5063
f 5063//5064 5064//5064 5061//5064
f 5065//5065 5067//5065 5066//5065
f 5065//5066 5068//5066 5067//5066
f 5066//5067 5067//5067 5065//5067
f 5067//5068 5068//5068 5065//5068
f 5069//5069 5071//5069 5070//5069
f 5069//5070 5072//5070 5071//5070
f 5070//5071 5071//5071 5069//5071
f 5071//5072 5072//5072 5069//5072
f 5073//5073 5075//5073 5074//5073
f 5073//5074 5076//5074 5075//5074
f 5074//5075 5075//5075 5073//5075
f 5075//5076 5076//5076 5073//5076
f 5077//5077 5079//5077 5078//5077
f 5077//5078 5080//5078 5079//5078
f 5078//5079 5079//5079 5077//5079
f 5079//5080 5080//5080 5077//5080
f 5081//5081 5083//5081 5082//5081
f 5081//5082 5084//5082 5083//5082
f 5082//5083 5083//5083 5081//5083
f 5083//5084 5084//5084 5081//5084
f 5085//5085 5087//5085 5086//5085
f 5085//5086 5088//5086 5087//5086
f 5086//5087 5087//5087 5085//5087
f 5087//5088 5088//5088 5085//5088
f 5089//5089 5091//5089 5090//5089
f 5089//5090 5092//5090 5091//5090
f 5090//5091 5091//5091 5089//5091
f 5091//5092 5092//5092 5089//5092
f 5093//5093 5095//5093 5094//5093
f 5093//5094 5096//5094 5095//5094
f 5094//5095 5095//5095 5093//5095
f 5095//5096 5096//5096 5093//5096
f 5097//5097 5099//5097 5098//5097
f 5097//5098 5100//5098 5099//5098
f 5098//5099 5099//5099 5097//5099
f 5099//5100 5100//5100 5097//5100
f 5101//5101 5103//5101 5102//5101
f 5101//5102 5104//5102 5103//5102
f 5102//5103 5103//5103 5101//5103
f 5103//5104 5104//5104 5101//5104
f 5105//5105 5107//5105 5106//5105
f 5105//5106 5108//5106 5107//5106
f 5106//5107 5107//5107 5105//5107
f 5107//5108 5108//5108 5105//5108
f 5109//5109 5111//5109 5110//5109
f 5109//5110 5112//5110 5111//5110
f 5110//5111 5111//5111 5109//5111
f 5111//5112 5112//5112 5109//5112
f 5113//5113 5115//5113 5114//5113
f 5113//5114 5116//5114 5115//5114
f 5114//5115 5115//5115 5113//5115
f 5115//5116 5116//5116 5113//5116
f 5117//5117 5119//5117 5118//5117
f 5117//5118 5120//5118 5119//5118
f 5118//5119 5119//5119 5117//5119
f 5119//5120 5120//5120 5117//5120
f 5121//5121 5123//5121 5122//5121
f 5121//5122 5124//5122 5123//5122
f 5122//5123 5123//5123 5121//5123
f 5123//5124 5124//5124 5121//5124
f 5125//5125 5127//5125 5126//5125
f 5125//5126 5128//5126 5127//5126
f 5126//5127 5127//5127 5125//5127
f 5127//5128 5128//5128 5125//5128
f 5129//5129 5131//5129 5130//5129
f 5129//5130 5132//5130 5131//5130
f 5130//5131 5131//5131 5129//5131
f 5131//5132 5132//5132 5129//5132
f 5133//5133 5135//5133 5134//5133
f 5133//5134 5136//5134 5135//5134
f 5134//5135 5135//5135 5133//5135
f 5135//5136 5136//5136 5133//5136
f 5137//5137 5139//5137 5138//5137
f 5137//5138 5140//5138 5139//5138
f 5138//5139 5139//5139 5137//5139
f 5139//5140 5140//5140 5137//5140
f 5141//5141 5143//5141 5142//5141
f 5141//5142 5144//5142 5143//5142
f 5142//5143 5143//5143 5141//5143
f 5143//5144 5144//5144 5141//5144
f 5145//5145 5147//5145 5146//5145
f 5145//5146 5148//5146 5147//5146
f 5146//5147 5147//5147 5145//5147
f 5147//5148 5148//5148 5145//5148
f 5149//5149 5151//5149 5150//5149
f 5149//5150 5152//5150 5151//5150
f 5150//5151 5151//5151 5149//5151
f 5151//5152 5152//5152 5149//5152
f 5153//5153 5155//5153 5154//5153
f 5153//5154 5156//5154 5155//5154
f 5154//5155 5155//5155 5153//5155
f 5155//5156 5156//5156 5153//5156
f 5157//5157 5159//5157 5158//5157
f 5157//5158 5160//5158 5159//5158
f 5158//5159 5159//5159 5157//5159
f 5159//5160 5160//5160 5157//5160
f 5161//5161 5163//5161 5162//5161
f 5161//5162 5164//5162 5163//5162
f 5162//5163 5163//5163 5161//5163
f 5163//5164 5164//5164 5161//5164
f 5165//5165 5167//5165 5166//5165
f 5165//5166 5168//5166 5167//5166
f 5166//5167 5167//5167 5165//5167
f 5167//5168 5168//5168 5165//5168
f 5169//5169 5171//5169 5170//5169
f 5169//5170 5172//5170 5171//5170
f 5170//5171 5171//5171 5169//5171
f 5171//5172 5172//5172 5169//5172
f 5173//5173 5175//5173 5174//5173
f 5173//5174 5176//5174 5175//5174
f 5174//5175 5175//5175 5173//5175
f 5175//5176 5176//5176 5173//5176
f 5177//5177 5179//5177 5178//5177
f 5177//5178 5180//5178 5179//5178
f 5178//5179 5179//5179 5177//5179
f 5179//5180 5180//5180 5177//5180
f 5181//5181 5183//5181 5182//5181
f 5181//5182 5184//5182 5183//5182
f 5182//5183 5183//5183 5181//5183
f 5183//5184 5184//5184 5181//5184
f 5185//5185 5187//5185 5186//5185
f 5185//5186 5188//5186 5187//5186
f 5186//5187 5187//5187 5185//5187
f 5187//5188 5188//5188 5185//5188
f 5189//5189 5191//5189 5190//5189
f 5189//5190 5192//5190 5191//5190
f 5190//5191 5191//5191 5189//5191
f 5191//5192 5192//5192 5189//5192
f 5193//5193 5195//5193 5194//5193
f 5193//5194 5196//5194 5195//5194
f 5194//5195 5195//5195 5193//5195
f 5195//5196 5196//5196 5193//5196
f 5197//5197 5199//5197 5198//5197
f 5197//5198 5200//5198 5199//5198
f 5198//5199 5199//5199 5197//5199
f 5199//5200 5200//5200 5197//5200
f 5201//5201 5203//5201 5202//5201
f 5201//5202 5204//5202 5203//5202
f 5202//5203 5203//5203 5201//5203
f 5203//5204 5204//5204 5201//5204
f 5205//5205 5207//5205 5206//5205
f 5205//5206 5208//5206 5207//5206
f 5206//5207 5207//5207 5205//5207
f 5207//5208 5208//5208 5205//5208
f 5209//5209 5211//5209 5210//5209
f 5209//5210 5212//5210 5211//5210
f 5210//5211 5211//5211 5209//5211
f 5211//5212 5212//5212 5209//5212
f 5213//5213 5215//5213 5214//5213
f 5213//5214 5216//5214 5215//5214
f 5214//5215 5215//5215 5213//5215
f 5215//5216 5216//5216 5213//5216
f 5217//5217 5219//5217 5218//5217
f 5217//5218 5220//5218 5219//5218
f 5218//5219 5219//5219 5217//5219
f 5219//5220 5220//5220 5217//5220
f 5221//5221 5223//5221 5222//5221
f 5221//5222 5224//5222 5223//5222
f 5222//5223 5223//5223 5221//5223
f 5223//5224 5224//5224 5221//5224
f 5225//5225 5227//5225 5226//5225
f 5225//5226 5228//5226 5227//5226
f 5226//5227 5227//5227 5225//5227
f 5227//5228 5228//5228 5225//5228
f 5229//5229 5231//5229 5230//5229
f 5229//5230 5232//5230 5231//5230
f 5230//5231 5231//5231 5229//5231
f 5231//5232 5232//5232 5229//5232
f 5233//5233 5235//5233 5234//5233
f 5233//5234 5236//5234 5235//5234
f 5234//5235 5235//5235 5233//5235
f 5235//5236 5236//5236 5233//5236
f 5237//5237 5239//5237 5238//5237
f 5237//5238 5240//5238 5239//5238
f 5238//5239 5239//5239 5237//5239
f 5239//5240 5240//5240 5237//5240
f 5241//5241 5243//5241 5242//5241
f 5241//5242 5244//5242 5243//5242
f 5242//5243 5243//5243 5241//5243
f 5243//5244 5244//5244 5241//5244
f 5245//5245 5247//5245 5246//5245
f 5245//5246 5248//5246 5247//5246
f 5246//5247 5247//5247 5245//5247
f 5247//5248 5248//5248 5245//5248
f 5249//5249 5251//5249 5250//5249
f 5249//5250 5252//5250 5251//5250
f 5250//5251 5251//5251 5249//5251
f 5251//5252 5252//5252 5249//5252
f 5253//5253 5255//5253 5254//5253
f 5253//5254 5256//5254 5255//5254
f 5254//5255 5255//5255 5253//5255
f 5255//5256 5256//5256 5253//5256
f 5257//5257 5259//5257 5258//5257
f 5257//5258 5260//5258 5259//5258
f 5258//5259 5259//5259 5257//5259
f 5259//5260 5260//5260 5257//5260
f 5261//5261 5263//5261 5262//5261
f 5261//5262 5264//5262 5263//5262
f 5262//5263 5263//5263 5261//5263
f 5263//5264 5264//5264 5261//5264
f 5265//5265 5267//5265 5266//5265
f 5265//5266 5268//5266 5267//5266
f 5266//5267 5267//5267 5265//5267
f 5267//5268 5268//5268 5265//5268
f 5269//5269 5271//5269 5270//5269
f 5269//5270 5272//5270 5271//5270
f 5270//5271 5271//5271 5269//5271
f 5271//5272 5272//5272 5269//5272
f 5273//5273 5275//5273 5274//5273
f 5273//5274 5276//5274 5275//5274
f 5274//5275 5275//5275 5273//5275
f 5275//5276 5276//5276 5273//5276
f 5277//5277 5279//5277 5278//5277
f 5277//5278 5280//5278 5279//5278
f 5278//5279 5279//5279 5277//5279
f 5279//5280 5280//5280 5277//5280
f 5281//5281 5283//5281 5282//5281
f 5281//5282 5284//5282 5283//5282
f 5282//5283 5283//5283 5281//5283
f 5283//5284 5284//5284 5281//5284
f 5285//5285 5287//5285 5286//5285
f 5285//5286 5288//5286 5287//5286
f 5286//5287 5287//5287 5285//5287
f 5287//5288 5288//5288 5285//5288
f 5289//5289 5291//5289 5290//5289
f 5289//5290 5292//5290 5291//5290
f 5290//5291 5291//5291 5289//5291
f 5291//5292 5292//5292 5289//5292
f 5293//5293 5295//5293 5294//5293
f 5293//5294 5296//5294 5295//5294
f 5294//5295 5295//5295 5293//5295
f 5295//5296 5296//5296 5293//5296
f 5297//5297 5299//5297 5298//5297
f 5297//5298 5300//5298 5299//5298
f 5298//5299 5299//5299 5297//5299
f 5299//5300 5300//5300 5297//5300
f 5301//5301 5303//5301 5302//5301
f 5301//5302 5304//5302 5303//5302
f 5302//5303 5303//5303 5301//5303
f 5303//5304 5304//5304 5301//5304
f 5305//5305 5307//5305 5306//5305
f 5305//5306 5308//5306 5307//5306
f 5306//5307 5307//5307 5305//5307
f 5307//5308 5308//5308 5305//5308
f 5309//5309 5311//5309 5310//5309
f 5309//5310 5312//5310 5311//5310
f 5310//5311 5311//5311 5309//5311
f 5311//5312 5312//5312 5309//5312
f 5313//5313 5315//5313 5314//5313
f 5313//5314 5316//5314 5315//5314
f 5314//5315 5315//5315 5313//5315
f 5315//5316 5316//5316 5313//5316
f 5317//5317 5319//5317 5318//5317
f 5317//5318 5320//5318 5319//5318
f 5318//5319 5319//5319 5317//5319
f 5319//5320 5320//5320 5317//5320
f 5321//5321 5323//5321 5322//5321
f 5321//5322 5324//5322 5323//5322
f 5322//5323 5323//5323 5321//5323
f 5323//5324 5324//5324 5321//5324
f 5325//5325 5327//5325 5326//5325
f 5325//5326 5328//5326 5327//5326
f 5326//5327 5327//5327 5325//5327
f 5327//5328 5328//5328 5325//5328
f 5329//5329 5331//5329 5330//5329
f 5329//5330 5332//5330 5331//5330
f 5330//5331 5331//5331 5329//5331
f 5331//5332 5332//5332 5329//5332
f 5333//5333 5335//5333 5334//5333
f 5333//5334 5336//5334 5335//5334
f 5334//5335 5335//5335 5333//5335
f 5335//5336 5336//5336 5333//5336
f 5337//5337 5339//5337 5338//5337
f 5337//5338 5340//5338 5339//5338
f 5338//5339 5339//5339 5337//5339
f 5339//5340 5340//5340 5337//5340
f 5341//5341 5343//5341 5342//5341
f 5341//5342 5344//5342 5343//5342
f 5342//5343 5343//5343 5341//5343
f 5343//5344 5344//5344 5341//5344
f 5345//5345 5347//5345 5346//5345
f 5345//5346 5348//5346 5347//5346
f 5346//5347 5347//5347 5345//5347
f 5347//5348 5348//5348 5345//5348
f 5349//5349 5351//5349 5350//5349
f 5349//5350 5352//5350 5351//5350
f 5350//5351 5351//5351 5349//5351
f 5351//5352 5352//5352 5349//5352
f 5353//5353 5355//5353 5354//5353
f 5353//5354 5356//5354 5355//5354
f 5354//5355 5355//5355 5353//5355
f 5355//5356 5356//5356 5353//5356
f 5357//5357 5359//5357 5358//5357
f 5357//5358 5360//5358 5359//5358
f 5358//5359 5359//5359 5357//5359
f 5359//5360 5360//5360 5357//5360
f 5361//5361 5363//5361 5362//5361
f 5361//5362 5364//5362 5363//5362
f 5362//5363 5363//5363 5361//5363
f 5363//5364 5364//5364 5361//5364
f 5365//5365 5367//5365 5366//5365
f 5365//5366 5368//5366 5367//5366
f 5366//5367 5367//5367 5365//5367
f 5367//5368 5368//5368 5365//5368
f 5369//5369 5371//5369 5370//5369
f 5369//5370 5372//5370 5371//5370
f 5370//5371 5371//5371 5369//5371
f 5371//5372 5372//5372 5369//5372
f 5373//5373 5375//5373 5374//5373
f 5373//5374 5376//5374 5375//5374
f 5374//5375 5375//5375 5373//5375
f 5375//5376 5376//5376 5373//5376
f 5377//5377 5379//5377 5378//5377
f 5377//5378 5380//5378 5379//5378
f 5378//5379 5379//5379 5377//5379
f 5379//5380 5380//5380 5377//5380
f 5381//5381 5383//5381 5382//5381
f 5381//5382 5384//5382 5383//5382
f 5382//5383 5383//5383 5381//5383
f 5383//5384 5384//5384 5381//5384
f 5385//5385 5387//5385 5386//5385
f 5385//5386 5388//5386 5387//5386
f 5386//5387 5387//5387 5385//5387
f 5387//5388 5388//5388 5385//5388
f 5389//5389 5391//5389 5390//5389
f 5389//5390 5392//5390 5391//5390
f 5390//5391 5391//5391 5389//5391
f 5391//5392 5392//5392 5389//5392
f 5393//5393 5395//5393 5394//5393
f 5393//5394 5396//5394 5395//5394
f 5394//5395 5395//5395 5393//5395
f 5395//5396 5396//5396 5393//5396
f 5397//5397 5399//5397 5398//5397
f 5397//5398 5400//5398 5399//5398
f 5398//5399 5399//5399 5397//5399
f 5399//5400 5400//5400 5397//5400
f 5401//5401 5403//5401 5402//5401
f 5401//5402 5404//5402 5403//5402
f 5402//5403 5403//5403 5401//5403
f 5403//5404 5404//5404 5401//5404
f 5405//5405 5407//5405 5406//5405
f 5405//5406 5408//5406 5407//5406
f 5406//5407 5407//5407 5405//5407
f 5407//5408 5408//5408 5405//5408
f 5409//5409 5411//5409 5410//5409
f 5409//5410 5412//5410 5411//5410
f 5410//5411 5411//5411 5409//5411
f 5411//5412 5412//5412 5409//5412
f 5413//5413 5415//5413 5414//5413
f 5413//5414 5416//5414 5415//5414
f 5414//5415 5415//5415 5413//5415
f 5415//5416 5416//5416 5413//5416
f 5417//5417 5419//5417 5418//5417
f 5417//5418 5420//5418 5419//5418
f 5418//5419 5419//5419 5417//5419
f 5419//5420 5420//5420 5417//5420
f 5421//5421 5423//5421 5422//5421
f 5421//5422 5424//5422 5423//5422
f 5422//5423 5423//5423 5421//5423
f 5423//5424 5424//5424 5421//5424
f 5425//5425 5427//5425 5426//5425
f 5425//5426 5428//5426 5427//5426
f 5426//5427 5427//5427 5425//5427
f 5427//5428 5428//5428 5425//5428
f 5429//5429 5431//5429 5430//5429
f 5429//5430 5432//5430 5431//5430
f 5430//5431 5431//5431 5429//5431
f 5431//5432 5432//5432 5429//5432
f 5433//5433 5435//5433 5434//5433
f 5433//5434 5436//5434 5435//5434
f 5434//5435 5435//5435 5433//5435
f 5435//5436 5436//5436 5433//5436
f 5437//5437 5439//5437 5438//5437
f 5437//5438 5440//5438 5439//5438
f 5438//5439 5439//5439 5437//5439
f 5439//5440 5440//5440 5437//5440
f 5441//5441 5443//5441 5442//5441
f 5441//5442 5444//5442 5443//5442
f 5442//5443 5443//5443 5441//5443
f 5443//5444 5444//5444 5441//5444
f 5445//5445 5447//5445 5446//5445
f 5445//5446 5448//5446 5447//5446
f 5446//5447 5447//5447 5445//5447
f 5447//5448 5448//5448 5445//5448
f 5449//5449 5451//5449 5450//5449
f 5449//5450 5452//5450 5451//5450
f 5450//5451 5451//5451 5449//5451
f 5451//5452 5452//5452 5449//5452
f 5453//5453 5455//5453 5454//5453
f 5453//5454 5456//5454 5455//5454
f 5454//5455 5455//5455 5453//5455
f 5455//5456 5456//5456 5453//5456
f 5457//5457 5459//5457 5458//5457
f 5457//5458 5460//5458 5459//5458
f 5458//5459 5459//5459 5457//5459
f 5459//5460 5460//5460 5457//5460
f 5461//5461 5463//5461 5462//5461
f 5461//5462 5464//5462 5463//5462
f 5462//5463 5463//5463 5461//5463
f 5463//5464 5464//5464 5461//5464
f 5465//5465 5467//5465 5466//5465
f 5465//5466 5468//5466 5467//5466
f 5466//5467 5467//5467 5465//5467
f 5467//5468 5468//5468 5465//5468
f 5469//5469 5471//5469 5470//5469
f 5469//5470 5472//5470 5471//5470
f 5470//5471 5471//5471 5469//5471
f 5471//5472 5472//5472 5469//5472
f 5473//5473 5475//5473 5474//5473
f 5473//5474 5476//5474 5475//5474
f 5474//5475 5475//5475 5473//5475
f 5475//5476 5476//5476 5473//5476
f 5477//5477 5479//5477 5478//5477
f 5477//5478 5480//5478 5479//5478
f 5478//5479 5479//5479 5477//5479
f 5479//5480 5480//5480 5477//5480
f 5481//5481 5483//5481 5482//5481
f 5481//5482 5484//5482 5483//5482
f 5482//5483 5483//5483 5481//5483
f 5483//5484 5484//5484 5481//5484
f 5485//5485 5487//5485 5486//5485
f 5485//5486 5488//5486 5487//5486
f 5486//5487 5487//5487 5485//5487
f 5487//5488 5488//5488 5485//5488
f 5489//5489 5491//5489 5490//5489
f 5489//5490 5492//5490 5491//5490
f 5490//5491 5491//5491 5489//5491
f 5491//5492 5492//5492 5489//5492
f 5493//5493 5495//5493 5494//5493
f 5493//5494 5496//5494 5495//5494
f 5494//5495 5495//5495 5493//5495
f 5495//5496 5496//5496 5493//5496
f 5497//5497 5499//5497 5498//5497
f 5497//5498 5500//5498 5499//5498
f 5498//5499 5499//5499 5497//5499
f 5499//5500 5500//5500 5497//5500
f 5501//5501 5503//5501 5502//5501
f 5501//5502 5504//5502 5503//5502
f 5502//5503 5503//5503 5501//5503
f 5503//5504 5504//5504 5501//5504
f 5505//5505 5507//5505 5506//5505
f 5505//5506 5508//5506 5507//5506
f 5506//5507 5507//5507 5505//5507
f 5507//5508 5508//5508 5505//5508
f 5509//5509 5511//5509 5510//5509
f 5509//5510 5512//5510 5511//5510
f 5510//5511 5511//5511 5509//5511
f 5511//5512 5512//5512 5509//5512
f 5513//5513 5515//5513 5514//5513
f 5513//5514 5516//5514 5515//5514
f 5514//5515 5515//5515 5513//5515
f 5515//5516 5516//5516 5513//5516
f 5517//5517 5519//5517 5518//5517
f 5517//5518 5520//5518 5519//5518
f 5518//5519 5519//5519 5517//5519
f 5519//5520 5520//5520 5517//5520
f 5521//5521 5523//5521 5522//5521
f 5521//5522 5524//5522 5523//5522
f 5522//5523 5523//5523 5521//5523
f 5523//5524 5524//5524 5521//5524
f 5525//5525 5527//5525 5526//5525
f 5525//5526 5528//5526 5527//5526
f 5526//5527 5527//5527 5525//5527
f 5527//5528 5528//5528 5525//5528
f 5529//5529 5531//5529 5530//5529
f 5529//5530 5532//5530 5531//5530
f 5530//5531 5531//5531 5529//5531
f 5531//5532 5532//5532 5529//5532
f 5533//5533 5535//5533 5534//5533
f 5533//5534 5536//5534 5535//5534
f 5534//5535 5535//5535 5533//5535
f 5535//5536 5536//5536 5533//5536
f 5537//5537 5539//5537 5538//5537
f 5537//5538 5540//5538 5539//5538
f 5538//5539 5539//5539 5537//5539
f 5539//5540 5540//5540 5537//5540
f 5541//5541 5543//5541 5542//5541
f 5541//5542 5544//5542 5543//5542
f 5542//5543 5543//5543 5541//5543
f 5543//5544 5544//5544 5541//5544
f 5545//5545 5547//5545 5546//5545
f 5545//5546 5548//5546 5547//5546
f 5546//5547 5547//5547 5545//5547
f 5547//5548 5548//5548 5545//5548
f 5549//5549 5551//5549 5550//5549
f 5549//5550 5552//5550 5551//5550
f 5550//5551 5551//5551 5549//5551
f 5551//5552 5552//5552 5549//5552
f 5553//5553 5555//5553 5554//5553
f 5553//5554 5556//5554 5555//5554
f 5554//5555 5555//5555 5553//5555
f 5555//5556 5556//5556 5553//5556
f 5557//5557 5559//5557 5558//5557
f 5557//5558 5560//5558 5559//5558
f 5558//5559 5559//5559 5557//5559
f 5559//5560 5560//5560 5557//5560
f 5561//5561 5563//5561 5562//5561
f 5561//5562 5564//5562 5563//5562
f 5562//5563 5563//5563 5561//5563
f 5563//5564 5564//5564 5561//5564
f 5565//5565 5567//5565 5566//5565
f 5565//5566 5568//5566 5567//5566
f 5566//5567 5567//5567 5565//5567
f 5567//5568 5568//5568 5565//5568
f 5569//5569 5571//5569 5570//5569
f 5569//5570 5572//5570 5571//5570
f 5570//5571 5571//5571 5569//5571
f 5571//5572 5572//5572 5569//5572
f 5573//5573 5575//5573 5574//5573
f 5573//5574 5576//5574 5575//5574
f 5574//5575 5575//5575 5573//5575
f 5575//5576 5576//5576 5573//5576
f 5577//5577 5579//5577 5578//5577
f 5577//5578 5580//5578 5579//5578
f 5578//5579 5579//5579 5577//5579
f 5579//5580 5580//5580 5577//5580
f 5581//5581 5583//5581 5582//5581
f 5581//5582 5584//5582 5583//5582
f 5582//5583 5583//5583 5581//5583
f 5583//5584 5584//5584 5581//5584
f 5585//5585 5587//5585 5586//5585
f 5585//5586 5588//5586 5587//5586
f 5586//5587 5587//5587 5585//5587
f 5587//5588 5588//5588 5585//5588
f 5589//5589 5591//5589 5590//5589
f 5589//5590 5592//5590 5591//5590
f 5590//5591 5591//5591 5589//5591
f 5591//5592 5592//5592 5589//5592
f 5593//5593 5595//5593 5594//5593
f 5593//5594 5596//5594 5595//5594
f 5594//5595 5595//5595 5593//5595
f 5595//5596 5596//5596 5593//5596
f 5597//5597 5599//5597 5598//5597
f 5597//5598 5600//5598 5599//5598
f 5598//5599 5599//5599 5597//5599
f 5599//5600 5600//5600 5597//5600
f 5601//5601 5603//5601 5602//5601
f 5601//5602 5604//5602 5603//5602
f 5602//5603 5603//5603 5601//5603
f 5603//5604 5604//5604 5601//5604
f 5605//5605 5607//5605 5606//5605
f 5605//5606 5608//5606 5607//5606
f 5606//5607 5607//5607 5605//5607
f 5607//5608 5608//5608 5605//5608
f 5609//5609 5611//5609 5610//5609
f 5609//5610 5612//5610 5611//5610
f 5610//5611 5611//5611 5609//5611
f 5611//5612 5612//5612 5609//5612
f 5613//5613 5615//5613 5614//5613
f 5613//5614 5616//5614 5615//5614
f 5614//5615 5615//5615 5613//5615
f 5615//5616 5616//5616 5613//5616
f 5617//5617 5619//5617 5618//5617
f 5617//5618 5620//5618 5619//5618
f 5618//5619 5619//5619 5617//5619
f 5619//5620 5620//5620 5617//5620
f 5621//5621 5623//5621 5622//5621
f 5621//5622 5624//5622 5623//5622
f 5622//5623 5623//5623 5621//5623
f 5623//5624 5624//5624 5621//5624
f 5625//5625 5627//5625 5626//5625
f 5625//5626 5628//5626 5627//5626
f 5626//5627 5627//5627 5625//5627
f 5627//5628 5628//5628 5625//5628
f 5629//5629 5631//5629 5630//5629
f 5629//5630 5632//5630 5631//5630
f 5630//5631 5631//5631 5629//5631
f 5631//5632 5632//5632 5629//5632
f 5633//5633 5635//5633 5634//5633
f 5633//5634 5636//5634 5635//5634
f 5634//5635 5635//5635 5633//5635
f 5635//5636 5636//5636 5633//5636
f 5637//5637 5639//5637 5638//5637
f 5637//5638 5640//5638 5639//5638
f 5638//5639 5639//5639 5637//5639
f 5639//5640 5640//5640 5637//5640
f 5641//5641 5643//5641 5642//5641
f 5641//5642 5644//5642 5643//5642
f 5642//5643 5643//5643 5641//5643
f 5643//5644 5644//5644 5641//5644
f 5645//5645 5647//5645 5646//5645
f 5645//5646 5648//5646 5647//5646
f 5646//5647 5647//5647 5645//5647
f 5647//5648 5648//5648 5645//5648
f 5649//5649 5651//5649 5650//5649
f 5649//5650 5652//5650 5651//5650
f 5650//5651 5651//5651 5649//5651
f 5651//5652 5652//5652 5649//5652
f 5653//5653 5655//5653 5654//5653
f 5653//5654 5656//5654 5655//5654
f 5654//5655 5655//5655 5653//5655
f 5655//5656 5656//5656 5653//5656
f 5657//5657 5659//5657 5658//5657
f 5657//5658 5660//5658 5659//5658
f 5658//5659 5659//5659 5657//5659
f 5659//5660 5660//5660 5657//5660
f 5661//5661 5663//5661 5662//5661
f 5661//5662 5664//5662 5663//5662
f 5662//5663 5663//5663 5661//5663
f 5663//5664 5664//5664 5661//5664
f 5665//5665 5667//5665 5666//5665
f 5665//5666 5668//5666 5667//5666
f 5666//5667 5667//5667 5665//5667
f 5667//5668 5668//5668 5665//5668
f 5669//5669 5671//5669 5670//5669
f 5669//5670 5672//5670 5671//5670
f 5670//5671 5671//5671 5669//5671
f 5671//5672 5672//5672 5669//5672
f 5673//5673 5675//5673 5674//5673
f 5673//5674 5676//5674 5675//5674
f 5674//5675 5675//5675 5673//5675
f 5675//5676 5676//5676 5673//5676
f 5677//5677 5679//5677 5678//5677
f 5677//5678 5680//5678 5679//5678
f 5678//5679 5679//5679 5677//5679
f 5679//5680 5680//5680 5677//5680
f 5681//5681 5683//5681 5682//5681
f 5681//5682 5684//5682 5683//5682
f 5682//5683 5683//5683 5681//5683
f 5683//5684 5684//5684 5681//5684
f 5685//5685 5687//5685 5686//5685
f 5685//5686 5688//5686 5687//5686
f 5686//5687 5687//5687 5685//5687
f 5687//5688 5688//5688 5685//5688
f 5689//5689 5691//5689 5690//5689
f 5689//5690 5692//5690 5691//5690
f 5690//5691 5691//5691 5689//5691
f 5691//5692 5692//5692 5689//5692
f 5693//5693 5695//5693 5694//5693
f 5693//5694 5696//5694 5695//5694
f 5694//5695 5695//5695 5693//5695
f 5695//5696 5696//5696 5693//5696
f 5697//5697 5699//5697 5698//5697
f 5697//5698 5700//5698 5699//5698
f 5698//5699 5699//5699 5697//5699
f 5699//5700 5700//5700 5697//5700
f 5701//5701 5703//5701 5702//5701
f 5701//5702 5704//5702 5703//5702
f 5702//5703 5703//5703 5701//5703
f 5703//5704 5704//5704 5701//5704
f 5705//5705 5707//5705 5706//5705
f 5705//5706 5708//5706 5707//5706
f 5706//5707 5707//5707 5705//5707
f 5707//5708 5708//5708 5705//5708
f 5709//5709 5711//5709 5710//5709
f 5709//5710 5712//5710 5711//5710
f 5710//5711 5711//5711 5709//5711
f 5711//5712 5712//5712 5709//5712
f 5713//5713 5715//5713 5714//5713
f 5713//5714 5716//5714 5715//5714
f 5714//5715 5715//5715 5713//5715
f 5715//5716 5716//5716 5713//5716
f 5717//5717 5719//5717 5718//5717
f 5717//5718 5720//5718 5719//5718
f 5718//5719 5719//5719 5717//5719
f 5719//5720 5720//5720 5717//5720
f 5721//5721 5723//5721 5722//5721
f 5721//5722 5724//5722 5723//5722
f 5722//5723 5723//5723 5721//5723
f 5723//5724 5724//5724 5721//5724
f 5725//5725 5727//5725 5726//5725
f 5725//5726 5728//5726 5727//5726
f 5726//5727 5727//5727 5725//5727
f 5727//5728 5728//5728 5725//5728
f 5729//5729 5731//5729 5730//5729
f 5729//5730 5732//5730 5731//5730
f 5730//5731 5731//5731 5729//5731
f 5731//5732 5732//5732 5729//5732
f 5733//5733 5735//5733 5734//5733
f 5733//5734 5736//5734 5735//5734
f 5734//5735 5735//5735 5733//5735
f 5735//5736 5736//5736 5733//5736
f 5737//5737 5739//5737 5738//5737
f 5737//5738 5740//5738 5739//5738
f 5738//5739 5739//5739 5737//5739
f 5739//5740 5740//5740 5737//5740
f 5741//5741 5743//5741 5742//5741
f 5741//5742 5744//5742 5743//5742
f 5742//5743 5743//5743 5741//5743
f 5743//5744 5744//5744 5741//5744
f 5745//5745 5747//5745 5746//5745
f 5745//5746 5748//5746 5747//5746
f 5746//5747 5747//5747 5745//5747
f 5747//5748 5748//5748 5745//5748
f 5749//5749 5751//5749 5750//5749
f 5749//5750 5752//5750 5751//5750
f 5750//5751 5751//5751 5749//5751
f 5751//5752 5752//5752 5749//5752
f 5753//5753 5755//5753 5754//5753
f 5753//5754 5756//5754 5755//5754
f 5754//5755 5755//5755 5753//5755
f 5755//5756 5756//5756 5753//5756
f 5757//5757 5759//5757 5758//5757
f 5757//5758 5760//5758 5759//5758
f 5758//5759 5759//5759 5757//5759
f 5759//5760 5760//5760 5757//5760
f 5761//5761 5763//5761 5762//5761
f 5761//5762 5764//5762 5763//5762
f 5762//5763 5763//5763 5761//5763
f 5763//5764 5764//5764 5761//5764
f 5765//5765 5767//5765 5766//5765
f 5765//5766 5768//5766 5767//5766
f 5766//5767 5767//5767 5765//5767
f 5767//5768 5768//5768 5765//5768
f 5769//5769 5771//5769 5770//5769
f 5769//5770 5772//5770 5771//5770
f 5770//5771 5771//5771 5769//5771
f 5771//5772 5772//5772 5769//5772
f 5773//5773 5775//5773 5774//5773
f 5773//5774 5776//5774 5775//5774
f 5774//5775 5775//5775 5773//5775
f 5775//5776 5776//5776 5773//5776
f 5777//5777 5779//5777 5778//5777
f 5777//5778 5780//5778 5779//5778
f 5778//5779 5779//5779 5777//5779
f 5779//5780 5780//5780 5777//5780
f 5781//5781 5783//5781 5782//5781
f 5781//5782 5784//5782 5783//5782
f 5782//5783 5783//5783 5781//5783
f 5783//5784 5784//5784 5781//5784
f 5785//5785 5787//5785 5786//5785
f 5785//5786 5788//5786 5787//5786
f 5786//5787 5787//5787 5785//5787
f 5787//5788 5788//5788 5785//5788
f 5789//5789 5791//5789 5790//5789
f 5789//5790 5792//5790 5791//5790
f 5790//5791 5791//5791 5789//5791
f 5791//5792 5792//5792 5789//5792
f 5793//5793 5795//5793 5794//5793
f 5793//5794 5796//5794 5795//5794
f 5794//5795 5795//5795 5793//5795
f 5795//5796 5796//5796 5793//5796
f 5797//5797 5799//5797 5798//5797
f 5797//5798 5800//5798 5799//5798
f 5798//5799 5799//5799 5797//5799
f 5799//5800 5800//5800 5797//5800
f 5801//5801 5803//5801 5802//5801
f 5801//5802 5804//5802 5803//5802
f 5802//5803 5803//5803 5801//5803
f 5803//5804 5804//5804 5801//5804
f 5805//5805 5807//5805 5806//5805
f 5805//5806 5808//5806 5807//5806
f 5806//5807 5807//5807 5805//5807
f 5807//5808 5808//5808 5805//5808
f 5809//5809 5811//5809 5810//5809
f 5809//5810 5812//5810 5811//5810
f 5810//5811 5811//5811 5809//5811
f 5811//5812 5812//5812 5809//5812
f 5813//5813 5815//5813 5814//5813
f 5813//5814 5816//5814 5815//5814
f 5814//5815 5815//5815 5813//5815
f 5815//5816 5816//5816 5813//5816
f 5817//5817 5819//5817 5818//5817
f 5817//5818 5820//5818 5819//5818
f 5818//5819 5819//5819 5817//5819
f 5819//5820 5820//5820 5817//5820
f 5821//5821 5823//5821 5822//5821
f 5821//5822 5824//5822 5823//5822
f 5822//5823 5823//5823 5821//5823
f 5823//5824 5824//5824 5821//5824
f 5825//5825 5827//5825 5826//5825
f 5825//5826 5828//5826 5827//5826
f 5826//5827 5827//5827 5825//5827
f 5827//5828 5828//5828 5825//5828
f 5829//5829 5831//5829 5830//5829
f 5829//5830 5832//5830 5831//5830
f 5830//5831 5831//5831 5829//5831
f 5831//5832 5832//5832 5829//5832
f 5833//5833 5835//5833 5834//5833
f 5833//5834 5836//5834 5835//5834
f 5834//5835 5835//5835 5833//5835
f 5835//5836 5836//5836 5833//5836
f 5837//5837 5839//5837 5838//5837
f 5837//5838 5840//5838 5839//5838
f 5838//5839 5839//5839 5837//5839
f 5839//5840 5840//5840 5837//5840
f 5841//5841 5843//5841 5842//5841
f 5841//5842 5844//5842 5843//5842
f 5842//5843 5843//5843 5841//5843
f 5843//5844 5844//5844 5841//5844
f 5845//5845 5847//5845 5846//5845
f 5845//5846 5848//5846 5847//5846
f 5846//5847 5847//5847 5845//5847
f 5847//5848 5848//5848 5845//5848
f 5849//5849 5851//5849 5850//5849
f 5849//5850 5852//5850 5851//5850
f 5850//5851 5851//5851 5849//5851
f 5851//5852 5852//5852 5849//5852
f 5853//5853 5855//5853 5854//5853
f 5853//5854 5856//5854 5855//5854
f 5854//5855 5855//5855 5853//5855
f 5855//5856 5856//5856 5853//5856
f 5857//5857 5859//5857 5858//5857
f 5857//5858 5860//5858 5859//5858
f 5858//5859 5859//5859 5857//5859
f 5859//5860 5860//5860 5857//5860
f 5861//5861 5863//5861 5862//5861
f 5861//5862 5864//5862 5863//5862
f 5862//5863 5863//5863 5861//5863
f 5863//5864 5864//5864 5861//5864
f 5865//5865 5867//5865 5866//5865
f 5865//5866 5868//5866 5867//5866
f 5866//5867 5867//5867 5865//5867
f 5867//5868 5868//5868 5865//5868
f 5869//5869 5871//5869 5870//5869
f 5869//5870 5872//5870 5871//5870
f 5870//5871 5871//5871 5869//5871
f 5871//5872 5872//5872 5869//5872
f 5873//5873 5875//5873 5874//5873
f 5873//5874 5876//5874 5875//5874
f 5874//5875 5875//5875 5873//5875
f 5875//5876 5876//5876 5873//5876
f 5877//5877 5879//5877 5878//5877
f 5877//5878 5880//5878 5879//5878
f 5878//5879 5879//5879 5877//5879
f 5879//5880 5880//5880 5877//5880
f 5881//5881 5883//5881 5882//5881
f 5881//5882 5884//5882 5883//5882
f 5882//5883 5883//5883 5881//5883
f 5883//5884 5884//5884 5881//5884
f 5885//5885 5887//5885 5886//5885
f 5885//5886 5888//5886 5887//5886
f 5886//5887 5887//5887 5885//5887
f 5887//5888 5888//5888 5885//5888
f 5889//5889 5891//5889 5890//5889
f 5889//5890 5892//5890 5891//5890
f 5890//5891 5891//5891 5889//5891
f 5891//5892 5892//5892 5889//5892
f 5893//5893 5895//5893 5894//5893
f 5893//5894 5896//5894 5895//5894
f 5894//5895 5895//5895 5893//5895
f 5895//5896 5896//5896 5893//5896
f 5897//5897 5899//5897 5898//5897
f 5897//5898 5900//5898 5899//5898
f 5898//5899 5899//5899 5897//5899
f 5899//5900 5900//5900 5897//5900
f 5901//5901 5903//5901 5902//5901
f 5901//5902 5904//5902 5903//5902
f 5902//5903 5903//5903 5901//5903
f 5903//5904 5904//5904 5901//5904
f 5905//5905 5907//5905 5906//5905
f 5905//5906 5908//5906 5907//5906
f 5906//5907 5907//5907 5905//5907
f 5907//5908 5908//5908 5905//5908
f 5909//5909 5911//5909 5910//5909
f 5909//5910 5912//5910 5911//5910
f 5910//5911 5911//5911 5909//5911
f 5911//5912 5912//5912 5909//5912
f 5913//5913 5915//5913 5914//5913
f 5913//5914 5916//5914 5915//5914
f 5914//5915 5915//5915 5913//5915
f 5915//5916 5916//5916 5913//5916
f 5917//5917 5919//5917 5918//5917
f 5917//5918 5920//5918 5919//5918
f 5918//5919 5919//5919 5917//5919
f 5919//5920 5920//5920 5917//5920
f 5921//5921 5923//5921 5922//5921
f 5921//5922 5924//5922 5923//5922
f 5922//5923 5923//5923 5921//5923
f 5923//5924 5924//5924 5921//5924
f 5925//5925 5927//5925 5926//5925
f 5925//5926 5928//5926 5927//5926
f 5926//5927 5927//5927 5925//5927
f 5927//5928 5928//5928 5925//5928
f 5929//5929 5931//5929 5930//5929
f 5929//5930 5932//5930 5931//5930
f 5930//5931 5931//5931 5929//5931
f 5931//5932 5932//5932 5929//5932
f 5933//5933 5935//5933 5934//5933
f 5933//5934 5936//5934 5935//5934
f 5934//5935 5935//5935 5933//5935
f 5935//5936 5936//5936 5933//5936
f 5937//5937 5939//5937 5938//5937
f 5937//5938 5940//5938 5939//5938
f 5938//5939 5939//5939 5937//5939
f 5939//5940 5940//5940 5937//5940
f 5941//5941 5943//5941 5942//5941
f 5941//5942 5944//5942 5943//5942
f 5942//5943 5943//5943 5941//5943
f 5943//5944 5944//5944 5941//5944
f 5945//5945 5947//5945 5946//5945
f 5945//5946 5948//5946 5947//5946
f 5946//5947 5947//5947 5945//5947
f 5947//5948 5948//5948 5945//5948
f 5949//5949 5951//5949 5950//5949
f 5949//5950 5952//5950 5951//5950
f 5950//5951 5951//5951 5949//5951
f 5951//5952 5952//5952 5949//5952
f 5953//5953 5955//5953 5954//5953
f 5953//5954 5956//5954 5955//5954
f 5954//5955 5955//5955 5953//5955
f 5955//5956 5956//5956 5953//5956
f 5957//5957 5959//5957 5958//5957
f 5957//5958 5960//5958 5959//5958
f 5958//5959 5959//5959 5957//5959
f 5959//5960 5960//5960 5957//5960
f 5961//5961 5963//5961 5962//5961
f 5961//5962 5964//5962 5963//5962
f 5962//5963 5963//5963 5961//5963
f 5963//5964 5964//5964 5961//5964
f 5965//5965 5967//5965 5966//5965
f 5965//5966 5968//5966 5967//5966
f 5966//5967 5967//5967 5965//5967
f 5967//5968 5968//5968 5965//5968
f 5969//5969 5971//5969 5970//5969
f 5969//5970 5972//5970 5971//5970
f 5970//5971 5971//5971 5969//5971
f 5971//5972 5972//5972 5969//5972
f 5973//5973 5975//5973 5974//5973
f 5973//5974 5976//5974 5975//5974
f 5974//5975 5975//5975 5973//5975
f 5975//5976 5976//5976 5973//5976
f 5977//5977 5979//5977 5978//5977
f 5977//5978 5980//5978 5979//5978
f 5978//5979 5979//5979 5977//5979
f 5979//5980 5980//5980 5977//5980
f 5981//5981 5983//5981 5982//5981
f 5981//5982 5984//5982 5983//5982
f 5982//5983 5983//5983 5981//5983
f 5983//5984 5984//5984 5981//5984
f 5985//5985 5987//5985 5986//5985
f 5985//5986 5988//5986 5987//5986
f 5986//5987 5987//5987 5985//5987
f 5987//5988 5988//5988 5985//5988
f 5989//5989 5991//5989 5990//5989
f 5989//5990 5992//5990 5991//5990
f 5990//5991 5991//5991 5989//5991
f 5991//5992 5992//5992 5989//5992
f 5993//5993 5995//5993 5994//5993
f 5993//5994 5996//5994 5995//5994
f 5994//5995 5995//5995 5993//5995
f 5995//5996 5996//5996 5993//5996
f 5997//5997 5999//5997 5998//5997
f 5997//5998 6000//5998 5999//5998
f 5998//5999 5999//5999 5997//5999
f 5999//6000 6000//6000 5997//6000
f 6001//6001 6003//6001 6002//6001
f 6001//6002 6004//6002 6003//6002
f 6002//6003 6003//6003 6001//6003
f 6003//6004 6004//6004 6001//6004
f 6005//6005 6007//6005 6006//6005
f 6005//6006 6008//6006 6007//6006
f 6006//6007 6007//6007 6005//6007
f 6007//6008 6008//6008 6005//6008
f 6009//6009 6011//6009 6010//6009
f 6009//6010 6012//6010 6011//6010
f 6010//6011 6011//6011 6009//6011
f 6011//6012 6012//6012 6009//6012
f 6013//6013 6015//6013 6014//6013
f 6013//6014 6016//6014 6015//6014
f 6014//6015 6015//6015 6013//6015
f 6015//6016 6016//6016 6013//6016
f 6017//6017 6019//6017 6018//6017
f 6017//6018 6020//6018 6019//6018
f 6018//6019 6019//6019 6017//6019
f 6019//6020 6020//6020 6017//6020
f 6021//6021 6023//6021 6022//6021
f 6021//6022 6024//6022 6023//6022
f 6022//6023 6023//6023 6021//6023
f 6023//6024 6024//6024 6021//6024
f 6025//6025 6027//6025 6026//6025
f 6025//6026 6028//6026 6027//6026
f 6026//6027 6027//6027 6025//6027
f 6027//6028 6028//6028 6025//6028
f 6029//6029 6031//6029 6030//6029
f 6029//6030 6032//6030 6031//6030
f 6030//6031 6031//6031 6029//6031
f 6031//6032 6032//6032 6029//6032
f 6033//6033 6035//6033 6034//6033
f 6033//6034 6036//6034 6035//6034
f 6034//6035 6035//6035 6033//6035
f 6035//6036 6036//6036 6033//6036
f 6037//6037 6039//6037 6038//6037
f 6037//6038 6040//6038 6039//6038
f 6038//6039 6039//6039 6037//6039
f 6039//6040 6040//6040 6037//6040
f 6041//6041 6043//6041 6042//6041
f 6041//6042 6044//6042 6043//6042
f 6042//6043 6043//6043 6041//6043
f 6043//6044 6044//6044 6041//6044
f 6045//6045 6047//6045 6046//6045
f 6045//6046 6048//6046 6047//6046
f 6046//6047 6047//6047 6045//6047
f 6047//6048 6048//6048 6045//6048
f 6049//6049 6051//6049 6050//6049
f 6049//6050 6052//6050 6051//6050
f 6050//6051 6051//6051 6049//6051
f 6051//6052 6052//6052 6049//6052
f 6053//6053 6055//6053 6054//6053
f 6053//6054 6056//6054 6055//6054
f 6054//6055 6055//6055 6053//6055
f 6055//6056 6056//6056 6053//6056
f 6057//6057 6059//6057 6058//6057
f 6057//6058 6060//6058 6059//6058
f 6058//6059 6059//6059 6057//6059
f 6059//6060 6060//6060 6057//6060
f 6061//6061 6063//6061 6062//6061
f 6061//6062 6064//6062 6063//6062
f 6062//6063 6063//6063 6061//6063
f 6063//6064 6064//6064 6061//6064
f 6065//6065 6067//6065 6066//6065
f 6065//6066 6068//6066 6067//6066
f 6066//6067 6067//6067 6065//6067
f 6067//6068 6068//6068 6065//6068
f 6069//6069 6071//6069 6070//6069
f 6069//6070 6072//6070 6071//6070
f 6070//6071 6071//6071 6069//6071
f 6071//6072 6072//6072 6069//6072
f 6073//6073 6075//6073 6074//6073
f 6073//6074 6076//6074 6075//6074
f 6074//6075 6075//6075 6073//6075
f 6075//6076 6076//6076 6073//6076
f 6077//6077 6079//6077 6078//6077
f 6077//6078 6080//6078 6079//6078
f 6078//6079 6079//6079 6077//6079
f 6079//6080 6080//6080 6077//6080
f 6081//6081 6083//6081 6082//6081
f 6081//6082 6084//6082 6083//6082
f 6082//6083 6083//6083 6081//6083
f 6083//6084 6084//6084 6081//6084
f 6085//6085 6087//6085 6086//6085
f 6085//6086 6088//6086 6087//6086
f 6086//6087 6087//6087 6085//6087
f 6087//6088 6088//6088 6085//6088
f 6089//6089 6091//6089 6090//6089
f 6089//6090 6092//6090 6091//6090
f 6090//6091 6091//6091 6089//6091
f 6091//6092 6092//6092 6089//6092
f 6093//6093 6095//6093 6094//6093
f 6093//6094 6096//6094 6095//6094
f 6094//6095 6095//6095 6093//6095
f 6095//6096 6096//6096 6093//6096
f 6097//6097 6099//6097 6098//6097
f 6097//6098 6100//6098 6099//6098
f 6098//6099 6099//6099 6097//6099
f 6099//6100 6100//6100 6097//6100
f 6101//6101 6103//6101 6102//6101
f 6101//6102 6104//6102 6103//6102
f 6102//6103 6103//6103 6101//6103
f 6103//6104 6104//6104 6101//6104
f 6105//6105 6107//6105 6106//6105
f 6105//6106 6108//6106 6107//6106
f 6106//6107 6107//6107 6105//6107
f 6107//6108 6108//6108 6105//6108
f 6109//6109 6111//6109 6110//6109
f 6109//6110 6112//6110 6111//6110
f 6110//6111 6111//6111 6109//6111
f 6111//6112 6112//6112 6109//6112
f 6113//6113 6115//6113 6114//6113
f 6113//6114 6116//6114 6115//6114
f 6114//6115 6115//6115 6113//6115
f 6115//6116 6116//6116 6113//6116
f 6117//6117 6119//6117 6118//6117
f 6117//6118 6120//6118 6119//6118
f 6118//6119 6119//6119 6117//6119
f 6119//6120 6120//6120 6117//6120
f 6121//6121 6123//6121 6122//6121
f 6121//6122 6124//6122 6123//6122
f 6122//6123 6123//6123 6121//6123
f 6123//6124 6124//6124 6121//6124
f 6125//6125 6127//6125 6126//6125
f 6125//6126 6128//6126 6127//6126
f 6126//6127 6127//6127 6125//6127
f 6127//6128 6128//6128 6125//6128
f 6129//6129 6131//6129 6130//6129
f 6129//6130 6132//6130 6131//6130
f 6130//6131 6131//6131 6129//6131
f 6131//6132 6132//6132 6129//6132
f 6133//6133 6135//6133 6134//6133
f 6133//6134 6136//6134 6135//6134
f 6134//6135 6135//6135 6133//6135
f 6135//6136 6136//6136 6133//6136
f 6137//6137 6139//6137 6138//6137
f 6137//6138 6140//6138 6139//6138
f 6138//6139 6139//6139 6137//6139
f 6139//6140 6140//6140 6137//6140
f 6141//6141 6143//6141 6142//6141
f 6141//6142 6144//6142 6143//6142
f 6142//6143 6143//6143 6141//6143
f 6143//6144 6144//6144 6141//6144
f 6145//6145 6147//6145 6146//6145
f 6145//6146 6148//6146 6147//6146
f 6146//6147 6147//6147 6145//6147
f 6147//6148 6148//6148 6145//6148
f 6149//6149 6151//6149 6150//6149
f 6149//6150 6152//6150 6151//6150
f 6150//6151 6151//6151 6149//6151
f 6151//6152 6152//6152 6149//6152
f 6153//6153 6155//6153 6154//6153
f 6153//6154 6156//6154 6155//6154
f 6154//6155 6155//6155 6153//6155
f 6155//6156 6156//6156 6153//6156
f 6157//6157 6159//6157 6158//6157
f 6157//6158 6160//6158 6159//6158
f 6158//6159 6159//6159 6157//6159
f 6159//6160 6160//6160 6157//6160
f 6161//6161 6163//6161 6162//6161
f 6161//6162 6164//6162 6163//6162
f 6162//6163 6163//6163 6161//6163
f 6163//6164 6164//6164 6161//6164
f 6165//6165 6167//6165 6166//6165
f 6165//6166 6168//6166 6167//6166
f 6166//6167 6167//6167 6165//6167
f 6167//6168 6168//6168 6165//6168
f 6169//6169 6171//6169 6170//6169
f 6169//6170 6172//6170 6171//6170
f 6170//6171 6171//6171 6169//6171
f 6171//6172 6172//6172 6169//6172
f 6173//6173 6175//6173 6174//6173
f 6173//6174 6176//6174 6175//6174
f 6174//6175 6175//6175 6173//6175
f 6175//6176 6176//6176 6173//6176
f 6177//6177 6179//6177 6178//6177
f 6177//6178 6180//6178 6179//6178
f 6178//6179 6179//6179 6177//6179
f 6179//6180 6180//6180 6177//6180
f 6181//6181 6183//6181 6182//6181
f 6181//6182 6184//6182 6183//6182
f 6182//6183 6183//6183 6181//6183
f 6183//6184 6184//6184 6181//6184
f 6185//6185 6187//6185 6186//6185
f 6185//6186 6188//6186 6187//6186
f 6186//6187 6187//6187 6185//6187
f 6187//6188 6188//6188 6185//6188
f 6189//6189 6191//6189 6190//6189
f 6189//6190 6192//6190 6191//6190
f 6190//6191 6191//6191 6189//6191
f 6191//6192 6192//6192 6189//6192
f 6193//6193 6195//6193 6194//6193
f 6193//6194 6196//6194 6195//6194
f 6194//6195 6195//6195 6193//6195
f 6195//6196 6196//6196 6193//6196
f 6197//6197 6199//6197 6198//6197
f 6197//6198 6200//6198 6199//6198
f 6198//6199 6199//6199 6197//6199
f 6199//6200 6200//6200 6197//6200
f 6201//6201 6203//6201 6202//6201
f 6201//6202 6204//6202 6203//6202
f 6202//6203 6203//6203 6201//6203
f 6203//6204 6204//6204 6201//6204
f 6205//6205 6207//6205 6206//6205
f 6205//6206 6208//6206 6207//6206
f 6206//6207 6207//6207 6205//6207
f 6207//6208 6208//6208 6205//6208
f 6209//6209 6211//6209 6210//6209
f 6209//6210 6212//6210 6211//6210
f 6210//6211 6211//6211 6209//6211
f 6211//6212 6212//6212 6209//6212
f 6213//6213 6215//6213 6214//6213
f 6213//6214 6216//6214 6215//6214
f 6214//6215 6215//6215 6213//6215
f 6215//6216 6216//6216 6213//6216
f 6217//6217 6219//6217 6218//6217
f 6217//6218 6220//6218 6219//6218
f 6218//6219 6219//6219 6217//6219
f 6219//6220 6220//6220 6217//6220
f 6221//6221 6223//6221 6222//6221
f 6221//6222 6224//6222 6223//6222
f 6222//6223 6223//6223 6221//6223
f 6223//6224 6224//6224 6221//6224
f 6225//6225 6227//6225 6226//6225
f 6225//6226 6228//6226 6227//6226
f 6226//6227 6227//6227 6225//6227
f 6227//6228 6228//6228 6225//6228
f 6229//6229 6231//6229 6230//6229
f 6229//6230 6232//6230 6231//6230
f 6230//6231 6231//6231 6229//6231
f 6231//6232 6232//6232 6229//6232
f 6233//6233 6235//6233 6234//6233
f 6233//6234 6236//6234 6235//6234
f 6234//6235 6235//6235 6233//6235
f 6235//6236 6236//6236 6233//6236
f 6237//6237 6239//6237 6238//6237
f 6237//6238 6240//6238 6239//6238
f 6238//6239 6239//6239 6237//6239
f 6239//6240 6240//6240 6237//6240
f 6241//6241 6243//6241 6242//6241
f 6241//6242 6244//6242 6243//6242
f 6242//6243 6243//6243 6241//6243
f 6243//6244 6244//6244 6241//6244
f 6245//6245 6247//6245 6246//6245
f 6245//6246 6248//6246 6247//6246
f 6246//6247 6247//6247 6245//6247
f 6247//6248 6248//6248 6245//6248
f 6249//6249 6251//6249 6250//6249
f 6249//6250 6252//6250 6251//6250
f 6250//6251 6251//6251 6249//6251
f 6251//6252 6252//6252 6249//6252
f 6253//6253 6255//6253 6254//6253
f 6253//6254 6256//6254 6255//6254
f 6254//6255 6255//6255 6253//6255
f 6255//6256 6256//6256 6253//6256
f 6257//6257 6259//6257 6258//6257
f 6257//6258 6260//6258 6259//6258
f 6258//6259 6259//6259 6257//6259
f 6259//6260 6260//6260 6257//6260
f 6261//6261 6263//6261 6262//6261
f 6261//6262 6264//6262 6263//6262
f 6262//6263 6263//6263 6261//6263
f 6263//6264 6264//6264 6261//6264
f 6265//6265 6267//6265 6266//6265
f 6265//6266 6268//6266 6267//6266
f 6266//6267 6267//6267 6265//6267
f 6267//6268 6268//6268 6265//6268
f 6269//6269 6271//6269 6270//6269
f 6269//6270 6272//6270 6271//6270
f 6270//6271 6271//6271 6269//6271
f 6271//6272 6272//6272 6269//6272
f 6273//6273 6275//6273 6274//6273
f 6273//6274 6276//6274 6275//6274
f 6274//6275 6275//6275 6273//6275
f 6275//6276 6276//6276 6273//6276
f 6277//6277 6279//6277 6278//6277
f 6277//6278 6280//6278 6279//6278
f 6278//6279 6279//6279 6277//6279
f 6279//6280 6280//6280 6277//6280
f 6281//6281 6283//6281 6282//6281
f 6281//6282 6284//6282 6283//6282
f 6282//6283 6283//6283 6281//6283
f 6283//6284 6284//6284 6281//6284
f 6285//6285 6287//6285 6286//6285
f 6285//6286 6288//6286 6287//6286
f 6286//6287 6287//6287 6285//6287
f 6287//6288 6288//6288 6285//6288
f 6289//6289 6291//6289 6290//6289
f 6289//6290 6292//6290 6291//6290
f 6290//6291 6291//6291 6289//6291
f 6291//6292 6292//6292 6289//6292
f 6293//6293 6295//6293 6294//6293
f 6293//6294 6296//6294 6295//6294
f 6294//6295 6295//6295 6293//6295
f 6295//6296 6296//6296 6293//6296
f 6297//6297 6299//6297 6298//6297
f 6297//6298 6300//6298 6299//6298
f 6298//6299 6299//6299 6297//6299
f 6299//6300 6300//6300 6297//6300
f 6301//6301 6303//6301 6302//6301
f 6301//6302 6304//6302 6303//6302
f 6302//6303 6303//6303 6301//6303
f 6303//6304 6304//6304 6301//6304
f 6305//6305 6307//6305 6306//6305
f 6305//6306 6308//6306 6307//6306
f 6306//6307 6307//6307 6305//6307
f 6307//6308 6308//6308 6305//6308
f 6309//6309 6311//6309 6310//6309
f 6309//6310 6312//6310 6311//6310
f 6310//6311 6311//6311 6309//6311
f 6311//6312 6312//6312 6309//6312
f 6313//6313 6315//6313 6314//6313
f 6313//6314 6316//6314 6315//6314
f 6314//6315 6315//6315 6313//6315
f 6315//6316 6316//6316 6313//6316
f 6317//6317 6319//6317 6318//6317
f 6317//6318 6320//6318 6319//6318
f 6318//6319 6319//6319 6317//6319
f 6319//6320 6320//6320 6317//6320
f 6321//6321 6323//6321 6322//6321
f 6321//6322 6324//6322 6323//6322
f 6322//6323 6323//6323 6321//6323
f 6323//6324 6324//6324 6321//6324
f 6325//6325 6327//6325 6326//6325
f 6325//6326 6328//6326 6327//6326
f 6326//6327 6327//6327 6325//6327
f 6327//6328 6328//6328 6325//6328
f 6329//6329 6331//6329 6330//6329
f 6329//6330 6332//6330 6331//6330
f 6330//6331 6331//6331 6329//6331
f 6331//6332 6332//6332 6329//6332
f 6333//6333 6335//6333 6334//6333
f 6333//6334 6336//6334 6335//6334
f 6334//6335 6335//6335 6333//6335
f 6335//6336 6336//6336 6333//6336
f 6337//6337 6339//6337 6338//6337
f 6337//6338 6340//6338 6339//6338
f 6338//6339 6339//6339 6337//6339
f 6339//6340 6340//6340 6337//6340
f 6341//6341 6343//6341 6342//6341
f 6341//6342 6344//6342 6343//6342
f 6342//6343 6343//6343 6341//6343
f 6343//6344 6344//6344 6341//6344
f 6345//6345 6347//6345 6346//6345
f 6345//6346 6348//6346 6347//6346
f 6346//6347 6347//6347 6345//6347
f 6347//6348 6348//6348 6345//6348
f 6349//6349 6351//6349 6350//6349
f 6349//6350 6352//6350 6351//6350
f 6350//6351 6351//6351 6349//6351
f 6351//6352 6352//6352 6349//6352
f 6353//6353 6355//6353 6354//6353
f 6353//6354 6356//6354 6355//6354
f 6354//6355 6355//6355 6353//6355
f 6355//6356 6356//6356 6353//6356
f 6357//6357 6359//6357 6358//6357
f 6357//6358 6360//6358 6359//6358
f 6358//6359 6359//6359 6357//6359
f 6359//6360 6360//6360 6357//6360
f 6361//6361 6363//6361 6362//6361
f 6361//6362 6364//6362 6363//6362
f 6362//6363 6363//6363 6361//6363
f 6363//6364 6364//6364 6361//6364
f 6365//6365 6367//6365 6366//6365
f 6365//6366 6368//6366 6367//6366
f 6366//6367 6367//6367 6365//6367
f 6367//6368 6368//6368 6365//6368
f 6369//6369 6371//6369 6370//6369
f 6369//6370 6372//6370 6371//6370
f 6370//6371 6371//6371 6369//6371
f 6371//6372 6372//6372 6369//6372
f 6373//6373 6375//6373 6374//6373
f 6373//6374 6376//6374 6375//6374
f 6374//6375 6375//6375 6373//6375
f 6375//6376 6376//6376 6373//6376
f 6377//6377 6379//6377 6378//6377
f 6377//6378 6380//6378 6379//6378
f 6378//6379 6379//6379 6377//6379
f 6379//6380 6380//6380 6377//6380
f 6381//6381 6383//6381 6382//6381
f 6381//6382 6384//6382 6383//6382
f 6382//6383 6383//6383 6381//6383
f 6383//6384 6384//6384 6381//6384
f 6385//6385 6387//6385 6386//6385
f 6385//6386 6388//6386 6387//6386
f 6386//6387 6387//6387 6385//6387
f 6387//6388 6388//6388 6385//6388
f 6389//6389 6391//6389 6390//6389
f 6389//6390 6392//6390 6391//6390
f 6390//6391 6391//6391 6389//6391
f 6391//6392 6392//6392 6389//6392
f 6393//6393 6395//6393 6394//6393
f 6393//6394 6396//6394 6395//6394
f 6394//6395 6395//6395 6393//6395
f 6395//6396 6396//6396 6393//6396
f 6397//6397 6399//6397 6398//6397
f 6397//6398 6400//6398 6399//6398
f 6398//6399 6399//6399 6397//6399
f 6399//6400 6400//6400 6397//6400
f 6401//6401 6403//6401 6402//6401
f 6401//6402 6404//6402 6403//6402
f 6402//6403 6403//6403 6401//6403
f 6403//6404 6404//6404 6401//6404
f 6405//6405 6407//6405 6406//6405
f 6405//6406 6408//6406 6407//6406
f 6406//6407 6407//6407 6405//6407
f 6407//6408 6408//6408 6405//6408
f 6409//6409 6411//6409 6410//6409
f 6409//6410 6412//6410 6411//6410
f 6410//6411 6411//6411 6409//6411
f 6411//6412 6412//6412 6409//6412
f 6413//6413 6415//6413 6414//6413
f 6413//6414 6416//6414 6415//6414
f 6414//6415 6415//6415 6413//6415
f 6415//6416 6416//6416 6413//6416
f 6417//6417 6419//6417 6418//6417
f 6417//6418 6420//6418 6419//6418
f 6418//6419 6419//6419 6417//6419
f 6419//6420 6420//6420 6417//6420
f 6421//6421 6423//6421 6422//6421
f 6421//6422 6424//6422 6423//6422
f 6422//6423 6423//6423 6421//6423
f 6423//6424 6424//6424 6421//6424
f 6425//6425 6427//6425 6426//6425
f 6425//6426 6428//6426 6427//6426
f 6426//6427 6427//6427 6425//6427
f 6427//6428 6428//6428 6425//6428
f 6429//6429 6431//6429 6430//6429
f 6429//6430 6432//6430 6431//6430
f 6430//6431 6431//6431 6429//6431
f 6431//6432 6432//6432 6429//6432
f 6433//6433 6435//6433 6434//6433
f 6433//6434 6436//6434 6435//6434
f 6434//6435 6435//6435 6433//6435
f 6435//6436 6436//6436 6433//6436
f 6437//6437 6439//6437 6438//6437
f 6437//6438 6440//6438 6439//6438
f 6438//6439 6439//6439 6437//6439
f 6439//6440 6440//6440 6437//6440
f 6441//6441 6443//6441 6442//6441
f 6441//6442 6444//6442 6443//6442
f 6442//6443 6443//6443 6441//6443
f 6443//6444 6444//6444 6441//6444
f 6445//6445 6447//6445 6446//6445
f 6445//6446 6448//6446 6447//6446
f 6446//6447 6447//6447 6445//6447
f 6447//6448 6448//6448 6445//6448
f 6449//6449 6451//6449 6450//6449
f 6449//6450 6452//6450 6451//6450
f 6450//6451 6451//6451 6449//6451
f 6451//6452 6452//6452 6449//6452
f 6453//6453 6455//6453 6454//6453
f 6453//6454 6456//6454 6455//6454
f 6454//6455 6455//6455 6453//6455
f 6455//6456 6456//6456 6453//6456
f 6457//6457 6459//6457 6458//6457
f 6457//6458 6460//6458 6459//6458
f 6458//6459 6459//6459 6457//6459
f 6459//6460 6460//6460 6457//6460
f 6461//6461 6463//6461 6462//6461
f 6461//6462 6464//6462 6463//6462
f 6462//6463 6463//6463 6461//6463
f 6463//6464 6464//6464 6461//6464
f 6465//6465 6467//6465 6466//6465
f 6465//6466 6468//6466 6467//6466
f 6466//6467 6467//6467 6465//6467
f 6467//6468 6468//6468 6465//6468
f 6469//6469 6471//6469 6470//6469
f 6469//6470 6472//6470 6471//6470
f 6470//6471 6471//6471 6469//6471
f 6471//6472 6472//6472 6469//6472
f 6473//6473 6475//6473 6474//6473
f 6473//6474 6476//6474 6475//6474
f 6474//6475 6475//6475 6473//6475
f 6475//6476 6476//6476 6473//6476
f 6477//6477 6479//6477 6478//6477
f 6477//6478 6480//6478 6479//6478
f 6478//6479 6479//6479 6477//6479
f 6479//6480 6480//6480 6477//6480
f 6481//6481 6483//6481 6482//6481
f 6481//6482 6484//6482 6483//6482
f 6482//6483 6483//6483 6481//6483
f 6483//6484 6484//6484 6481//6484
f 6485//6485 6487//6485 6486//6485
f 6485//6486 6488//6486 6487//6486
f 6486//6487 6487//6487 6485//6487
f 6487//6488 6488//6488 6485//6488
f 6489//6489 6491//6489 6490//6489
f 6489//6490 6492//6490 6491//6490
f 6490//6491 6491//6491 6489//6491
f 6491//6492 6492//6492 6489//6492
f 6493//6493 6495//6493 6494//6493
f 6493//6494 6496//6494 6495//6494
f 6494//6495 6495//6495 6493//6495
f 6495//6496 6496//6496 6493//6496
f 6497//6497 6499//6497 6498//6497
f 6497//6498 6500//6498 6499//6498
f 6498//6499 6499//6499 6497//6499
f 6499//6500 6500//6500 6497//6500
f 6501//6501 6503//6501 6502//6501
f 6501//6502 6504//6502 6503//6502
f 6502//6503 6503//6503 6501//6503
f 6503//6504 6504//6504 6501//6504
f 6505//6505 6507//6505 6506//6505
f 6505//6506 6508//6506 6507//6506
f 6506//6507 6507//6507 6505//6507
f 6507//6508 6508//6508 6505//6508
f 6509//6509 6511//6509 6510//6509
f 6509//6510 6512//6510 6511//6510
f 6510//6511 6511//6511 6509//6511
f 6511//6512 6512//6512 6509//6512
f 6513//6513 6515//6513 6514//6513
f 6513//6514 6516//6514 6515//6514
f 6514//6515 6515//6515 6513//6515
f 6515//6516 6516//6516 6513//6516
f 6517//6517 6519//6517 6518//6517
f 6517//6518 6520//6518 6519//6518
f 6518//6519 6519//6519 6517//6519
f 6519//6520 6520//6520 6517//6520
f 6521//6521 6523//6521 6522//6521
f 6521//6522 6524//6522 6523//6522
f 6522//6523 6523//6523 6521//6523
f 6523//6524 6524//6524 6521//6524
f 6525//6525 6527//6525 6526//6525
f 6525//6526 6528//6526 6527//6526
f 6526//6527 6527//6527 6525//6527
f 6527//6528 6528//6528 6525//6528
f 6529//6529 6531//6529 6530//6529
f 6529//6530 6532//6530 6531//6530
f 6530//6531 6531//6531 6529//6531
f 6531//6532 6532//6532 6529//6532
f 6533//6533 6535//6533 6534//6533
f 6533//6534 6536//6534 6535//6534
f 6534//6535 6535//6535 6533//6535
f 6535//6536 6536//6536 6533//6536
f 6537//6537 6539//6537 6538//6537
f 6537//6538 6540//6538 6539//6538
f 6538//6539 6539//6539 6537//6539
f 6539//6540 6540//6540 6537//6540
f 6541//6541 6543//6541 6542//6541
f 6541//6542 6544//6542 6543//6542
f 6542//6543 6543//6543 6541//6543
f 6543//6544 6544//6544 6541//6544
f 6545//6545 6547//6545 6546//6545
f 6545//6546 6548//6546 6547//6546
f 6546//6547 6547//6547 6545//6547
f 6547//6548 6548//6548 6545//6548
f 6549//6549 6551//6549 6550//6549
f 6549//6550 6552//6550 6551//6550
f 6550//6551 6551//6551 6549//6551
f 6551//6552 6552//6552 6549//6552
f 6553//6553 6555//6553 6554//6553
f 6553//6554 6556//6554 6555//6554
f 6554//6555 6555//6555 6553//6555
f 6555//6556 6556//6556 6553//6556
f 6557//6557 6559//6557 6558//6557
f 6557//6558 6560//6558 6559//6558
f 6558//6559 6559//6559 6557//6559
f 6559//6560 6560//6560 6557//6560
f 6561//6561 6563//6561 6562//6561
f 6561//6562 6564//6562 6563//6562
f 6562//6563 6563//6563 6561//6563
f 6563//6564 6564//6564 6561//6564
f 6565//6565 6567//6565 6566//6565
f 6565//6566 6568//6566 6567//6566
f 6566//6567 6567//6567 6565//6567
f 6567//6568 6568//6568 6565//6568
f 6569//6569 6571//6569 6570//6569
f 6569//6570 6572//6570 6571//6570
f 6570//6571 6571//6571 6569//6571
f 6571//6572 6572//6572 6569//6572
f 6573//6573 6575//6573 6574//6573
f 6573//6574 6576//6574 6575//6574
f 6574//6575 6575//6575 6573//6575
f 6575//6576 6576//6576 6573//6576
f 6577//6577 6579//6577 6578//6577
f 6577//6578 6580//6578 6579//6578
f 6578//6579 6579//6579 6577//6579
f 6579//6580 6580//6580 6577//6580
f 6581//6581 6583//6581 6582//6581
f 6581//6582 6584//6582 6583//6582
f 6582//6583 6583//6583 6581//6583
f 6583//6584 6584//6584 6581//6584
f 6585//6585 6587//6585 6586//6585
f 6585//6586 6588//6586 6587//6586
f 6586//6587 6587//6587 6585//6587
f 6587//6588 6588//6588 6585//6588
f 6589//6589 6591//6589 6590//6589
f 6589//6590 6592//6590 6591//6590
f 6590//6591 6591//6591 6589//6591
f 6591//6592 6592//6592 6589//6592
f 6593//6593 6595//6593 6594//6593
f 6593//6594 6596//6594 6595//6594
f 6594//6595 6595//6595 6593//6595
f 6595//6596 6596//6596 6593//6596
f 6597//6597 6599//6597 6598//6597
f 6597//6598 6600//6598 6599//6598
f 6598//6599 6599//6599 6597//6599
f 6599//6600 6600//6600 6597//6600
f 6601//6601 6603//6601 6602//6601
f 6601//6602 6604//6602 6603//6602
f 6602//6603 6603//6603 6601//6603
f 6603//6604 6604//6604 6601//6604
f 6605//6605 6607//6605 6606//6605
f 6605//6606 6608//6606 6607//6606
f 6606//6607 6607//6607 6605//6607
f 6607//6608 6608//6608 6605//6608
f 6609//6609 6611//6609 6610//6609
f 6609//6610 6612//6610 6611//6610
f 6610//6611 6611//6611 6609//6611
f 6611//6612 6612//6612 6609//6612
f 6613//6613 6615//6613 6614//6613
f 6613//6614 6616//6614 6615//6614
f 6614//6615 6615//6615 6613//6615
f 6615//6616 6616//6616 6613//6616
f 6617//6617 6619//6617 6618//6617
f 6617//6618 6620//6618 6619//6618
f 6618//6619 6619//6619 6617//6619
f 6619//6620 6620//6620 6617//6620
f 6621//6621 6623//6621 6622//6621
f 6621//6622 6624//6622 6623//6622
f 6622//6623 6623//6623 6621//6623
f 6623//6624 6624//6624 6621//6624
f 6625//6625 6627//6625 6626//6625
f 6625//6626 6628//6626 6627//6626
f 6626//6627 6627//6627 6625//6627
f 6627//6628 6628//6628 6625//6628
f 6629//6629 6631//6629 6630//6629
f 6629//6630 6632//6630 6631//6630
f 6630//6631 6631//6631 6629//6631
f 6631//6632 6632//6632 6629//6632
f 6633//6633 6635//6633 6634//6633
f 6633//6634 6636//6634 6635//6634
f 6634//6635 6635//6635 6633//6635
f 6635//6636 6636//6636 6633//6636
f 6637//6637 6639//6637 6638//6637
f 6637//6638 6640//6638 6639//6638
f 6638//6639 6639//6639 6637//6639
f 6639//6640 6640//6640 6637//6640
f 6641//6641 6643//6641 6642//6641
f 6641//6642 6644//6642 6643//6642
f 6642//6643 6643//6643 6641//6643
f 6643//6644 6644//6644 6641//6644
f 6645//6645 6647//6645 6646//6645
f 6645//6646 6648//6646 6647//6646
f 6646//6647 6647//6647 6645//6647
f 6647//6648 6648//6648 6645//6648
f 6649//6649 6651//6649 6650//6649
f 6649//6650 6652//6650 6651//6650
f 6650//6651 6651//6651 6649//6651
f 6651//6652 6652//6652 6649//6652
f 6653//6653 6655//6653 6654//6653
f 6653//6654 6656//6654 6655//6654
f 6654//6655 6655//6655 6653//6655
f 6655//6656 6656//6656 6653//6656
f 6657//6657 6659//6657 6658//6657
f 6657//6658 6660//6658 6659//6658
f 6658//6659 6659//6659 6657//6659
f 6659//6660 6660//6660 6657//6660
f 6661//6661 6663//6661 6662//6661
f 6661//6662 6664//6662 6663//6662
f 6662//6663 6663//6663 6661//6663
f 6663//6664 6664//6664 6661//6664
f 6665//6665 6667//6665 6666//6665
f 6665//6666 6668//6666 6667//6666
f 6666//6667 6667//6667 6665//6667
f 6667//6668 6668//6668 6665//6668
f 6669//6669 6671//6669 6670//6669
f 6669//6670 6672//6670 6671//6670
f 6670//6671 6671//6671 6669//6671
f 6671//6672 6672//6672 6669//6672
f 6673//6673 6675//6673 6674//6673
f 6673//6674 6676//6674 6675//6674
f 6674//6675 6675//6675 6673//6675
f 6675//6676 6676//6676 6673//6676
f 6677//6677 6679//6677 6678//6677
f 6677//6678 6680//6678 6679//6678
f 6678//6679 6679//6679 6677//6679
f 6679//6680 6680//6680 6677//6680
f 6681//6681 6683//6681 6682//6681
f 6681//6682 6684//6682 6683//6682
f 6682//6683 6683//6683 6681//6683
f 6683//6684 6684//6684 6681//6684
f 6685//6685 6687//6685 6686//6685
f 6685//6686 6688//6686 6687//6686
f 6686//6687 6687//6687 6685//6687
f 6687//6688 6688//6688 6685//6688
f 6689//6689 6691//6689 6690//6689
f 6689//6690 6692//6690 6691//6690
f 6690//6691 6691//6691 6689//6691
f 6691//6692 6692//6692 6689//6692
f 6693//6693 6695//6693 6694//6693
f 6693//6694 6696//6694 6695//6694
f 6694//6695 6695//6695 6693//6695
f 6695//6696 6696//6696 6693//6696
f 6697//6697 6699//6697 6698//6697
f 6697//6698 6700//6698 6699//6698
f 6698//6699 6699//6699 6697//6699
f 6699//6700 6700//6700 6697//6700
f 6701//6701 6703//6701 6702//6701
f 6701//6702 6704//6702 6703//6702
f 6702//6703 6703//6703 6701//6703
f 6703//6704 6704//6704 6701//6704
f 6705//6705 6707//6705 6706//6705
f 6705//6706 6708//6706 6707//6706
f 6706//6707 6707//6707 6705//6707
f 6707//6708 6708//6708 6705//6708
f 6709//6709 6711//6709 6710//6709
f 6709//6710 6712//6710 6711//6710
f 6710//6711 6711//6711 6709//6711
f 6711//6712 6712//6712 6709//6712
f 6713//6713 6715//6713 6714//6713
f 6713//6714 6716//6714 6715//6714
f 6714//6715 6715//6715 6713//6715
f 6715//6716 6716//6716 6713//6716
f 6717//6717 6719//6717 6718//6717
f 6717//6718 6720//6718 6719//6718
f 6718//6719 6719//6719 6717//6719
f 6719//6720 6720//6720 6717//6720
f 6721//6721 6723//6721 6722//6721
f 6721//6722 6724//6722 6723//6722
f 6722//6723 6723//6723 6721//6723
f 6723//6724 6724//6724 6721//6724
f 6725//6725 6727//6725 6726//6725
f 6725//6726 6728//6726 6727//6726
f 6726//6727 6727//6727 6725//6727
f 6727//6728 6728//6728 6725//6728
f 6729//6729 6731//6729 6730//6729
f 6729//6730 6732//6730 6731//6730
f 6730//6731 6731//6731 6729//6731
f 6731//6732 6732//6732 6729//6732
f 6733//6733 6735//6733 6734//6733
f 6733//6734 6736//6734 6735//6734
f 6734//6735 6735//6735 6733//6735
f 6735//6736 6736//6736 6733//6736
f 6737//6737 6739//6737 6738//6737
f 6737//6738 6740//6738 6739//6738
f 6738//6739 6739//6739 6737//6739
f 6739//6740 6740//6740 6737//6740
f 6741//6741 6743//6741 6742//6741
f 6741//6742 6744//6742 6743//6742
f 6742//6743 6743//6743 6741//6743
f 6743//6744 6744//6744 6741//6744
f 6745//6745 6747//6745 6746//6745
f 6745//6746 6748//6746 6747//6746
f 6746//6747 6747//6747 6745//6747
f 6747//6748 6748//6748 6745//6748
f 6749//6749 6751//6749 6750//6749
f 6749//6750 6752//6750 6751//6750
f 6750//6751 6751//6751 6749//6751
f 6751//6752 6752//6752 6749//6752
f 6753//6753 6755//6753 6754//6753
f 6753//6754 6756//6754 6755//6754
f 6754//6755 6755//6755 6753//6755
f 6755//6756 6756//6756 6753//6756
f 6757//6757 6759//6757 6758//6757
f 6757//6758 6760//6758 6759//6758
f 6758//6759 6759//6759 6757//6759
f 6759//6760 6760//6760 6757//6760
f 6761//6761 6763//6761 6762//6761
f 6761//6762 6764//6762 6763//6762
f 6762//6763 6763//6763 6761//6763
f 6763//6764 6764//6764 6761//6764
f 6765//6765 6767//6765 6766//6765
f 6765//6766 6768//6766 6767//6766
f 6766//6767 6767//6767 6765//6767
f 6767//6768 6768//6768 6765//6768
f 6769//6769 6771//6769 6770//6769
f 6769//6770 6772//6770 6771//6770
f 6770//6771 6771//6771 6769//6771
f 6771//6772 6772//6772 6769//6772
f 6773//6773 6775//6773 6774//6773
f 6773//6774 6776//6774 6775//6774
f 6774//6775 6775//6775 6773//6775
f 6775//6776 6776//6776 6773//6776
f 6777//6777 6779//6777 6778//6777
f 6777//6778 6780//6778 6779//6778
f 6778//6779 6779//6779 6777//6779
f 6779//6780 6780//6780 6777//6780
f 6781//6781 6783//6781 6782//6781
f 6781//6782 6784//6782 6783//6782
f 6782//6783 6783//6783 6781//6783
f 6783//6784 6784//6784 6781//6784
f 6785//6785 6787//6785 6786//6785
f 6785//6786 6788//6786 6787//6786
f 6786//6787 6787//6787 6785//6787
f 6787//6788 6788//6788 6785//6788
f 6789//6789 6791//6789 6790//6789
f 6789//6790 6792//6790 6791//6790
f 6790//6791 6791//6791 6789//6791
f 6791//6792 6792//6792 6789//6792
f 6793//6793 6795//6793 6794//6793
f 6793//6794 6796//6794 6795//6794
f 6794//6795 6795//6795 6793//6795
f 6795//6796 6796//6796 6793//6796
f 6797//6797 6799//6797 6798//6797
f 6797//6798 6800//6798 6799//6798
f 6798//6799 6799//6799 6797//6799
f 6799//6800 6800//6800 6797//6800
f 6801//6801 6803//6801 6802//6801
f 6801//6802 6804//6802 6803//6802
f 6802//6803 6803//6803 6801//6803
f 6803//6804 6804//6804 6801//6804
f 6805//6805 6807//6805 6806//6805
f 6805//6806 6808//6806 6807//6806
f 6806//6807 6807//6807 6805//6807
f 6807//6808 6808//6808 6805//6808
f 6809//6809 6811//6809 6810//6809
f 6809//6810 6812//6810 6811//6810
f 6810//6811 6811//6811 6809//6811
f 6811//6812 6812//6812 6809//6812
f 6813//6813 6815//6813 6814//6813
f 6813//6814 6816//6814 6815//6814
f 6814//6815 6815//6815 6813//6815
f 6815//6816 6816//6816 6813//6816
f 6817//6817 6819//6817 6818//6817
f 6817//6818 6820//6818 6819//6818
f 6818//6819 6819//6819 6817//6819
f 6819//6820 6820//6820 6817//6820
f 6821//6821 6823//6821 6822//6821
f 6821//6822 6824//6822 6823//6822
f 6822//6823 6823//6823 6821//6823
f 6823//6824 6824//6824 6821//6824
f 6825//6825 6827//6825 6826//6825
f 6825//6826 6828//6826 6827//6826
f 6826//6827 6827//6827 6825//6827
f 6827//6828 6828//6828 6825//6828
f 6829//6829 6831//6829 6830//6829
f 6829//6830 6832//6830 6831//6830
f 6830//6831 6831//6831 6829//6831
f 6831//6832 6832//6832 6829//6832
f 6833//6833 6835//6833 6834//6833
f 6833//6834 6836//6834 6835//6834
f 6834//6835 6835//6835 6833//6835
f 6835//6836 6836//6836 6833//6836
f 6837//6837 6839//6837 6838//6837
f 6837//6838 6840//6838 6839//6838
f 6838//6839 6839//6839 6837//6839
f 6839//6840 6840//6840 6837//6840
f 6841//6841 6843//6841 6842//6841
f 6841//6842 6844//6842 6843//6842
f 6842//6843 6843//6843 6841//6843
f 6843//6844 6844//6844 6841//6844
f 6845//6845 6847//6845 6846//6845
f 6845//6846 6848//6846 6847//6846
f 6846//6847 6847//6847 6845//6847
f 6847//6848 6848//6848 6845//6848
f 6849//6849 6851//6849 6850//6849
f 6849//6850 6852//6850 6851//6850
f 6850//6851 6851//6851 6849//6851
f 6851//6852 6852//6852 6849//6852
f 6853//6853 6855//6853 6854//6853
f 6853//6854 6856//6854 6855//6854
f 6854//6855 6855//6855 6853//6855
f 6855//6856 6856//6856 6853//6856
f 6857//6857 6859//6857 6858//6857
f 6857//6858 6860//6858 6859//6858
f 6858//6859 6859//6859 6857//6859
f 6859//6860 6860//6860 6857//6860
f 6861//6861 6863//6861 6862//6861
f 6861//6862 6864//6862 6863//6862
f 6862//6863 6863//6863 6861//6863
f 6863//6864 6864//6864 6861//6864
f 6865//6865 6867//6865 6866//6865
f 6865//6866 6868//6866 6867//6866
f 6866//6867 6867//6867 6865//6867
f 6867//6868 6868//6868 6865//6868
f 6869//6869 6871//6869 6870//6869
f 6869//6870 6872//6870 6871//6870
f 6870//6871 6871//6871 6869//6871
f 6871//6872 6872//6872 6869//6872
f 6873//6873 6875//6873 6874//6873
f 6873//6874 6876//6874 6875//6874
f 6874//6875 6875//6875 6873//6875
f 6875//6876 6876//6876 6873//6876
f 6877//6877 6879//6877 6878//6877
f 6877//6878 6880//6878 6879//6878
f 6878//6879 6879//6879 6877//6879
f 6879//6880 6880//6880 6877//6880
f 6881//6881 6883//6881 6882//6881
f 6881//6882 6884//6882 6883//6882
f 6882//6883 6883//6883 6881//6883
f 6883//6884 6884//6884 6881//6884
f 6885//6885 6887//6885 6886//6885
f 6885//6886 6888//6886 6887//6886
f 6886//6887 6887//6887 6885//6887
f 6887//6888 6888//6888 6885//6888
f 6889//6889 6891//6889 6890//6889
f 6889//6890 6892//6890 6891//6890
f 6890//6891 6891//6891 6889//6891
f 6891//6892 6892//6892 6889//6892
f 6893//6893 6895//6893 6894//6893
f 6893//6894 6896//6894 6895//6894
f 6894//6895 6895//6895 6893//6895
f 6895//6896 6896//6896 6893//6896
f 6897//6897 6899//6897 6898//6897
f 6897//6898 6900//6898 6899//6898
f 6898//6899 6899//6899 6897//6899
f 6899//6900 6900//6900 6897//6900
f 6901//6901 6903//6901 6902//6901
f 6901//6902 6904//6902 6903//6902
f 6902//6903 6903//6903 6901//6903
f 6903//6904 6904//6904 6901//6904
f 6905//6905 6907//6905 6906//6905
f 6905//6906 6908//6906 6907//6906
f 6906//6907 6907//6907 6905//6907
f 6907//6908 6908//6908 6905//6908
f 6909//6909 6911//6909 6910//6909
f 6909//6910 6912//6910 6911//6910
f 6910//6911 6911//6911 6909//6911
f 6911//6912 6912//6912 6909//6912
f 6913//6913 6915//6913 6914//6913
f 6913//6914 6916//6914 6915//6914
f 6914//6915 6915//6915 6913//6915
f 6915//6916 6916//6916 6913//6916
f 6917//6917 6919//6917 6918//6917
f 6917//6918 6920//6918 6919//6918
f 6918//6919 6919//6919 6917//6919
f 6919//6920 6920//6920 6917//6920
f 6921//6921 6923//6921 6922//6921
f 6921//6922 6924//6922 6923//6922
f 6922//6923 6923//6923 6921//6923
f 6923//6924 6924//6924 6921//6924
f 6925//6925 6927//6925 6926//6925
f 6925//6926 6928//6926 6927//6926
f 6926//6927 6927//6927 6925//6927
f 6927//6928 6928//6928 6925//6928
f 6929//6929 6931//6929 6930//6929
f 6929//6930 6932//6930 6931//6930
f 6930//6931 6931//6931 6929//6931
f 6931//6932 6932//6932 6929//6932
f 6933//6933 6935//6933 6934//6933
f 6933//6934 6936//6934 6935//6934
f 6934//6935 6935//6935 6933//6935
f 6935//6936 6936//6936 6933//6936
f 6937//6937 6939//6937 6938//6937
f 6937//6938 6940//6938 6939//6938
f 6938//6939 6939//6939 6937//6939
f 6939//6940 6940//6940 6937//6940
f 6941//6941 6943//6941 6942//6941
f 6941//6942 6944//6942 6943//6942
f 6942//6943 6943//6943 6941//6943
f 6943//6944 6944//6944 6941//6944
f 6945//6945 6947//6945 6946//6945
f 6945//6946 6948//6946 6947//6946
f 6946//6947 6947//6947 6945//6947
f 6947//6948 6948//6948 6945//6948
f 6949//6949 6951//6949 6950//6949
f 6949//6950 6952//6950 6951//6950
f 6950//6951 6951//6951 6949//6951
f 6951//6952 6952//6952 6949//6952
f 6953//6953 6955//6953 6954//6953
f 6953//6954 6956//6954 6955//6954
f 6954//6955 6955//6955 6953//6955
f 6955//6956 6956//6956 6953//6956
f 6957//6957 6959//6957 6958//6957
f 6957//6958 6960//6958 6959//6958
f 6958//6959 6959//6959 6957//6959
f 6959//6960 6960//6960 6957//6960
f 6961//6961 6963//6961 6962//6961
f 6961//6962 6964//6962 6963//6962
f 6962//6963 6963//6963 6961//6963
f 6963//6964 6964//6964 6961//6964
f 6965//6965 6967//6965 6966//6965
f 6965//6966 6968//6966 6967//6966
f 6966//6967 6967//6967 6965//6967
f 6967//6968 6968//6968 6965//6968
f 6969//6969 6971//6969 6970//6969
f 6969//6970 6972//6970 6971//6970
f 6970//6971 6971//6971 6969//6971
f 6971//6972 6972//6972 6969//6972
f 6973//6973 6975//6973 6974//6973
f 6973//6974 6976//6974 6975//6974
f 6974//6975 6975//6975 6973//6975
f 6975//6976 6976//6976 6973//6976
f 6977//6977 6979//6977 6978//6977
f 6977//6978 6980//6978 6979//6978
f 6978//6979 6979//6979 6977//6979
f 6979//6980 6980//6980 6977//6980
f 6981//6981 6983//6981 6982//6981
f 6981//6982 6984//6982 6983//6982
f 6982//6983 6983//6983 6981//6983
f 6983//6984 6984//6984 6981//6984
f 6985//6985 6987//6985 6986//6985
f 6985//6986 6988//6986 6987//6986
f 6986//6987 6987//6987 6985//6987
f 6987//6988 6988//6988 6985//6988
f 6989//6989 6991//6989 6990//6989
f 6989//6990 6992//6990 6991//6990
f 6990//6991 6991//6991 6989//6991
f 6991//6992 6992//6992 6989//6992
f 6993//6993 6995//6993 6994//6993
f 6993//6994 6996//6994 6995//6994
f 6994//6995 6995//6995 6993//6995
f 6995//6996 6996//6996 6993//6996
f 6997//6997 6999//6997 6998//6997
f 6997//6998 7000//6998 6999//6998
f 6998//6999 6999//6999 6997//6999
f 6999//7000 7000//7000 6997//7000
f 7001//7001 7003//7001 7002//7001
f 7001//7002 7004//7002 7003//7002
f 7002//7003 7003//7003 7001//7003
f 7003//7004 7004//7004 7001//7004
f 7005//7005 7007//7005 7006//7005
f 7005//7006 7008//7006 7007//7006
f 7006//7007 7007//7007 7005//7007
f 7007//7008 7008//7008 7005//7008
f 7009//7009 7011//7009 7010//7009
f 7009//7010 7012//7010 7011//7010
f 7010//7011 7011//7011 7009//7011
f 7011//7012 7012//7012 7009//7012
f 7013//7013 7015//7013 7014//7013
f 7013//7014 7016//7014 7015//7014
f 7014//7015 7015//7015 7013//7015
f 7015//7016 7016//7016 7013//7016
f 7017//7017 7019//7017 7018//7017
f 7017//7018 7020//7018 7019//7018
f 7018//7019 7019//7019 7017//7019
f 7019//7020 7020//7020 7017//7020
f 7021//7021 7023//7021 7022//7021
f 7021//7022 7024//7022 7023//7022
f 7022//7023 7023//7023 7021//7023
f 7023//7024 7024//7024 7021//7024
f 7025//7025 7027//7025 7026//7025
f 7025//7026 7028//7026 7027//7026
f 7026//7027 7027//7027 7025//7027
f 7027//7028 7028//7028 7025//7028
f 7029//7029 7031//7029 7030//7029
f 7029//7030 7032//7030 7031//7030
f 7030//7031 7031//7031 7029//7031
f 7031//7032 7032//7032 7029//7032
f 7033//7033 7035//7033 7034//7033
f 7033//7034 7036//7034 7035//7034
f 7034//7035 7035//7035 7033//7035
f 7035//7036 7036//7036 7033//7036
f 7037//7037 7039//7037 7038//7037
f 7037//7038 7040//7038 7039//7038
f 7038//7039 7039//7039 7037//7039
f 7039//7040 7040//7040 7037//7040
f 7041//7041 7043//7041 7042//7041
f 7041//7042 7044//7042 7043//7042
f 7042//7043 7043//7043 7041//7043
f 7043//7044 7044//7044 7041//7044
f 7045//7045 7047//7045 7046//7045
f 7045//7046 7048//7046 7047//7046
f 7046//7047 7047//7047 7045//7047
f 7047//7048 7048//7048 7045//7048
f 7049//7049 7051//7049 7050//7049
f 7049//7050 7052//7050 7051//7050
f 7050//7051 7051//7051 7049//7051
f 7051//7052 7052//7052 7049//7052
f 7053//7053 7055//7053 7054//7053
f 7053//7054 7056//7054 7055//7054
f 7054//7055 7055//7055 7053//7055
f 7055//7056 7056//7056 7053//7056
f 7057//7057 7059//7057 7058//7057
f 7057//7058 7060//7058 7059//7058
f 7058//7059 7059//7059 7057//7059
f 7059//7060 7060//7060 7057//7060
f 7061//7061 7063//7061 7062//7061
f 7061//7062 7064//7062 7063//7062
f 7062//7063 7063//7063 7061//7063
f 7063//7064 7064//7064 7061//7064
f 7065//7065 7067//7065 7066//7065
f 7065//7066 7068//7066 7067//7066
f 7066//7067 7067//7067 7065//7067
f 7067//7068 7068//7068 7065//7068
f 7069//7069 7071//7069 7070//7069
f 7069//7070 7072//7070 7071//7070
f 7070//7071 7071//7071 7069//7071
f 7071//7072 7072//7072 7069//7072
f 7073//7073 7075//7073 7074//7073
f 7073//7074 7076//7074 7075//7074
f 7074//7075 7075//7075 7073//7075
f 7075//7076 7076//7076 7073//7076
f 7077//7077 7079//7077 7078//7077
f 7077//7078 7080//7078 7079//7078
f 7078//7079 7079//7079 7077//7079
f 7079//7080 7080//7080 7077//7080
f 7081//7081 7083//7081 7082//7081
f 7081//7082 7084//7082 7083//7082
f 7082//7083 7083//7083 7081//7083
f 7083//7084 7084//7084 7081//7084
f 7085//7085 7087//7085 7086//7085
f 7085//7086 7088//7086 7087//7086
f 7086//7087 7087//7087 7085//7087
f 7087//7088 7088//7088 7085//7088
f 7089//7089 7091//7089 7090//7089
f 7089//7090 7092//7090 7091//7090
f 7090//7091 7091//7091 7089//7091
f 7091//7092 7092//7092 7089//7092
f 7093//7093 7095//7093 7094//7093
f 7093//7094 7096//7094 7095//7094
f 7094//7095 7095//7095 7093//7095
f 7095//7096 7096//7096 7093//7096
f 7097//7097 7099//7097 7098//7097
f 7097//7098 7100//7098 7099//7098
f 7098//7099 7099//7099 7097//7099
f 7099//7100 7100//7100 7097//7100
f 7101//7101 7103//7101 7102//7101
f 7101//7102 7104//7102 7103//7102
f 7102//7103 7103//7103 7101//7103
f 7103//7104 7104//7104 7101//7104
f 7105//7105 7107//7105 7106//7105
f 7105//7106 7108//7106 7107//7106
f 7106//7107 7107//7107 7105//7107
f 7107//7108 7108//7108 7105//7108
f 7109//7109 7111//7109 7110//7109
f 7109//7110 7112//7110 7111//7110
f 7110//7111 7111//7111 7109//7111
f 7111//7112 7112//7112 7109//7112
f 7113//7113 7115//7113 7114//7113
f 7113//7114 7116//7114 7115//7114
f 7114//7115 7115//7115 7113//7115
f 7115//7116 7116//7116 7113//7116
f 7117//7117 7119//7117 7118//7117
f 7117//7118 7120//7118 7119//7118
f 7118//7119 7119//7119 7117//7119
f 7119//7120 7120//7120 7117//7120
f 7121//7121 7123//7121 7122//7121
f 7121//7122 7124//7122 7123//7122
f 7122//7123 7123//7123 7121//7123
f 7123//7124 7124//7124 7121//7124
f 7125//7125 7127//7125 7126//7125
f 7125//7126 7128//7126 7127//7126
f 7126//7127 7127//7127 7125//7127
f 7127//7128 7128//7128 7125//7128
f 7129//7129 7131//7129 7130//7129
f 7129//7130 7132//7130 7131//7130
f 7130//7131 7131//7131 7129//7131
f 7131//7132 7132//7132 7129//7132
f 7133//7133 7135//7133 7134//7133
f 7133//7134 7136//7134 7135//7134
f 7134//7135 7135//7135 7133//7135
f 7135//7136 7136//7136 7133//7136
f 7137//7137 7139//7137 7138//7137
f 7137//7138 7140//7138 7139//7138
f 7138//7139 7139//7139 7137//7139
f 7139//7140 7140//7140 7137//7140
f 7141//7141 7143//7141 7142//7141
f 7141//7142 7144//7142 7143//7142
f 7142//7143 7143//7143 7141//7143
f 7143//7144 7144//7144 7141//7144
f 7145//7145 7147//7145 7146//7145
f 7145//7146 7148//7146 7147//7146
f 7146//7147 7147//7147 7145//7147
f 7147//7148 7148//7148 7145//7148
f 7149//7149 7151//7149 7150//7149
f 7149//7150 7152//7150 7151//7150
f 7150//7151 7151//7151 7149//7151
f 7151//7152 7152//7152 7149//7152
f 7153//7153 7155//7153 7154//7153
f 7153//7154 7156//7154 7155//7154
f 7154//7155 7155//7155 7153//7155
f 7155//7156 7156//7156 7153//7156
f 7157//7157 7159//7157 7158//7157
f 7157//7158 7160//7158 7159//7158
f 7158//7159 7159//7159 7157//7159
f 7159//7160 7160//7160 7157//7160
f 7161//7161 7163//7161 7162//7161
f 7161//7162 7164//7162 7163//7162
f 7162//7163 7163//7163 7161//7163
f 7163//7164 7164//7164 7161//7164
f 7165//7165 7167//7165 7166//7165
f 7165//7166 7168//7166 7167//7166
f 7166//7167 7167//7167 7165//7167
f 7167//7168 7168//7168 7165//7168
f 7169//7169 7171//7169 7170//7169
f 7169//7170 7172//7170 7171//7170
f 7170//7171 7171//7171 7169//7171
f 7171//7172 7172//7172 7169//7172
f 7173//7173 7175//7173 7174//7173
f 7173//7174 7176//7174 7175//7174
f 7174//7175 7175//7175 7173//7175
f 7175//7176 7176//7176 7173//7176
f 7177//7177 7179//7177 7178//7177
f 7177//7178 7180//7178 7179//7178
f 7178//7179 7179//7179 7177//7179
f 7179//7180 7180//7180 7177//7180
f 7181//7181 7183//7181 7182//7181
f 7181//7182 7184//7182 7183//7182
f 7182//7183 7183//7183 7181//7183
f 7183//7184 7184//7184 7181//7184
f 7185//7185 7187//7185 7186//7185
f 7185//7186 7188//7186 7187//7186
f 7186//7187 7187//7187 7185//7187
f 7187//7188 7188//7188 7185//7188
f 7189//7189 7191//7189 7190//7189
f 7189//7190 7192//7190 7191//7190
f 7190//7191 7191//7191 7189//7191
f 7191//7192 7192//7192 7189//7192
f 7193//7193 7195//7193 7194//7193
f 7193//7194 7196//7194 7195//7194
f 7194//7195 7195//7195 7193//7195
f 7195//7196 7196//7196 7193//7196
f 7197//7197 7199//7197 7198//7197
f 7197//7198 7200//7198 7199//7198
f 7198//7199 7199//7199 7197//7199
f 7199//7200 7200//7200 7197//7200
f 7201//7201 7203//7201 7202//7201
f 7201//7202 7204//7202 7203//7202
f 7202//7203 7203//7203 7201//7203
f 7203//7204 7204//7204 7201//7204
f 7205//7205 7207//7205 7206//7205
f 7205//7206 7208//7206 7207//7206
f 7206//7207 7207//7207 7205//7207
f 7207//7208 7208//7208 7205//7208
f 7209//7209 7211//7209 7210//7209
f 7209//7210 7212//7210 7211//7210
f 7210//7211 7211//7211 7209//7211
f 7211//7212 7212//7212 7209//7212
f 7213//7213 7215//7213 7214//7213
f 7213//7214 7216//7214 7215//7214
f 7214//7215 7215//7215 7213//7215
f 7215//7216 7216//7216 7213//7216
f 7217//7217 7219//7217 7218//7217
f 7217//7218 7220//7218 7219//7218
f 7218//7219 7219//7219 7217//7219
f 7219//7220 7220//7220 7217//7220
f 7221//7221 7223//7221 7222//7221
f 7221//7222 7224//7222 7223//7222
f 7222//7223 7223//7223 7221//7223
f 7223//7224 7224//7224 7221//7224
f 7225//7225 7227//7225 7226//7225
f 7225//7226 7228//7226 7227//7226
f 7226//7227 7227//7227 7225//7227
f 7227//7228 7228//7228 7225//7228
f 7229//7229 7231//7229 7230//7229
f 7229//7230 7232//7230 7231//7230
f 7230//7231 7231//7231 7229//7231
f 7231//7232 7232//7232 7229//7232
f 7233//7233 7235//7233 7234//7233
f 7233//7234 7236//7234 7235//7234
f 7234//7235 7235//7235 7233//7235
f 7235//7236 7236//7236 7233//7236
f 7237//7237 7239//7237 7238//7237
f 7237//7238 7240//7238 7239//7238
f 7238//7239 7239//7239 7237//7239
f 7239//7240 7240//7240 7237//7240
f 7241//7241 7243//7241 7242//7241
f 7241//7242 7244//7242 7243//7242
f 7242//7243 7243//7243 7241//7243
f 7243//7244 7244//7244 7241//7244
f 7245//7245 7247//7245 7246//7245
f 7245//7246 7248//7246 7247//7246
f 7246//7247 7247//7247 7245//7247
f 7247//7248 7248//7248 7245//7248
f 7249//7249 7251//7249 7250//7249
f 7249//7250 7252//7250 7251//7250
f 7250//7251 7251//7251 7249//7251
f 7251//7252 7252//7252 7249//7252
f 7253//7253 7255//7253 7254//7253
f 7253//7254 7256//7254 7255//7254
f 7254//7255 7255//7255 7253//7255
f 7255//7256 7256//7256 7253//7256
f 7257//7257 7259//7257 7258//7257
f 7257//7258 7260//7258 7259//7258
f 7258//7259 7259//7259 7257//7259
f 7259//7260 7260//7260 7257//7260
f 7261//7261 7263//7261 7262//7261
f 7261//7262 7264//7262 7263//7262
f 7262//7263 7263//7263 7261//7263
f 7263//7264 7264//7264 7261//7264
f 7265//7265 7267//7265 7266//7265
f 7265//7266 7268//7266 7267//7266
f 7266//7267 7267//7267 7265//7267
f 7267//7268 7268//7268 7265//7268
f 7269//7269 7271//7269 7270//7269
f 7269//7270 7272//7270 7271//7270
f 7270//7271 7271//7271 7269//7271
f 7271//7272 7272//7272 7269//7272
f 7273//7273 7275//7273 7274//7273
f 7273//7274 7276//7274 7275//7274
f 7274//7275 7275//7275 7273//7275
f 7275//7276 7276//7276 7273//7276
f 7277//7277 7279//7277 7278//7277
f 7277//7278 7280//7278 7279//7278
f 7278//7279 7279//7279 7277//7279
f 7279//7280 7280//7280 7277//7280
f 7281//7281 7283//7281 7282//7281
f 7281//7282 7284//7282 7283//7282
f 7282//7283 7283//7283 7281//7283
f 7283//7284 7284//7284 7281//7284
f 7285//7285 7287//7285 7286//7285
f 7285//7286 7288//7286 7287//7286
f 7286//7287 7287//7287 7285//7287
f 7287//7288 7288//7288 7285//7288
f 7289//7289 7291//7289 7290//7289
f 7289//7290 7292//7290 7291//7290
f 7290//7291 7291//7291 7289//7291
f 7291//7292 7292//7292 7289//7292
f 7293//7293 7295//7293 7294//7293
f 7293//7294 7296//7294 7295//7294
f 7294//7295 7295//7295 7293//7295
f 7295//7296 7296//7296 7293//7296
f 7297//7297 7299//7297 7298//7297
f 7297//7298 7300//7298 7299//7298
f 7298//7299 7299//7299 7297//7299
f 7299//7300 7300//7300 7297//7300
f 7301//7301 7303//7301 7302//7301
f 7301//7302 7304//7302 7303//7302
f 7302//7303 7303//7303 7301//7303
f 7303//7304 7304//7304 7301//7304
f 7305//7305 7307//7305 7306//7305
f 7305//7306 7308//7306 7307//7306
f 7306//7307 7307//7307 7305//7307
f 7307//7308 7308//7308 7305//7308
f 7309//7309 7311//7309 7310//7309
f 7309//7310 7312//7310 7311//7310
f 7310//7311 7311//7311 7309//7311
f 7311//7312 7312//7312 7309//7312
f 7313//7313 7315//7313 7314//7313
f 7313//7314 7316//7314 7315//7314
f 7314//7315 7315//7315 7313//7315
f 7315//7316 7316//7316 7313//7316
f 7317//7317 7319//7317 7318//7317
f 7317//7318 7320//7318 7319//7318
f 7318//7319 7319//7319 7317//7319
f 7319//7320 7320//7320 7317//7320
f 7321//7321 7323//7321 7322//7321
f 7321//7322 7324//7322 7323//7322
f 7322//7323 7323//7323 7321//7323
f 7323//7324 7324//7324 7321//7324
f 7325//7325 7327//7325 7326//7325
f 7325//7326 7328//7326 7327//7326
f 7326//7327 7327//7327 7325//7327
f 7327//7328 7328//7328 7325//7328
f 7329//7329 7331//7329 7330//7329
f 7329//7330 7332//7330 7331//7330
f 7330//7331 7331//7331 7329//7331
f 7331//7332 7332//7332 7329//7332
f 7333//7333 7335//7333 7334//7333
f 7333//7334 7336//7334 7335//7334
f 7334//7335 7335//7335 7333//7335
f 7335//7336 7336//7336 7333//7336
f 7337//7337 7339//7337 7338//7337
f 7337//7338 7340//7338 7339//7338
f 7338//7339 7339//7339 7337//7339
f 7339//7340 7340//7340 7337//7340
f 7341//7341 7343//7341 7342//7341
f 7341//7342 7344//7342 7343//7342
f 7342//7343 7343//7343 7341//7343
f 7343//7344 7344//7344 7341//7344
f 7345//7345 7347//7345 7346//7345
f 7345//7346 7348//7346 7347//7346
f 7346//7347 7347//7347 7345//7347
f 7347//7348 7348//7348 7345//7348
f 7349//7349 7351//7349 7350//7349
f 7349//7350 7352//7350 7351//7350
f 7350//7351 7351//7351 7349//7351
f 7351//7352 7352//7352 7349//7352
f 7353//7353 7355//7353 7354//7353
f 7353//7354 7356//7354 7355//7354
f 7354//7355 7355//7355 7353//7355
f 7355//7356 7356//7356 7353//7356
f 7357//7357 7359//7357 7358//7357
f 7357//7358 7360//7358 7359//7358
f 7358//7359 7359//7359 7357//7359
f 7359//7360 7360//7360 7357//7360
f 7361//7361 7363//7361 7362//7361
f 7361//7362 7364//7362 7363//7362
f 7362//7363 7363//7363 7361//7363
f 7363//7364 7364//7364 7361//7364
f 7365//7365 7367//7365 7366//7365
f 7365//7366 7368//7366 7367//7366
f 7366//7367 7367//7367 7365//7367
f 7367//7368 7368//7368 7365//7368
f 7369//7369 7371//7369 7370//7369
f 7369//7370 7372//7370 7371//7370
f 7370//7371 7371//7371 7369//7371
f 7371//7372 7372//7372 7369//7372
f 7373//7373 7375//7373 7374//7373
f 7373//7374 7376//7374 7375//7374
f 7374//7375 7375//7375 7373//7375
f 7375//7376 7376//7376 7373//7376
f 7377//7377 7379//7377 7378//7377
f 7377//7378 7380//7378 7379//7378
f 7378//7379 7379//7379 7377//7379
f 7379//7380 7380//7380 7377//7380
f 7381//7381 7383//7381 7382//7381
f 7381//7382 7384//7382 7383//7382
f 7382//7383 7383//7383 7381//7383
f 7383//7384 7384//7384 7381//7384
f 7385//7385 7387//7385 7386//7385
f 7385//7386 7388//7386 7387//7386
f 7386//7387 7387//7387 7385//7387
f 7387//7388 7388//7388 7385//7388
f 7389//7389 7391//7389 7390//7389
f 7389//7390 7392//7390 7391//7390
f 7390//7391 7391//7391 7389//7391
f 7391//7392 7392//7392 7389//7392
f 7393//7393 7395//7393 7394//7393
f 7393//7394 7396//7394 7395//7394
f 7394//7395 7395//7395 7393//7395
f 7395//7396 7396//7396 7393//7396
f 7397//7397 7399//7397 7398//7397
f 7397//7398 7400//7398 7399//7398
f 7398//7399 7399//7399 7397//7399
f 7399//7400 7400//7400 7397//7400
f 7401//7401 7403//7401 7402//7401
f 7401//7402 7404//7402 7403//7402
f 7402//7403 7403//7403 7401//7403
f 7403//7404 7404//7404 7401//7404
f 7405//7405 7407//7405 7406//7405
f 7405//7406 7408//7406 7407//7406
f 7406//7407 7407//7407 7405//7407
f 7407//7408 7408//7408 7405//7408
f 7409//7409 7411//7409 7410//7409
f 7409//7410 7412//7410 7411//7410
f 7410//7411 7411//7411 7409//7411
f 7411//7412 7412//7412 7409//7412
f 7413//7413 7415//7413 7414//7413
f 7413//7414 7416//7414 7415//7414
f 7414//7415 7415//7415 7413//7415
f 7415//7416 7416//7416 7413//7416
f 7417//7417 7419//7417 7418//7417
f 7417//7418 7420//7418 7419//7418
f 7418//7419 7419//7419 7417//7419
f 7419//7420 7420//7420 7417//7420
f 7421//7421 7423//7421 7422//7421
f 7421//7422 7424//7422 7423//7422
f 7422//7423 7423//7423 7421//7423
f 7423//7424 7424//7424 7421//7424
f 7425//7425 7427//7425 7426//7425
f 7425//7426 7428//7426 7427//7426
f 7426//7427 7427//7427 7425//7427
f 7427//7428 7428//7428 7425//7428
f 7429//7429 7431//7429 7430//7429
f 7429//7430 7432//7430 7431//7430
f 7430//7431 7431//7431 7429//7431
f 7431//7432 7432//7432 7429//7432
f 7433//7433 7435//7433 7434//7433
f 7433//7434 7436//7434 7435//7434
f 7434//7435 7435//7435 7433//7435
f 7435//7436 7436//7436 7433//7436
f 7437//7437 7439//7437 7438//7437
f 7437//7438 7440//7438 7439//7438
f 7438//7439 7439//7439 7437//7439
f 7439//7440 7440//7440 7437//7440
f 7441//7441 7443//7441 7442//7441
f 7441//7442 7444//7442 7443//7442
f 7442//7443 7443//7443 7441//7443
f 7443//7444 7444//7444 7441//7444
f 7445//7445 7447//7445 7446//7445
f 7445//7446 7448//7446 7447//7446
f 7446//7447 7447//7447 7445//7447
f 7447//7448 7448//7448 7445//7448
f 7449//7449 7451//7449 7450//7449
f 7449//7450 7452//7450 7451//7450
f 7450//7451 7451//7451 7449//7451
f 7451//7452 7452//7452 7449//7452
f 7453//7453 7455//7453 7454//7453
f 7453//7454 7456//7454 7455//7454
f 7454//7455 7455//7455 7453//7455
f 7455//7456 7456//7456 7453//7456
f 7457//7457 7459//7457 7458//7457
f 7457//7458 7460//7458 7459//7458
f 7458//7459 7459//7459 7457//7459
f 7459//7460 7460//7460 7457//7460
f 7461//7461 7463//7461 7462//7461
f 7461//7462 7464//7462 7463//7462
f 7462//7463 7463//7463 7461//7463
f 7463//7464 7464//7464 7461//7464
f 7465//7465 7467//7465 7466//7465
f 7465//7466 7468//7466 7467//7466
f 7466//7467 7467//7467 7465//7467
f 7467//7468 7468//7468 7465//7468
f 7469//7469 7471//7469 7470//7469
f 7469//7470 7472//7470 7471//7470
f 7470//7471 7471//7471 7469//7471
f 7471//7472 7472//7472 7469//7472
f 7473//7473 7475//7473 7474//7473
f 7473//7474 7476//7474 7475//7474
f 7474//7475 7475//7475 7473//7475
f 7475//7476 7476//7476 7473//7476
f 7477//7477 7479//7477 7478//7477
f 7477//7478 7480//7478 7479//7478
f 7478//7479 7479//7479 7477//7479
f 7479//7480 7480//7480 7477//7480
f 7481//7481 7483//7481 7482//7481
f 7481//7482 7484//7482 7483//7482
f 7482//7483 7483//7483 7481//7483
f 7483//7484 7484//7484 7481//7484
f 7485//7485 7487//7485 7486//7485
f 7485//7486 7488//7486 7487//7486
f 7486//7487 7487//7487 7485//7487
f 7487//7488 7488//7488 7485//7488
f 7489//7489 7491//7489 7490//7489
f 7489//7490 7492//7490 7491//7490
f 7490//7491 7491//7491 7489//7491
f 7491//7492 7492//7492 7489//7492
f 7493//7493 7495//7493 7494//7493
f 7493//7494 7496//7494 7495//7494
f 7494//7495 7495//7495 7493//7495
f 7495//7496 7496//7496 7493//7496
f 7497//7497 7499//7497 7498//7497
f 7497//7498 7500//7498 7499//7498
f 7498//7499 7499//7499 7497//7499
f 7499//7500 7500//7500 7497//7500
f 7501//7501 7503//7501 7502//7501
f 7501//7502 7504//7502 7503//7502
f 7502//7503 7503//7503 7501//7503
f 7503//7504 7504//7504 7501//7504
f 7505//7505 7507//7505 7506//7505
f 7505//7506 7508//7506 7507//7506
f 7506//7507 7507//7507 7505//7507
f 7507//7508 7508//7508 7505//7508
f 7509//7509 7511//7509 7510//7509
f 7509//7510 7512//7510 7511//7510
f 7510//7511 7511//7511 7509//7511
f 7511//7512 7512//7512 7509//7512
f 7513//7513 7515//7513 7514//7513
f 7513//7514 7516//7514 7515//7514
f 7514//7515 7515//7515 7513//7515
f 7515//7516 7516//7516 7513//7516
f 7517//7517 7519//7517 7518//7517
f 7517//7518 7520//7518 7519//7518
f 7518//7519 7519//7519 7517//7519
f 7519//7520 7520//7520 7517//7520
f 7521//7521 7523//7521 7522//7521
f 7521//7522 7524//7522 7523//7522
f 7522//7523 7523//7523 7521//7523
f 7523//7524 7524//7524 7521//7524
f 7525//7525 7527//7525 7526//7525
f 7525//7526 7528//7526 7527//7526
f 7526//7527 7527//7527 7525//7527
f 7527//7528 7528//7528 7525//7528
f 7529//7529 7531//7529 7530//7529
f 7529//7530 7532//7530 7531//7530
f 7530//7531 7531//7531 7529//7531
f 7531//7532 7532//7532 7529//7532
f 7533//7533 7535//7533 7534//7533
f 7533//7534 7536//7534 7535//7534
f 7534//7535 7535//7535 7533//7535
f 7535//7536 7536//7536 7533//7536
f 7537//7537 7539//7537 7538//7537
f 7537//7538 7540//7538 7539//7538
f 7538//7539 7539//7539 7537//7539
f 7539//7540 7540//7540 7537//7540
f 7541//7541 7543//7541 7542//7541
f 7541//7542 7544//7542 7543//7542
f 7542//7543 7543//7543 7541//7543
f 7543//7544 7544//7544 7541//7544
f 7545//7545 7547//7545 7546//7545
f 7545//7546 7548//7546 7547//7546
f 7546//7547 7547//7547 7545//7547
f 7547//7548 7548//7548 7545//7548
f 7549//7549 7551//7549 7550//7549
f 7549//7550 7552//7550 7551//7550
f 7550//7551 7551//7551 7549//7551
f 7551//7552 7552//7552 7549//7552
f 7553//7553 7555//7553 7554//7553
f 7553//7554 7556//7554 7555//7554
f 7554//7555 7555//7555 7553//7555
f 7555//7556 7556//7556 7553//7556
f 7557//7557 7559//7557 7558//7557
f 7557//7558 7560//7558 7559//7558
f 7558//7559 7559//7559 7557//7559
f 7559//7560 7560//7560 7557//7560
f 7561//7561 7563//7561 7562//7561
f 7561//7562 7564//7562 7563//7562
f 7562//7563 7563//7563 7561//7563
f 7563//7564 7564//7564 7561//7564
f 7565//7565 7567//7565 7566//7565
f 7565//7566 7568//7566 7567//7566
f 7566//7567 7567//7567 7565//7567
f 7567//7568 7568//7568 7565//7568
f 7569//7569 7571//7569 7570//7569
f 7569//7570 7572//7570 7571//7570
f 7570//7571 7571//7571 7569//7571
f 7571//7572 7572//7572 7569//7572
f 7573//7573 7575//7573 7574//7573
f 7573//7574 7576//7574 7575//7574
f 7574//7575 7575//7575 7573//7575
f 7575//7576 7576//7576 7573//7576
f 7577//7577 7579//7577 7578//7577
f 7577//7578 7580//7578 7579//7578
f 7578//7579 7579//7579 7577//7579
f 7579//7580 7580//7580 7577//7580
f 7581//7581 7583//7581 7582//7581
f 7581//7582 7584//7582 7583//7582
f 7582//7583 7583//7583 7581//7583
f 7583//7584 7584//7584 7581//7584
f 7585//7585 7587//7585 7586//7585
f 7585//7586 7588//7586 7587//7586
f 7586//7587 7587//7587 7585//7587
f 7587//7588 7588//7588 7585//7588
f 7589//7589 7591//7589 7590//7589
f 7589//7590 7592//7590 7591//7590
f 7590//7591 7591//7591 7589//7591
f 7591//7592 7592//7592 7589//7592
f 7593//7593 7595//7593 7594//7593
f 7593//7594 7596//7594 7595//7594
f 7594//7595 7595//7595 7593//7595
f 7595//7596 7596//7596 7593//7596
f 7597//7597 7599//7597 7598//7597
f 7597//7598 7600//7598 7599//7598
f 7598//7599 7599//7599 7597//7599
f 7599//7600 7600//7600 7597//7600
f 7601//7601 7603//7601 7602//7601
f 7601//7602 7604//7602 7603//7602
f 7602//7603 7603//7603 7601//7603
f 7603//7604 7604//7604 7601//7604
f 7605//7605 7607//7605 7606//7605
f 7605//7606 7608//7606 7607//7606
f 7606//7607 7607//7607 7605//7607
f 7607//7608 7608//7608 7605//7608
f 7609//7609 7611//7609 7610//7609
f 7609//7610 7612//7610 7611//7610
f 7610//7611 7611//7611 7609//7611
f 7611//7612 7612//7612 7609//7612
f 7613//7613 7615//7613 7614//7613
f 7613//7614 7616//7614 7615//7614
f 7614//7615 7615//7615 7613//7615
f 7615//7616 7616//7616 7613//7616
f 7617//7617 7619//7617 7618//7617
f 7617//7618 7620//7618 7619//7618
f 7618//7619 7619//7619 7617//7619
f 7619//7620 7620//7620 7617//7620
f 7621//7621 7623//7621 7622//7621
f 7621//7622 7624//7622 7623//7622
f 7622//7623 7623//7623 7621//7623
f 7623//7624 7624//7624 7621//7624
f 7625//7625 7627//7625 7626//7625
f 7625//7626 7628//7626 7627//7626
f 7626//7627 7627//7627 7625//7627
f 7627//7628 7628//7628 7625//7628
f 7629//7629 7631//7629 7630//7629
f 7629//7630 7632//7630 7631//7630
f 7630//7631 7631//7631 7629//7631
f 7631//7632 7632//7632 7629//7632
f 7633//7633 7635//7633 7634//7633
f 7633//7634 7636//7634 7635//7634
f 7634//7635 7635//7635 7633//7635
f 7635//7636 7636//7636 7633//7636
f 7637//7637 7639//7637 7638//7637
f 7637//7638 7640//7638 7639//7638
f 7638//7639 7639//7639 7637//7639
f 7639//7640 7640//7640 7637//7640
f 7641//7641 7643//7641 7642//7641
f 7641//7642 7644//7642 7643//7642
f 7642//7643 7643//7643 7641//7643
f 7643//7644 7644//7644 7641//7644
f 7645//7645 7647//7645 7646//7645
f 7645//7646 7648//7646 7647//7646
f 7646//7647 7647//7647 7645//7647
f 7647//7648 7648//7648 7645//7648
f 7649//7649 7651//7649 7650//7649
f 7649//7650 7652//7650 7651//7650
f 7650//7651 7651//7651 7649//7651
f 7651//7652 7652//7652 7649//7652
f 7653//7653 7655//7653 7654//7653
f 7653//7654 7656//7654 7655//7654
f 7654//7655 7655//7655 7653//7655
f 7655//7656 7656//7656 7653//7656
f 7657//7657 7659//7657 7658//7657
f 7657//7658 7660//7658 7659//7658
f 7658//7659 7659//7659 7657//7659
f 7659//7660 7660//7660 7657//7660
f 7661//7661 7663//7661 7662//7661
f 7661//7662 7664//7662 7663//7662
f 7662//7663 7663//7663 7661//7663
f 7663//7664 7664//7664 7661//7664
f 7665//7665 7667//7665 7666//7665
f 7665//7666 7668//7666 7667//7666
f 7666//7667 7667//7667 7665//7667
f 7667//7668 7668//7668 7665//7668
f 7669//7669 7671//7669 7670//7669
f 7669//7670 7672//7670 7671//7670
f 7670//7671 7671//7671 7669//7671
f 7671//7672 7672//7672 7669//7672
f 7673//7673 7675//7673 7674//7673
f 7673//7674 7676//7674 7675//7674
f 7674//7675 7675//7675 7673//7675
f 7675//7676 7676//7676 7673//7676
f 7677//7677 7679//7677 7678//7677
f 7677//7678 7680//7678 7679//7678
f 7678//7679 7679//7679 7677//7679
f 7679//7680 7680//7680 7677//7680
f 7681//7681 7683//7681 7682//7681
f 7681//7682 7684//7682 7683//7682
f 7682//7683 7683//7683 7681//7683
f 7683//7684 7684//7684 7681//7684
f 7685//7685 7687//7685 7686//7685
f 7685//7686 7688//7686 7687//7686
f 7686//7687 7687//7687 7685//7687
f 7687//7688 7688//7688 7685//7688
f 7689//7689 7691//7689 7690//7689
f 7689//7690 7692//7690 7691//7690
f 7690//7691 7691//7691 7689//7691
f 7691//7692 7692//7692 7689//7692
f 7693//7693 7695//7693 7694//7693
f 7693//7694 7696//7694 7695//7694
f 7694//7695 7695//7695 7693//7695
f 7695//7696 7696//7696 7693//7696
f 7697//7697 7699//7697 7698//7697
f 7697//7698 7700//7698 7699//7698
f 7698//7699 7699//7699 7697//7699
f 7699//7700 7700//7700 7697//7700
f 7701//7701 7703//7701 7702//7701
f 7701//7702 7704//7702 7703//7702
f 7702//7703 7703//7703 7701//7703
f 7703//7704 7704//7704 7701//7704
f 7705//7705 7707//7705 7706//7705
f 7705//7706 7708//7706 7707//7706
f 7706//7707 7707//7707 7705//7707
f 7707//7708 7708//7708 7705//7708
f 7709//7709 7711//7709 7710//7709
f 7709//7710 7712//7710 7711//7710
f 7710//7711 7711//7711 7709//7711
f 7711//7712 7712//7712 7709//7712
f 7713//7713 7715//7713 7714//7713
f 7713//7714 7716//7714 7715//7714
f 7714//7715 7715//7715 7713//7715
f 7715//7716 7716//7716 7713//7716
f 7717//7717 7719//7717 7718//7717
f 7717//7718 7720//7718 7719//7718
f 7718//7719 7719//7719 7717//7719
f 7719//7720 7720//7720 7717//7720
f 7721//7721 7723//7721 7722//7721
f 7721//7722 7724//7722 7723//7722
f 7722//7723 7723//7723 7721//7723
f 7723//7724 7724//7724 7721//7724
f 7725//7725 7727//7725 7726//7725
f 7725//7726 7728//7726 7727//7726
f 7726//7727 7727//7727 7725//7727
f 7727//7728 7728//7728 7725//7728
f 7729//7729 7731//7729 7730//7729
f 7729//7730 7732//7730 7731//7730
f 7730//7731 7731//7731 7729//7731
f 7731//7732 7732//7732 7729//7732
f 7733//7733 7735//7733 7734//7733
f 7733//7734 7736//7734 7735//7734
f 7734//7735 7735//7735 7733//7735
f 7735//7736 7736//7736 7733//7736
f 7737//7737 7739//7737 7738//7737
f 7737//7738 7740//7738 7739//7738
f 7738//7739 7739//7739 7737//7739
f 7739//7740 7740//7740 7737//7740
f 7741//7741 7743//7741 7742//7741
f 7741//7742 7744//7742 7743//7742
f 7742//7743 7743//7743 7741//7743
f 7743//7744 7744//7744 7741//7744
f 7745//7745 7747//7745 7746//7745
f 7745//7746 7748//7746 7747//7746
f 7746//7747 7747//7747 7745//7747
f 7747//7748 7748//7748 7745//7748
f 7749//7749 7751//7749 7750//7749
f 7749//7750 7752//7750 7751//7750
f 7750//7751 7751//7751 7749//7751
f 7751//7752 7752//7752 7749//7752
f 7753//7753 7755//7753 7754//7753
f 7753//7754 7756//7754 7755//7754
f 7754//7755 7755//7755 7753//7755
f 7755//7756 7756//7756 7753//7756
f 7757//7757 7759//7757 7758//7757
f 7757//7758 7760//7758 7759//7758
f 7758//7759 7759//7759 7757//7759
f 7759//7760 7760//7760 7757//7760
f 7761//7761 7763//7761 7762//7761
f 7761//7762 7764//7762 7763//7762
f 7762//7763 7763//7763 7761//7763
f 7763//7764 7764//7764 7761//7764
f 7765//7765 7767//7765 7766//7765
f 7765//7766 7768//7766 7767//7766
f 7766//7767 7767//7767 7765//7767
f 7767//7768 7768//7768 7765//7768
f 7769//7769 7771//7769 7770//7769
f 7769//7770 7772//7770 7771//7770
f 7770//7771 7771//7771 7769//7771
f 7771//7772 7772//7772 7769//7772
f 7773//7773 7775//7773 7774//7773
f 7773//7774 7776//7774 7775//7774
f 7774//7775 7775//7775 7773//7775
f 7775//7776 7776//7776 7773//7776
f 7777//7777 7779//7777 7778//7777
f 7777//7778 7780//7778 7779//7778
f 7778//7779 7779//7779 7777//7779
f 7779//7780 7780//7780 7777//7780
f 7781//7781 7783//7781 7782//7781
f 7781//7782 7784//7782 7783//7782
f 7782//7783 7783//7783 7781//7783
f 7783//7784 7784//7784 7781//7784
f 7785//7785 7787//7785 7786//7785
f 7785//7786 7788//7786 7787//7786
f 7786//7787 7787//7787 7785//7787
f 7787//7788 7788//7788 7785//7788
f 7789//7789 7791//7789 7790//7789
f 7789//7790 7792//7790 7791//7790
f 7790//7791 7791//7791 7789//7791
f 7791//7792 7792//7792 7789//7792
f 7793//7793 7795//7793 7794//7793
f 7793//7794 7796//7794 7795//7794
f 7794//7795 7795//7795 7793//7795
f 7795//7796 7796//7796 7793//7796
f 7797//7797 7799//7797 7798//7797
f 7797//7798 7800//7798 7799//7798
f 7798//7799 7799//7799 7797//7799
f 7799//7800 7800//7800 7797//7800
f 7801//7801 7803//7801 7802//7801
f 7801//7802 7804//7802 7803//7802
f 7802//7803 7803//7803 7801//7803
f 7803//7804 7804//7804 7801//7804
f 7805//7805 7807//7805 7806//7805
f 7805//7806 7808//7806 7807//7806
f 7806//7807 7807//7807 7805//7807
f 7807//7808 7808//7808 7805//7808
f 7809//7809 7811//7809 7810//7809
f 7809//7810 7812//7810 7811//7810
f 7810//7811 7811//7811 7809//7811
f 7811//7812 7812//7812 7809//7812
