o LuaNuoc_1_27
v -6.92564 0.03500 22.65107
v -7.22564 0.03500 22.65107
v -7.18064 0.40967 22.65107
v -7.17564 0.63025 22.70107
v -7.00061 0.03500 22.52118
v -7.15067 0.03500 22.78095
v -7.12816 0.40967 22.74199
v -7.17564 0.63025 22.70107
v -7.15059 0.03500 22.52113
v -7.00069 0.03500 22.78100
v -7.02318 0.40967 22.74202
v -7.17564 0.63025 22.70107
v -6.87830 0.03500 23.20394
v -7.17830 0.03500 23.20394
v -7.13330 0.46386 23.20394
v -7.12830 0.71363 23.25394
v -6.95327 0.03500 23.07405
v -7.10332 0.03500 23.33383
v -7.08082 0.46386 23.29486
v -7.12830 0.71363 23.25394
v -7.10325 0.03500 23.07401
v -6.95335 0.03500 23.33387
v -6.97583 0.46386 23.29489
v -7.12830 0.71363 23.25394
v -6.94434 0.03500 23.76444
v -7.24434 0.03500 23.76444
v -7.19934 0.49292 23.76444
v -7.19434 0.75834 23.81444
v -7.01931 0.03500 23.63455
v -7.16937 0.03500 23.89432
v -7.14686 0.49292 23.85536
v -7.19434 0.75834 23.81444
v -7.16929 0.03500 23.63450
v -7.01939 0.03500 23.89437
v -7.04188 0.49292 23.85539
v -7.19434 0.75834 23.81444
v -6.75731 0.03500 24.43266
v -7.05731 0.03500 24.43266
v -7.01231 0.41917 24.43266
v -7.00731 0.64487 24.48266
v -6.83229 0.03500 24.30277
v -6.98234 0.03500 24.56254
v -6.95983 0.41917 24.52358
v -7.00731 0.64487 24.48266
v -6.98226 0.03500 24.30272
v -6.83236 0.03500 24.56259
v -6.85485 0.41917 24.52361
v -7.00731 0.64487 24.48266
v -6.82899 0.03500 25.09665
v -7.12899 0.03500 25.09665
v -7.08399 0.45446 25.09665
v -7.07899 0.69916 25.14665
v -6.90396 0.03500 24.96676
v -7.05402 0.03500 25.22654
v -7.03151 0.45446 25.18757
v -7.07899 0.69916 25.14665
v -7.05394 0.03500 24.96672
v -6.90404 0.03500 25.22658
v -6.92653 0.45446 25.18760
v -7.07899 0.69916 25.14665
v -6.85720 0.03500 25.55539
v -7.15720 0.03500 25.55539
v -7.11220 0.47154 25.55539
v -7.10720 0.72545 25.60539
v -6.93217 0.03500 25.42550
v -7.08222 0.03500 25.68528
v -7.05972 0.47154 25.64631
v -7.10720 0.72545 25.60539
v -7.08215 0.03500 25.42546
v -6.93225 0.03500 25.68533
v -6.95473 0.47154 25.64635
v -7.10720 0.72545 25.60539
v -6.83682 0.03500 26.13380
v -7.13682 0.03500 26.13380
v -7.09182 0.31032 26.13380
v -7.08682 0.47741 26.18380
v -6.91179 0.03500 26.00392
v -7.06184 0.03500 26.26369
v -7.03933 0.31032 26.22473
v -7.08682 0.47741 26.18380
v -7.06176 0.03500 26.00387
v -6.91187 0.03500 26.26374
v -6.93435 0.31032 26.22476
v -7.08682 0.47741 26.18380
v -6.82128 0.03500 26.81654
v -7.12128 0.03500 26.81654
v -7.07628 0.38306 26.81654
v -7.07128 0.58932 26.86654
v -6.89626 0.03500 26.68665
v -7.04631 0.03500 26.94643
v -7.02380 0.38306 26.90746
v -7.07128 0.58932 26.86654
v -7.04623 0.03500 26.68661
v -6.89633 0.03500 26.94647
v -6.91882 0.38306 26.90749
v -7.07128 0.58932 26.86654
v -6.77765 0.03500 27.45042
v -7.07765 0.03500 27.45042
v -7.03265 0.32722 27.45042
v -7.02765 0.50341 27.50042
v -6.85263 0.03500 27.32053
v -7.00268 0.03500 27.58031
v -6.98017 0.32722 27.54134
v -7.02765 0.50341 27.50042
v -7.00260 0.03500 27.32049
v -6.85270 0.03500 27.58035
v -6.87519 0.32722 27.54137
v -7.02765 0.50341 27.50042
v -6.84190 0.03500 28.08348
v -7.14190 0.03500 28.08348
v -7.09690 0.30446 28.08348
v -7.09190 0.46840 28.13348
v -6.91688 0.03500 27.95359
v -7.06693 0.03500 28.21336
v -7.04442 0.30446 28.17440
v -7.09190 0.46840 28.13348
v -7.06685 0.03500 27.95354
v -6.91695 0.03500 28.21341
v -6.93944 0.30446 28.17443
v -7.09190 0.46840 28.13348
v -6.89168 0.03500 28.68018
v -7.19168 0.03500 28.68018
v -7.14668 0.54131 28.68018
v -7.14168 0.83279 28.73018
v -6.96666 0.03500 28.55029
v -7.11671 0.03500 28.81007
v -7.09420 0.54131 28.77111
v -7.14168 0.83279 28.73018
v -7.11663 0.03500 28.55025
v -6.96674 0.03500 28.81012
v -6.98922 0.54131 28.77114
v -7.14168 0.83279 28.73018
v -6.78760 0.03500 29.12076
v -7.08760 0.03500 29.12076
v -7.04260 0.49036 29.12076
v -7.03760 0.75439 29.17076
v -6.86258 0.03500 28.99087
v -7.01263 0.03500 29.25064
v -6.99012 0.49036 29.21168
v -7.03760 0.75439 29.17076
v -7.01255 0.03500 28.99082
v -6.86266 0.03500 29.25069
v -6.88514 0.49036 29.21171
v -7.03760 0.75439 29.17076
v -6.93111 0.03500 29.90000
v -7.23111 0.03500 29.90000
v -7.18611 0.49243 29.90000
v -7.18111 0.75759 29.95000
v -7.00609 0.03500 29.77011
v -7.15614 0.03500 30.02989
v -7.13363 0.49243 29.99092
v -7.18111 0.75759 29.95000
v -7.15606 0.03500 29.77007
v -7.00616 0.03500 30.02993
v -7.02865 0.49243 29.99095
v -7.18111 0.75759 29.95000
v -6.76864 0.03500 30.33174
v -7.06864 0.03500 30.33174
v -7.02364 0.37217 30.33174
v -7.01864 0.57258 30.38174
v -6.84362 0.03500 30.20185
v -6.99367 0.03500 30.46163
v -6.97116 0.37217 30.42266
v -7.01864 0.57258 30.38174
v -6.99359 0.03500 30.20181
v -6.84370 0.03500 30.46167
v -6.86618 0.37217 30.42269
v -7.01864 0.57258 30.38174
v -6.90997 0.03500 30.90484
v -7.20997 0.03500 30.90484
v -7.16497 0.32145 30.90484
v -7.15997 0.49453 30.95484
v -6.98494 0.03500 30.77495
v -7.13499 0.03500 31.03472
v -7.11248 0.32145 30.99576
v -7.15997 0.49453 30.95484
v -7.13491 0.03500 30.77490
v -6.98502 0.03500 31.03477
v -7.00750 0.32145 30.99579
v -7.15997 0.49453 30.95484
v -6.86872 0.03500 31.51036
v -7.16872 0.03500 31.51036
v -7.12372 0.42567 31.51036
v -7.11872 0.65487 31.56036
v -6.94369 0.03500 31.38047
v -7.09375 0.03500 31.64025
v -7.07124 0.42567 31.60128
v -7.11872 0.65487 31.56036
v -7.09367 0.03500 31.38042
v -6.94377 0.03500 31.64029
v -6.96626 0.42567 31.60131
v -7.11872 0.65487 31.56036
v -6.89721 0.03500 32.27367
v -7.19721 0.03500 32.27367
v -7.15221 0.50703 32.27367
v -7.14721 0.78004 32.32367
v -6.97219 0.03500 32.14378
v -7.12224 0.03500 32.40356
v -7.09973 0.50703 32.36459
v -7.14721 0.78004 32.32367
v -7.12216 0.03500 32.14374
v -6.97226 0.03500 32.40360
v -6.99475 0.50703 32.36462
v -7.14721 0.78004 32.32367
v -6.91133 0.03500 32.78574
v -7.21133 0.03500 32.78574
v -7.16633 0.51265 32.78574
v -7.16133 0.78870 32.83574
v -6.98631 0.03500 32.65585
v -7.13636 0.03500 32.91563
v -7.11385 0.51265 32.87667
v -7.16133 0.78870 32.83574
v -7.13628 0.03500 32.65581
v -6.98638 0.03500 32.91568
v -7.00887 0.51265 32.87670
v -7.16133 0.78870 32.83574
v -6.83835 0.03500 33.35312
v -7.13835 0.03500 33.35312
v -7.09335 0.30476 33.35312
v -7.08835 0.46887 33.40312
v -6.91333 0.03500 33.22323
v -7.06338 0.03500 33.48300
v -7.04087 0.30476 33.44404
v -7.08835 0.46887 33.40312
v -7.06330 0.03500 33.22318
v -6.91340 0.03500 33.48305
v -6.93589 0.30476 33.44407
v -7.08835 0.46887 33.40312
v -6.94316 0.03500 33.92066
v -7.24316 0.03500 33.92066
v -7.19816 0.35074 33.92066
v -7.19316 0.53960 33.97066
v -7.01814 0.03500 33.79077
v -7.16819 0.03500 34.05055
v -7.14568 0.35074 34.01158
v -7.19316 0.53960 33.97066
v -7.16811 0.03500 33.79072
v -7.01822 0.03500 34.05059
v -7.04070 0.35074 34.01161
v -7.19316 0.53960 33.97066
v -6.85159 0.03500 34.58791
v -7.15159 0.03500 34.58791
v -7.10659 0.30113 34.58791
v -7.10159 0.46328 34.63791
v -6.92656 0.03500 34.45803
v -7.07661 0.03500 34.71780
v -7.05410 0.30113 34.67884
v -7.10159 0.46328 34.63791
v -7.07654 0.03500 34.45798
v -6.92664 0.03500 34.71785
v -6.94912 0.30113 34.67887
v -7.10159 0.46328 34.63791
v -7.44871 0.03500 22.68261
v -7.74871 0.03500 22.68261
v -7.70371 0.34722 22.68261
v -7.69871 0.53419 22.73261
v -7.52368 0.03500 22.55272
v -7.67373 0.03500 22.81250
v -7.65123 0.34722 22.77353
v -7.69871 0.53419 22.73261
v -7.67366 0.03500 22.55267
v -7.52376 0.03500 22.81254
v -7.54624 0.34722 22.77356
v -7.69871 0.53419 22.73261
v -7.39002 0.03500 23.16195
v -7.69002 0.03500 23.16195
v -7.64502 0.35651 23.16195
v -7.64002 0.54848 23.21195
v -7.46500 0.03500 23.03206
v -7.61505 0.03500 23.29184
v -7.59254 0.35651 23.25287
v -7.64002 0.54848 23.21195
v -7.61497 0.03500 23.03202
v -7.46507 0.03500 23.29189
v -7.48756 0.35651 23.25291
v -7.64002 0.54848 23.21195
v -7.38721 0.03500 23.82341
v -7.68721 0.03500 23.82341
v -7.64221 0.41018 23.82341
v -7.63721 0.63105 23.87341
v -7.46218 0.03500 23.69352
v -7.61224 0.03500 23.95330
v -7.58973 0.41018 23.91433
v -7.63721 0.63105 23.87341
v -7.61216 0.03500 23.69348
v -7.46226 0.03500 23.95335
v -7.48475 0.41018 23.91437
v -7.63721 0.63105 23.87341
v -7.45570 0.03500 24.41241
v -7.75570 0.03500 24.41241
v -7.71070 0.33104 24.41241
v -7.70570 0.50929 24.46241
v -7.53067 0.03500 24.28252
v -7.68072 0.03500 24.54230
v -7.65822 0.33104 24.50333
v -7.70570 0.50929 24.46241
v -7.68065 0.03500 24.28247
v -7.53075 0.03500 24.54234
v -7.55323 0.33104 24.50336
v -7.70570 0.50929 24.46241
v -7.35950 0.03500 24.97205
v -7.65950 0.03500 24.97205
v -7.61450 0.50780 24.97205
v -7.60950 0.78123 25.02205
v -7.43447 0.03500 24.84216
v -7.58452 0.03500 25.10194
v -7.56202 0.50780 25.06297
v -7.60950 0.78123 25.02205
v -7.58445 0.03500 24.84211
v -7.43455 0.03500 25.10198
v -7.45703 0.50780 25.06300
v -7.60950 0.78123 25.02205
v -7.35819 0.03500 25.56032
v -7.65819 0.03500 25.56032
v -7.61319 0.52078 25.56032
v -7.60819 0.80119 25.61032
v -7.43316 0.03500 25.43043
v -7.58321 0.03500 25.69021
v -7.56071 0.52078 25.65124
v -7.60819 0.80119 25.61032
v -7.58314 0.03500 25.43038
v -7.43324 0.03500 25.69025
v -7.45572 0.52078 25.65127
v -7.60819 0.80119 25.61032
v -7.46238 0.03500 26.21627
v -7.76238 0.03500 26.21627
v -7.71738 0.45783 26.21627
v -7.71238 0.70435 26.26627
v -7.53736 0.03500 26.08638
v -7.68741 0.03500 26.34616
v -7.66490 0.45783 26.30719
v -7.71238 0.70435 26.26627
v -7.68733 0.03500 26.08634
v -7.53743 0.03500 26.34620
v -7.55992 0.45783 26.30722
v -7.71238 0.70435 26.26627
v -7.35245 0.03500 26.74786
v -7.65245 0.03500 26.74786
v -7.60745 0.54148 26.74786
v -7.60245 0.83304 26.79786
v -7.42742 0.03500 26.61797
v -7.57747 0.03500 26.87775
v -7.55497 0.54148 26.83878
v -7.60245 0.83304 26.79786
v -7.57740 0.03500 26.61793
v -7.42750 0.03500 26.87780
v -7.44998 0.54148 26.83882
v -7.60245 0.83304 26.79786
v -7.36269 0.03500 27.40389
v -7.66269 0.03500 27.40389
v -7.61769 0.31875 27.40389
v -7.61269 0.49038 27.45389
v -7.43766 0.03500 27.27400
v -7.58771 0.03500 27.53378
v -7.56520 0.31875 27.49481
v -7.61269 0.49038 27.45389
v -7.58764 0.03500 27.27395
v -7.43774 0.03500 27.53382
v -7.46022 0.31875 27.49484
v -7.61269 0.49038 27.45389
v -7.54075 0.03500 27.99358
v -7.84075 0.03500 27.99358
v -7.79575 0.32219 27.99358
v -7.79075 0.49568 28.04358
v -7.61573 0.03500 27.86369
v -7.76578 0.03500 28.12347
v -7.74327 0.32219 28.08450
v -7.79075 0.49568 28.04358
v -7.76570 0.03500 27.86365
v -7.61580 0.03500 28.12351
v -7.63829 0.32219 28.08453
v -7.79075 0.49568 28.04358
v -7.48497 0.03500 28.51222
v -7.78497 0.03500 28.51222
v -7.73997 0.41650 28.51222
v -7.73497 0.64077 28.56222
v -7.55995 0.03500 28.38233
v -7.71000 0.03500 28.64211
v -7.68749 0.41650 28.60314
v -7.73497 0.64077 28.56222
v -7.70992 0.03500 28.38228
v -7.56002 0.03500 28.64215
v -7.58251 0.41650 28.60317
v -7.73497 0.64077 28.56222
v -7.37829 0.03500 29.20738
v -7.67829 0.03500 29.20738
v -7.63329 0.43707 29.20738
v -7.62829 0.67242 29.25738
v -7.45326 0.03500 29.07749
v -7.60331 0.03500 29.33727
v -7.58080 0.43707 29.29830
v -7.62829 0.67242 29.25738
v -7.60323 0.03500 29.07745
v -7.45334 0.03500 29.33731
v -7.47582 0.43707 29.29833
v -7.62829 0.67242 29.25738
v -7.53046 0.03500 29.79960
v -7.83046 0.03500 29.79960
v -7.78546 0.50063 29.79960
v -7.78046 0.77019 29.84960
v -7.60543 0.03500 29.66971
v -7.75548 0.03500 29.92949
v -7.73297 0.50063 29.89052
v -7.78046 0.77019 29.84960
v -7.75540 0.03500 29.66967
v -7.60551 0.03500 29.92953
v -7.62799 0.50063 29.89055
v -7.78046 0.77019 29.84960
v -7.53387 0.03500 30.45834
v -7.83387 0.03500 30.45834
v -7.78887 0.49610 30.45834
v -7.78387 0.76323 30.50834
v -7.60884 0.03500 30.32845
v -7.75890 0.03500 30.58823
v -7.73639 0.49610 30.54926
v -7.78387 0.76323 30.50834
v -7.75882 0.03500 30.32841
v -7.60892 0.03500 30.58827
v -7.63141 0.49610 30.54929
v -7.78387 0.76323 30.50834
v -7.49931 0.03500 31.00610
v -7.79931 0.03500 31.00610
v -7.75431 0.46196 31.00610
v -7.74931 0.71071 31.05610
v -7.57428 0.03500 30.87621
v -7.72433 0.03500 31.13599
v -7.70182 0.46196 31.09702
v -7.74931 0.71071 31.05610
v -7.72425 0.03500 30.87616
v -7.57436 0.03500 31.13603
v -7.59684 0.46196 31.09705
v -7.74931 0.71071 31.05610
v -7.50770 0.03500 31.59697
v -7.80770 0.03500 31.59697
v -7.76270 0.33853 31.59697
v -7.75770 0.52081 31.64697
v -7.58268 0.03500 31.46708
v -7.73273 0.03500 31.72686
v -7.71022 0.33853 31.68790
v -7.75770 0.52081 31.64697
v -7.73265 0.03500 31.46704
v -7.58275 0.03500 31.72691
v -7.60524 0.33853 31.68793
v -7.75770 0.52081 31.64697
v -7.39303 0.03500 32.21638
v -7.69303 0.03500 32.21638
v -7.64803 0.40840 32.21638
v -7.64303 0.62831 32.26638
v -7.46801 0.03500 32.08649
v -7.61806 0.03500 32.34627
v -7.59555 0.40840 32.30730
v -7.64303 0.62831 32.26638
v -7.61798 0.03500 32.08644
v -7.46808 0.03500 32.34631
v -7.49057 0.40840 32.30733
v -7.64303 0.62831 32.26638
v -7.47356 0.03500 32.78342
v -7.77356 0.03500 32.78342
v -7.72856 0.40289 32.78342
v -7.72356 0.61983 32.83342
v -7.54853 0.03500 32.65353
v -7.69858 0.03500 32.91331
v -7.67607 0.40289 32.87434
v -7.72356 0.61983 32.83342
v -7.69850 0.03500 32.65348
v -7.54861 0.03500 32.91335
v -7.57109 0.40289 32.87437
v -7.72356 0.61983 32.83342
v -7.42468 0.03500 33.39636
v -7.72468 0.03500 33.39636
v -7.67968 0.54796 33.39636
v -7.67468 0.84302 33.44636
v -7.49965 0.03500 33.26647
v -7.64970 0.03500 33.52625
v -7.62720 0.54796 33.48729
v -7.67468 0.84302 33.44636
v -7.64963 0.03500 33.26643
v -7.49973 0.03500 33.52630
v -7.52222 0.54796 33.48732
v -7.67468 0.84302 33.44636
v -7.36709 0.03500 34.07442
v -7.66709 0.03500 34.07442
v -7.62209 0.45218 34.07442
v -7.61709 0.69567 34.12442
v -7.44207 0.03500 33.94453
v -7.59212 0.03500 34.20431
v -7.56961 0.45218 34.16535
v -7.61709 0.69567 34.12442
v -7.59204 0.03500 33.94449
v -7.44214 0.03500 34.20436
v -7.46463 0.45218 34.16538
v -7.61709 0.69567 34.12442
v -7.42929 0.03500 34.54509
v -7.72929 0.03500 34.54509
v -7.68429 0.32759 34.54509
v -7.67929 0.50398 34.59509
v -7.50426 0.03500 34.41521
v -7.65431 0.03500 34.67498
v -7.63181 0.32759 34.63602
v -7.67929 0.50398 34.59509
v -7.65424 0.03500 34.41516
v -7.50434 0.03500 34.67503
v -7.52682 0.32759 34.63605
v -7.67929 0.50398 34.59509
v -8.10997 0.03500 22.59008
v -8.40997 0.03500 22.59008
v -8.36497 0.40572 22.59008
v -8.35997 0.62418 22.64008
v -8.18494 0.03500 22.46019
v -8.33499 0.03500 22.71997
v -8.31248 0.40572 22.68100
v -8.35997 0.62418 22.64008
v -8.33492 0.03500 22.46015
v -8.18502 0.03500 22.72002
v -8.20750 0.40572 22.68104
v -8.35997 0.62418 22.64008
v -8.04268 0.03500 23.12870
v -8.34268 0.03500 23.12870
v -8.29768 0.30156 23.12870
v -8.29268 0.46393 23.17870
v -8.11766 0.03500 22.99881
v -8.26771 0.03500 23.25859
v -8.24520 0.30156 23.21963
v -8.29268 0.46393 23.17870
v -8.26763 0.03500 22.99877
v -8.11774 0.03500 23.25864
v -8.14022 0.30156 23.21966
v -8.29268 0.46393 23.17870
v -8.11019 0.03500 23.86573
v -8.41019 0.03500 23.86573
v -8.36519 0.54556 23.86573
v -8.36019 0.83932 23.91573
v -8.18517 0.03500 23.73584
v -8.33522 0.03500 23.99562
v -8.31271 0.54556 23.95665
v -8.36019 0.83932 23.91573
v -8.33514 0.03500 23.73580
v -8.18524 0.03500 23.99567
v -8.20773 0.54556 23.95669
v -8.36019 0.83932 23.91573
v -7.95489 0.03500 24.48443
v -8.25489 0.03500 24.48443
v -8.20989 0.51887 24.48443
v -8.20489 0.79826 24.53443
v -8.02986 0.03500 24.35455
v -8.17991 0.03500 24.61432
v -8.15740 0.51887 24.57536
v -8.20489 0.79826 24.53443
v -8.17983 0.03500 24.35450
v -8.02994 0.03500 24.61437
v -8.05242 0.51887 24.57539
v -8.20489 0.79826 24.53443
v -8.05974 0.03500 24.93818
v -8.35974 0.03500 24.93818
v -8.31474 0.44684 24.93818
v -8.30974 0.68744 24.98818
v -8.13472 0.03500 24.80829
v -8.28477 0.03500 25.06807
v -8.26226 0.44684 25.02910
v -8.30974 0.68744 24.98818
v -8.28469 0.03500 24.80824
v -8.13480 0.03500 25.06811
v -8.15728 0.44684 25.02913
v -8.30974 0.68744 24.98818
v -8.07071 0.03500 25.53192
v -8.37071 0.03500 25.53192
v -8.32571 0.34062 25.53192
v -8.32071 0.52403 25.58192
v -8.14568 0.03500 25.40203
v -8.29574 0.03500 25.66181
v -8.27323 0.34062 25.62285
v -8.32071 0.52403 25.58192
v -8.29566 0.03500 25.40199
v -8.14576 0.03500 25.66186
v -8.16825 0.34062 25.62288
v -8.32071 0.52403 25.58192
v -7.95809 0.03500 26.10466
v -8.25809 0.03500 26.10466
v -8.21309 0.50913 26.10466
v -8.20809 0.78328 26.15466
v -8.03306 0.03500 25.97477
v -8.18311 0.03500 26.23454
v -8.16060 0.50913 26.19558
v -8.20809 0.78328 26.15466
v -8.18304 0.03500 25.97472
v -8.03314 0.03500 26.23459
v -8.05562 0.50913 26.19561
v -8.20809 0.78328 26.15466
v -8.12017 0.03500 26.73595
v -8.42017 0.03500 26.73595
v -8.37517 0.32850 26.73595
v -8.37017 0.50539 26.78595
v -8.19514 0.03500 26.60607
v -8.34519 0.03500 26.86584
v -8.32268 0.32850 26.82688
v -8.37017 0.50539 26.78595
v -8.34511 0.03500 26.60602
v -8.19522 0.03500 26.86589
v -8.21770 0.32850 26.82691
v -8.37017 0.50539 26.78595
v -8.00518 0.03500 27.40448
v -8.30518 0.03500 27.40448
v -8.26018 0.43417 27.40448
v -8.25518 0.66795 27.45448
v -8.08016 0.03500 27.27459
v -8.23021 0.03500 27.53437
v -8.20770 0.43417 27.49540
v -8.25518 0.66795 27.45448
v -8.23013 0.03500 27.27454
v -8.08023 0.03500 27.53441
v -8.10272 0.43417 27.49543
v -8.25518 0.66795 27.45448
v -8.02389 0.03500 28.08581
v -8.32389 0.03500 28.08581
v -8.27889 0.50733 28.08581
v -8.27389 0.78050 28.13581
v -8.09886 0.03500 27.95592
v -8.24891 0.03500 28.21570
v -8.22640 0.50733 28.17673
v -8.27389 0.78050 28.13581
v -8.24883 0.03500 27.95588
v -8.09894 0.03500 28.21574
v -8.12142 0.50733 28.17676
v -8.27389 0.78050 28.13581
v -8.07269 0.03500 28.53478
v -8.37269 0.03500 28.53478
v -8.32769 0.47981 28.53478
v -8.32269 0.73817 28.58478
v -8.14766 0.03500 28.40489
v -8.29772 0.03500 28.66467
v -8.27521 0.47981 28.62570
v -8.32269 0.73817 28.58478
v -8.29764 0.03500 28.40484
v -8.14774 0.03500 28.66471
v -8.17023 0.47981 28.62573
v -8.32269 0.73817 28.58478
v -8.11111 0.03500 29.16760
v -8.41111 0.03500 29.16760
v -8.36611 0.35780 29.16760
v -8.36111 0.55046 29.21760
v -8.18608 0.03500 29.03771
v -8.33613 0.03500 29.29749
v -8.31362 0.35780 29.25852
v -8.36111 0.55046 29.21760
v -8.33605 0.03500 29.03766
v -8.18616 0.03500 29.29753
v -8.20864 0.35780 29.25855
v -8.36111 0.55046 29.21760
v -8.04747 0.03500 29.82328
v -8.34747 0.03500 29.82328
v -8.30247 0.39613 29.82328
v -8.29747 0.60943 29.87328
v -8.12244 0.03500 29.69339
v -8.27249 0.03500 29.95317
v -8.24998 0.39613 29.91420
v -8.29747 0.60943 29.87328
v -8.27241 0.03500 29.69335
v -8.12252 0.03500 29.95321
v -8.14500 0.39613 29.91423
v -8.29747 0.60943 29.87328
v -8.05106 0.03500 30.49961
v -8.35106 0.03500 30.49961
v -8.30606 0.42738 30.49961
v -8.30106 0.65751 30.54961
v -8.12603 0.03500 30.36972
v -8.27609 0.03500 30.62950
v -8.25358 0.42738 30.59053
v -8.30106 0.65751 30.54961
v -8.27601 0.03500 30.36968
v -8.12611 0.03500 30.62954
v -8.14860 0.42738 30.59056
v -8.30106 0.65751 30.54961
v -7.95973 0.03500 30.94903
v -8.25973 0.03500 30.94903
v -8.21473 0.42405 30.94903
v -8.20973 0.65239 30.99903
v -8.03470 0.03500 30.81914
v -8.18475 0.03500 31.07892
v -8.16225 0.42405 31.03995
v -8.20973 0.65239 30.99903
v -8.18468 0.03500 30.81910
v -8.03478 0.03500 31.07897
v -8.05726 0.42405 31.03999
v -8.20973 0.65239 30.99903
v -8.11597 0.03500 31.66409
v -8.41597 0.03500 31.66409
v -8.37097 0.48005 31.66409
v -8.36597 0.73853 31.71409
v -8.19095 0.03500 31.53420
v -8.34100 0.03500 31.79398
v -8.31849 0.48005 31.75501
v -8.36597 0.73853 31.71409
v -8.34092 0.03500 31.53416
v -8.19102 0.03500 31.79403
v -8.21351 0.48005 31.75505
v -8.36597 0.73853 31.71409
v -8.07520 0.03500 32.25185
v -8.37520 0.03500 32.25185
v -8.33020 0.41375 32.25185
v -8.32520 0.63654 32.30185
v -8.15018 0.03500 32.12196
v -8.30023 0.03500 32.38174
v -8.27772 0.41375 32.34277
v -8.32520 0.63654 32.30185
v -8.30015 0.03500 32.12192
v -8.15026 0.03500 32.38178
v -8.17274 0.41375 32.34280
v -8.32520 0.63654 32.30185
v -8.05381 0.03500 32.86071
v -8.35381 0.03500 32.86071
v -8.30881 0.50854 32.86071
v -8.30381 0.78238 32.91071
v -8.12878 0.03500 32.73082
v -8.27883 0.03500 32.99060
v -8.25632 0.50854 32.95163
v -8.30381 0.78238 32.91071
v -8.27875 0.03500 32.73078
v -8.12886 0.03500 32.99064
v -8.15134 0.50854 32.95166
v -8.30381 0.78238 32.91071
v -7.95273 0.03500 33.33504
v -8.25273 0.03500 33.33504
v -8.20773 0.46150 33.33504
v -8.20273 0.70999 33.38504
v -8.02771 0.03500 33.20515
v -8.17776 0.03500 33.46493
v -8.15525 0.46150 33.42596
v -8.20273 0.70999 33.38504
v -8.17768 0.03500 33.20510
v -8.02778 0.03500 33.46497
v -8.05027 0.46150 33.42599
v -8.20273 0.70999 33.38504
v -8.06971 0.03500 33.97532
v -8.36971 0.03500 33.97532
v -8.32471 0.41885 33.97532
v -8.31971 0.64439 34.02532
v -8.14469 0.03500 33.84543
v -8.29474 0.03500 34.10520
v -8.27223 0.41885 34.06624
v -8.31971 0.64439 34.02532
v -8.29466 0.03500 33.84538
v -8.14477 0.03500 34.10525
v -8.16725 0.41885 34.06627
v -8.31971 0.64439 34.02532
v -8.09712 0.03500 34.63233
v -8.39712 0.03500 34.63233
v -8.35212 0.36901 34.63233
v -8.34712 0.56771 34.68233
v -8.17209 0.03500 34.50244
v -8.32214 0.03500 34.76221
v -8.29964 0.36901 34.72325
v -8.34712 0.56771 34.68233
v -8.32207 0.03500 34.50239
v -8.17217 0.03500 34.76226
v -8.19465 0.36901 34.72328
v -8.34712 0.56771 34.68233
v -8.70139 0.03500 22.54067
v -9.00139 0.03500 22.54067
v -8.95639 0.32598 22.54067
v -8.95139 0.50151 22.59067
v -8.77636 0.03500 22.41079
v -8.92641 0.03500 22.67056
v -8.90391 0.32598 22.63160
v -8.95139 0.50151 22.59067
v -8.92634 0.03500 22.41074
v -8.77644 0.03500 22.67061
v -8.79893 0.32598 22.63163
v -8.95139 0.50151 22.59067
v -8.55082 0.03500 23.22761
v -8.85082 0.03500 23.22761
v -8.80582 0.52469 23.22761
v -8.80082 0.80722 23.27761
v -8.62579 0.03500 23.09772
v -8.77585 0.03500 23.35750
v -8.75334 0.52469 23.31853
v -8.80082 0.80722 23.27761
v -8.77577 0.03500 23.09767
v -8.62587 0.03500 23.35754
v -8.64836 0.52469 23.31856
v -8.80082 0.80722 23.27761
v -8.61571 0.03500 23.77340
v -8.91571 0.03500 23.77340
v -8.87071 0.42450 23.77340
v -8.86571 0.65308 23.82340
v -8.69069 0.03500 23.64351
v -8.84074 0.03500 23.90329
v -8.81823 0.42450 23.86432
v -8.86571 0.65308 23.82340
v -8.84066 0.03500 23.64347
v -8.69077 0.03500 23.90334
v -8.71325 0.42450 23.86436
v -8.86571 0.65308 23.82340
v -8.71943 0.03500 24.43228
v -9.01943 0.03500 24.43228
v -8.97443 0.40289 24.43228
v -8.96943 0.61984 24.48228
v -8.79440 0.03500 24.30239
v -8.94445 0.03500 24.56216
v -8.92195 0.40289 24.52320
v -8.96943 0.61984 24.48228
v -8.94438 0.03500 24.30234
v -8.79448 0.03500 24.56221
v -8.81696 0.40289 24.52323
v -8.96943 0.61984 24.48228
v -8.56293 0.03500 24.93757
v -8.86293 0.03500 24.93757
v -8.81793 0.54390 24.93757
v -8.81293 0.83676 24.98757
v -8.63790 0.03500 24.80768
v -8.78795 0.03500 25.06746
v -8.76544 0.54390 25.02849
v -8.81293 0.83676 24.98757
v -8.78787 0.03500 24.80764
v -8.63798 0.03500 25.06750
v -8.66046 0.54390 25.02852
v -8.81293 0.83676 24.98757
v -8.65881 0.03500 25.52467
v -8.95881 0.03500 25.52467
v -8.91381 0.39635 25.52467
v -8.90881 0.60976 25.57467
v -8.73378 0.03500 25.39478
v -8.88383 0.03500 25.65456
v -8.86132 0.39635 25.61560
v -8.90881 0.60976 25.57467
v -8.88376 0.03500 25.39474
v -8.73386 0.03500 25.65461
v -8.75634 0.39635 25.61563
v -8.90881 0.60976 25.57467
v -8.69935 0.03500 26.17268
v -8.99935 0.03500 26.17268
v -8.95435 0.51742 26.17268
v -8.94935 0.79604 26.22268
v -8.77432 0.03500 26.04279
v -8.92437 0.03500 26.30257
v -8.90187 0.51742 26.26360
v -8.94935 0.79604 26.22268
v -8.92430 0.03500 26.04274
v -8.77440 0.03500 26.30261
v -8.79688 0.51742 26.26363
v -8.94935 0.79604 26.22268
v -8.61289 0.03500 26.80034
v -8.91289 0.03500 26.80034
v -8.86789 0.44816 26.80034
v -8.86289 0.68948 26.85034
v -8.68786 0.03500 26.67045
v -8.83791 0.03500 26.93023
v -8.81541 0.44816 26.89126
v -8.86289 0.68948 26.85034
v -8.83784 0.03500 26.67040
v -8.68794 0.03500 26.93027
v -8.71043 0.44816 26.89129
v -8.86289 0.68948 26.85034
v -8.64518 0.03500 27.49090
v -8.94518 0.03500 27.49090
v -8.90018 0.48442 27.49090
v -8.89518 0.74527 27.54090
v -8.72016 0.03500 27.36102
v -8.87021 0.03500 27.62079
v -8.84770 0.48442 27.58183
v -8.89518 0.74527 27.54090
v -8.87013 0.03500 27.36097
v -8.72023 0.03500 27.62084
v -8.74272 0.48442 27.58186
v -8.89518 0.74527 27.54090
v -8.67888 0.03500 28.02059
v -8.97888 0.03500 28.02059
v -8.93388 0.38345 28.02059
v -8.92888 0.58992 28.07059
v -8.75386 0.03500 27.89070
v -8.90391 0.03500 28.15048
v -8.88140 0.38345 28.11151
v -8.92888 0.58992 28.07059
v -8.90383 0.03500 27.89066
v -8.75393 0.03500 28.15052
v -8.77642 0.38345 28.11154
v -8.92888 0.58992 28.07059
v -8.67590 0.03500 28.58222
v -8.97590 0.03500 28.58222
v -8.93090 0.40847 28.58222
v -8.92590 0.62842 28.63222
v -8.75088 0.03500 28.45233
v -8.90093 0.03500 28.71211
v -8.87842 0.40847 28.67314
v -8.92590 0.62842 28.63222
v -8.90085 0.03500 28.45229
v -8.75095 0.03500 28.71215
v -8.77344 0.40847 28.67317
v -8.92590 0.62842 28.63222
v -8.70383 0.03500 29.15334
v -9.00383 0.03500 29.15334
v -8.95883 0.37853 29.15334
v -8.95383 0.58236 29.20334
v -8.77881 0.03500 29.02345
v -8.92886 0.03500 29.28323
v -8.90635 0.37853 29.24426
v -8.95383 0.58236 29.20334
v -8.92878 0.03500 29.02341
v -8.77888 0.03500 29.28327
v -8.80137 0.37853 29.24429
v -8.95383 0.58236 29.20334
v -8.57353 0.03500 29.76822
v -8.87353 0.03500 29.76822
v -8.82853 0.47772 29.76822
v -8.82353 0.73495 29.81822
v -8.64851 0.03500 29.63833
v -8.79856 0.03500 29.89811
v -8.77605 0.47772 29.85914
v -8.82353 0.73495 29.81822
v -8.79848 0.03500 29.63829
v -8.64858 0.03500 29.89816
v -8.67107 0.47772 29.85918
v -8.82353 0.73495 29.81822
v -8.67576 0.03500 30.30037
v -8.97576 0.03500 30.30037
v -8.93076 0.47758 30.30037
v -8.92576 0.73474 30.35037
v -8.75073 0.03500 30.17048
v -8.90078 0.03500 30.43026
v -8.87827 0.47758 30.39130
v -8.92576 0.73474 30.35037
v -8.90070 0.03500 30.17044
v -8.75081 0.03500 30.43031
v -8.77329 0.47758 30.39133
v -8.92576 0.73474 30.35037
v -8.67078 0.03500 31.00601
v -8.97078 0.03500 31.00601
v -8.92578 0.37038 31.00601
v -8.92078 0.56981 31.05601
v -8.74576 0.03500 30.87612
v -8.89581 0.03500 31.13590
v -8.87330 0.37038 31.09694
v -8.92078 0.56981 31.05601
v -8.89573 0.03500 30.87608
v -8.74583 0.03500 31.13595
v -8.76832 0.37038 31.09697
v -8.92078 0.56981 31.05601
v -8.61528 0.03500 31.55043
v -8.91528 0.03500 31.55043
v -8.87028 0.38553 31.55043
v -8.86528 0.59313 31.60043
v -8.69026 0.03500 31.42054
v -8.84031 0.03500 31.68032
v -8.81780 0.38553 31.64135
v -8.86528 0.59313 31.60043
v -8.84023 0.03500 31.42050
v -8.69033 0.03500 31.68037
v -8.71282 0.38553 31.64139
v -8.86528 0.59313 31.60043
v -8.68466 0.03500 32.15145
v -8.98466 0.03500 32.15145
v -8.93966 0.35723 32.15145
v -8.93466 0.54959 32.20145
v -8.75963 0.03500 32.02156
v -8.90968 0.03500 32.28134
v -8.88718 0.35723 32.24237
v -8.93466 0.54959 32.20145
v -8.90961 0.03500 32.02152
v -8.75971 0.03500 32.28138
v -8.78219 0.35723 32.24240
v -8.93466 0.54959 32.20145
v -8.56093 0.03500 32.73552
v -8.86093 0.03500 32.73552
v -8.81593 0.51142 32.73552
v -8.81093 0.78681 32.78552
v -8.63590 0.03500 32.60563
v -8.78595 0.03500 32.86541
v -8.76345 0.51142 32.82645
v -8.81093 0.78681 32.78552
v -8.78588 0.03500 32.60559
v -8.63598 0.03500 32.86546
v -8.65846 0.51142 32.82648
v -8.81093 0.78681 32.78552
v -8.74345 0.03500 33.49279
v -9.04345 0.03500 33.49279
v -8.99845 0.54476 33.49279
v -8.99345 0.83809 33.54279
v -8.81842 0.03500 33.36290
v -8.96847 0.03500 33.62268
v -8.94597 0.54476 33.58371
v -8.99345 0.83809 33.54279
v -8.96840 0.03500 33.36286
v -8.81850 0.03500 33.62272
v -8.84099 0.54476 33.58374
v -8.99345 0.83809 33.54279
v -8.74954 0.03500 34.01363
v -9.04954 0.03500 34.01363
v -9.00454 0.48699 34.01363
v -8.99954 0.74921 34.06363
v -8.82451 0.03500 33.88374
v -8.97457 0.03500 34.14351
v -8.95206 0.48699 34.10455
v -8.99954 0.74921 34.06363
v -8.97449 0.03500 33.88369
v -8.82459 0.03500 34.14356
v -8.84708 0.48699 34.10458
v -8.99954 0.74921 34.06363
v -8.61569 0.03500 34.65529
v -8.91569 0.03500 34.65529
v -8.87069 0.53869 34.65529
v -8.86569 0.82875 34.70529
v -8.69067 0.03500 34.52540
v -8.84072 0.03500 34.78517
v -8.81821 0.53869 34.74621
v -8.86569 0.82875 34.70529
v -8.84064 0.03500 34.52535
v -8.69074 0.03500 34.78522
v -8.71323 0.53869 34.74624
v -8.86569 0.82875 34.70529
v -9.27442 0.03500 22.52612
v -9.57442 0.03500 22.52612
v -9.52942 0.43865 22.52612
v -9.52442 0.67484 22.57612
v -9.34940 0.03500 22.39623
v -9.49945 0.03500 22.65601
v -9.47694 0.43865 22.61704
v -9.52442 0.67484 22.57612
v -9.49937 0.03500 22.39618
v -9.34947 0.03500 22.65605
v -9.37196 0.43865 22.61707
v -9.52442 0.67484 22.57612
v -9.28431 0.03500 23.10075
v -9.58431 0.03500 23.10075
v -9.53931 0.52581 23.10075
v -9.53431 0.80895 23.15075
v -9.35928 0.03500 22.97086
v -9.50933 0.03500 23.23064
v -9.48683 0.52581 23.19167
v -9.53431 0.80895 23.15075
v -9.50926 0.03500 22.97082
v -9.35936 0.03500 23.23068
v -9.38184 0.52581 23.19170
v -9.53431 0.80895 23.15075
v -9.25668 0.03500 23.87042
v -9.55668 0.03500 23.87042
v -9.51168 0.42634 23.87042
v -9.50668 0.65590 23.92042
v -9.33165 0.03500 23.74053
v -9.48170 0.03500 24.00031
v -9.45920 0.42634 23.96134
v -9.50668 0.65590 23.92042
v -9.48163 0.03500 23.74048
v -9.33173 0.03500 24.00035
v -9.35421 0.42634 23.96137
v -9.50668 0.65590 23.92042
v -9.25425 0.03500 24.36551
v -9.55425 0.03500 24.36551
v -9.50925 0.31899 24.36551
v -9.50425 0.49076 24.41551
v -9.32922 0.03500 24.23562
v -9.47927 0.03500 24.49540
v -9.45676 0.31899 24.45643
v -9.50425 0.49076 24.41551
v -9.47920 0.03500 24.23558
v -9.32930 0.03500 24.49545
v -9.35178 0.31899 24.45646
v -9.50425 0.49076 24.41551
v -9.19436 0.03500 24.92664
v -9.49436 0.03500 24.92664
v -9.44936 0.38771 24.92664
v -9.44436 0.59648 24.97664
v -9.26934 0.03500 24.79675
v -9.41939 0.03500 25.05653
v -9.39688 0.38771 25.01757
v -9.44436 0.59648 24.97664
v -9.41931 0.03500 24.79671
v -9.26941 0.03500 25.05658
v -9.29190 0.38771 25.01760
v -9.44436 0.59648 24.97664
v -9.23884 0.03500 25.66613
v -9.53884 0.03500 25.66613
v -9.49384 0.53126 25.66613
v -9.48884 0.81733 25.71613
v -9.31382 0.03500 25.53624
v -9.46387 0.03500 25.79602
v -9.44136 0.53126 25.75706
v -9.48884 0.81733 25.71613
v -9.46379 0.03500 25.53620
v -9.31389 0.03500 25.79607
v -9.33638 0.53126 25.75709
v -9.48884 0.81733 25.71613
v -9.24711 0.03500 26.23919
v -9.54711 0.03500 26.23919
v -9.50211 0.46232 26.23919
v -9.49711 0.71126 26.28919
v -9.32208 0.03500 26.10930
v -9.47213 0.03500 26.36908
v -9.44962 0.46232 26.33011
v -9.49711 0.71126 26.28919
v -9.47206 0.03500 26.10926
v -9.32216 0.03500 26.36913
v -9.34464 0.46232 26.33015
v -9.49711 0.71126 26.28919
v -9.28792 0.03500 26.74623
v -9.58792 0.03500 26.74623
v -9.54292 0.51556 26.74623
v -9.53792 0.79317 26.79623
v -9.36289 0.03500 26.61634
v -9.51294 0.03500 26.87611
v -9.49043 0.51556 26.83715
v -9.53792 0.79317 26.79623
v -9.51286 0.03500 26.61629
v -9.36297 0.03500 26.87616
v -9.38545 0.51556 26.83718
v -9.53792 0.79317 26.79623
v -9.20210 0.03500 27.38657
v -9.50210 0.03500 27.38657
v -9.45710 0.40946 27.38657
v -9.45210 0.62994 27.43657
v -9.27707 0.03500 27.25668
v -9.42712 0.03500 27.51646
v -9.40461 0.40946 27.47749
v -9.45210 0.62994 27.43657
v -9.42705 0.03500 27.25663
v -9.27715 0.03500 27.51650
v -9.29963 0.40946 27.47752
v -9.45210 0.62994 27.43657
v -9.22488 0.03500 28.00471
v -9.52488 0.03500 28.00471
v -9.47988 0.48287 28.00471
v -9.47488 0.74288 28.05471
v -9.29986 0.03500 27.87483
v -9.44991 0.03500 28.13460
v -9.42740 0.48287 28.09564
v -9.47488 0.74288 28.05471
v -9.44983 0.03500 27.87478
v -9.29994 0.03500 28.13465
v -9.32242 0.48287 28.09567
v -9.47488 0.74288 28.05471
v -9.31353 0.03500 28.68300
v -9.61353 0.03500 28.68300
v -9.56853 0.37400 28.68300
v -9.56353 0.57538 28.73300
v -9.38851 0.03500 28.55311
v -9.53856 0.03500 28.81289
v -9.51605 0.37400 28.77392
v -9.56353 0.57538 28.73300
v -9.53848 0.03500 28.55306
v -9.38859 0.03500 28.81293
v -9.41107 0.37400 28.77395
v -9.56353 0.57538 28.73300
v -9.27115 0.03500 29.23471
v -9.57115 0.03500 29.23471
v -9.52615 0.53019 29.23471
v -9.52115 0.81567 29.28471
v -9.34613 0.03500 29.10483
v -9.49618 0.03500 29.36460
v -9.47367 0.53019 29.32564
v -9.52115 0.81567 29.28471
v -9.49610 0.03500 29.10478
v -9.34620 0.03500 29.36465
v -9.36869 0.53019 29.32567
v -9.52115 0.81567 29.28471
v -9.15260 0.03500 29.75138
v -9.45260 0.03500 29.75138
v -9.40760 0.43144 29.75138
v -9.40260 0.66376 29.80138
v -9.22758 0.03500 29.62149
v -9.37763 0.03500 29.88127
v -9.35512 0.43144 29.84230
v -9.40260 0.66376 29.80138
v -9.37755 0.03500 29.62144
v -9.22766 0.03500 29.88131
v -9.25014 0.43144 29.84233
v -9.40260 0.66376 29.80138
v -9.20815 0.03500 30.32961
v -9.50815 0.03500 30.32961
v -9.46315 0.32402 30.32961
v -9.45815 0.49849 30.37961
v -9.28312 0.03500 30.19972
v -9.43317 0.03500 30.45950
v -9.41066 0.32402 30.42053
v -9.45815 0.49849 30.37961
v -9.43309 0.03500 30.19968
v -9.28320 0.03500 30.45954
v -9.30568 0.32402 30.42056
v -9.45815 0.49849 30.37961
v -9.23999 0.03500 30.95326
v -9.53999 0.03500 30.95326
v -9.49499 0.35939 30.95326
v -9.48999 0.55291 31.00326
v -9.31497 0.03500 30.82337
v -9.46502 0.03500 31.08315
v -9.44251 0.35939 31.04419
v -9.48999 0.55291 31.00326
v -9.46494 0.03500 30.82333
v -9.31505 0.03500 31.08320
v -9.33753 0.35939 31.04422
v -9.48999 0.55291 31.00326
v -9.25447 0.03500 31.52904
v -9.55447 0.03500 31.52904
v -9.50947 0.47287 31.52904
v -9.50447 0.72749 31.57904
v -9.32944 0.03500 31.39915
v -9.47950 0.03500 31.65893
v -9.45699 0.47287 31.61996
v -9.50447 0.72749 31.57904
v -9.47942 0.03500 31.39911
v -9.32952 0.03500 31.65897
v -9.35201 0.47287 31.61999
v -9.50447 0.72749 31.57904
v -9.31006 0.03500 32.13861
v -9.61006 0.03500 32.13861
v -9.56506 0.51968 32.13861
v -9.56006 0.79951 32.18861
v -9.38503 0.03500 32.00872
v -9.53508 0.03500 32.26850
v -9.51258 0.51968 32.22953
v -9.56006 0.79951 32.18861
v -9.53501 0.03500 32.00868
v -9.38511 0.03500 32.26854
v -9.40759 0.51968 32.22956
v -9.56006 0.79951 32.18861
v -9.34385 0.03500 32.76284
v -9.64385 0.03500 32.76284
v -9.59885 0.52176 32.76284
v -9.59385 0.80271 32.81284
v -9.41882 0.03500 32.63295
v -9.56887 0.03500 32.89273
v -9.54636 0.52176 32.85376
v -9.59385 0.80271 32.81284
v -9.56879 0.03500 32.63290
v -9.41890 0.03500 32.89277
v -9.44138 0.52176 32.85379
v -9.59385 0.80271 32.81284
v -9.28632 0.03500 33.37645
v -9.58632 0.03500 33.37645
v -9.54132 0.30981 33.37645
v -9.53632 0.47663 33.42645
v -9.36130 0.03500 33.24656
v -9.51135 0.03500 33.50634
v -9.48884 0.30981 33.46737
v -9.53632 0.47663 33.42645
v -9.51127 0.03500 33.24651
v -9.36138 0.03500 33.50638
v -9.38386 0.30981 33.46740
v -9.53632 0.47663 33.42645
v -9.27351 0.03500 33.90714
v -9.57351 0.03500 33.90714
v -9.52851 0.31897 33.90714
v -9.52351 0.49072 33.95714
v -9.34848 0.03500 33.77725
v -9.49853 0.03500 34.03702
v -9.47603 0.31897 33.99806
v -9.52351 0.49072 33.95714
v -9.49846 0.03500 33.77720
v -9.34856 0.03500 34.03707
v -9.37104 0.31897 33.99809
v -9.52351 0.49072 33.95714
v -9.22760 0.03500 34.55664
v -9.52760 0.03500 34.55664
v -9.48260 0.43546 34.55664
v -9.47760 0.66994 34.60664
v -9.30257 0.03500 34.42675
v -9.45263 0.03500 34.68652
v -9.43012 0.43546 34.64756
v -9.47760 0.66994 34.60664
v -9.45255 0.03500 34.42670
v -9.30265 0.03500 34.68657
v -9.32514 0.43546 34.64759
v -9.47760 0.66994 34.60664
v -9.86547 0.03500 22.58370
v -10.16547 0.03500 22.58370
v -10.12047 0.43032 22.58370
v -10.11547 0.66204 22.63370
v -9.94044 0.03500 22.45381
v -10.09050 0.03500 22.71359
v -10.06799 0.43032 22.67462
v -10.11547 0.66204 22.63370
v -10.09042 0.03500 22.45377
v -9.94052 0.03500 22.71363
v -9.96301 0.43032 22.67465
v -10.11547 0.66204 22.63370
v -9.75739 0.03500 23.13917
v -10.05739 0.03500 23.13917
v -10.01239 0.51555 23.13917
v -10.00739 0.79315 23.18917
v -9.83236 0.03500 23.00928
v -9.98241 0.03500 23.26906
v -9.95991 0.51555 23.23009
v -10.00739 0.79315 23.18917
v -9.98234 0.03500 23.00923
v -9.83244 0.03500 23.26910
v -9.85492 0.51555 23.23012
v -10.00739 0.79315 23.18917
v -9.94327 0.03500 23.72518
v -10.24327 0.03500 23.72518
v -10.19827 0.32938 23.72518
v -10.19327 0.50674 23.77518
v -10.01824 0.03500 23.59529
v -10.16829 0.03500 23.85507
v -10.14578 0.32938 23.81610
v -10.19327 0.50674 23.77518
v -10.16822 0.03500 23.59524
v -10.01832 0.03500 23.85511
v -10.04080 0.32938 23.81613
v -10.19327 0.50674 23.77518
v -9.83098 0.03500 24.46820
v -10.13098 0.03500 24.46820
v -10.08598 0.32628 24.46820
v -10.08098 0.50197 24.51820
v -9.90596 0.03500 24.33831
v -10.05601 0.03500 24.59809
v -10.03350 0.32628 24.55912
v -10.08098 0.50197 24.51820
v -10.05593 0.03500 24.33826
v -9.90603 0.03500 24.59813
v -9.92852 0.32628 24.55915
v -10.08098 0.50197 24.51820
v -9.87549 0.03500 24.99482
v -10.17549 0.03500 24.99482
v -10.13049 0.48404 24.99482
v -10.12549 0.74468 25.04482
v -9.95047 0.03500 24.86493
v -10.10052 0.03500 25.12471
v -10.07801 0.48404 25.08574
v -10.12549 0.74468 25.04482
v -10.10044 0.03500 24.86489
v -9.95055 0.03500 25.12475
v -9.97303 0.48404 25.08577
v -10.12549 0.74468 25.04482
v -9.93690 0.03500 25.62401
v -10.23690 0.03500 25.62401
v -10.19190 0.37999 25.62401
v -10.18690 0.58460 25.67401
v -10.01187 0.03500 25.49412
v -10.16192 0.03500 25.75390
v -10.13941 0.37999 25.71493
v -10.18690 0.58460 25.67401
v -10.16184 0.03500 25.49407
v -10.01195 0.03500 25.75394
v -10.03443 0.37999 25.71496
v -10.18690 0.58460 25.67401
v -9.90909 0.03500 26.26246
v -10.20909 0.03500 26.26246
v -10.16409 0.54889 26.26246
v -10.15909 0.84445 26.31246
v -9.98406 0.03500 26.13257
v -10.13411 0.03500 26.39235
v -10.11160 0.54889 26.35339
v -10.15909 0.84445 26.31246
v -10.13404 0.03500 26.13253
v -9.98414 0.03500 26.39240
v -10.00662 0.54889 26.35342
v -10.15909 0.84445 26.31246
v -9.80587 0.03500 26.89540
v -10.10587 0.03500 26.89540
v -10.06087 0.42517 26.89540
v -10.05587 0.65410 26.94540
v -9.88085 0.03500 26.76551
v -10.03090 0.03500 27.02529
v -10.00839 0.42517 26.98632
v -10.05587 0.65410 26.94540
v -10.03082 0.03500 26.76547
v -9.88092 0.03500 27.02533
v -9.90341 0.42517 26.98635
v -10.05587 0.65410 26.94540
v -9.85247 0.03500 27.34599
v -10.15247 0.03500 27.34599
v -10.10747 0.53381 27.34599
v -10.10247 0.82125 27.39599
v -9.92744 0.03500 27.21610
v -10.07749 0.03500 27.47587
v -10.05499 0.53381 27.43691
v -10.10247 0.82125 27.39599
v -10.07742 0.03500 27.21605
v -9.92752 0.03500 27.47592
v -9.95000 0.53381 27.43694
v -10.10247 0.82125 27.39599
v -9.85786 0.03500 27.99140
v -10.15786 0.03500 27.99140
v -10.11286 0.32820 27.99140
v -10.10786 0.50492 28.04140
v -9.93284 0.03500 27.86151
v -10.08289 0.03500 28.12129
v -10.06038 0.32820 28.08232
v -10.10786 0.50492 28.04140
v -10.08281 0.03500 27.86146
v -9.93291 0.03500 28.12133
v -9.95540 0.32820 28.08235
v -10.10786 0.50492 28.04140
v -9.80762 0.03500 28.68799
v -10.10762 0.03500 28.68799
v -10.06262 0.46988 28.68799
v -10.05762 0.72289 28.73799
v -9.88259 0.03500 28.55811
v -10.03264 0.03500 28.81788
v -10.01014 0.46988 28.77892
v -10.05762 0.72289 28.73799
v -10.03257 0.03500 28.55806
v -9.88267 0.03500 28.81793
v -9.90515 0.46988 28.77895
v -10.05762 0.72289 28.73799
v -9.90759 0.03500 29.29873
v -10.20759 0.03500 29.29873
v -10.16259 0.30065 29.29873
v -10.15759 0.46253 29.34873
v -9.98256 0.03500 29.16884
v -10.13261 0.03500 29.42862
v -10.11011 0.30065 29.38966
v -10.15759 0.46253 29.34873
v -10.13254 0.03500 29.16880
v -9.98264 0.03500 29.42867
v -10.00512 0.30065 29.38969
v -10.15759 0.46253 29.34873
v -9.81431 0.03500 29.78732
v -10.11431 0.03500 29.78732
v -10.06931 0.37211 29.78732
v -10.06431 0.57247 29.83732
v -9.88929 0.03500 29.65743
v -10.03934 0.03500 29.91721
v -10.01683 0.37211 29.87824
v -10.06431 0.57247 29.83732
v -10.03926 0.03500 29.65739
v -9.88936 0.03500 29.91725
v -9.91185 0.37211 29.87827
v -10.06431 0.57247 29.83732
v -9.82667 0.03500 30.35111
v -10.12667 0.03500 30.35111
v -10.08167 0.37067 30.35111
v -10.07667 0.57026 30.40111
v -9.90165 0.03500 30.22122
v -10.05170 0.03500 30.48100
v -10.02919 0.37067 30.44204
v -10.07667 0.57026 30.40111
v -10.05162 0.03500 30.22118
v -9.90173 0.03500 30.48105
v -9.92421 0.37067 30.44207
v -10.07667 0.57026 30.40111
v -9.78471 0.03500 31.03311
v -10.08471 0.03500 31.03311
v -10.03971 0.29415 31.03311
v -10.03471 0.45254 31.08311
v -9.85969 0.03500 30.90322
v -10.00974 0.03500 31.16300
v -9.98723 0.29415 31.12403
v -10.03471 0.45254 31.08311
v -10.00966 0.03500 30.90318
v -9.85977 0.03500 31.16304
v -9.88225 0.29415 31.12406
v -10.03471 0.45254 31.08311
v -9.77443 0.03500 31.67775
v -10.07443 0.03500 31.67775
v -10.02943 0.41456 31.67775
v -10.02443 0.63779 31.72775
v -9.84940 0.03500 31.54786
v -9.99945 0.03500 31.80764
v -9.97694 0.41456 31.76867
v -10.02443 0.63779 31.72775
v -9.99938 0.03500 31.54781
v -9.84948 0.03500 31.80768
v -9.87196 0.41456 31.76870
v -10.02443 0.63779 31.72775
v -9.80372 0.03500 32.10591
v -10.10372 0.03500 32.10591
v -10.05872 0.47919 32.10591
v -10.05372 0.73722 32.15591
v -9.87869 0.03500 31.97602
v -10.02874 0.03500 32.23580
v -10.00623 0.47919 32.19683
v -10.05372 0.73722 32.15591
v -10.02866 0.03500 31.97598
v -9.87877 0.03500 32.23584
v -9.90125 0.47919 32.19686
v -10.05372 0.73722 32.15591
v -9.75770 0.03500 32.82862
v -10.05770 0.03500 32.82862
v -10.01270 0.30073 32.82862
v -10.00770 0.46266 32.87862
v -9.83267 0.03500 32.69873
v -9.98273 0.03500 32.95850
v -9.96022 0.30073 32.91954
v -10.00770 0.46266 32.87862
v -9.98265 0.03500 32.69868
v -9.83275 0.03500 32.95855
v -9.85524 0.30073 32.91957
v -10.00770 0.46266 32.87862
v -9.83151 0.03500 33.31853
v -10.13151 0.03500 33.31853
v -10.08651 0.42890 33.31853
v -10.08151 0.65985 33.36853
v -9.90648 0.03500 33.18864
v -10.05653 0.03500 33.44842
v -10.03403 0.42890 33.40945
v -10.08151 0.65985 33.36853
v -10.05646 0.03500 33.18859
v -9.90656 0.03500 33.44846
v -9.92905 0.42890 33.40948
v -10.08151 0.65985 33.36853
v -9.89660 0.03500 33.92950
v -10.19660 0.03500 33.92950
v -10.15160 0.30184 33.92950
v -10.14660 0.46436 33.97950
v -9.97158 0.03500 33.79961
v -10.12163 0.03500 34.05939
v -10.09912 0.30184 34.02043
v -10.14660 0.46436 33.97950
v -10.12155 0.03500 33.79957
v -9.97165 0.03500 34.05944
v -9.99414 0.30184 34.02046
v -10.14660 0.46436 33.97950
v -9.93204 0.03500 34.56971
v -10.23204 0.03500 34.56971
v -10.18704 0.51100 34.56971
v -10.18204 0.78616 34.61971
v -10.00702 0.03500 34.43983
v -10.15707 0.03500 34.69960
v -10.13456 0.51100 34.66064
v -10.18204 0.78616 34.61971
v -10.15699 0.03500 34.43978
v -10.00709 0.03500 34.69965
v -10.02958 0.51100 34.66067
v -10.18204 0.78616 34.61971
v -10.46424 0.03500 22.68146
v -10.76424 0.03500 22.68146
v -10.71924 0.37329 22.68146
v -10.71424 0.57429 22.73146
v -10.53921 0.03500 22.55158
v -10.68927 0.03500 22.81135
v -10.66676 0.37329 22.77239
v -10.71424 0.57429 22.73146
v -10.68919 0.03500 22.55153
v -10.53929 0.03500 22.81140
v -10.56178 0.37329 22.77242
v -10.71424 0.57429 22.73146
v -10.50126 0.03500 23.21999
v -10.80126 0.03500 23.21999
v -10.75626 0.39209 23.21999
v -10.75126 0.60321 23.26999
v -10.57624 0.03500 23.09011
v -10.72629 0.03500 23.34988
v -10.70378 0.39209 23.31092
v -10.75126 0.60321 23.26999
v -10.72621 0.03500 23.09006
v -10.57631 0.03500 23.34993
v -10.59880 0.39209 23.31095
v -10.75126 0.60321 23.26999
v -10.53048 0.03500 23.85258
v -10.83048 0.03500 23.85258
v -10.78548 0.44884 23.85258
v -10.78048 0.69052 23.90258
v -10.60546 0.03500 23.72269
v -10.75551 0.03500 23.98247
v -10.73300 0.44884 23.94350
v -10.78048 0.69052 23.90258
v -10.75543 0.03500 23.72264
v -10.60553 0.03500 23.98251
v -10.62802 0.44884 23.94353
v -10.78048 0.69052 23.90258
v -10.44556 0.03500 24.32862
v -10.74556 0.03500 24.32862
v -10.70056 0.40258 24.32862
v -10.69556 0.61935 24.37862
v -10.52053 0.03500 24.19873
v -10.67058 0.03500 24.45851
v -10.64807 0.40258 24.41954
v -10.69556 0.61935 24.37862
v -10.67051 0.03500 24.19869
v -10.52061 0.03500 24.45856
v -10.54309 0.40258 24.41958
v -10.69556 0.61935 24.37862
v -10.42624 0.03500 24.98326
v -10.72624 0.03500 24.98326
v -10.68124 0.45432 24.98326
v -10.67624 0.69896 25.03326
v -10.50121 0.03500 24.85338
v -10.65126 0.03500 25.11315
v -10.62875 0.45432 25.07419
v -10.67624 0.69896 25.03326
v -10.65118 0.03500 24.85333
v -10.50129 0.03500 25.11320
v -10.52377 0.45432 25.07422
v -10.67624 0.69896 25.03326
v -10.35448 0.03500 25.69446
v -10.65448 0.03500 25.69446
v -10.60948 0.44755 25.69446
v -10.60448 0.68853 25.74446
v -10.42946 0.03500 25.56457
v -10.57951 0.03500 25.82435
v -10.55700 0.44755 25.78538
v -10.60448 0.68853 25.74446
v -10.57943 0.03500 25.56452
v -10.42953 0.03500 25.82439
v -10.45202 0.44755 25.78541
v -10.60448 0.68853 25.74446
v -10.35901 0.03500 26.20996
v -10.65901 0.03500 26.20996
v -10.61401 0.36872 26.20996
v -10.60901 0.56726 26.25996
v -10.43398 0.03500 26.08007
v -10.58404 0.03500 26.33985
v -10.56153 0.36872 26.30088
v -10.60901 0.56726 26.25996
v -10.58396 0.03500 26.08003
v -10.43406 0.03500 26.33990
v -10.45655 0.36872 26.30092
v -10.60901 0.56726 26.25996
v -10.54740 0.03500 26.73074
v -10.84740 0.03500 26.73074
v -10.80240 0.46154 26.73074
v -10.79740 0.71007 26.78074
v -10.62238 0.03500 26.60085
v -10.77243 0.03500 26.86063
v -10.74992 0.46154 26.82166
v -10.79740 0.71007 26.78074
v -10.77235 0.03500 26.60080
v -10.62246 0.03500 26.86067
v -10.64494 0.46154 26.82169
v -10.79740 0.71007 26.78074
v -10.44475 0.03500 27.44240
v -10.74475 0.03500 27.44240
v -10.69975 0.48941 27.44240
v -10.69475 0.75294 27.49240
v -10.51972 0.03500 27.31251
v -10.66978 0.03500 27.57229
v -10.64727 0.48941 27.53332
v -10.69475 0.75294 27.49240
v -10.66970 0.03500 27.31247
v -10.51980 0.03500 27.57233
v -10.54229 0.48941 27.53335
v -10.69475 0.75294 27.49240
v -10.37776 0.03500 28.01053
v -10.67776 0.03500 28.01053
v -10.63276 0.42391 28.01053
v -10.62776 0.65216 28.06053
v -10.45273 0.03500 27.88064
v -10.60278 0.03500 28.14042
v -10.58028 0.42391 28.10145
v -10.62776 0.65216 28.06053
v -10.60271 0.03500 27.88059
v -10.45281 0.03500 28.14046
v -10.47529 0.42391 28.10148
v -10.62776 0.65216 28.06053
v -10.36015 0.03500 28.62810
v -10.66015 0.03500 28.62810
v -10.61515 0.29358 28.62810
v -10.61015 0.45166 28.67810
v -10.43512 0.03500 28.49822
v -10.58517 0.03500 28.75799
v -10.56267 0.29358 28.71903
v -10.61015 0.45166 28.67810
v -10.58510 0.03500 28.49817
v -10.43520 0.03500 28.75804
v -10.45768 0.29358 28.71906
v -10.61015 0.45166 28.67810
v -10.54508 0.03500 29.21396
v -10.84508 0.03500 29.21396
v -10.80008 0.44226 29.21396
v -10.79508 0.68040 29.26396
v -10.62005 0.03500 29.08408
v -10.77011 0.03500 29.34385
v -10.74760 0.44226 29.30489
v -10.79508 0.68040 29.26396
v -10.77003 0.03500 29.08403
v -10.62013 0.03500 29.34390
v -10.64262 0.44226 29.30492
v -10.79508 0.68040 29.26396
v -10.45819 0.03500 29.78720
v -10.75819 0.03500 29.78720
v -10.71319 0.45843 29.78720
v -10.70819 0.70527 29.83720
v -10.53316 0.03500 29.65731
v -10.68321 0.03500 29.91709
v -10.66071 0.45843 29.87812
v -10.70819 0.70527 29.83720
v -10.68314 0.03500 29.65727
v -10.53324 0.03500 29.91713
v -10.55572 0.45843 29.87815
v -10.70819 0.70527 29.83720
v -10.37717 0.03500 30.33273
v -10.67717 0.03500 30.33273
v -10.63217 0.36062 30.33273
v -10.62717 0.55480 30.38273
v -10.45215 0.03500 30.20284
v -10.60220 0.03500 30.46262
v -10.57969 0.36062 30.42365
v -10.62717 0.55480 30.38273
v -10.60212 0.03500 30.20280
v -10.45223 0.03500 30.46267
v -10.47471 0.36062 30.42369
v -10.62717 0.55480 30.38273
v -10.35169 0.03500 31.01395
v -10.65169 0.03500 31.01395
v -10.60669 0.36073 31.01395
v -10.60169 0.55496 31.06395
v -10.42666 0.03500 30.88406
v -10.57672 0.03500 31.14384
v -10.55421 0.36073 31.10487
v -10.60169 0.55496 31.06395
v -10.57664 0.03500 30.88402
v -10.42674 0.03500 31.14388
v -10.44923 0.36073 31.10490
v -10.60169 0.55496 31.06395
v -10.41954 0.03500 31.55361
v -10.71954 0.03500 31.55361
v -10.67454 0.34487 31.55361
v -10.66954 0.53057 31.60361
v -10.49451 0.03500 31.42372
v -10.64457 0.03500 31.68350
v -10.62206 0.34487 31.64453
v -10.66954 0.53057 31.60361
v -10.64449 0.03500 31.42367
v -10.49459 0.03500 31.68354
v -10.51708 0.34487 31.64456
v -10.66954 0.53057 31.60361
v -10.51557 0.03500 32.19301
v -10.81557 0.03500 32.19301
v -10.77057 0.48808 32.19301
v -10.76557 0.75089 32.24301
v -10.59054 0.03500 32.06312
v -10.74059 0.03500 32.32290
v -10.71809 0.48808 32.28394
v -10.76557 0.75089 32.24301
v -10.74052 0.03500 32.06308
v -10.59062 0.03500 32.32295
v -10.61310 0.48808 32.28397
v -10.76557 0.75089 32.24301
v -10.44683 0.03500 32.89131
v -10.74683 0.03500 32.89131
v -10.70183 0.43740 32.89131
v -10.69683 0.67293 32.94131
v -10.52181 0.03500 32.76143
v -10.67186 0.03500 33.02120
v -10.64935 0.43740 32.98224
v -10.69683 0.67293 32.94131
v -10.67178 0.03500 32.76138
v -10.52188 0.03500 33.02125
v -10.54437 0.43740 32.98227
v -10.69683 0.67293 32.94131
v -10.46010 0.03500 33.34936
v -10.76010 0.03500 33.34936
v -10.71510 0.48608 33.34936
v -10.71010 0.74782 33.39936
v -10.53507 0.03500 33.21947
v -10.68513 0.03500 33.47925
v -10.66262 0.48608 33.44028
v -10.71010 0.74782 33.39936
v -10.68505 0.03500 33.21943
v -10.53515 0.03500 33.47929
v -10.55764 0.48608 33.44031
v -10.71010 0.74782 33.39936
v -10.47696 0.03500 33.94199
v -10.77696 0.03500 33.94199
v -10.73196 0.38856 33.94199
v -10.72696 0.59779 33.99199
v -10.55193 0.03500 33.81210
v -10.70198 0.03500 34.07188
v -10.67948 0.38856 34.03291
v -10.72696 0.59779 33.99199
v -10.70191 0.03500 33.81205
v -10.55201 0.03500 34.07192
v -10.57450 0.38856 34.03294
v -10.72696 0.59779 33.99199
v -10.54863 0.03500 34.66243
v -10.84863 0.03500 34.66243
v -10.80363 0.36974 34.66243
v -10.79863 0.56883 34.71243
v -10.62361 0.03500 34.53254
v -10.77366 0.03500 34.79232
v -10.75115 0.36974 34.75335
v -10.79863 0.56883 34.71243
v -10.77358 0.03500 34.53250
v -10.62368 0.03500 34.79236
v -10.64617 0.36974 34.75338
v -10.79863 0.56883 34.71243
v -11.10064 0.03500 22.56651
v -11.40064 0.03500 22.56651
v -11.35564 0.50267 22.56651
v -11.35064 0.77334 22.61651
v -11.17561 0.03500 22.43662
v -11.32566 0.03500 22.69640
v -11.30316 0.50267 22.65743
v -11.35064 0.77334 22.61651
v -11.32559 0.03500 22.43658
v -11.17569 0.03500 22.69644
v -11.19817 0.50267 22.65746
v -11.35064 0.77334 22.61651
v -11.02350 0.03500 23.20548
v -11.32350 0.03500 23.20548
v -11.27850 0.37983 23.20548
v -11.27350 0.58436 23.25548
v -11.09847 0.03500 23.07559
v -11.24852 0.03500 23.33537
v -11.22602 0.37983 23.29640
v -11.27350 0.58436 23.25548
v -11.24845 0.03500 23.07555
v -11.09855 0.03500 23.33541
v -11.12103 0.37983 23.29643
v -11.27350 0.58436 23.25548
v -11.05237 0.03500 23.87068
v -11.35237 0.03500 23.87068
v -11.30737 0.48964 23.87068
v -11.30237 0.75330 23.92068
v -11.12735 0.03500 23.74079
v -11.27740 0.03500 24.00057
v -11.25489 0.48964 23.96160
v -11.30237 0.75330 23.92068
v -11.27732 0.03500 23.74074
v -11.12742 0.03500 24.00061
v -11.14991 0.48964 23.96163
v -11.30237 0.75330 23.92068
v -11.02833 0.03500 24.38515
v -11.32833 0.03500 24.38515
v -11.28333 0.32858 24.38515
v -11.27833 0.50550 24.43515
v -11.10331 0.03500 24.25526
v -11.25336 0.03500 24.51504
v -11.23085 0.32858 24.47607
v -11.27833 0.50550 24.43515
v -11.25328 0.03500 24.25522
v -11.10339 0.03500 24.51509
v -11.12587 0.32858 24.47611
v -11.27833 0.50550 24.43515
v -11.12371 0.03500 24.98892
v -11.42371 0.03500 24.98892
v -11.37871 0.52016 24.98892
v -11.37371 0.80024 25.03892
v -11.19869 0.03500 24.85903
v -11.34874 0.03500 25.11881
v -11.32623 0.52016 25.07984
v -11.37371 0.80024 25.03892
v -11.34866 0.03500 24.85898
v -11.19876 0.03500 25.11885
v -11.22125 0.52016 25.07987
v -11.37371 0.80024 25.03892
v -10.95364 0.03500 25.69485
v -11.25364 0.03500 25.69485
v -11.20864 0.49277 25.69485
v -11.20364 0.75810 25.74485
v -11.02861 0.03500 25.56496
v -11.17866 0.03500 25.82474
v -11.15616 0.49277 25.78578
v -11.20364 0.75810 25.74485
v -11.17859 0.03500 25.56492
v -11.02869 0.03500 25.82479
v -11.05117 0.49277 25.78581
v -11.20364 0.75810 25.74485
v -11.02746 0.03500 26.12631
v -11.32746 0.03500 26.12631
v -11.28246 0.45552 26.12631
v -11.27746 0.70079 26.17631
v -11.10243 0.03500 25.99642
v -11.25248 0.03500 26.25620
v -11.22998 0.45552 26.21723
v -11.27746 0.70079 26.17631
v -11.25241 0.03500 25.99638
v -11.10251 0.03500 26.25624
v -11.12499 0.45552 26.21726
v -11.27746 0.70079 26.17631
v -11.03148 0.03500 26.89478
v -11.33148 0.03500 26.89478
v -11.28648 0.45500 26.89478
v -11.28148 0.70000 26.94478
v -11.10645 0.03500 26.76489
v -11.25650 0.03500 27.02467
v -11.23399 0.45500 26.98571
v -11.28148 0.70000 26.94478
v -11.25642 0.03500 26.76485
v -11.10653 0.03500 27.02472
v -11.12901 0.45500 26.98574
v -11.28148 0.70000 26.94478
v -11.10671 0.03500 27.46938
v -11.40671 0.03500 27.46938
v -11.36171 0.43753 27.46938
v -11.35671 0.67312 27.51938
v -11.18169 0.03500 27.33949
v -11.33174 0.03500 27.59927
v -11.30923 0.43753 27.56031
v -11.35671 0.67312 27.51938
v -11.33166 0.03500 27.33945
v -11.18176 0.03500 27.59932
v -11.20425 0.43753 27.56034
v -11.35671 0.67312 27.51938
v -11.13224 0.03500 27.97663
v -11.43224 0.03500 27.97663
v -11.38724 0.44654 27.97663
v -11.38224 0.68698 28.02663
v -11.20721 0.03500 27.84674
v -11.35726 0.03500 28.10652
v -11.33476 0.44654 28.06755
v -11.38224 0.68698 28.02663
v -11.35719 0.03500 27.84670
v -11.20729 0.03500 28.10656
v -11.22977 0.44654 28.06758
v -11.38224 0.68698 28.02663
v -11.03631 0.03500 28.66187
v -11.33631 0.03500 28.66187
v -11.29131 0.46736 28.66187
v -11.28631 0.71902 28.71187
v -11.11129 0.03500 28.53198
v -11.26134 0.03500 28.79175
v -11.23883 0.46736 28.75279
v -11.28631 0.71902 28.71187
v -11.26126 0.03500 28.53193
v -11.11136 0.03500 28.79180
v -11.13385 0.46736 28.75282
v -11.28631 0.71902 28.71187
v -10.99575 0.03500 29.22029
v -11.29575 0.03500 29.22029
v -11.25075 0.29787 29.22029
v -11.24575 0.45826 29.27029
v -11.07073 0.03500 29.09040
v -11.22078 0.03500 29.35018
v -11.19827 0.29787 29.31121
v -11.24575 0.45826 29.27029
v -11.22070 0.03500 29.09036
v -11.07080 0.03500 29.35022
v -11.09329 0.29787 29.31124
v -11.24575 0.45826 29.27029
v -10.98986 0.03500 29.82490
v -11.28986 0.03500 29.82490
v -11.24486 0.31076 29.82490
v -11.23986 0.47809 29.87490
v -11.06483 0.03500 29.69501
v -11.21488 0.03500 29.95479
v -11.19238 0.31076 29.91582
v -11.23986 0.47809 29.87490
v -11.21481 0.03500 29.69496
v -11.06491 0.03500 29.95483
v -11.08739 0.31076 29.91585
v -11.23986 0.47809 29.87490
v -11.00711 0.03500 30.49526
v -11.30711 0.03500 30.49526
v -11.26211 0.41687 30.49526
v -11.25711 0.64135 30.54526
v -11.08209 0.03500 30.36537
v -11.23214 0.03500 30.62515
v -11.20963 0.41687 30.58618
v -11.25711 0.64135 30.54526
v -11.23206 0.03500 30.36533
v -11.08216 0.03500 30.62520
v -11.10465 0.41687 30.58622
v -11.25711 0.64135 30.54526
v -11.07578 0.03500 31.03058
v -11.37578 0.03500 31.03058
v -11.33078 0.53020 31.03058
v -11.32578 0.81569 31.08058
v -11.15076 0.03500 30.90069
v -11.30081 0.03500 31.16047
v -11.27830 0.53020 31.12150
v -11.32578 0.81569 31.08058
v -11.30073 0.03500 30.90065
v -11.15083 0.03500 31.16051
v -11.17332 0.53020 31.12153
v -11.32578 0.81569 31.08058
v -11.12753 0.03500 31.51067
v -11.42753 0.03500 31.51067
v -11.38253 0.29950 31.51067
v -11.37753 0.46077 31.56067
v -11.20251 0.03500 31.38078
v -11.35256 0.03500 31.64056
v -11.33005 0.29950 31.60159
v -11.37753 0.46077 31.56067
v -11.35248 0.03500 31.38074
v -11.20258 0.03500 31.64060
v -11.22507 0.29950 31.60162
v -11.37753 0.46077 31.56067
v -10.97513 0.03500 32.26432
v -11.27513 0.03500 32.26432
v -11.23013 0.29427 32.26432
v -11.22513 0.45272 32.31432
v -11.05011 0.03500 32.13443
v -11.20016 0.03500 32.39421
v -11.17765 0.29427 32.35524
v -11.22513 0.45272 32.31432
v -11.20008 0.03500 32.13439
v -11.05018 0.03500 32.39425
v -11.07267 0.29427 32.35527
v -11.22513 0.45272 32.31432
v -10.98790 0.03500 32.80623
v -11.28790 0.03500 32.80623
v -11.24290 0.39040 32.80623
v -11.23790 0.60062 32.85623
v -11.06287 0.03500 32.67634
v -11.21292 0.03500 32.93612
v -11.19041 0.39040 32.89716
v -11.23790 0.60062 32.85623
v -11.21284 0.03500 32.67630
v -11.06295 0.03500 32.93617
v -11.08543 0.39040 32.89719
v -11.23790 0.60062 32.85623
v -11.14403 0.03500 33.31700
v -11.44403 0.03500 33.31700
v -11.39903 0.37261 33.31700
v -11.39403 0.57325 33.36700
v -11.21901 0.03500 33.18711
v -11.36906 0.03500 33.44689
v -11.34655 0.37261 33.40792
v -11.39403 0.57325 33.36700
v -11.36898 0.03500 33.18706
v -11.21909 0.03500 33.44693
v -11.24157 0.37261 33.40795
v -11.39403 0.57325 33.36700
v -11.05449 0.03500 34.04358
v -11.35449 0.03500 34.04358
v -11.30949 0.44056 34.04358
v -11.30449 0.67779 34.09358
v -11.12946 0.03500 33.91369
v -11.27951 0.03500 34.17347
v -11.25701 0.44056 34.13450
v -11.30449 0.67779 34.09358
v -11.27944 0.03500 33.91364
v -11.12954 0.03500 34.17351
v -11.15202 0.44056 34.13453
v -11.30449 0.67779 34.09358
v -11.11518 0.03500 34.57885
v -11.41518 0.03500 34.57885
v -11.37018 0.45409 34.57885
v -11.36518 0.69861 34.62885
v -11.19015 0.03500 34.44896
v -11.34021 0.03500 34.70874
v -11.31770 0.45409 34.66977
v -11.36518 0.69861 34.62885
v -11.34013 0.03500 34.44891
v -11.19023 0.03500 34.70878
v -11.21272 0.45409 34.66980
v -11.36518 0.69861 34.62885
v -11.57854 0.03500 25.03180
v -11.87854 0.03500 25.03180
v -11.83354 0.48565 25.03180
v -11.82854 0.74716 25.08180
v -11.65351 0.03500 24.90192
v -11.80357 0.03500 25.16169
v -11.78106 0.48565 25.12273
v -11.82854 0.74716 25.08180
v -11.80349 0.03500 24.90187
v -11.65359 0.03500 25.16174
v -11.67608 0.48565 25.12276
v -11.82854 0.74716 25.08180
v -11.55859 0.03500 26.23913
v -11.85859 0.03500 26.23913
v -11.81359 0.54334 26.23913
v -11.80859 0.83591 26.28913
v -11.63357 0.03500 26.10924
v -11.78362 0.03500 26.36902
v -11.76111 0.54334 26.33006
v -11.80859 0.83591 26.28913
v -11.78354 0.03500 26.10920
v -11.63365 0.03500 26.36907
v -11.65613 0.54334 26.33009
v -11.80859 0.83591 26.28913
v -11.59208 0.03500 29.18531
v -11.89208 0.03500 29.18531
v -11.84708 0.39307 29.18531
v -11.84208 0.60473 29.23531
v -11.66706 0.03500 29.05542
v -11.81711 0.03500 29.31520
v -11.79460 0.39307 29.27623
v -11.84208 0.60473 29.23531
v -11.81703 0.03500 29.05538
v -11.66713 0.03500 29.31524
v -11.68962 0.39307 29.27626
v -11.84208 0.60473 29.23531
v -11.57688 0.03500 32.85839
v -11.87688 0.03500 32.85839
v -11.83188 0.40845 32.85839
v -11.82688 0.62838 32.90839
v -11.65186 0.03500 32.72850
v -11.80191 0.03500 32.98828
v -11.77940 0.40845 32.94931
v -11.82688 0.62838 32.90839
v -11.80183 0.03500 32.72845
v -11.65193 0.03500 32.98832
v -11.67442 0.40845 32.94934
v -11.82688 0.62838 32.90839
v -11.64241 0.03500 33.30684
v -11.94241 0.03500 33.30684
v -11.89741 0.34162 33.30684
v -11.89241 0.52558 33.35684
v -11.71738 0.03500 33.17695
v -11.86744 0.03500 33.43673
v -11.84493 0.34162 33.39777
v -11.89241 0.52558 33.35684
v -11.86736 0.03500 33.17691
v -11.71746 0.03500 33.43678
v -11.73995 0.34162 33.39780
v -11.89241 0.52558 33.35684
v -11.62659 0.03500 33.91127
v -11.92659 0.03500 33.91127
v -11.88159 0.49480 33.91127
v -11.87659 0.76124 33.96127
v -11.70156 0.03500 33.78138
v -11.85161 0.03500 34.04116
v -11.82911 0.49480 34.00219
v -11.87659 0.76124 33.96127
v -11.85154 0.03500 33.78134
v -11.70164 0.03500 34.04120
v -11.72412 0.49480 34.00222
v -11.87659 0.76124 33.96127
v -11.65041 0.03500 34.53255
v -11.95041 0.03500 34.53255
v -11.90541 0.40360 34.53255
v -11.90041 0.62092 34.58255
v -11.72539 0.03500 34.40266
v -11.87544 0.03500 34.66244
v -11.85293 0.40360 34.62347
v -11.90041 0.62092 34.58255
v -11.87536 0.03500 34.40261
v -11.72547 0.03500 34.66248
v -11.74795 0.40360 34.62350
v -11.90041 0.62092 34.58255
v -12.15773 0.03500 32.26317
v -12.45773 0.03500 32.26317
v -12.41273 0.52216 32.26317
v -12.40773 0.80332 32.31317
v -12.23270 0.03500 32.13328
v -12.38276 0.03500 32.39306
v -12.36025 0.52216 32.35409
v -12.40773 0.80332 32.31317
v -12.38268 0.03500 32.13324
v -12.23278 0.03500 32.39310
v -12.25527 0.52216 32.35412
v -12.40773 0.80332 32.31317
v -12.25532 0.03500 32.74915
v -12.55532 0.03500 32.74915
v -12.51032 0.51093 32.74915
v -12.50532 0.78604 32.79915
v -12.33029 0.03500 32.61926
v -12.48034 0.03500 32.87904
v -12.45783 0.51093 32.84007
v -12.50532 0.78604 32.79915
v -12.48026 0.03500 32.61922
v -12.33037 0.03500 32.87909
v -12.35285 0.51093 32.84011
v -12.50532 0.78604 32.79915
v -12.20985 0.03500 33.45187
v -12.50985 0.03500 33.45187
v -12.46485 0.41548 33.45187
v -12.45985 0.63920 33.50187
v -12.28482 0.03500 33.32198
v -12.43487 0.03500 33.58176
v -12.41236 0.41548 33.54279
v -12.45985 0.63920 33.50187
v -12.43479 0.03500 33.32194
v -12.28490 0.03500 33.58180
v -12.30738 0.41548 33.54282
v -12.45985 0.63920 33.50187
v -12.33935 0.03500 33.98932
v -12.63935 0.03500 33.98932
v -12.59435 0.41590 33.98932
v -12.58935 0.63984 34.03932
v -12.41432 0.03500 33.85943
v -12.56438 0.03500 34.11921
v -12.54187 0.41590 34.08024
v -12.58935 0.63984 34.03932
v -12.56430 0.03500 33.85939
v -12.41440 0.03500 34.11925
v -12.43689 0.41590 34.08027
v -12.58935 0.63984 34.03932
v -12.34608 0.03500 34.51441
v -12.64608 0.03500 34.51441
v -12.60108 0.50689 34.51441
v -12.59608 0.77983 34.56441
v -12.42106 0.03500 34.38452
v -12.57111 0.03500 34.64430
v -12.54860 0.50689 34.60533
v -12.59608 0.77983 34.56441
v -12.57103 0.03500 34.38447
v -12.42114 0.03500 34.64434
v -12.44362 0.50689 34.60536
v -12.59608 0.77983 34.56441
v -12.82887 0.03500 32.79588
v -13.12887 0.03500 32.79588
v -13.08387 0.48026 32.79588
v -13.07887 0.73886 32.84588
v -12.90384 0.03500 32.66599
v -13.05389 0.03500 32.92577
v -13.03139 0.48026 32.88680
v -13.07887 0.73886 32.84588
v -13.05382 0.03500 32.66594
v -12.90392 0.03500 32.92581
v -12.92640 0.48026 32.88683
v -13.07887 0.73886 32.84588
v -12.85622 0.03500 33.34787
v -13.15622 0.03500 33.34787
v -13.11122 0.38687 33.34787
v -13.10622 0.59519 33.39787
v -12.93119 0.03500 33.21798
v -13.08124 0.03500 33.47775
v -13.05874 0.38687 33.43879
v -13.10622 0.59519 33.39787
v -13.08117 0.03500 33.21793
v -12.93127 0.03500 33.47780
v -12.95375 0.38687 33.43882
v -13.10622 0.59519 33.39787
v -12.93340 0.03500 33.93426
v -13.23340 0.03500 33.93426
v -13.18840 0.43523 33.93426
v -13.18340 0.66958 33.98426
v -13.00837 0.03500 33.80437
v -13.15842 0.03500 34.06415
v -13.13591 0.43523 34.02518
v -13.18340 0.66958 33.98426
v -13.15835 0.03500 33.80433
v -13.00845 0.03500 34.06419
v -13.03093 0.43523 34.02521
v -13.18340 0.66958 33.98426
v -12.93808 0.03500 34.66327
v -13.23808 0.03500 34.66327
v -13.19308 0.47633 34.66327
v -13.18808 0.73282 34.71327
v -13.01306 0.03500 34.53338
v -13.16311 0.03500 34.79316
v -13.14060 0.47633 34.75420
v -13.18808 0.73282 34.71327
v -13.16303 0.03500 34.53334
v -13.01314 0.03500 34.79321
v -13.03562 0.47633 34.75423
v -13.18808 0.73282 34.71327
v -13.43839 0.03500 32.26060
v -13.73839 0.03500 32.26060
v -13.69339 0.32924 32.26060
v -13.68839 0.50653 32.31060
v -13.51336 0.03500 32.13071
v -13.66341 0.03500 32.39049
v -13.64090 0.32924 32.35152
v -13.68839 0.50653 32.31060
v -13.66333 0.03500 32.13066
v -13.51344 0.03500 32.39053
v -13.53592 0.32924 32.35155
v -13.68839 0.50653 32.31060
v -13.52228 0.03500 32.70261
v -13.82228 0.03500 32.70261
v -13.77728 0.49986 32.70261
v -13.77228 0.76902 32.75261
v -13.59726 0.03500 32.57272
v -13.74731 0.03500 32.83250
v -13.72480 0.49986 32.79354
v -13.77228 0.76902 32.75261
v -13.74723 0.03500 32.57268
v -13.59733 0.03500 32.83255
v -13.61982 0.49986 32.79357
v -13.77228 0.76902 32.75261
v -13.35706 0.03500 33.34463
v -13.65706 0.03500 33.34463
v -13.61206 0.49442 33.34463
v -13.60706 0.76064 33.39463
v -13.43203 0.03500 33.21474
v -13.58209 0.03500 33.47451
v -13.55958 0.49442 33.43555
v -13.60706 0.76064 33.39463
v -13.58201 0.03500 33.21469
v -13.43211 0.03500 33.47456
v -13.45460 0.49442 33.43558
v -13.60706 0.76064 33.39463
v -13.49315 0.03500 33.90479
v -13.79315 0.03500 33.90479
v -13.74815 0.39178 33.90479
v -13.74315 0.60273 33.95479
v -13.56813 0.03500 33.77490
v -13.71818 0.03500 34.03468
v -13.69567 0.39178 33.99571
v -13.74315 0.60273 33.95479
v -13.71810 0.03500 33.77486
v -13.56821 0.03500 34.03472
v -13.59069 0.39178 33.99574
v -13.74315 0.60273 33.95479
v -13.50662 0.03500 34.51362
v -13.80662 0.03500 34.51362
v -13.76162 0.48486 34.51362
v -13.75662 0.74594 34.56362
v -13.58159 0.03500 34.38373
v -13.73164 0.03500 34.64351
v -13.70913 0.48486 34.60454
v -13.75662 0.74594 34.56362
v -13.73156 0.03500 34.38369
v -13.58167 0.03500 34.64356
v -13.60415 0.48486 34.60458
v -13.75662 0.74594 34.56362
v -14.14900 0.03500 32.29450
v -14.44900 0.03500 32.29450
v -14.40400 0.39329 32.29450
v -14.39900 0.60506 32.34450
v -14.22397 0.03500 32.16461
v -14.37403 0.03500 32.42438
v -14.35152 0.39329 32.38542
v -14.39900 0.60506 32.34450
v -14.37395 0.03500 32.16456
v -14.22405 0.03500 32.42443
v -14.24654 0.39329 32.38545
v -14.39900 0.60506 32.34450
v -14.11455 0.03500 32.82010
v -14.41455 0.03500 32.82010
v -14.36955 0.41926 32.82010
v -14.36455 0.64502 32.87010
v -14.18952 0.03500 32.69021
v -14.33957 0.03500 32.94999
v -14.31707 0.41926 32.91102
v -14.36455 0.64502 32.87010
v -14.33950 0.03500 32.69016
v -14.18960 0.03500 32.95003
v -14.21208 0.41926 32.91105
v -14.36455 0.64502 32.87010
v -14.03223 0.03500 33.33551
v -14.33223 0.03500 33.33551
v -14.28723 0.30292 33.33551
v -14.28223 0.46603 33.38551
v -14.10721 0.03500 33.20562
v -14.25726 0.03500 33.46540
v -14.23475 0.30292 33.42643
v -14.28223 0.46603 33.38551
v -14.25718 0.03500 33.20558
v -14.10728 0.03500 33.46544
v -14.12977 0.30292 33.42646
v -14.28223 0.46603 33.38551
v -13.97326 0.03500 33.92933
v -14.27326 0.03500 33.92933
v -14.22826 0.43592 33.92933
v -14.22326 0.67065 33.97933
v -14.04823 0.03500 33.79945
v -14.19828 0.03500 34.05922
v -14.17577 0.43592 34.02026
v -14.22326 0.67065 33.97933
v -14.19820 0.03500 33.79940
v -14.04831 0.03500 34.05927
v -14.07079 0.43592 34.02029
v -14.22326 0.67065 33.97933
v -14.06375 0.03500 34.61961
v -14.36375 0.03500 34.61961
v -14.31875 0.41504 34.61961
v -14.31375 0.63852 34.66961
v -14.13873 0.03500 34.48972
v -14.28878 0.03500 34.74950
v -14.26627 0.41504 34.71053
v -14.31375 0.63852 34.66961
v -14.28870 0.03500 34.48968
v -14.13881 0.03500 34.74955
v -14.16129 0.41504 34.71057
v -14.31375 0.63852 34.66961
v -14.59745 0.03500 32.86111
v -14.89745 0.03500 32.86111
v -14.85245 0.34138 32.86111
v -14.84745 0.52520 32.91111
v -14.67243 0.03500 32.73122
v -14.82248 0.03500 32.99100
v -14.79997 0.34138 32.95203
v -14.84745 0.52520 32.91111
v -14.82240 0.03500 32.73117
v -14.67251 0.03500 32.99104
v -14.69499 0.34138 32.95206
v -14.84745 0.52520 32.91111
v -14.60097 0.03500 33.47415
v -14.90097 0.03500 33.47415
v -14.85597 0.31569 33.47415
v -14.85097 0.48567 33.52415
v -14.67595 0.03500 33.34426
v -14.82600 0.03500 33.60404
v -14.80349 0.31569 33.56507
v -14.85097 0.48567 33.52415
v -14.82592 0.03500 33.34422
v -14.67603 0.03500 33.60408
v -14.69851 0.31569 33.56510
v -14.85097 0.48567 33.52415
v -14.68654 0.03500 34.06874
v -14.98654 0.03500 34.06874
v -14.94154 0.39589 34.06874
v -14.93654 0.60906 34.11874
v -14.76152 0.03500 33.93885
v -14.91157 0.03500 34.19863
v -14.88906 0.39589 34.15967
v -14.93654 0.60906 34.11874
v -14.91149 0.03500 33.93881
v -14.76159 0.03500 34.19868
v -14.78408 0.39589 34.15970
v -14.93654 0.60906 34.11874
v -14.71145 0.03500 34.60224
v -15.01145 0.03500 34.60224
v -14.96645 0.33108 34.60224
v -14.96145 0.50935 34.65224
v -14.78642 0.03500 34.47235
v -14.93647 0.03500 34.73213
v -14.91397 0.33108 34.69316
v -14.96145 0.50935 34.65224
v -14.93640 0.03500 34.47230
v -14.78650 0.03500 34.73217
v -14.80899 0.33108 34.69319
v -14.96145 0.50935 34.65224
v -15.16927 0.03500 32.26448
v -15.46927 0.03500 32.26448
v -15.42427 0.35863 32.26448
v -15.41927 0.55174 32.31448
v -15.24424 0.03500 32.13459
v -15.39429 0.03500 32.39437
v -15.37179 0.35863 32.35540
v -15.41927 0.55174 32.31448
v -15.39422 0.03500 32.13455
v -15.24432 0.03500 32.39441
v -15.26680 0.35863 32.35543
v -15.41927 0.55174 32.31448
v -15.19125 0.03500 32.77820
v -15.49125 0.03500 32.77820
v -15.44625 0.47874 32.77820
v -15.44125 0.73653 32.82820
v -15.26623 0.03500 32.64831
v -15.41628 0.03500 32.90809
v -15.39377 0.47874 32.86912
v -15.44125 0.73653 32.82820
v -15.41620 0.03500 32.64827
v -15.26631 0.03500 32.90813
v -15.28879 0.47874 32.86915
v -15.44125 0.73653 32.82820
v -15.18833 0.03500 33.46537
v -15.48833 0.03500 33.46537
v -15.44333 0.40218 33.46537
v -15.43833 0.61874 33.51537
v -15.26331 0.03500 33.33548
v -15.41336 0.03500 33.59526
v -15.39085 0.40218 33.55630
v -15.43833 0.61874 33.51537
v -15.41328 0.03500 33.33544
v -15.26338 0.03500 33.59531
v -15.28587 0.40218 33.55633
v -15.43833 0.61874 33.51537
v -15.31454 0.03500 34.07297
v -15.61454 0.03500 34.07297
v -15.56954 0.35589 34.07297
v -15.56454 0.54752 34.12297
v -15.38951 0.03500 33.94308
v -15.53956 0.03500 34.20286
v -15.51705 0.35589 34.16389
v -15.56454 0.54752 34.12297
v -15.53948 0.03500 33.94304
v -15.38959 0.03500 34.20290
v -15.41207 0.35589 34.16392
v -15.56454 0.54752 34.12297
v -15.22716 0.03500 34.51829
v -15.52716 0.03500 34.51829
v -15.48216 0.39228 34.51829
v -15.47716 0.60350 34.56829
v -15.30214 0.03500 34.38840
v -15.45219 0.03500 34.64818
v -15.42968 0.39228 34.60921
v -15.47716 0.60350 34.56829
v -15.45211 0.03500 34.38836
v -15.30222 0.03500 34.64822
v -15.32470 0.39228 34.60924
v -15.47716 0.60350 34.56829
v -15.79059 0.03500 32.29043
v -16.09059 0.03500 32.29043
v -16.04559 0.38435 32.29043
v -16.04059 0.59131 32.34043
v -15.86556 0.03500 32.16055
v -16.01561 0.03500 32.42032
v -15.99311 0.38435 32.38136
v -16.04059 0.59131 32.34043
v -16.01554 0.03500 32.16050
v -15.86564 0.03500 32.42037
v -15.88812 0.38435 32.38139
v -16.04059 0.59131 32.34043
v -15.83481 0.03500 32.70196
v -16.13481 0.03500 32.70196
v -16.08981 0.51000 32.70196
v -16.08481 0.78462 32.75196
v -15.90979 0.03500 32.57207
v -16.05984 0.03500 32.83185
v -16.03733 0.51000 32.79289
v -16.08481 0.78462 32.75196
v -16.05976 0.03500 32.57203
v -15.90986 0.03500 32.83190
v -15.93235 0.51000 32.79292
v -16.08481 0.78462 32.75196
v -15.78296 0.03500 33.44443
v -16.08296 0.03500 33.44443
v -16.03796 0.31920 33.44443
v -16.03296 0.49108 33.49443
v -15.85794 0.03500 33.31454
v -16.00799 0.03500 33.57431
v -15.98548 0.31920 33.53535
v -16.03296 0.49108 33.49443
v -16.00791 0.03500 33.31449
v -15.85802 0.03500 33.57436
v -15.88050 0.31920 33.53538
v -16.03296 0.49108 33.49443
v -15.88366 0.03500 34.04847
v -16.18366 0.03500 34.04847
v -16.13866 0.32961 34.04847
v -16.13366 0.50709 34.09847
v -15.95863 0.03500 33.91858
v -16.10868 0.03500 34.17835
v -16.08617 0.32961 34.13939
v -16.13366 0.50709 34.09847
v -16.10860 0.03500 33.91853
v -15.95871 0.03500 34.17840
v -15.98119 0.32961 34.13942
v -16.13366 0.50709 34.09847
v -15.92012 0.03500 34.55862
v -16.22012 0.03500 34.55862
v -16.17512 0.32390 34.55862
v -16.17012 0.49831 34.60862
v -15.99510 0.03500 34.42873
v -16.14515 0.03500 34.68851
v -16.12264 0.32390 34.64955
v -16.17012 0.49831 34.60862
v -16.14507 0.03500 34.42869
v -15.99517 0.03500 34.68856
v -16.01766 0.32390 34.64958
v -16.17012 0.49831 34.60862
v -16.43552 0.03500 32.87244
v -16.73552 0.03500 32.87244
v -16.69052 0.46372 32.87244
v -16.68552 0.71342 32.92244
v -16.51050 0.03500 32.74255
v -16.66055 0.03500 33.00233
v -16.63804 0.46372 32.96336
v -16.68552 0.71342 32.92244
v -16.66047 0.03500 32.74251
v -16.51057 0.03500 33.00237
v -16.53306 0.46372 32.96339
v -16.68552 0.71342 32.92244
v -16.40586 0.03500 33.38956
v -16.70586 0.03500 33.38956
v -16.66086 0.48506 33.38956
v -16.65586 0.74625 33.43956
v -16.48083 0.03500 33.25967
v -16.63088 0.03500 33.51945
v -16.60838 0.48506 33.48048
v -16.65586 0.74625 33.43956
v -16.63081 0.03500 33.25963
v -16.48091 0.03500 33.51949
v -16.50339 0.48506 33.48051
v -16.65586 0.74625 33.43956
v -16.49106 0.03500 34.02594
v -16.79106 0.03500 34.02594
v -16.74606 0.35893 34.02594
v -16.74106 0.55219 34.07594
v -16.56604 0.03500 33.89605
v -16.71609 0.03500 34.15583
v -16.69358 0.35893 34.11686
v -16.74106 0.55219 34.07594
v -16.71601 0.03500 33.89600
v -16.56611 0.03500 34.15587
v -16.58860 0.35893 34.11689
v -16.74106 0.55219 34.07594
v -16.35352 0.03500 34.62320
v -16.65352 0.03500 34.62320
v -16.60852 0.45015 34.62320
v -16.60352 0.69254 34.67320
v -16.42850 0.03500 34.49331
v -16.57855 0.03500 34.75309
v -16.55604 0.45015 34.71412
v -16.60352 0.69254 34.67320
v -16.57847 0.03500 34.49327
v -16.42857 0.03500 34.75314
v -16.45106 0.45015 34.71416
v -16.60352 0.69254 34.67320
v -17.12261 0.03500 32.80626
v -17.42261 0.03500 32.80626
v -17.37761 0.38199 32.80626
v -17.37261 0.58768 32.85626
v -17.19758 0.03500 32.67637
v -17.34764 0.03500 32.93615
v -17.32513 0.38199 32.89718
v -17.37261 0.58768 32.85626
v -17.34756 0.03500 32.67632
v -17.19766 0.03500 32.93619
v -17.22015 0.38199 32.89721
v -17.37261 0.58768 32.85626
v -16.96331 0.03500 33.48901
v -17.26331 0.03500 33.48901
v -17.21831 0.45242 33.48901
v -17.21331 0.69603 33.53901
v -17.03828 0.03500 33.35912
v -17.18833 0.03500 33.61890
v -17.16583 0.45242 33.57993
v -17.21331 0.69603 33.53901
v -17.18826 0.03500 33.35908
v -17.03836 0.03500 33.61894
v -17.06084 0.45242 33.57996
v -17.21331 0.69603 33.53901
v -17.13076 0.03500 33.93475
v -17.43076 0.03500 33.93475
v -17.38576 0.43999 33.93475
v -17.38076 0.67692 33.98475
v -17.20574 0.03500 33.80487
v -17.35579 0.03500 34.06464
v -17.33328 0.43999 34.02568
v -17.38076 0.67692 33.98475
v -17.35571 0.03500 33.80482
v -17.20582 0.03500 34.06469
v -17.22830 0.43999 34.02571
v -17.38076 0.67692 33.98475
v -17.07843 0.03500 34.64858
v -17.37843 0.03500 34.64858
v -17.33343 0.43415 34.64858
v -17.32843 0.66792 34.69858
v -17.15341 0.03500 34.51869
v -17.30346 0.03500 34.77847
v -17.28095 0.43415 34.73950
v -17.32843 0.66792 34.69858
v -17.30338 0.03500 34.51865
v -17.15349 0.03500 34.77851
v -17.17597 0.43415 34.73953
v -17.32843 0.66792 34.69858
v -17.59621 0.03500 32.80806
v -17.89621 0.03500 32.80806
v -17.85121 0.36668 32.80806
v -17.84621 0.56413 32.85806
v -17.67119 0.03500 32.67817
v -17.82124 0.03500 32.93795
v -17.79873 0.36668 32.89898
v -17.84621 0.56413 32.85806
v -17.82116 0.03500 32.67813
v -17.67126 0.03500 32.93799
v -17.69375 0.36668 32.89901
v -17.84621 0.56413 32.85806
v -17.67527 0.03500 33.36184
v -17.97527 0.03500 33.36184
v -17.93027 0.29561 33.36184
v -17.92527 0.45478 33.41184
v -17.75024 0.03500 33.23195
v -17.90030 0.03500 33.49173
v -17.87779 0.29561 33.45276
v -17.92527 0.45478 33.41184
v -17.90022 0.03500 33.23191
v -17.75032 0.03500 33.49177
v -17.77281 0.29561 33.45279
v -17.92527 0.45478 33.41184
v -17.66667 0.03500 33.99866
v -17.96667 0.03500 33.99866
v -17.92167 0.40296 33.99866
v -17.91667 0.61994 34.04866
v -17.74164 0.03500 33.86877
v -17.89169 0.03500 34.12855
v -17.86918 0.40296 34.08958
v -17.91667 0.61994 34.04866
v -17.89161 0.03500 33.86872
v -17.74172 0.03500 34.12859
v -17.76420 0.40296 34.08961
v -17.91667 0.61994 34.04866
v -17.60854 0.03500 34.63312
v -17.90854 0.03500 34.63312
v -17.86354 0.29269 34.63312
v -17.85854 0.45029 34.68312
v -17.68351 0.03500 34.50324
v -17.83356 0.03500 34.76301
v -17.81105 0.29269 34.72405
v -17.85854 0.45029 34.68312
v -17.83348 0.03500 34.50319
v -17.68359 0.03500 34.76306
v -17.70607 0.29269 34.72408
v -17.85854 0.45029 34.68312
v -18.22424 0.03500 32.26026
v -18.52424 0.03500 32.26026
v -18.47924 0.38923 32.26026
v -18.47424 0.59881 32.31026
v -18.29921 0.03500 32.13037
v -18.44927 0.03500 32.39015
v -18.42676 0.38923 32.35118
v -18.47424 0.59881 32.31026
v -18.44919 0.03500 32.13032
v -18.29929 0.03500 32.39019
v -18.32178 0.38923 32.35121
v -18.47424 0.59881 32.31026
v -18.27261 0.03500 32.84912
v -18.57261 0.03500 32.84912
v -18.52761 0.34272 32.84912
v -18.52261 0.52726 32.89912
v -18.34758 0.03500 32.71923
v -18.49764 0.03500 32.97901
v -18.47513 0.34272 32.94004
v -18.52261 0.52726 32.89912
v -18.49756 0.03500 32.71919
v -18.34766 0.03500 32.97905
v -18.37015 0.34272 32.94007
v -18.52261 0.52726 32.89912
v -18.23517 0.03500 33.33887
v -18.53517 0.03500 33.33887
v -18.49017 0.37265 33.33887
v -18.48517 0.57331 33.38887
v -18.31014 0.03500 33.20898
v -18.46020 0.03500 33.46876
v -18.43769 0.37265 33.42979
v -18.48517 0.57331 33.38887
v -18.46012 0.03500 33.20894
v -18.31022 0.03500 33.46880
v -18.33271 0.37265 33.42982
v -18.48517 0.57331 33.38887
v -18.32152 0.03500 34.05176
v -18.62152 0.03500 34.05176
v -18.57652 0.41025 34.05176
v -18.57152 0.63116 34.10176
v -18.39650 0.03500 33.92187
v -18.54655 0.03500 34.18165
v -18.52404 0.41025 34.14268
v -18.57152 0.63116 34.10176
v -18.54647 0.03500 33.92183
v -18.39657 0.03500 34.18169
v -18.41906 0.41025 34.14271
v -18.57152 0.63116 34.10176
v -18.20916 0.03500 34.65704
v -18.50916 0.03500 34.65704
v -18.46416 0.35286 34.65704
v -18.45916 0.54286 34.70704
v -18.28413 0.03500 34.52715
v -18.43418 0.03500 34.78693
v -18.41168 0.35286 34.74796
v -18.45916 0.54286 34.70704
v -18.43411 0.03500 34.52710
v -18.28421 0.03500 34.78697
v -18.30669 0.35286 34.74799
v -18.45916 0.54286 34.70704
v -18.88941 0.03500 32.75286
v -19.18941 0.03500 32.75286
v -19.14441 0.52596 32.75286
v -19.13941 0.80917 32.80286
v -18.96438 0.03500 32.62297
v -19.11443 0.03500 32.88275
v -19.09192 0.52596 32.84378
v -19.13941 0.80917 32.80286
v -19.11436 0.03500 32.62293
v -18.96446 0.03500 32.88279
v -18.98694 0.52596 32.84381
v -19.13941 0.80917 32.80286
v -18.78755 0.03500 33.41551
v -19.08755 0.03500 33.41551
v -19.04255 0.35456 33.41551
v -19.03755 0.54547 33.46551
v -18.86252 0.03500 33.28562
v -19.01257 0.03500 33.54540
v -18.99006 0.35456 33.50644
v -19.03755 0.54547 33.46551
v -19.01249 0.03500 33.28558
v -18.86260 0.03500 33.54545
v -18.88508 0.35456 33.50647
v -19.03755 0.54547 33.46551
v -18.84961 0.03500 34.06510
v -19.14961 0.03500 34.06510
v -19.10461 0.35176 34.06510
v -19.09961 0.54117 34.11510
v -18.92459 0.03500 33.93521
v -19.07464 0.03500 34.19499
v -19.05213 0.35176 34.15603
v -19.09961 0.54117 34.11510
v -19.07456 0.03500 33.93517
v -18.92466 0.03500 34.19504
v -18.94715 0.35176 34.15606
v -19.09961 0.54117 34.11510
v -18.77637 0.03500 34.69207
v -19.07637 0.03500 34.69207
v -19.03137 0.34179 34.69207
v -19.02637 0.52584 34.74207
v -18.85135 0.03500 34.56218
v -19.00140 0.03500 34.82196
v -18.97889 0.34179 34.78299
v -19.02637 0.52584 34.74207
v -19.00132 0.03500 34.56214
v -18.85142 0.03500 34.82200
v -18.87391 0.34179 34.78302
v -19.02637 0.52584 34.74207
v -19.46316 0.03500 32.28504
v -19.76316 0.03500 32.28504
v -19.71816 0.51561 32.28504
v -19.71316 0.79325 32.33504
v -19.53813 0.03500 32.15515
v -19.68818 0.03500 32.41493
v -19.66568 0.51561 32.37596
v -19.71316 0.79325 32.33504
v -19.68811 0.03500 32.15511
v -19.53821 0.03500 32.41497
v -19.56069 0.51561 32.37599
v -19.71316 0.79325 32.33504
v -19.51049 0.03500 32.84392
v -19.81049 0.03500 32.84392
v -19.76549 0.48924 32.84392
v -19.76049 0.75268 32.89392
v -19.58547 0.03500 32.71403
v -19.73552 0.03500 32.97381
v -19.71301 0.48924 32.93484
v -19.76049 0.75268 32.89392
v -19.73544 0.03500 32.71399
v -19.58555 0.03500 32.97386
v -19.60803 0.48924 32.93488
v -19.76049 0.75268 32.89392
v -19.50428 0.03500 33.32609
v -19.80428 0.03500 33.32609
v -19.75928 0.53310 33.32609
v -19.75428 0.82016 33.37609
v -19.57925 0.03500 33.19621
v -19.72930 0.03500 33.45598
v -19.70680 0.53310 33.41702
v -19.75428 0.82016 33.37609
v -19.72923 0.03500 33.19616
v -19.57933 0.03500 33.45603
v -19.60181 0.53310 33.41705
v -19.75428 0.82016 33.37609
v -19.36682 0.03500 33.93230
v -19.66682 0.03500 33.93230
v -19.62182 0.35850 33.93230
v -19.61682 0.55154 33.98230
v -19.44179 0.03500 33.80241
v -19.59184 0.03500 34.06219
v -19.56934 0.35850 34.02322
v -19.61682 0.55154 33.98230
v -19.59177 0.03500 33.80237
v -19.44187 0.03500 34.06223
v -19.46435 0.35850 34.02325
v -19.61682 0.55154 33.98230
v -19.35242 0.03500 34.54789
v -19.65242 0.03500 34.54789
v -19.60742 0.32431 34.54789
v -19.60242 0.49893 34.59789
v -19.42739 0.03500 34.41800
v -19.57745 0.03500 34.67778
v -19.55494 0.32431 34.63881
v -19.60242 0.49893 34.59789
v -19.57737 0.03500 34.41795
v -19.42747 0.03500 34.67782
v -19.44996 0.32431 34.63884
v -19.60242 0.49893 34.59789
v -20.14713 0.03500 32.76584
v -20.44713 0.03500 32.76584
v -20.40213 0.50427 32.76584
v -20.39713 0.77580 32.81584
v -20.22211 0.03500 32.63595
v -20.37216 0.03500 32.89573
v -20.34965 0.50427 32.85676
v -20.39713 0.77580 32.81584
v -20.37208 0.03500 32.63590
v -20.22218 0.03500 32.89577
v -20.24467 0.50427 32.85679
v -20.39713 0.77580 32.81584
v -20.14360 0.03500 33.35179
v -20.44360 0.03500 33.35179
v -20.39860 0.52899 33.35179
v -20.39360 0.81383 33.40179
v -20.21858 0.03500 33.22190
v -20.36863 0.03500 33.48168
v -20.34612 0.52899 33.44271
v -20.39360 0.81383 33.40179
v -20.36855 0.03500 33.22185
v -20.21866 0.03500 33.48172
v -20.24114 0.52899 33.44274
v -20.39360 0.81383 33.40179
v -20.02839 0.03500 33.95021
v -20.32839 0.03500 33.95021
v -20.28339 0.29514 33.95021
v -20.27839 0.45406 34.00021
v -20.10337 0.03500 33.82032
v -20.25342 0.03500 34.08010
v -20.23091 0.29514 34.04113
v -20.27839 0.45406 34.00021
v -20.25334 0.03500 33.82027
v -20.10344 0.03500 34.08014
v -20.12593 0.29514 34.04116
v -20.27839 0.45406 34.00021
v -20.01688 0.03500 34.60514
v -20.31688 0.03500 34.60514
v -20.27188 0.49245 34.60514
v -20.26688 0.75761 34.65514
v -20.09185 0.03500 34.47525
v -20.24190 0.03500 34.73502
v -20.21939 0.49245 34.69606
v -20.26688 0.75761 34.65514
v -20.24183 0.03500 34.47520
v -20.09193 0.03500 34.73507
v -20.11441 0.49245 34.69609
v -20.26688 0.75761 34.65514
v -20.67912 0.03500 32.89179
v -20.97912 0.03500 32.89179
v -20.93412 0.48033 32.89179
v -20.92912 0.73897 32.94179
v -20.75409 0.03500 32.76190
v -20.90414 0.03500 33.02168
v -20.88163 0.48033 32.98271
v -20.92912 0.73897 32.94179
v -20.90407 0.03500 32.76185
v -20.75417 0.03500 33.02172
v -20.77665 0.48033 32.98274
v -20.92912 0.73897 32.94179
v -20.59993 0.03500 33.39272
v -20.89993 0.03500 33.39272
v -20.85493 0.31953 33.39272
v -20.84993 0.49158 33.44272
v -20.67491 0.03500 33.26283
v -20.82496 0.03500 33.52261
v -20.80245 0.31953 33.48365
v -20.84993 0.49158 33.44272
v -20.82488 0.03500 33.26279
v -20.67498 0.03500 33.52266
v -20.69747 0.31953 33.48368
v -20.84993 0.49158 33.44272
v -20.55752 0.03500 33.92619
v -20.85752 0.03500 33.92619
v -20.81252 0.30388 33.92619
v -20.80752 0.46750 33.97619
v -20.63250 0.03500 33.79630
v -20.78255 0.03500 34.05608
v -20.76004 0.30388 34.01712
v -20.80752 0.46750 33.97619
v -20.78247 0.03500 33.79626
v -20.63257 0.03500 34.05613
v -20.65506 0.30388 34.01715
v -20.80752 0.46750 33.97619
v -20.73564 0.03500 34.67533
v -21.03564 0.03500 34.67533
v -20.99064 0.32301 34.67533
v -20.98564 0.49694 34.72533
v -20.81062 0.03500 34.54544
v -20.96067 0.03500 34.80521
v -20.93816 0.32301 34.76625
v -20.98564 0.49694 34.72533
v -20.96059 0.03500 34.54539
v -20.81069 0.03500 34.80526
v -20.83318 0.32301 34.76628
v -20.98564 0.49694 34.72533
v -21.23320 0.03500 32.85601
v -21.53320 0.03500 32.85601
v -21.48820 0.42213 32.85601
v -21.48320 0.64944 32.90601
v -21.30817 0.03500 32.72612
v -21.45822 0.03500 32.98590
v -21.43572 0.42213 32.94693
v -21.48320 0.64944 32.90601
v -21.45815 0.03500 32.72608
v -21.30825 0.03500 32.98594
v -21.33073 0.42213 32.94696
v -21.48320 0.64944 32.90601
v -21.31507 0.03500 33.32560
v -21.61507 0.03500 33.32560
v -21.57007 0.37035 33.32560
v -21.56507 0.56977 33.37560
v -21.39004 0.03500 33.19571
v -21.54009 0.03500 33.45549
v -21.51758 0.37035 33.41652
v -21.56507 0.56977 33.37560
v -21.54002 0.03500 33.19567
v -21.39012 0.03500 33.45553
v -21.41260 0.37035 33.41655
v -21.56507 0.56977 33.37560
v -21.30028 0.03500 33.93154
v -21.60028 0.03500 33.93154
v -21.55528 0.47365 33.93154
v -21.55028 0.72870 33.98154
v -21.37526 0.03500 33.80165
v -21.52531 0.03500 34.06143
v -21.50280 0.47365 34.02246
v -21.55028 0.72870 33.98154
v -21.52523 0.03500 33.80161
v -21.37534 0.03500 34.06147
v -21.39782 0.47365 34.02249
v -21.55028 0.72870 33.98154
v -21.21628 0.03500 34.51659
v -21.51628 0.03500 34.51659
v -21.47128 0.49449 34.51659
v -21.46628 0.76076 34.56659
v -21.29126 0.03500 34.38671
v -21.44131 0.03500 34.64648
v -21.41880 0.49449 34.60752
v -21.46628 0.76076 34.56659
v -21.44123 0.03500 34.38666
v -21.29133 0.03500 34.64653
v -21.31382 0.49449 34.60755
v -21.46628 0.76076 34.56659
v -21.92969 0.03500 32.26765
v -22.22969 0.03500 32.26765
v -22.18469 0.43994 32.26765
v -22.17969 0.67684 32.31765
v -22.00466 0.03500 32.13776
v -22.15471 0.03500 32.39754
v -22.13221 0.43994 32.35857
v -22.17969 0.67684 32.31765
v -22.15464 0.03500 32.13771
v -22.00474 0.03500 32.39758
v -22.02722 0.43994 32.35860
v -22.17969 0.67684 32.31765
v -21.90117 0.03500 32.76060
v -22.20117 0.03500 32.76060
v -22.15617 0.33074 32.76060
v -22.15117 0.50884 32.81060
v -21.97614 0.03500 32.63072
v -22.12619 0.03500 32.89049
v -22.10369 0.33074 32.85153
v -22.15117 0.50884 32.81060
v -22.12612 0.03500 32.63067
v -21.97622 0.03500 32.89054
v -21.99870 0.33074 32.85156
v -22.15117 0.50884 32.81060
v -21.77073 0.03500 33.33200
v -22.07073 0.03500 33.33200
v -22.02573 0.53312 33.33200
v -22.02073 0.82019 33.38200
v -21.84571 0.03500 33.20211
v -21.99576 0.03500 33.46189
v -21.97325 0.53312 33.42292
v -22.02073 0.82019 33.38200
v -21.99568 0.03500 33.20207
v -21.84578 0.03500 33.46193
v -21.86827 0.53312 33.42295
v -22.02073 0.82019 33.38200
v -21.86352 0.03500 33.99646
v -22.16352 0.03500 33.99646
v -22.11852 0.29698 33.99646
v -22.11352 0.45690 34.04646
v -21.93850 0.03500 33.86657
v -22.08855 0.03500 34.12634
v -22.06604 0.29698 34.08738
v -22.11352 0.45690 34.04646
v -22.08847 0.03500 33.86652
v -21.93857 0.03500 34.12639
v -21.96106 0.29698 34.08741
v -22.11352 0.45690 34.04646
v -21.80372 0.03500 34.66435
v -22.10372 0.03500 34.66435
v -22.05872 0.49535 34.66435
v -22.05372 0.76208 34.71435
v -21.87869 0.03500 34.53446
v -22.02874 0.03500 34.79424
v -22.00623 0.49535 34.75527
v -22.05372 0.76208 34.71435
v -22.02867 0.03500 34.53441
v -21.87877 0.03500 34.79428
v -21.90125 0.49535 34.75530
v -22.05372 0.76208 34.71435
v -22.36835 0.03500 32.70573
v -22.66835 0.03500 32.70573
v -22.62335 0.55216 32.70573
v -22.61835 0.84948 32.75573
v -22.44332 0.03500 32.57584
v -22.59337 0.03500 32.83562
v -22.57087 0.55216 32.79665
v -22.61835 0.84948 32.75573
v -22.59330 0.03500 32.57580
v -22.44340 0.03500 32.83567
v -22.46589 0.55216 32.79669
v -22.61835 0.84948 32.75573
v -22.44947 0.03500 33.47978
v -22.74947 0.03500 33.47978
v -22.70447 0.41496 33.47978
v -22.69947 0.63841 33.52978
v -22.52445 0.03500 33.34989
v -22.67450 0.03500 33.60967
v -22.65199 0.41496 33.57070
v -22.69947 0.63841 33.52978
v -22.67442 0.03500 33.34985
v -22.52452 0.03500 33.60971
v -22.54701 0.41496 33.57073
v -22.69947 0.63841 33.52978
v -22.53491 0.03500 33.93750
v -22.83491 0.03500 33.93750
v -22.78991 0.37223 33.93750
v -22.78491 0.57266 33.98750
v -22.60988 0.03500 33.80762
v -22.75993 0.03500 34.06739
v -22.73743 0.37223 34.02843
v -22.78491 0.57266 33.98750
v -22.75986 0.03500 33.80757
v -22.60996 0.03500 34.06744
v -22.63244 0.37223 34.02846
v -22.78491 0.57266 33.98750
v -22.53440 0.03500 34.65944
v -22.83440 0.03500 34.65944
v -22.78940 0.53124 34.65944
v -22.78440 0.81729 34.70944
v -22.60938 0.03500 34.52955
v -22.75943 0.03500 34.78933
v -22.73692 0.53124 34.75036
v -22.78440 0.81729 34.70944
v -22.75935 0.03500 34.52951
v -22.60945 0.03500 34.78937
v -22.63194 0.53124 34.75039
v -22.78440 0.81729 34.70944
v -23.05397 0.03500 32.85592
v -23.35397 0.03500 32.85592
v -23.30897 0.49752 32.85592
v -23.30397 0.76542 32.90592
v -23.12895 0.03500 32.72603
v -23.27900 0.03500 32.98581
v -23.25649 0.49752 32.94685
v -23.30397 0.76542 32.90592
v -23.27892 0.03500 32.72599
v -23.12902 0.03500 32.98586
v -23.15151 0.49752 32.94688
v -23.30397 0.76542 32.90592
v -23.12982 0.03500 33.34098
v -23.42982 0.03500 33.34098
v -23.38482 0.45906 33.34098
v -23.37982 0.70624 33.39098
v -23.20480 0.03500 33.21109
v -23.35485 0.03500 33.47087
v -23.33234 0.45906 33.43190
v -23.37982 0.70624 33.39098
v -23.35477 0.03500 33.21105
v -23.20487 0.03500 33.47091
v -23.22736 0.45906 33.43193
v -23.37982 0.70624 33.39098
v -22.99437 0.03500 34.02757
v -23.29437 0.03500 34.02757
v -23.24937 0.43173 34.02757
v -23.24437 0.66420 34.07757
v -23.06934 0.03500 33.89768
v -23.21939 0.03500 34.15746
v -23.19688 0.43173 34.11849
v -23.24437 0.66420 34.07757
v -23.21931 0.03500 33.89764
v -23.06942 0.03500 34.15750
v -23.09190 0.43173 34.11852
v -23.24437 0.66420 34.07757
v -22.96201 0.03500 34.53405
v -23.26201 0.03500 34.53405
v -23.21701 0.40051 34.53405
v -23.21201 0.61617 34.58405
v -23.03698 0.03500 34.40416
v -23.18703 0.03500 34.66394
v -23.16453 0.40051 34.62497
v -23.21201 0.61617 34.58405
v -23.18696 0.03500 34.40411
v -23.03706 0.03500 34.66398
v -23.05955 0.40051 34.62500
v -23.21201 0.61617 34.58405
v -23.59753 0.03500 32.29760
v -23.89753 0.03500 32.29760
v -23.85253 0.54637 32.29760
v -23.84753 0.84057 32.34760
v -23.67251 0.03500 32.16771
v -23.82256 0.03500 32.42749
v -23.80005 0.54637 32.38852
v -23.84753 0.84057 32.34760
v -23.82248 0.03500 32.16766
v -23.67259 0.03500 32.42753
v -23.69507 0.54637 32.38855
v -23.84753 0.84057 32.34760
v -23.65651 0.03500 32.73812
v -23.95651 0.03500 32.73812
v -23.91151 0.52449 32.73812
v -23.90651 0.80691 32.78812
v -23.73149 0.03500 32.60823
v -23.88154 0.03500 32.86801
v -23.85903 0.52449 32.82904
v -23.90651 0.80691 32.78812
v -23.88146 0.03500 32.60819
v -23.73156 0.03500 32.86806
v -23.75405 0.52449 32.82908
v -23.90651 0.80691 32.78812
v -23.73706 0.03500 33.37832
v -24.03706 0.03500 33.37832
v -23.99206 0.34976 33.37832
v -23.98706 0.53810 33.42832
v -23.81203 0.03500 33.24843
v -23.96209 0.03500 33.50821
v -23.93958 0.34976 33.46924
v -23.98706 0.53810 33.42832
v -23.96201 0.03500 33.24839
v -23.81211 0.03500 33.50825
v -23.83460 0.34976 33.46927
v -23.98706 0.53810 33.42832
v -23.66813 0.03500 33.97400
v -23.96813 0.03500 33.97400
v -23.92313 0.42199 33.97400
v -23.91813 0.64922 34.02400
v -23.74310 0.03500 33.84411
v -23.89316 0.03500 34.10389
v -23.87065 0.42199 34.06492
v -23.91813 0.64922 34.02400
v -23.89308 0.03500 33.84407
v -23.74318 0.03500 34.10393
v -23.76567 0.42199 34.06495
v -23.91813 0.64922 34.02400
v -23.70399 0.03500 34.61187
v -24.00399 0.03500 34.61187
v -23.95899 0.43414 34.61187
v -23.95399 0.66791 34.66187
v -23.77896 0.03500 34.48198
v -23.92901 0.03500 34.74175
v -23.90650 0.43414 34.70279
v -23.95399 0.66791 34.66187
v -23.92893 0.03500 34.48193
v -23.77904 0.03500 34.74180
v -23.80152 0.43414 34.70282
v -23.95399 0.66791 34.66187
v -24.18466 0.03500 32.76468
v -24.48466 0.03500 32.76468
v -24.43966 0.37116 32.76468
v -24.43466 0.57101 32.81468
v -24.25964 0.03500 32.63479
v -24.40969 0.03500 32.89456
v -24.38718 0.37116 32.85560
v -24.43466 0.57101 32.81468
v -24.40961 0.03500 32.63474
v -24.25971 0.03500 32.89461
v -24.28220 0.37116 32.85563
v -24.43466 0.57101 32.81468
v -24.28014 0.03500 33.36843
v -24.58014 0.03500 33.36843
v -24.53514 0.49371 33.36843
v -24.53014 0.75955 33.41843
v -24.35512 0.03500 33.23854
v -24.50517 0.03500 33.49832
v -24.48266 0.49371 33.45935
v -24.53014 0.75955 33.41843
v -24.50509 0.03500 33.23850
v -24.35520 0.03500 33.49836
v -24.37768 0.49371 33.45938
v -24.53014 0.75955 33.41843
v -24.22922 0.03500 33.93309
v -24.52922 0.03500 33.93309
v -24.48422 0.53681 33.93309
v -24.47922 0.82585 33.98309
v -24.30419 0.03500 33.80320
v -24.45425 0.03500 34.06297
v -24.43174 0.53681 34.02401
v -24.47922 0.82585 33.98309
v -24.45417 0.03500 33.80315
v -24.30427 0.03500 34.06302
v -24.32676 0.53681 34.02404
v -24.47922 0.82585 33.98309
v -24.17080 0.03500 34.51680
v -24.47080 0.03500 34.51680
v -24.42580 0.48658 34.51680
v -24.42080 0.74859 34.56680
v -24.24578 0.03500 34.38692
v -24.39583 0.03500 34.64669
v -24.37332 0.48658 34.60773
v -24.42080 0.74859 34.56680
v -24.39575 0.03500 34.38687
v -24.24585 0.03500 34.64674
v -24.26834 0.48658 34.60776
v -24.42080 0.74859 34.56680
v -24.92767 0.03500 32.73471
v -25.22767 0.03500 32.73471
v -25.18267 0.46011 32.73471
v -25.17767 0.70786 32.78471
v -25.00265 0.03500 32.60482
v -25.15270 0.03500 32.86460
v -25.13019 0.46011 32.82563
v -25.17767 0.70786 32.78471
v -25.15262 0.03500 32.60478
v -25.00273 0.03500 32.86465
v -25.02521 0.46011 32.82567
v -25.17767 0.70786 32.78471
v -24.87028 0.03500 33.42125
v -25.17028 0.03500 33.42125
v -25.12528 0.45654 33.42125
v -25.12028 0.70237 33.47125
v -24.94525 0.03500 33.29136
v -25.09531 0.03500 33.55114
v -25.07280 0.45654 33.51217
v -25.12028 0.70237 33.47125
v -25.09523 0.03500 33.29132
v -24.94533 0.03500 33.55119
v -24.96782 0.45654 33.51221
v -25.12028 0.70237 33.47125
v -24.85622 0.03500 34.03153
v -25.15622 0.03500 34.03153
v -25.11122 0.30222 34.03153
v -25.10622 0.46495 34.08153
v -24.93120 0.03500 33.90164
v -25.08125 0.03500 34.16142
v -25.05874 0.30222 34.12245
v -25.10622 0.46495 34.08153
v -25.08117 0.03500 33.90160
v -24.93127 0.03500 34.16146
v -24.95376 0.30222 34.12248
v -25.10622 0.46495 34.08153
v -24.78783 0.03500 34.58525
v -25.08783 0.03500 34.58525
v -25.04283 0.48976 34.58525
v -25.03783 0.75347 34.63525
v -24.86280 0.03500 34.45536
v -25.01285 0.03500 34.71514
v -24.99034 0.48976 34.67617
v -25.03783 0.75347 34.63525
v -25.01277 0.03500 34.45532
v -24.86288 0.03500 34.71519
v -24.88536 0.48976 34.67621
v -25.03783 0.75347 34.63525
v -25.43661 0.03500 32.75324
v -25.73661 0.03500 32.75324
v -25.69161 0.38506 32.75324
v -25.68661 0.59240 32.80324
v -25.51158 0.03500 32.62335
v -25.66163 0.03500 32.88313
v -25.63913 0.38506 32.84416
v -25.68661 0.59240 32.80324
v -25.66156 0.03500 32.62331
v -25.51166 0.03500 32.88317
v -25.53414 0.38506 32.84419
v -25.68661 0.59240 32.80324
v -25.43983 0.03500 33.46237
v -25.73983 0.03500 33.46237
v -25.69483 0.45792 33.46237
v -25.68983 0.70449 33.51237
v -25.51480 0.03500 33.33248
v -25.66486 0.03500 33.59226
v -25.64235 0.45792 33.55330
v -25.68983 0.70449 33.51237
v -25.66478 0.03500 33.33244
v -25.51488 0.03500 33.59231
v -25.53737 0.45792 33.55333
v -25.68983 0.70449 33.51237
v -25.43786 0.03500 33.94448
v -25.73786 0.03500 33.94448
v -25.69286 0.41175 33.94448
v -25.68786 0.63346 33.99448
v -25.51284 0.03500 33.81459
v -25.66289 0.03500 34.07437
v -25.64038 0.41175 34.03540
v -25.68786 0.63346 33.99448
v -25.66281 0.03500 33.81454
v -25.51291 0.03500 34.07441
v -25.53540 0.41175 34.03543
v -25.68786 0.63346 33.99448
v -25.40360 0.03500 34.64287
v -25.70360 0.03500 34.64287
v -25.65860 0.37411 34.64287
v -25.65360 0.57556 34.69287
v -25.47857 0.03500 34.51298
v -25.62862 0.03500 34.77276
v -25.60612 0.37411 34.73379
v -25.65360 0.57556 34.69287
v -25.62855 0.03500 34.51294
v -25.47865 0.03500 34.77280
v -25.50114 0.37411 34.73382
v -25.65360 0.57556 34.69287
v -26.01366 0.03500 32.75140
v -26.31366 0.03500 32.75140
v -26.26866 0.50764 32.75140
v -26.26366 0.78099 32.80140
v -26.08864 0.03500 32.62151
v -26.23869 0.03500 32.88128
v -26.21618 0.50764 32.84232
v -26.26366 0.78099 32.80140
v -26.23861 0.03500 32.62146
v -26.08871 0.03500 32.88133
v -26.11120 0.50764 32.84235
v -26.26366 0.78099 32.80140
v -26.08537 0.03500 33.38366
v -26.38537 0.03500 33.38366
v -26.34037 0.50272 33.38366
v -26.33537 0.77342 33.43366
v -26.16035 0.03500 33.25377
v -26.31040 0.03500 33.51355
v -26.28789 0.50272 33.47458
v -26.33537 0.77342 33.43366
v -26.31032 0.03500 33.25373
v -26.16043 0.03500 33.51359
v -26.18291 0.50272 33.47461
v -26.33537 0.77342 33.43366
v -26.14083 0.03500 33.95473
v -26.44083 0.03500 33.95473
v -26.39583 0.55098 33.95473
v -26.39083 0.84767 34.00473
v -26.21580 0.03500 33.82484
v -26.36585 0.03500 34.08462
v -26.34335 0.55098 34.04565
v -26.39083 0.84767 34.00473
v -26.36578 0.03500 33.82480
v -26.21588 0.03500 34.08466
v -26.23836 0.55098 34.04568
v -26.39083 0.84767 34.00473
v -26.01874 0.03500 34.51841
v -26.31874 0.03500 34.51841
v -26.27374 0.51079 34.51841
v -26.26874 0.78583 34.56841
v -26.09371 0.03500 34.38853
v -26.24376 0.03500 34.64830
v -26.22125 0.51079 34.60934
v -26.26874 0.78583 34.56841
v -26.24368 0.03500 34.38848
v -26.09379 0.03500 34.64835
v -26.11627 0.51079 34.60937
v -26.26874 0.78583 34.56841
v -26.72496 0.03500 32.81290
v -27.02496 0.03500 32.81290
v -26.97996 0.46773 32.81290
v -26.97496 0.71958 32.86290
v -26.79993 0.03500 32.68301
v -26.94998 0.03500 32.94278
v -26.92748 0.46773 32.90382
v -26.97496 0.71958 32.86290
v -26.94991 0.03500 32.68296
v -26.80001 0.03500 32.94283
v -26.82249 0.46773 32.90385
v -26.97496 0.71958 32.86290
v -26.57982 0.03500 33.48883
v -26.87982 0.03500 33.48883
v -26.83482 0.32651 33.48883
v -26.82982 0.50233 33.53883
v -26.65479 0.03500 33.35894
v -26.80484 0.03500 33.61872
v -26.78234 0.32651 33.57975
v -26.82982 0.50233 33.53883
v -26.80477 0.03500 33.35890
v -26.65487 0.03500 33.61877
v -26.67735 0.32651 33.57979
v -26.82982 0.50233 33.53883
v -26.70382 0.03500 34.09801
v -27.00382 0.03500 34.09801
v -26.95882 0.47919 34.09801
v -26.95382 0.73721 34.14801
v -26.77880 0.03500 33.96813
v -26.92885 0.03500 34.22790
v -26.90634 0.47919 34.18894
v -26.95382 0.73721 34.14801
v -26.92877 0.03500 33.96808
v -26.77888 0.03500 34.22795
v -26.80136 0.47919 34.18897
v -26.95382 0.73721 34.14801
v -26.66973 0.03500 34.53375
v -26.96973 0.03500 34.53375
v -26.92473 0.52564 34.53375
v -26.91973 0.80868 34.58375
v -26.74470 0.03500 34.40386
v -26.89475 0.03500 34.66364
v -26.87224 0.52564 34.62467
v -26.91973 0.80868 34.58375
v -26.89467 0.03500 34.40382
v -26.74478 0.03500 34.66368
v -26.76726 0.52564 34.62470
v -26.91973 0.80868 34.58375
v -27.32627 0.03500 32.83518
v -27.62627 0.03500 32.83518
v -27.58127 0.45684 32.83518
v -27.57627 0.70282 32.88518
v -27.40124 0.03500 32.70529
v -27.55129 0.03500 32.96507
v -27.52879 0.45684 32.92610
v -27.57627 0.70282 32.88518
v -27.55122 0.03500 32.70525
v -27.40132 0.03500 32.96511
v -27.42380 0.45684 32.92613
v -27.57627 0.70282 32.88518
v -27.28019 0.03500 33.33349
v -27.58019 0.03500 33.33349
v -27.53519 0.51669 33.33349
v -27.53019 0.79490 33.38349
v -27.35516 0.03500 33.20360
v -27.50521 0.03500 33.46338
v -27.48271 0.51669 33.42441
v -27.53019 0.79490 33.38349
v -27.50514 0.03500 33.20356
v -27.35524 0.03500 33.46342
v -27.37772 0.51669 33.42444
v -27.53019 0.79490 33.38349
v -27.19775 0.03500 34.03008
v -27.49775 0.03500 34.03008
v -27.45275 0.53882 34.03008
v -27.44775 0.82895 34.08008
v -27.27273 0.03500 33.90019
v -27.42278 0.03500 34.15997
v -27.40027 0.53882 34.12100
v -27.44775 0.82895 34.08008
v -27.42270 0.03500 33.90015
v -27.27280 0.03500 34.16001
v -27.29529 0.53882 34.12103
v -27.44775 0.82895 34.08008
v -27.26626 0.03500 34.66815
v -27.56626 0.03500 34.66815
v -27.52126 0.47263 34.66815
v -27.51626 0.72713 34.71815
v -27.34123 0.03500 34.53826
v -27.49129 0.03500 34.79804
v -27.46878 0.47263 34.75907
v -27.51626 0.72713 34.71815
v -27.49121 0.03500 34.53821
v -27.34131 0.03500 34.79808
v -27.36380 0.47263 34.75910
v -27.51626 0.72713 34.71815
v -27.92521 0.03500 32.86281
v -28.22521 0.03500 32.86281
v -28.18021 0.50023 32.86281
v -28.17521 0.76958 32.91281
v -28.00018 0.03500 32.73293
v -28.15023 0.03500 32.99270
v -28.12773 0.50023 32.95374
v -28.17521 0.76958 32.91281
v -28.15016 0.03500 32.73288
v -28.00026 0.03500 32.99275
v -28.02275 0.50023 32.95377
v -28.17521 0.76958 32.91281
v -27.89058 0.03500 33.37184
v -28.19058 0.03500 33.37184
v -28.14558 0.33471 33.37184
v -28.14058 0.51494 33.42184
v -27.96555 0.03500 33.24195
v -28.11560 0.03500 33.50173
v -28.09309 0.33471 33.46276
v -28.14058 0.51494 33.42184
v -28.11553 0.03500 33.24191
v -27.96563 0.03500 33.50177
v -27.98811 0.33471 33.46279
v -28.14058 0.51494 33.42184
v -27.78063 0.03500 34.06092
v -28.08063 0.03500 34.06092
v -28.03563 0.29807 34.06092
v -28.03063 0.45857 34.11092
v -27.85561 0.03500 33.93103
v -28.00566 0.03500 34.19081
v -27.98315 0.29807 34.15184
v -28.03063 0.45857 34.11092
v -28.00558 0.03500 33.93099
v -27.85568 0.03500 34.19085
v -27.87817 0.29807 34.15187
v -28.03063 0.45857 34.11092
v -27.76749 0.03500 34.66277
v -28.06749 0.03500 34.66277
v -28.02249 0.32987 34.66277
v -28.01749 0.50749 34.71277
v -27.84247 0.03500 34.53288
v -27.99252 0.03500 34.79266
v -27.97001 0.32987 34.75369
v -28.01749 0.50749 34.71277
v -27.99244 0.03500 34.53284
v -27.84254 0.03500 34.79271
v -27.86503 0.32987 34.75373
v -28.01749 0.50749 34.71277
v -28.41787 0.03500 18.91675
v -28.71787 0.03500 18.91675
v -28.67287 0.41890 18.91675
v -28.66787 0.64446 18.96675
v -28.49284 0.03500 18.78686
v -28.64289 0.03500 19.04664
v -28.62038 0.41890 19.00767
v -28.66787 0.64446 18.96675
v -28.64281 0.03500 18.78682
v -28.49292 0.03500 19.04668
v -28.51540 0.41890 19.00770
v -28.66787 0.64446 18.96675
v -28.54181 0.03500 19.56389
v -28.84181 0.03500 19.56389
v -28.79681 0.31252 19.56389
v -28.79181 0.48080 19.61389
v -28.61679 0.03500 19.43400
v -28.76684 0.03500 19.69378
v -28.74433 0.31252 19.65481
v -28.79181 0.48080 19.61389
v -28.76676 0.03500 19.43396
v -28.61686 0.03500 19.69382
v -28.63935 0.31252 19.65484
v -28.79181 0.48080 19.61389
v -28.36063 0.03500 20.27478
v -28.66063 0.03500 20.27478
v -28.61563 0.35695 20.27478
v -28.61063 0.54915 20.32478
v -28.43561 0.03500 20.14489
v -28.58566 0.03500 20.40467
v -28.56315 0.35695 20.36570
v -28.61063 0.54915 20.32478
v -28.58558 0.03500 20.14485
v -28.43568 0.03500 20.40472
v -28.45817 0.35695 20.36574
v -28.61063 0.54915 20.32478
v -28.51554 0.03500 20.70726
v -28.81554 0.03500 20.70726
v -28.77054 0.39218 20.70726
v -28.76554 0.60336 20.75726
v -28.59051 0.03500 20.57737
v -28.74056 0.03500 20.83715
v -28.71806 0.39218 20.79818
v -28.76554 0.60336 20.75726
v -28.74049 0.03500 20.57732
v -28.59059 0.03500 20.83719
v -28.61307 0.39218 20.79821
v -28.76554 0.60336 20.75726
v -28.43874 0.03500 21.46220
v -28.73874 0.03500 21.46220
v -28.69374 0.36116 21.46220
v -28.68874 0.55563 21.51220
v -28.51371 0.03500 21.33231
v -28.66376 0.03500 21.59209
v -28.64125 0.36116 21.55312
v -28.68874 0.55563 21.51220
v -28.66368 0.03500 21.33227
v -28.51379 0.03500 21.59213
v -28.53627 0.36116 21.55315
v -28.68874 0.55563 21.51220
v -28.46086 0.03500 21.91488
v -28.76086 0.03500 21.91488
v -28.71586 0.46322 21.91488
v -28.71086 0.71265 21.96488
v -28.53584 0.03500 21.78499
v -28.68589 0.03500 22.04477
v -28.66338 0.46322 22.00580
v -28.71086 0.71265 21.96488
v -28.68581 0.03500 21.78495
v -28.53592 0.03500 22.04482
v -28.55840 0.46322 22.00584
v -28.71086 0.71265 21.96488
v -28.35799 0.03500 22.61537
v -28.65799 0.03500 22.61537
v -28.61299 0.44867 22.61537
v -28.60799 0.69026 22.66537
v -28.43296 0.03500 22.48548
v -28.58302 0.03500 22.74526
v -28.56051 0.44867 22.70629
v -28.60799 0.69026 22.66537
v -28.58294 0.03500 22.48543
v -28.43304 0.03500 22.74530
v -28.45553 0.44867 22.70632
v -28.60799 0.69026 22.66537
v -28.41008 0.03500 23.24432
v -28.71008 0.03500 23.24432
v -28.66508 0.50193 23.24432
v -28.66008 0.77219 23.29432
v -28.48505 0.03500 23.11443
v -28.63511 0.03500 23.37421
v -28.61260 0.50193 23.33524
v -28.66008 0.77219 23.29432
v -28.63503 0.03500 23.11438
v -28.48513 0.03500 23.37425
v -28.50762 0.50193 23.33527
v -28.66008 0.77219 23.29432
v -28.51080 0.03500 23.76515
v -28.81080 0.03500 23.76515
v -28.76580 0.55201 23.76515
v -28.76080 0.84924 23.81515
v -28.58578 0.03500 23.63526
v -28.73583 0.03500 23.89504
v -28.71332 0.55201 23.85607
v -28.76080 0.84924 23.81515
v -28.73575 0.03500 23.63522
v -28.58586 0.03500 23.89509
v -28.60834 0.55201 23.85611
v -28.76080 0.84924 23.81515
v -28.54942 0.03500 24.39869
v -28.84942 0.03500 24.39869
v -28.80442 0.33384 24.39869
v -28.79942 0.51360 24.44869
v -28.62440 0.03500 24.26881
v -28.77445 0.03500 24.52858
v -28.75194 0.33384 24.48962
v -28.79942 0.51360 24.44869
v -28.77437 0.03500 24.26876
v -28.62448 0.03500 24.52863
v -28.64696 0.33384 24.48965
v -28.79942 0.51360 24.44869
v -28.42902 0.03500 24.98580
v -28.72902 0.03500 24.98580
v -28.68402 0.30338 24.98580
v -28.67902 0.46674 25.03580
v -28.50400 0.03500 24.85591
v -28.65405 0.03500 25.11569
v -28.63154 0.30338 25.07672
v -28.67902 0.46674 25.03580
v -28.65397 0.03500 24.85586
v -28.50407 0.03500 25.11573
v -28.52656 0.30338 25.07675
v -28.67902 0.46674 25.03580
v -28.51447 0.03500 25.68293
v -28.81447 0.03500 25.68293
v -28.76947 0.45154 25.68293
v -28.76447 0.69468 25.73293
v -28.58944 0.03500 25.55304
v -28.73949 0.03500 25.81282
v -28.71698 0.45154 25.77385
v -28.76447 0.69468 25.73293
v -28.73942 0.03500 25.55300
v -28.58952 0.03500 25.81286
v -28.61200 0.45154 25.77388
v -28.76447 0.69468 25.73293
v -28.40293 0.03500 26.11045
v -28.70293 0.03500 26.11045
v -28.65793 0.45780 26.11045
v -28.65293 0.70431 26.16045
v -28.47790 0.03500 25.98057
v -28.62795 0.03500 26.24034
v -28.60545 0.45780 26.20138
v -28.65293 0.70431 26.16045
v -28.62788 0.03500 25.98052
v -28.47798 0.03500 26.24039
v -28.50046 0.45780 26.20141
v -28.65293 0.70431 26.16045
v -28.35049 0.03500 26.78946
v -28.65049 0.03500 26.78946
v -28.60549 0.40694 26.78946
v -28.60049 0.62606 26.83946
v -28.42546 0.03500 26.65958
v -28.57552 0.03500 26.91935
v -28.55301 0.40694 26.88039
v -28.60049 0.62606 26.83946
v -28.57544 0.03500 26.65953
v -28.42554 0.03500 26.91940
v -28.44803 0.40694 26.88042
v -28.60049 0.62606 26.83946
v -28.44628 0.03500 27.39990
v -28.74628 0.03500 27.39990
v -28.70128 0.46239 27.39990
v -28.69628 0.71136 27.44990
v -28.52126 0.03500 27.27001
v -28.67131 0.03500 27.52979
v -28.64880 0.46239 27.49082
v -28.69628 0.71136 27.44990
v -28.67123 0.03500 27.26997
v -28.52134 0.03500 27.52983
v -28.54382 0.46239 27.49085
v -28.69628 0.71136 27.44990
v -28.47615 0.03500 28.07101
v -28.77615 0.03500 28.07101
v -28.73115 0.53793 28.07101
v -28.72615 0.82758 28.12101
v -28.55112 0.03500 27.94112
v -28.70117 0.03500 28.20090
v -28.67867 0.53793 28.16193
v -28.72615 0.82758 28.12101
v -28.70110 0.03500 27.94107
v -28.55120 0.03500 28.20094
v -28.57368 0.53793 28.16196
v -28.72615 0.82758 28.12101
v -28.52866 0.03500 28.59962
v -28.82866 0.03500 28.59962
v -28.78366 0.37809 28.59962
v -28.77866 0.58168 28.64962
v -28.60363 0.03500 28.46973
v -28.75368 0.03500 28.72951
v -28.73118 0.37809 28.69054
v -28.77866 0.58168 28.64962
v -28.75361 0.03500 28.46968
v -28.60371 0.03500 28.72955
v -28.62619 0.37809 28.69057
v -28.77866 0.58168 28.64962
v -28.36488 0.03500 29.23595
v -28.66488 0.03500 29.23595
v -28.61988 0.33476 29.23595
v -28.61488 0.51502 29.28595
v -28.43986 0.03500 29.10606
v -28.58991 0.03500 29.36584
v -28.56740 0.33476 29.32687
v -28.61488 0.51502 29.28595
v -28.58983 0.03500 29.10602
v -28.43993 0.03500 29.36588
v -28.46242 0.33476 29.32690
v -28.61488 0.51502 29.28595
v -28.43229 0.03500 29.83487
v -28.73229 0.03500 29.83487
v -28.68729 0.36264 29.83487
v -28.68229 0.55791 29.88487
v -28.50726 0.03500 29.70498
v -28.65731 0.03500 29.96476
v -28.63481 0.36264 29.92580
v -28.68229 0.55791 29.88487
v -28.65724 0.03500 29.70494
v -28.50734 0.03500 29.96481
v -28.52982 0.36264 29.92583
v -28.68229 0.55791 29.88487
v -28.51092 0.03500 30.35446
v -28.81092 0.03500 30.35446
v -28.76592 0.38269 30.35446
v -28.76092 0.58875 30.40446
v -28.58590 0.03500 30.22458
v -28.73595 0.03500 30.48435
v -28.71344 0.38269 30.44539
v -28.76092 0.58875 30.40446
v -28.73587 0.03500 30.22453
v -28.58597 0.03500 30.48440
v -28.60846 0.38269 30.44542
v -28.76092 0.58875 30.40446
v -28.37509 0.03500 30.97070
v -28.67509 0.03500 30.97070
v -28.63009 0.40203 30.97070
v -28.62509 0.61850 31.02070
v -28.45007 0.03500 30.84081
v -28.60012 0.03500 31.10059
v -28.57761 0.40203 31.06162
v -28.62509 0.61850 31.02070
v -28.60004 0.03500 30.84077
v -28.45014 0.03500 31.10063
v -28.47263 0.40203 31.06165
v -28.62509 0.61850 31.02070
v -28.44952 0.03500 31.65014
v -28.74952 0.03500 31.65014
v -28.70452 0.45694 31.65014
v -28.69952 0.70299 31.70014
v -28.52449 0.03500 31.52025
v -28.67454 0.03500 31.78003
v -28.65204 0.45694 31.74106
v -28.69952 0.70299 31.70014
v -28.67447 0.03500 31.52021
v -28.52457 0.03500 31.78007
v -28.54705 0.45694 31.74109
v -28.69952 0.70299 31.70014
v -28.47629 0.03500 32.23038
v -28.77629 0.03500 32.23038
v -28.73129 0.43868 32.23038
v -28.72629 0.67489 32.28038
v -28.55126 0.03500 32.10049
v -28.70131 0.03500 32.36027
v -28.67881 0.43868 32.32131
v -28.72629 0.67489 32.28038
v -28.70124 0.03500 32.10045
v -28.55134 0.03500 32.36032
v -28.57382 0.43868 32.32134
v -28.72629 0.67489 32.28038
v -28.46167 0.03500 32.77605
v -28.76167 0.03500 32.77605
v -28.71667 0.29617 32.77605
v -28.71167 0.45564 32.82605
v -28.53664 0.03500 32.64616
v -28.68669 0.03500 32.90594
v -28.66418 0.29617 32.86697
v -28.71167 0.45564 32.82605
v -28.68661 0.03500 32.64612
v -28.53672 0.03500 32.90599
v -28.55920 0.29617 32.86701
v -28.71167 0.45564 32.82605
v -28.44575 0.03500 33.34032
v -28.74575 0.03500 33.34032
v -28.70075 0.36683 33.34032
v -28.69575 0.56435 33.39032
v -28.52072 0.03500 33.21044
v -28.67077 0.03500 33.47021
v -28.64827 0.36683 33.43125
v -28.69575 0.56435 33.39032
v -28.67070 0.03500 33.21039
v -28.52080 0.03500 33.47026
v -28.54328 0.36683 33.43128
v -28.69575 0.56435 33.39032
v -28.37218 0.03500 34.00688
v -28.67218 0.03500 34.00688
v -28.62718 0.36673 34.00688
v -28.62218 0.56420 34.05688
v -28.44716 0.03500 33.87699
v -28.59721 0.03500 34.13677
v -28.57470 0.36673 34.09781
v -28.62218 0.56420 34.05688
v -28.59713 0.03500 33.87695
v -28.44724 0.03500 34.13682
v -28.46972 0.36673 34.09784
v -28.62218 0.56420 34.05688
v -28.54398 0.03500 34.53844
v -28.84398 0.03500 34.53844
v -28.79898 0.31865 34.53844
v -28.79398 0.49023 34.58844
v -28.61895 0.03500 34.40855
v -28.76901 0.03500 34.66833
v -28.74650 0.31865 34.62937
v -28.79398 0.49023 34.58844
v -28.76893 0.03500 34.40851
v -28.61903 0.03500 34.66838
v -28.64152 0.31865 34.62940
v -28.79398 0.49023 34.58844
v -29.00947 0.03500 19.06767
v -29.30947 0.03500 19.06767
v -29.26447 0.46903 19.06767
v -29.25947 0.72158 19.11767
v -29.08444 0.03500 18.93778
v -29.23449 0.03500 19.19756
v -29.21198 0.46903 19.15859
v -29.25947 0.72158 19.11767
v -29.23441 0.03500 18.93774
v -29.08452 0.03500 19.19760
v -29.10700 0.46903 19.15862
v -29.25947 0.72158 19.11767
v -29.02601 0.03500 19.63329
v -29.32601 0.03500 19.63329
v -29.28101 0.35958 19.63329
v -29.27601 0.55320 19.68329
v -29.10099 0.03500 19.50340
v -29.25104 0.03500 19.76318
v -29.22853 0.35958 19.72421
v -29.27601 0.55320 19.68329
v -29.25096 0.03500 19.50336
v -29.10107 0.03500 19.76322
v -29.12355 0.35958 19.72424
v -29.27601 0.55320 19.68329
v -29.01065 0.03500 20.12300
v -29.31065 0.03500 20.12300
v -29.26565 0.43566 20.12300
v -29.26065 0.67025 20.17300
v -29.08563 0.03500 19.99311
v -29.23568 0.03500 20.25289
v -29.21317 0.43566 20.21392
v -29.26065 0.67025 20.17300
v -29.23560 0.03500 19.99307
v -29.08570 0.03500 20.25294
v -29.10819 0.43566 20.21396
v -29.26065 0.67025 20.17300
v -28.96178 0.03500 20.79272
v -29.26178 0.03500 20.79272
v -29.21678 0.46617 20.79272
v -29.21178 0.71719 20.84272
v -29.03675 0.03500 20.66283
v -29.18680 0.03500 20.92261
v -29.16430 0.46617 20.88364
v -29.21178 0.71719 20.84272
v -29.18673 0.03500 20.66279
v -29.03683 0.03500 20.92265
v -29.05931 0.46617 20.88367
v -29.21178 0.71719 20.84272
v -29.14227 0.03500 21.34115
v -29.44227 0.03500 21.34115
v -29.39727 0.47187 21.34115
v -29.39227 0.72596 21.39115
v -29.21724 0.03500 21.21126
v -29.36729 0.03500 21.47104
v -29.34478 0.47187 21.43207
v -29.39227 0.72596 21.39115
v -29.36722 0.03500 21.21121
v -29.21732 0.03500 21.47108
v -29.23980 0.47187 21.43210
v -29.39227 0.72596 21.39115
v -29.02913 0.03500 21.98253
v -29.32913 0.03500 21.98253
v -29.28413 0.48135 21.98253
v -29.27913 0.74054 22.03253
v -29.10410 0.03500 21.85264
v -29.25415 0.03500 22.11242
v -29.23165 0.48135 22.07345
v -29.27913 0.74054 22.03253
v -29.25408 0.03500 21.85260
v -29.10418 0.03500 22.11246
v -29.12666 0.48135 22.07348
v -29.27913 0.74054 22.03253
v -28.96437 0.03500 22.60321
v -29.26437 0.03500 22.60321
v -29.21937 0.29792 22.60321
v -29.21437 0.45834 22.65321
v -29.03934 0.03500 22.47332
v -29.18939 0.03500 22.73310
v -29.16688 0.29792 22.69413
v -29.21437 0.45834 22.65321
v -29.18931 0.03500 22.47328
v -29.03942 0.03500 22.73314
v -29.06190 0.29792 22.69416
v -29.21437 0.45834 22.65321
v -29.09403 0.03500 23.16186
v -29.39403 0.03500 23.16186
v -29.34903 0.43751 23.16186
v -29.34403 0.67309 23.21186
v -29.16900 0.03500 23.03198
v -29.31905 0.03500 23.29175
v -29.29654 0.43751 23.25279
v -29.34403 0.67309 23.21186
v -29.31897 0.03500 23.03193
v -29.16908 0.03500 23.29180
v -29.19156 0.43751 23.25282
v -29.34403 0.67309 23.21186
v -28.95189 0.03500 23.80024
v -29.25189 0.03500 23.80024
v -29.20689 0.33846 23.80024
v -29.20189 0.52071 23.85024
v -29.02687 0.03500 23.67035
v -29.17692 0.03500 23.93013
v -29.15441 0.33846 23.89116
v -29.20189 0.52071 23.85024
v -29.17684 0.03500 23.67030
v -29.02695 0.03500 23.93017
v -29.04943 0.33846 23.89119
v -29.20189 0.52071 23.85024
v -29.13716 0.03500 24.36562
v -29.43716 0.03500 24.36562
v -29.39216 0.54046 24.36562
v -29.38716 0.83148 24.41562
v -29.21213 0.03500 24.23573
v -29.36218 0.03500 24.49551
v -29.33968 0.54046 24.45655
v -29.38716 0.83148 24.41562
v -29.36211 0.03500 24.23569
v -29.21221 0.03500 24.49556
v -29.23469 0.54046 24.45658
v -29.38716 0.83148 24.41562
v -29.08124 0.03500 24.96550
v -29.38124 0.03500 24.96550
v -29.33624 0.43714 24.96550
v -29.33124 0.67253 25.01550
v -29.15621 0.03500 24.83561
v -29.30626 0.03500 25.09539
v -29.28375 0.43714 25.05643
v -29.33124 0.67253 25.01550
v -29.30618 0.03500 24.83557
v -29.15629 0.03500 25.09544
v -29.17877 0.43714 25.05646
v -29.33124 0.67253 25.01550
v -29.13434 0.03500 25.69312
v -29.43434 0.03500 25.69312
v -29.38934 0.37604 25.69312
v -29.38434 0.57853 25.74312
v -29.20931 0.03500 25.56323
v -29.35936 0.03500 25.82301
v -29.33685 0.37604 25.78404
v -29.38434 0.57853 25.74312
v -29.35929 0.03500 25.56319
v -29.20939 0.03500 25.82305
v -29.23187 0.37604 25.78407
v -29.38434 0.57853 25.74312
v -29.08213 0.03500 26.19801
v -29.38213 0.03500 26.19801
v -29.33713 0.36316 26.19801
v -29.33213 0.55870 26.24801
v -29.15711 0.03500 26.06813
v -29.30716 0.03500 26.32790
v -29.28465 0.36316 26.28894
v -29.33213 0.55870 26.24801
v -29.30708 0.03500 26.06808
v -29.15718 0.03500 26.32795
v -29.17967 0.36316 26.28897
v -29.33213 0.55870 26.24801
v -29.14109 0.03500 26.73829
v -29.44109 0.03500 26.73829
v -29.39609 0.35539 26.73829
v -29.39109 0.54675 26.78829
v -29.21607 0.03500 26.60840
v -29.36612 0.03500 26.86818
v -29.34361 0.35539 26.82921
v -29.39109 0.54675 26.78829
v -29.36604 0.03500 26.60836
v -29.21614 0.03500 26.86822
v -29.23863 0.35539 26.82924
v -29.39109 0.54675 26.78829
v -29.11404 0.03500 27.35966
v -29.41404 0.03500 27.35966
v -29.36904 0.40475 27.35966
v -29.36404 0.62269 27.40966
v -29.18902 0.03500 27.22978
v -29.33907 0.03500 27.48955
v -29.31656 0.40475 27.45059
v -29.36404 0.62269 27.40966
v -29.33899 0.03500 27.22973
v -29.18909 0.03500 27.48960
v -29.21158 0.40475 27.45062
v -29.36404 0.62269 27.40966
v -29.13937 0.03500 27.95278
v -29.43937 0.03500 27.95278
v -29.39437 0.52269 27.95278
v -29.38937 0.80413 28.00278
v -29.21434 0.03500 27.82289
v -29.36439 0.03500 28.08267
v -29.34189 0.52269 28.04370
v -29.38937 0.80413 28.00278
v -29.36432 0.03500 27.82285
v -29.21442 0.03500 28.08272
v -29.23690 0.52269 28.04374
v -29.38937 0.80413 28.00278
v -28.96483 0.03500 28.59285
v -29.26483 0.03500 28.59285
v -29.21983 0.51290 28.59285
v -29.21483 0.78908 28.64285
v -29.03981 0.03500 28.46296
v -29.18986 0.03500 28.72274
v -29.16735 0.51290 28.68377
v -29.21483 0.78908 28.64285
v -29.18978 0.03500 28.46291
v -29.03989 0.03500 28.72278
v -29.06237 0.51290 28.68380
v -29.21483 0.78908 28.64285
v -29.04348 0.03500 29.12621
v -29.34348 0.03500 29.12621
v -29.29848 0.48898 29.12621
v -29.29348 0.75227 29.17621
v -29.11845 0.03500 28.99632
v -29.26850 0.03500 29.25610
v -29.24599 0.48898 29.21713
v -29.29348 0.75227 29.17621
v -29.26842 0.03500 28.99628
v -29.11853 0.03500 29.25614
v -29.14101 0.48898 29.21716
v -29.29348 0.75227 29.17621
v -29.13302 0.03500 29.83400
v -29.43302 0.03500 29.83400
v -29.38802 0.40851 29.83400
v -29.38302 0.62848 29.88400
v -29.20799 0.03500 29.70411
v -29.35804 0.03500 29.96389
v -29.33554 0.40851 29.92493
v -29.38302 0.62848 29.88400
v -29.35797 0.03500 29.70407
v -29.20807 0.03500 29.96394
v -29.23055 0.40851 29.92496
v -29.38302 0.62848 29.88400
v -29.00833 0.03500 30.38492
v -29.30833 0.03500 30.38492
v -29.26333 0.37418 30.38492
v -29.25833 0.57566 30.43492
v -29.08331 0.03500 30.25503
v -29.23336 0.03500 30.51481
v -29.21085 0.37418 30.47584
v -29.25833 0.57566 30.43492
v -29.23328 0.03500 30.25499
v -29.08339 0.03500 30.51485
v -29.10587 0.37418 30.47587
v -29.25833 0.57566 30.43492
v -29.04210 0.03500 30.93537
v -29.34210 0.03500 30.93537
v -29.29710 0.45045 30.93537
v -29.29210 0.69300 30.98537
v -29.11707 0.03500 30.80548
v -29.26712 0.03500 31.06526
v -29.24461 0.45045 31.02629
v -29.29210 0.69300 30.98537
v -29.26704 0.03500 30.80544
v -29.11715 0.03500 31.06530
v -29.13963 0.45045 31.02632
v -29.29210 0.69300 30.98537
v -29.13292 0.03500 31.54029
v -29.43292 0.03500 31.54029
v -29.38792 0.30304 31.54029
v -29.38292 0.46621 31.59029
v -29.20789 0.03500 31.41040
v -29.35794 0.03500 31.67017
v -29.33543 0.30304 31.63121
v -29.38292 0.46621 31.59029
v -29.35786 0.03500 31.41035
v -29.20797 0.03500 31.67022
v -29.23045 0.30304 31.63124
v -29.38292 0.46621 31.59029
v -29.11527 0.03500 32.22267
v -29.41527 0.03500 32.22267
v -29.37027 0.53756 32.22267
v -29.36527 0.82701 32.27267
v -29.19024 0.03500 32.09278
v -29.34029 0.03500 32.35256
v -29.31778 0.53756 32.31359
v -29.36527 0.82701 32.27267
v -29.34021 0.03500 32.09273
v -29.19032 0.03500 32.35260
v -29.21280 0.53756 32.31362
v -29.36527 0.82701 32.27267
v -29.11206 0.03500 32.89106
v -29.41206 0.03500 32.89106
v -29.36706 0.34266 32.89106
v -29.36206 0.52717 32.94106
v -29.18704 0.03500 32.76117
v -29.33709 0.03500 33.02094
v -29.31458 0.34266 32.98198
v -29.36206 0.52717 32.94106
v -29.33701 0.03500 32.76112
v -29.18711 0.03500 33.02099
v -29.20960 0.34266 32.98201
v -29.36206 0.52717 32.94106
v -28.95321 0.03500 33.38804
v -29.25321 0.03500 33.38804
v -29.20821 0.34537 33.38804
v -29.20321 0.53134 33.43804
v -29.02818 0.03500 33.25815
v -29.17823 0.03500 33.51793
v -29.15572 0.34537 33.47896
v -29.20321 0.53134 33.43804
v -29.17815 0.03500 33.25811
v -29.02826 0.03500 33.51797
v -29.05074 0.34537 33.47899
v -29.20321 0.53134 33.43804
v -29.10107 0.03500 33.98639
v -29.40107 0.03500 33.98639
v -29.35607 0.50559 33.98639
v -29.35107 0.77784 34.03639
v -29.17604 0.03500 33.85650
v -29.32610 0.03500 34.11628
v -29.30359 0.50559 34.07731
v -29.35107 0.77784 34.03639
v -29.32602 0.03500 33.85646
v -29.17612 0.03500 34.11633
v -29.19861 0.50559 34.07735
v -29.35107 0.77784 34.03639
v -28.95222 0.03500 34.50328
v -29.25222 0.03500 34.50328
v -29.20722 0.51430 34.50328
v -29.20222 0.79122 34.55328
v -29.02720 0.03500 34.37339
v -29.17725 0.03500 34.63317
v -29.15474 0.51430 34.59420
v -29.20222 0.79122 34.55328
v -29.17717 0.03500 34.37335
v -29.02727 0.03500 34.63321
v -29.04976 0.51430 34.59423
v -29.20222 0.79122 34.55328
v -29.62127 0.03500 19.07581
v -29.92127 0.03500 19.07581
v -29.87627 0.50711 19.07581
v -29.87127 0.78017 19.12581
v -29.69625 0.03500 18.94592
v -29.84630 0.03500 19.20570
v -29.82379 0.50711 19.16673
v -29.87127 0.78017 19.12581
v -29.84622 0.03500 18.94587
v -29.69632 0.03500 19.20574
v -29.71881 0.50711 19.16676
v -29.87127 0.78017 19.12581
v -29.65275 0.03500 19.57665
v -29.95275 0.03500 19.57665
v -29.90775 0.31346 19.57665
v -29.90275 0.48225 19.62665
v -29.72772 0.03500 19.44676
v -29.87777 0.03500 19.70654
v -29.85527 0.31346 19.66758
v -29.90275 0.48225 19.62665
v -29.87770 0.03500 19.44672
v -29.72780 0.03500 19.70659
v -29.75028 0.31346 19.66761
v -29.90275 0.48225 19.62665
v -29.66148 0.03500 20.18363
v -29.96148 0.03500 20.18363
v -29.91648 0.48599 20.18363
v -29.91148 0.74768 20.23363
v -29.73645 0.03500 20.05375
v -29.88650 0.03500 20.31352
v -29.86399 0.48599 20.27456
v -29.91148 0.74768 20.23363
v -29.88642 0.03500 20.05370
v -29.73653 0.03500 20.31357
v -29.75901 0.48599 20.27459
v -29.91148 0.74768 20.23363
v -29.61591 0.03500 20.71250
v -29.91591 0.03500 20.71250
v -29.87091 0.40610 20.71250
v -29.86591 0.62476 20.76250
v -29.69088 0.03500 20.58261
v -29.84093 0.03500 20.84239
v -29.81842 0.40610 20.80343
v -29.86591 0.62476 20.76250
v -29.84085 0.03500 20.58257
v -29.69096 0.03500 20.84244
v -29.71344 0.40610 20.80346
v -29.86591 0.62476 20.76250
v -29.71163 0.03500 21.47637
v -30.01163 0.03500 21.47637
v -29.96663 0.52502 21.47637
v -29.96163 0.80773 21.52637
v -29.78660 0.03500 21.34648
v -29.93665 0.03500 21.60626
v -29.91415 0.52502 21.56729
v -29.96163 0.80773 21.52637
v -29.93658 0.03500 21.34644
v -29.78668 0.03500 21.60631
v -29.80916 0.52502 21.56733
v -29.96163 0.80773 21.52637
v -29.64222 0.03500 22.03425
v -29.94222 0.03500 22.03425
v -29.89722 0.52359 22.03425
v -29.89222 0.80552 22.08425
v -29.71719 0.03500 21.90436
v -29.86725 0.03500 22.16414
v -29.84474 0.52359 22.12517
v -29.89222 0.80552 22.08425
v -29.86717 0.03500 21.90432
v -29.71727 0.03500 22.16418
v -29.73976 0.52359 22.12520
v -29.89222 0.80552 22.08425
v -29.60413 0.03500 22.69887
v -29.90413 0.03500 22.69887
v -29.85913 0.48319 22.69887
v -29.85413 0.74337 22.74887
v -29.67911 0.03500 22.56898
v -29.82916 0.03500 22.82876
v -29.80665 0.48319 22.78979
v -29.85413 0.74337 22.74887
v -29.82908 0.03500 22.56893
v -29.67918 0.03500 22.82880
v -29.70167 0.48319 22.78982
v -29.85413 0.74337 22.74887
v -29.60105 0.03500 23.13002
v -29.90105 0.03500 23.13002
v -29.85605 0.55031 23.13002
v -29.85105 0.84663 23.18002
v -29.67602 0.03500 23.00014
v -29.82607 0.03500 23.25991
v -29.80357 0.55031 23.22095
v -29.85105 0.84663 23.18002
v -29.82600 0.03500 23.00009
v -29.67610 0.03500 23.25996
v -29.69858 0.55031 23.22098
v -29.85105 0.84663 23.18002
v -29.68409 0.03500 23.71176
v -29.98409 0.03500 23.71176
v -29.93909 0.30322 23.71176
v -29.93409 0.46649 23.76176
v -29.75906 0.03500 23.58187
v -29.90912 0.03500 23.84164
v -29.88661 0.30322 23.80268
v -29.93409 0.46649 23.76176
v -29.90904 0.03500 23.58182
v -29.75914 0.03500 23.84169
v -29.78163 0.30322 23.80271
v -29.93409 0.46649 23.76176
v -29.57223 0.03500 24.33306
v -29.87223 0.03500 24.33306
v -29.82723 0.42026 24.33306
v -29.82223 0.64655 24.38306
v -29.64720 0.03500 24.20318
v -29.79725 0.03500 24.46295
v -29.77474 0.42026 24.42399
v -29.82223 0.64655 24.38306
v -29.79717 0.03500 24.20313
v -29.64728 0.03500 24.46300
v -29.66976 0.42026 24.42402
v -29.82223 0.64655 24.38306
v -29.67082 0.03500 25.04752
v -29.97082 0.03500 25.04752
v -29.92582 0.35893 25.04752
v -29.92082 0.55220 25.09752
v -29.74580 0.03500 24.91763
v -29.89585 0.03500 25.17741
v -29.87334 0.35893 25.13844
v -29.92082 0.55220 25.09752
v -29.89577 0.03500 24.91759
v -29.74587 0.03500 25.17745
v -29.76836 0.35893 25.13847
v -29.92082 0.55220 25.09752
v -29.69062 0.03500 25.55977
v -29.99062 0.03500 25.55977
v -29.94562 0.50283 25.55977
v -29.94062 0.77359 25.60977
v -29.76560 0.03500 25.42988
v -29.91565 0.03500 25.68966
v -29.89314 0.50283 25.65070
v -29.94062 0.77359 25.60977
v -29.91557 0.03500 25.42984
v -29.76567 0.03500 25.68971
v -29.78816 0.50283 25.65073
v -29.94062 0.77359 25.60977
v -29.61350 0.03500 26.29805
v -29.91350 0.03500 26.29805
v -29.86850 0.31709 26.29805
v -29.86350 0.48784 26.34805
v -29.68847 0.03500 26.16816
v -29.83852 0.03500 26.42794
v -29.81601 0.31709 26.38897
v -29.86350 0.48784 26.34805
v -29.83844 0.03500 26.16812
v -29.68855 0.03500 26.42799
v -29.71103 0.31709 26.38901
v -29.86350 0.48784 26.34805
v -29.56297 0.03500 26.72180
v -29.86297 0.03500 26.72180
v -29.81797 0.29438 26.72180
v -29.81297 0.45289 26.77180
v -29.63794 0.03500 26.59191
v -29.78799 0.03500 26.85169
v -29.76548 0.29438 26.81273
v -29.81297 0.45289 26.77180
v -29.78791 0.03500 26.59187
v -29.63802 0.03500 26.85174
v -29.66050 0.29438 26.81276
v -29.81297 0.45289 26.77180
v -29.62220 0.03500 27.37518
v -29.92220 0.03500 27.37518
v -29.87720 0.35582 27.37518
v -29.87220 0.54741 27.42518
v -29.69718 0.03500 27.24530
v -29.84723 0.03500 27.50507
v -29.82472 0.35582 27.46611
v -29.87220 0.54741 27.42518
v -29.84715 0.03500 27.24525
v -29.69725 0.03500 27.50512
v -29.71974 0.35582 27.46614
v -29.87220 0.54741 27.42518
v -29.55898 0.03500 28.00037
v -29.85898 0.03500 28.00037
v -29.81398 0.50400 28.00037
v -29.80898 0.77538 28.05037
v -29.63396 0.03500 27.87048
v -29.78401 0.03500 28.13026
v -29.76150 0.50400 28.09129
v -29.80898 0.77538 28.05037
v -29.78393 0.03500 27.87043
v -29.63403 0.03500 28.13030
v -29.65652 0.50400 28.09132
v -29.80898 0.77538 28.05037
v -29.73509 0.03500 28.68686
v -30.03509 0.03500 28.68686
v -29.99009 0.37938 28.68686
v -29.98509 0.58366 28.73686
v -29.81007 0.03500 28.55697
v -29.96012 0.03500 28.81675
v -29.93761 0.37938 28.77779
v -29.98509 0.58366 28.73686
v -29.96004 0.03500 28.55693
v -29.81014 0.03500 28.81680
v -29.83263 0.37938 28.77782
v -29.98509 0.58366 28.73686
v -29.58143 0.03500 29.13567
v -29.88143 0.03500 29.13567
v -29.83643 0.34943 29.13567
v -29.83143 0.53759 29.18567
v -29.65640 0.03500 29.00578
v -29.80645 0.03500 29.26556
v -29.78395 0.34943 29.22659
v -29.83143 0.53759 29.18567
v -29.80638 0.03500 29.00573
v -29.65648 0.03500 29.26560
v -29.67896 0.34943 29.22662
v -29.83143 0.53759 29.18567
v -29.66660 0.03500 29.78646
v -29.96660 0.03500 29.78646
v -29.92160 0.48489 29.78646
v -29.91660 0.74599 29.83646
v -29.74157 0.03500 29.65657
v -29.89162 0.03500 29.91635
v -29.86912 0.48489 29.87738
v -29.91660 0.74599 29.83646
v -29.89155 0.03500 29.65653
v -29.74165 0.03500 29.91640
v -29.76413 0.48489 29.87742
v -29.91660 0.74599 29.83646
v -29.73938 0.03500 30.39664
v -30.03938 0.03500 30.39664
v -29.99438 0.43512 30.39664
v -29.98938 0.66941 30.44664
v -29.81435 0.03500 30.26676
v -29.96440 0.03500 30.52653
v -29.94190 0.43512 30.48757
v -29.98938 0.66941 30.44664
v -29.96433 0.03500 30.26671
v -29.81443 0.03500 30.52658
v -29.83691 0.43512 30.48760
v -29.98938 0.66941 30.44664
v -29.58280 0.03500 31.00469
v -29.88280 0.03500 31.00469
v -29.83780 0.40137 31.00469
v -29.83280 0.61749 31.05469
v -29.65777 0.03500 30.87480
v -29.80782 0.03500 31.13458
v -29.78531 0.40137 31.09561
v -29.83280 0.61749 31.05469
v -29.80774 0.03500 30.87475
v -29.65785 0.03500 31.13462
v -29.68033 0.40137 31.09564
v -29.83280 0.61749 31.05469
v -29.55908 0.03500 31.63541
v -29.85908 0.03500 31.63541
v -29.81408 0.43240 31.63541
v -29.80908 0.66523 31.68541
v -29.63406 0.03500 31.50552
v -29.78411 0.03500 31.76530
v -29.76160 0.43240 31.72633
v -29.80908 0.66523 31.68541
v -29.78403 0.03500 31.50548
v -29.63413 0.03500 31.76535
v -29.65662 0.43240 31.72637
v -29.80908 0.66523 31.68541
v -29.63405 0.03500 32.23073
v -29.93405 0.03500 32.23073
v -29.88905 0.34481 32.23073
v -29.88405 0.53047 32.28073
v -29.70902 0.03500 32.10084
v -29.85907 0.03500 32.36062
v -29.83656 0.34481 32.32165
v -29.88405 0.53047 32.28073
v -29.85899 0.03500 32.10080
v -29.70910 0.03500 32.36066
v -29.73158 0.34481 32.32168
v -29.88405 0.53047 32.28073
v -29.68177 0.03500 32.89388
v -29.98177 0.03500 32.89388
v -29.93677 0.35534 32.89388
v -29.93177 0.54667 32.94388
v -29.75674 0.03500 32.76399
v -29.90679 0.03500 33.02377
v -29.88428 0.35534 32.98480
v -29.93177 0.54667 32.94388
v -29.90671 0.03500 32.76395
v -29.75682 0.03500 33.02382
v -29.77930 0.35534 32.98484
v -29.93177 0.54667 32.94388
v -29.71039 0.03500 33.45809
v -30.01039 0.03500 33.45809
v -29.96539 0.31457 33.45809
v -29.96039 0.48395 33.50809
v -29.78537 0.03500 33.32820
v -29.93542 0.03500 33.58798
v -29.91291 0.31457 33.54901
v -29.96039 0.48395 33.50809
v -29.93534 0.03500 33.32816
v -29.78544 0.03500 33.58802
v -29.80793 0.31457 33.54904
v -29.96039 0.48395 33.50809
v -29.60737 0.03500 33.94084
v -29.90737 0.03500 33.94084
v -29.86237 0.31259 33.94084
v -29.85737 0.48090 33.99084
v -29.68235 0.03500 33.81096
v -29.83240 0.03500 34.07073
v -29.80989 0.31259 34.03177
v -29.85737 0.48090 33.99084
v -29.83232 0.03500 33.81091
v -29.68242 0.03500 34.07078
v -29.70491 0.31259 34.03180
v -29.85737 0.48090 33.99084
v -29.60001 0.03500 34.52099
v -29.90001 0.03500 34.52099
v -29.85501 0.41163 34.52099
v -29.85001 0.63327 34.57099
v -29.67498 0.03500 34.39111
v -29.82503 0.03500 34.65088
v -29.80253 0.41163 34.61192
v -29.85001 0.63327 34.57099
v -29.82496 0.03500 34.39106
v -29.67506 0.03500 34.65093
v -29.69754 0.41163 34.61195
v -29.85001 0.63327 34.57099
v -30.33091 0.03500 19.09465
v -30.63091 0.03500 19.09465
v -30.58591 0.34674 19.09465
v -30.58091 0.53345 19.14465
v -30.40589 0.03500 18.96476
v -30.55594 0.03500 19.22454
v -30.53343 0.34674 19.18557
v -30.58091 0.53345 19.14465
v -30.55586 0.03500 18.96471
v -30.40596 0.03500 19.22458
v -30.42845 0.34674 19.18560
v -30.58091 0.53345 19.14465
v -30.19762 0.03500 19.53964
v -30.49762 0.03500 19.53964
v -30.45262 0.43260 19.53964
v -30.44762 0.66553 19.58964
v -30.27260 0.03500 19.40975
v -30.42265 0.03500 19.66953
v -30.40014 0.43260 19.63056
v -30.44762 0.66553 19.58964
v -30.42257 0.03500 19.40971
v -30.27267 0.03500 19.66957
v -30.29516 0.43260 19.63059
v -30.44762 0.66553 19.58964
v -30.23077 0.03500 20.23566
v -30.53077 0.03500 20.23566
v -30.48577 0.36655 20.23566
v -30.48077 0.56393 20.28566
v -30.30575 0.03500 20.10577
v -30.45580 0.03500 20.36555
v -30.43329 0.36655 20.32658
v -30.48077 0.56393 20.28566
v -30.45572 0.03500 20.10572
v -30.30583 0.03500 20.36559
v -30.32831 0.36655 20.32661
v -30.48077 0.56393 20.28566
v -30.29080 0.03500 20.71246
v -30.59080 0.03500 20.71246
v -30.54580 0.49008 20.71246
v -30.54080 0.75396 20.76246
v -30.36578 0.03500 20.58257
v -30.51583 0.03500 20.84235
v -30.49332 0.49008 20.80338
v -30.54080 0.75396 20.76246
v -30.51575 0.03500 20.58253
v -30.36585 0.03500 20.84240
v -30.38834 0.49008 20.80342
v -30.54080 0.75396 20.76246
v -30.23518 0.03500 21.38266
v -30.53518 0.03500 21.38266
v -30.49018 0.31236 21.38266
v -30.48518 0.48056 21.43266
v -30.31015 0.03500 21.25277
v -30.46020 0.03500 21.51255
v -30.43770 0.31236 21.47358
v -30.48518 0.48056 21.43266
v -30.46013 0.03500 21.25272
v -30.31023 0.03500 21.51259
v -30.33271 0.31236 21.47361
v -30.48518 0.48056 21.43266
v -30.16393 0.03500 21.96259
v -30.46393 0.03500 21.96259
v -30.41893 0.41128 21.96259
v -30.41393 0.63274 22.01259
v -30.23890 0.03500 21.83270
v -30.38895 0.03500 22.09248
v -30.36644 0.41128 22.05351
v -30.41393 0.63274 22.01259
v -30.38887 0.03500 21.83266
v -30.23898 0.03500 22.09252
v -30.26146 0.41128 22.05354
v -30.41393 0.63274 22.01259
v -30.22666 0.03500 22.64785
v -30.52666 0.03500 22.64785
v -30.48166 0.53615 22.64785
v -30.47666 0.82485 22.69785
v -30.30163 0.03500 22.51796
v -30.45168 0.03500 22.77774
v -30.42918 0.53615 22.73877
v -30.47666 0.82485 22.69785
v -30.45161 0.03500 22.51791
v -30.30171 0.03500 22.77778
v -30.32419 0.53615 22.73880
v -30.47666 0.82485 22.69785
v -30.29428 0.03500 23.27049
v -30.59428 0.03500 23.27049
v -30.54928 0.38165 23.27049
v -30.54428 0.58715 23.32049
v -30.36925 0.03500 23.14060
v -30.51930 0.03500 23.40038
v -30.49679 0.38165 23.36142
v -30.54428 0.58715 23.32049
v -30.51923 0.03500 23.14056
v -30.36933 0.03500 23.40043
v -30.39181 0.38165 23.36145
v -30.54428 0.58715 23.32049
v -30.32163 0.03500 23.87558
v -30.62163 0.03500 23.87558
v -30.57663 0.50160 23.87558
v -30.57163 0.77169 23.92558
v -30.39661 0.03500 23.74569
v -30.54666 0.03500 24.00547
v -30.52415 0.50160 23.96650
v -30.57163 0.77169 23.92558
v -30.54658 0.03500 23.74565
v -30.39668 0.03500 24.00551
v -30.41917 0.50160 23.96653
v -30.57163 0.77169 23.92558
v -30.34076 0.03500 24.49555
v -30.64076 0.03500 24.49555
v -30.59576 0.51383 24.49555
v -30.59076 0.79051 24.54555
v -30.41573 0.03500 24.36566
v -30.56578 0.03500 24.62544
v -30.54328 0.51383 24.58647
v -30.59076 0.79051 24.54555
v -30.56571 0.03500 24.36562
v -30.41581 0.03500 24.62548
v -30.43829 0.51383 24.58650
v -30.59076 0.79051 24.54555
v -30.17984 0.03500 24.91144
v -30.47984 0.03500 24.91144
v -30.43484 0.37667 24.91144
v -30.42984 0.57950 24.96144
v -30.25482 0.03500 24.78155
v -30.40487 0.03500 25.04133
v -30.38236 0.37667 25.00236
v -30.42984 0.57950 24.96144
v -30.40479 0.03500 24.78151
v -30.25489 0.03500 25.04137
v -30.27738 0.37667 25.00239
v -30.42984 0.57950 24.96144
v -30.31762 0.03500 25.61405
v -30.61762 0.03500 25.61405
v -30.57262 0.45128 25.61405
v -30.56762 0.69428 25.66405
v -30.39260 0.03500 25.48416
v -30.54265 0.03500 25.74394
v -30.52014 0.45128 25.70497
v -30.56762 0.69428 25.66405
v -30.54257 0.03500 25.48412
v -30.39267 0.03500 25.74398
v -30.41516 0.45128 25.70500
v -30.56762 0.69428 25.66405
v -30.27455 0.03500 26.20418
v -30.57455 0.03500 26.20418
v -30.52955 0.50523 26.20418
v -30.52455 0.77728 26.25418
v -30.34952 0.03500 26.07429
v -30.49957 0.03500 26.33406
v -30.47707 0.50523 26.29510
v -30.52455 0.77728 26.25418
v -30.49950 0.03500 26.07424
v -30.34960 0.03500 26.33411
v -30.37208 0.50523 26.29513
v -30.52455 0.77728 26.25418
v -30.20712 0.03500 26.70558
v -30.50712 0.03500 26.70558
v -30.46212 0.50694 26.70558
v -30.45712 0.77991 26.75558
v -30.28210 0.03500 26.57569
v -30.43215 0.03500 26.83547
v -30.40964 0.50694 26.79650
v -30.45712 0.77991 26.75558
v -30.43207 0.03500 26.57565
v -30.28218 0.03500 26.83552
v -30.30466 0.50694 26.79654
v -30.45712 0.77991 26.75558
v -30.20915 0.03500 27.32023
v -30.50915 0.03500 27.32023
v -30.46415 0.47572 27.32023
v -30.45915 0.73188 27.37023
v -30.28412 0.03500 27.19034
v -30.43417 0.03500 27.45011
v -30.41167 0.47572 27.41115
v -30.45915 0.73188 27.37023
v -30.43410 0.03500 27.19029
v -30.28420 0.03500 27.45016
v -30.30668 0.47572 27.41118
v -30.45915 0.73188 27.37023
v -30.19824 0.03500 28.01969
v -30.49824 0.03500 28.01969
v -30.45324 0.32620 28.01969
v -30.44824 0.50185 28.06969
v -30.27321 0.03500 27.88980
v -30.42327 0.03500 28.14958
v -30.40076 0.32620 28.11062
v -30.44824 0.50185 28.06969
v -30.42319 0.03500 27.88976
v -30.27329 0.03500 28.14963
v -30.29578 0.32620 28.11065
v -30.44824 0.50185 28.06969
v -30.15673 0.03500 28.57646
v -30.45673 0.03500 28.57646
v -30.41173 0.42615 28.57646
v -30.40673 0.65562 28.62646
v -30.23171 0.03500 28.44657
v -30.38176 0.03500 28.70635
v -30.35925 0.42615 28.66739
v -30.40673 0.65562 28.62646
v -30.38168 0.03500 28.44653
v -30.23179 0.03500 28.70640
v -30.25427 0.42615 28.66742
v -30.40673 0.65562 28.62646
v -30.29372 0.03500 29.21138
v -30.59372 0.03500 29.21138
v -30.54872 0.40082 29.21138
v -30.54372 0.61664 29.26138
v -30.36870 0.03500 29.08149
v -30.51875 0.03500 29.34127
v -30.49624 0.40082 29.30230
v -30.54372 0.61664 29.26138
v -30.51867 0.03500 29.08145
v -30.36877 0.03500 29.34131
v -30.39126 0.40082 29.30233
v -30.54372 0.61664 29.26138
v -30.20004 0.03500 29.82149
v -30.50004 0.03500 29.82149
v -30.45504 0.51769 29.82149
v -30.45004 0.79645 29.87149
v -30.27501 0.03500 29.69160
v -30.42506 0.03500 29.95138
v -30.40256 0.51769 29.91241
v -30.45004 0.79645 29.87149
v -30.42499 0.03500 29.69155
v -30.27509 0.03500 29.95142
v -30.29758 0.51769 29.91244
v -30.45004 0.79645 29.87149
v -30.17460 0.03500 30.48470
v -30.47460 0.03500 30.48470
v -30.42960 0.51432 30.48470
v -30.42460 0.79126 30.53470
v -30.24957 0.03500 30.35481
v -30.39962 0.03500 30.61459
v -30.37711 0.51432 30.57562
v -30.42460 0.79126 30.53470
v -30.39955 0.03500 30.35476
v -30.24965 0.03500 30.61463
v -30.27213 0.51432 30.57565
v -30.42460 0.79126 30.53470
v -30.21537 0.03500 30.95040
v -30.51537 0.03500 30.95040
v -30.47037 0.34842 30.95040
v -30.46537 0.53602 31.00040
v -30.29035 0.03500 30.82051
v -30.44040 0.03500 31.08029
v -30.41789 0.34842 31.04132
v -30.46537 0.53602 31.00040
v -30.44032 0.03500 30.82047
v -30.29042 0.03500 31.08033
v -30.31291 0.34842 31.04135
v -30.46537 0.53602 31.00040
v -30.33421 0.03500 31.66008
v -30.63421 0.03500 31.66008
v -30.58921 0.31531 31.66008
v -30.58421 0.48510 31.71008
v -30.40919 0.03500 31.53019
v -30.55924 0.03500 31.78997
v -30.53673 0.31531 31.75100
v -30.58421 0.48510 31.71008
v -30.55916 0.03500 31.53015
v -30.40927 0.03500 31.79002
v -30.43175 0.31531 31.75104
v -30.58421 0.48510 31.71008
v -30.31782 0.03500 32.19644
v -30.61782 0.03500 32.19644
v -30.57282 0.35260 32.19644
v -30.56782 0.54246 32.24644
v -30.39279 0.03500 32.06656
v -30.54284 0.03500 32.32633
v -30.52034 0.35260 32.28737
v -30.56782 0.54246 32.24644
v -30.54277 0.03500 32.06651
v -30.39287 0.03500 32.32638
v -30.41535 0.35260 32.28740
v -30.56782 0.54246 32.24644
v -30.32548 0.03500 32.85494
v -30.62548 0.03500 32.85494
v -30.58048 0.39906 32.85494
v -30.57548 0.61394 32.90494
v -30.40045 0.03500 32.72505
v -30.55051 0.03500 32.98483
v -30.52800 0.39906 32.94586
v -30.57548 0.61394 32.90494
v -30.55043 0.03500 32.72500
v -30.40053 0.03500 32.98487
v -30.42302 0.39906 32.94589
v -30.57548 0.61394 32.90494
v -30.21060 0.03500 33.38704
v -30.51060 0.03500 33.38704
v -30.46560 0.29879 33.38704
v -30.46060 0.45968 33.43704
v -30.28558 0.03500 33.25715
v -30.43563 0.03500 33.51693
v -30.41312 0.29879 33.47796
v -30.46060 0.45968 33.43704
v -30.43555 0.03500 33.25711
v -30.28565 0.03500 33.51698
v -30.30814 0.29879 33.47800
v -30.46060 0.45968 33.43704
v -30.33275 0.03500 34.01492
v -30.63275 0.03500 34.01492
v -30.58775 0.37913 34.01492
v -30.58275 0.58328 34.06492
v -30.40773 0.03500 33.88503
v -30.55778 0.03500 34.14481
v -30.53527 0.37913 34.10584
v -30.58275 0.58328 34.06492
v -30.55770 0.03500 33.88499
v -30.40780 0.03500 34.14485
v -30.43029 0.37913 34.10587
v -30.58275 0.58328 34.06492
v -30.34583 0.03500 34.66947
v -30.64583 0.03500 34.66947
v -30.60083 0.42664 34.66947
v -30.59583 0.65638 34.71947
v -30.42081 0.03500 34.53958
v -30.57086 0.03500 34.79936
v -30.54835 0.42664 34.76039
v -30.59583 0.65638 34.71947
v -30.57078 0.03500 34.53954
v -30.42088 0.03500 34.79941
v -30.44337 0.42664 34.76043
v -30.59583 0.65638 34.71947
v -30.92338 0.03500 18.99860
v -31.22338 0.03500 18.99860
v -31.17838 0.42607 18.99860
v -31.17338 0.65550 19.04860
v -30.99835 0.03500 18.86871
v -31.14841 0.03500 19.12849
v -31.12590 0.42607 19.08952
v -31.17338 0.65550 19.04860
v -31.14833 0.03500 18.86867
v -30.99843 0.03500 19.12853
v -31.02092 0.42607 19.08955
v -31.17338 0.65550 19.04860
v -30.84504 0.03500 19.53503
v -31.14504 0.03500 19.53503
v -31.10004 0.50728 19.53503
v -31.09504 0.78043 19.58503
v -30.92001 0.03500 19.40515
v -31.07006 0.03500 19.66492
v -31.04755 0.50728 19.62596
v -31.09504 0.78043 19.58503
v -31.06999 0.03500 19.40510
v -30.92009 0.03500 19.66497
v -30.94257 0.50728 19.62599
v -31.09504 0.78043 19.58503
v -30.94887 0.03500 20.16078
v -31.24887 0.03500 20.16078
v -31.20387 0.37026 20.16078
v -31.19887 0.56963 20.21078
v -31.02384 0.03500 20.03089
v -31.17389 0.03500 20.29067
v -31.15138 0.37026 20.25170
v -31.19887 0.56963 20.21078
v -31.17382 0.03500 20.03085
v -31.02392 0.03500 20.29072
v -31.04640 0.37026 20.25174
v -31.19887 0.56963 20.21078
v -30.85191 0.03500 20.85815
v -31.15191 0.03500 20.85815
v -31.10691 0.47322 20.85815
v -31.10191 0.72803 20.90815
v -30.92688 0.03500 20.72826
v -31.07693 0.03500 20.98804
v -31.05443 0.47322 20.94907
v -31.10191 0.72803 20.90815
v -31.07686 0.03500 20.72821
v -30.92696 0.03500 20.98808
v -30.94944 0.47322 20.94910
v -31.10191 0.72803 20.90815
v -30.87766 0.03500 21.49249
v -31.17766 0.03500 21.49249
v -31.13266 0.31518 21.49249
v -31.12766 0.48489 21.54249
v -30.95264 0.03500 21.36260
v -31.10269 0.03500 21.62238
v -31.08018 0.31518 21.58341
v -31.12766 0.48489 21.54249
v -31.10261 0.03500 21.36255
v -30.95271 0.03500 21.62242
v -30.97520 0.31518 21.58344
v -31.12766 0.48489 21.54249
v -30.86199 0.03500 21.91433
v -31.16199 0.03500 21.91433
v -31.11699 0.50205 21.91433
v -31.11199 0.77238 21.96433
v -30.93696 0.03500 21.78444
v -31.08702 0.03500 22.04422
v -31.06451 0.50205 22.00525
v -31.11199 0.77238 21.96433
v -31.08694 0.03500 21.78440
v -30.93704 0.03500 22.04426
v -30.95953 0.50205 22.00528
v -31.11199 0.77238 21.96433
v -30.87502 0.03500 22.50691
v -31.17502 0.03500 22.50691
v -31.13002 0.54384 22.50691
v -31.12502 0.83668 22.55691
v -30.94999 0.03500 22.37702
v -31.10004 0.03500 22.63680
v -31.07754 0.54384 22.59784
v -31.12502 0.83668 22.55691
v -31.09997 0.03500 22.37698
v -30.95007 0.03500 22.63685
v -30.97255 0.54384 22.59787
v -31.12502 0.83668 22.55691
v -30.94728 0.03500 23.26310
v -31.24728 0.03500 23.26310
v -31.20228 0.41546 23.26310
v -31.19728 0.63917 23.31310
v -31.02226 0.03500 23.13321
v -31.17231 0.03500 23.39299
v -31.14980 0.41546 23.35402
v -31.19728 0.63917 23.31310
v -31.17223 0.03500 23.13316
v -31.02233 0.03500 23.39303
v -31.04482 0.41546 23.35405
v -31.19728 0.63917 23.31310
v -30.90282 0.03500 23.86150
v -31.20282 0.03500 23.86150
v -31.15782 0.41363 23.86150
v -31.15282 0.63635 23.91150
v -30.97780 0.03500 23.73161
v -31.12785 0.03500 23.99139
v -31.10534 0.41363 23.95242
v -31.15282 0.63635 23.91150
v -31.12777 0.03500 23.73157
v -30.97787 0.03500 23.99144
v -31.00036 0.41363 23.95246
v -31.15282 0.63635 23.91150
v -30.81577 0.03500 24.34289
v -31.11577 0.03500 24.34289
v -31.07077 0.37955 24.34289
v -31.06577 0.58393 24.39289
v -30.89074 0.03500 24.21300
v -31.04079 0.03500 24.47278
v -31.01828 0.37955 24.43381
v -31.06577 0.58393 24.39289
v -31.04071 0.03500 24.21296
v -30.89082 0.03500 24.47282
v -30.91330 0.37955 24.43384
v -31.06577 0.58393 24.39289
v -30.78865 0.03500 25.05680
v -31.08865 0.03500 25.05680
v -31.04365 0.29493 25.05680
v -31.03865 0.45374 25.10680
v -30.86363 0.03500 24.92691
v -31.01368 0.03500 25.18669
v -30.99117 0.29493 25.14772
v -31.03865 0.45374 25.10680
v -31.01360 0.03500 24.92687
v -30.86371 0.03500 25.18674
v -30.88619 0.29493 25.14776
v -31.03865 0.45374 25.10680
v -30.88803 0.03500 25.52831
v -31.18803 0.03500 25.52831
v -31.14303 0.41828 25.52831
v -31.13803 0.64350 25.57831
v -30.96301 0.03500 25.39842
v -31.11306 0.03500 25.65820
v -31.09055 0.41828 25.61923
v -31.13803 0.64350 25.57831
v -31.11298 0.03500 25.39838
v -30.96308 0.03500 25.65825
v -30.98557 0.41828 25.61927
v -31.13803 0.64350 25.57831
v -30.78009 0.03500 26.16027
v -31.08009 0.03500 26.16027
v -31.03509 0.43183 26.16027
v -31.03009 0.66435 26.21027
v -30.85507 0.03500 26.03038
v -31.00512 0.03500 26.29015
v -30.98261 0.43183 26.25119
v -31.03009 0.66435 26.21027
v -31.00504 0.03500 26.03033
v -30.85514 0.03500 26.29020
v -30.87763 0.43183 26.25122
v -31.03009 0.66435 26.21027
v -30.87320 0.03500 26.83596
v -31.17320 0.03500 26.83596
v -31.12820 0.44472 26.83596
v -31.12320 0.68418 26.88596
v -30.94818 0.03500 26.70607
v -31.09823 0.03500 26.96585
v -31.07572 0.44472 26.92688
v -31.12320 0.68418 26.88596
v -31.09815 0.03500 26.70603
v -30.94825 0.03500 26.96589
v -30.97074 0.44472 26.92691
v -31.12320 0.68418 26.88596
v -30.89396 0.03500 27.43316
v -31.19396 0.03500 27.43316
v -31.14896 0.48292 27.43316
v -31.14396 0.74296 27.48316
v -30.96893 0.03500 27.30327
v -31.11898 0.03500 27.56305
v -31.09647 0.48292 27.52408
v -31.14396 0.74296 27.48316
v -31.11891 0.03500 27.30322
v -30.96901 0.03500 27.56309
v -30.99149 0.48292 27.52411
v -31.14396 0.74296 27.48316
v -30.83207 0.03500 27.90707
v -31.13207 0.03500 27.90707
v -31.08707 0.37081 27.90707
v -31.08207 0.57047 27.95707
v -30.90704 0.03500 27.77718
v -31.05710 0.03500 28.03696
v -31.03459 0.37081 27.99799
v -31.08207 0.57047 27.95707
v -31.05702 0.03500 27.77714
v -30.90712 0.03500 28.03700
v -30.92961 0.37081 27.99802
v -31.08207 0.57047 27.95707
v -30.83097 0.03500 28.65534
v -31.13097 0.03500 28.65534
v -31.08597 0.43588 28.65534
v -31.08097 0.67058 28.70534
v -30.90595 0.03500 28.52545
v -31.05600 0.03500 28.78523
v -31.03349 0.43588 28.74626
v -31.08097 0.67058 28.70534
v -31.05592 0.03500 28.52541
v -30.90602 0.03500 28.78527
v -30.92851 0.43588 28.74629
v -31.08097 0.67058 28.70534
v -30.92673 0.03500 29.15523
v -31.22673 0.03500 29.15523
v -31.18173 0.39961 29.15523
v -31.17673 0.61478 29.20523
v -31.00171 0.03500 29.02534
v -31.15176 0.03500 29.28511
v -31.12925 0.39961 29.24615
v -31.17673 0.61478 29.20523
v -31.15168 0.03500 29.02529
v -31.00178 0.03500 29.28516
v -31.02427 0.39961 29.24618
v -31.17673 0.61478 29.20523
v -30.78493 0.03500 29.77313
v -31.08493 0.03500 29.77313
v -31.03993 0.50069 29.77313
v -31.03493 0.77029 29.82313
v -30.85991 0.03500 29.64324
v -31.00996 0.03500 29.90302
v -30.98745 0.50069 29.86406
v -31.03493 0.77029 29.82313
v -31.00988 0.03500 29.64320
v -30.85998 0.03500 29.90307
v -30.88247 0.50069 29.86409
v -31.03493 0.77029 29.82313
v -30.93674 0.03500 30.36878
v -31.23674 0.03500 30.36878
v -31.19174 0.33313 30.36878
v -31.18674 0.51250 30.41878
v -31.01171 0.03500 30.23889
v -31.16176 0.03500 30.49867
v -31.13925 0.33313 30.45970
v -31.18674 0.51250 30.41878
v -31.16169 0.03500 30.23885
v -31.01179 0.03500 30.49871
v -31.03427 0.33313 30.45973
v -31.18674 0.51250 30.41878
v -30.77269 0.03500 31.04547
v -31.07269 0.03500 31.04547
v -31.02769 0.34811 31.04547
v -31.02269 0.53555 31.09547
v -30.84766 0.03500 30.91558
v -30.99771 0.03500 31.17536
v -30.97521 0.34811 31.13639
v -31.02269 0.53555 31.09547
v -30.99764 0.03500 30.91554
v -30.84774 0.03500 31.17541
v -30.87023 0.34811 31.13643
v -31.02269 0.53555 31.09547
v -30.90347 0.03500 31.66476
v -31.20347 0.03500 31.66476
v -31.15847 0.55026 31.66476
v -31.15347 0.84656 31.71476
v -30.97845 0.03500 31.53487
v -31.12850 0.03500 31.79465
v -31.10599 0.55026 31.75569
v -31.15347 0.84656 31.71476
v -31.12842 0.03500 31.53483
v -30.97852 0.03500 31.79470
v -31.00101 0.55026 31.75572
v -31.15347 0.84656 31.71476
v -30.92020 0.03500 32.29526
v -31.22020 0.03500 32.29526
v -31.17520 0.44380 32.29526
v -31.17020 0.68276 32.34526
v -30.99517 0.03500 32.16537
v -31.14522 0.03500 32.42515
v -31.12272 0.44380 32.38618
v -31.17020 0.68276 32.34526
v -31.14515 0.03500 32.16533
v -30.99525 0.03500 32.42520
v -31.01773 0.44380 32.38622
v -31.17020 0.68276 32.34526
v -30.85125 0.03500 32.84682
v -31.15125 0.03500 32.84682
v -31.10625 0.47435 32.84682
v -31.10125 0.72976 32.89682
v -30.92622 0.03500 32.71693
v -31.07627 0.03500 32.97671
v -31.05377 0.47435 32.93774
v -31.10125 0.72976 32.89682
v -31.07620 0.03500 32.71689
v -30.92630 0.03500 32.97675
v -30.94878 0.47435 32.93777
v -31.10125 0.72976 32.89682
v -30.78036 0.03500 33.45161
v -31.08036 0.03500 33.45161
v -31.03536 0.34948 33.45161
v -31.03036 0.53766 33.50161
v -30.85534 0.03500 33.32172
v -31.00539 0.03500 33.58150
v -30.98288 0.34948 33.54253
v -31.03036 0.53766 33.50161
v -31.00531 0.03500 33.32168
v -30.85541 0.03500 33.58154
v -30.87790 0.34948 33.54256
v -31.03036 0.53766 33.50161
v -30.78710 0.03500 33.93210
v -31.08710 0.03500 33.93210
v -31.04210 0.32422 33.93210
v -31.03710 0.49879 33.98210
v -30.86207 0.03500 33.80221
v -31.01213 0.03500 34.06199
v -30.98962 0.32422 34.02302
v -31.03710 0.49879 33.98210
v -31.01205 0.03500 33.80216
v -30.86215 0.03500 34.06203
v -30.88464 0.32422 34.02305
v -31.03710 0.49879 33.98210
v -30.78367 0.03500 34.58364
v -31.08367 0.03500 34.58364
v -31.03867 0.53155 34.58364
v -31.03367 0.81777 34.63364
v -30.85864 0.03500 34.45375
v -31.00869 0.03500 34.71352
v -30.98618 0.53155 34.67456
v -31.03367 0.81777 34.63364
v -31.00861 0.03500 34.45370
v -30.85872 0.03500 34.71357
v -30.88120 0.53155 34.67459
v -31.03367 0.81777 34.63364
v -31.52298 0.03500 18.96643
v -31.82298 0.03500 18.96643
v -31.77798 0.43696 18.96643
v -31.77298 0.67225 19.01643
v -31.59796 0.03500 18.83654
v -31.74801 0.03500 19.09632
v -31.72550 0.43696 19.05735
v -31.77298 0.67225 19.01643
v -31.74793 0.03500 18.83650
v -31.59803 0.03500 19.09636
v -31.62052 0.43696 19.05738
v -31.77298 0.67225 19.01643
v -31.37186 0.03500 19.57141
v -31.67186 0.03500 19.57141
v -31.62686 0.43791 19.57141
v -31.62186 0.67370 19.62141
v -31.44684 0.03500 19.44152
v -31.59689 0.03500 19.70130
v -31.57438 0.43791 19.66233
v -31.62186 0.67370 19.62141
v -31.59681 0.03500 19.44147
v -31.44691 0.03500 19.70134
v -31.46940 0.43791 19.66236
v -31.62186 0.67370 19.62141
v -31.49023 0.03500 20.26245
v -31.79023 0.03500 20.26245
v -31.74523 0.30702 20.26245
v -31.74023 0.47233 20.31245
v -31.56520 0.03500 20.13256
v -31.71525 0.03500 20.39234
v -31.69275 0.30702 20.35337
v -31.74023 0.47233 20.31245
v -31.71518 0.03500 20.13252
v -31.56528 0.03500 20.39238
v -31.58776 0.30702 20.35340
v -31.74023 0.47233 20.31245
v -31.50787 0.03500 20.80070
v -31.80787 0.03500 20.80070
v -31.76287 0.37512 20.80070
v -31.75787 0.57711 20.85070
v -31.58285 0.03500 20.67081
v -31.73290 0.03500 20.93059
v -31.71039 0.37512 20.89162
v -31.75787 0.57711 20.85070
v -31.73282 0.03500 20.67077
v -31.58293 0.03500 20.93064
v -31.60541 0.37512 20.89166
v -31.75787 0.57711 20.85070
v -31.36325 0.03500 21.31669
v -31.66325 0.03500 21.31669
v -31.61825 0.30303 21.31669
v -31.61325 0.46620 21.36669
v -31.43822 0.03500 21.18680
v -31.58827 0.03500 21.44658
v -31.56577 0.30303 21.40761
v -31.61325 0.46620 21.36669
v -31.58820 0.03500 21.18676
v -31.43830 0.03500 21.44662
v -31.46078 0.30303 21.40764
v -31.61325 0.46620 21.36669
v -31.43375 0.03500 22.08352
v -31.73375 0.03500 22.08352
v -31.68875 0.45712 22.08352
v -31.68375 0.70327 22.13352
v -31.50872 0.03500 21.95363
v -31.65877 0.03500 22.21341
v -31.63627 0.45712 22.17444
v -31.68375 0.70327 22.13352
v -31.65870 0.03500 21.95359
v -31.50880 0.03500 22.21346
v -31.53128 0.45712 22.17448
v -31.68375 0.70327 22.13352
v -31.54429 0.03500 22.50423
v -31.84429 0.03500 22.50423
v -31.79929 0.54145 22.50423
v -31.79429 0.83300 22.55423
v -31.61927 0.03500 22.37434
v -31.76932 0.03500 22.63412
v -31.74681 0.54145 22.59515
v -31.79429 0.83300 22.55423
v -31.76924 0.03500 22.37430
v -31.61934 0.03500 22.63417
v -31.64183 0.54145 22.59519
v -31.79429 0.83300 22.55423
v -31.40482 0.03500 23.26230
v -31.70482 0.03500 23.26230
v -31.65982 0.41177 23.26230
v -31.65482 0.63349 23.31230
v -31.47980 0.03500 23.13241
v -31.62985 0.03500 23.39218
v -31.60734 0.41177 23.35322
v -31.65482 0.63349 23.31230
v -31.62977 0.03500 23.13236
v -31.47988 0.03500 23.39223
v -31.50236 0.41177 23.35325
v -31.65482 0.63349 23.31230
v -31.53748 0.03500 23.76363
v -31.83748 0.03500 23.76363
v -31.79248 0.42787 23.76363
v -31.78748 0.65825 23.81363
v -31.61246 0.03500 23.63375
v -31.76251 0.03500 23.89352
v -31.74000 0.42787 23.85456
v -31.78748 0.65825 23.81363
v -31.76243 0.03500 23.63370
v -31.61254 0.03500 23.89357
v -31.63502 0.42787 23.85459
v -31.78748 0.65825 23.81363
v -31.51201 0.03500 24.31406
v -31.81201 0.03500 24.31406
v -31.76701 0.40660 24.31406
v -31.76201 0.62554 24.36406
v -31.58698 0.03500 24.18417
v -31.73703 0.03500 24.44395
v -31.71453 0.40660 24.40498
v -31.76201 0.62554 24.36406
v -31.73696 0.03500 24.18412
v -31.58706 0.03500 24.44399
v -31.60954 0.40660 24.40501
v -31.76201 0.62554 24.36406
v -31.36559 0.03500 24.93149
v -31.66559 0.03500 24.93149
v -31.62059 0.35763 24.93149
v -31.61559 0.55021 24.98149
v -31.44057 0.03500 24.80160
v -31.59062 0.03500 25.06138
v -31.56811 0.35763 25.02241
v -31.61559 0.55021 24.98149
v -31.59054 0.03500 24.80156
v -31.44065 0.03500 25.06142
v -31.46313 0.35763 25.02244
v -31.61559 0.55021 24.98149
v -31.52419 0.03500 25.65584
v -31.82419 0.03500 25.65584
v -31.77919 0.40959 25.65584
v -31.77419 0.63014 25.70584
v -31.59917 0.03500 25.52595
v -31.74922 0.03500 25.78573
v -31.72671 0.40959 25.74676
v -31.77419 0.63014 25.70584
v -31.74914 0.03500 25.52590
v -31.59924 0.03500 25.78577
v -31.62173 0.40959 25.74679
v -31.77419 0.63014 25.70584
v -31.49471 0.03500 26.22718
v -31.79471 0.03500 26.22718
v -31.74971 0.51825 26.22718
v -31.74471 0.79731 26.27718
v -31.56968 0.03500 26.09729
v -31.71973 0.03500 26.35707
v -31.69723 0.51825 26.31810
v -31.74471 0.79731 26.27718
v -31.71966 0.03500 26.09725
v -31.56976 0.03500 26.35711
v -31.59224 0.51825 26.31813
v -31.74471 0.79731 26.27718
v -31.45019 0.03500 26.85895
v -31.75019 0.03500 26.85895
v -31.70519 0.44893 26.85895
v -31.70019 0.69066 26.90895
v -31.52516 0.03500 26.72906
v -31.67521 0.03500 26.98884
v -31.65270 0.44893 26.94987
v -31.70019 0.69066 26.90895
v -31.67513 0.03500 26.72902
v -31.52524 0.03500 26.98889
v -31.54772 0.44893 26.94991
v -31.70019 0.69066 26.90895
v -31.47010 0.03500 27.39964
v -31.77010 0.03500 27.39964
v -31.72510 0.50630 27.39964
v -31.72010 0.77892 27.44964
v -31.54508 0.03500 27.26975
v -31.69513 0.03500 27.52953
v -31.67262 0.50630 27.49056
v -31.72010 0.77892 27.44964
v -31.69505 0.03500 27.26970
v -31.54515 0.03500 27.52957
v -31.56764 0.50630 27.49059
v -31.72010 0.77892 27.44964
v -31.35977 0.03500 28.00087
v -31.65977 0.03500 28.00087
v -31.61477 0.41012 28.00087
v -31.60977 0.63096 28.05087
v -31.43475 0.03500 27.87098
v -31.58480 0.03500 28.13076
v -31.56229 0.41012 28.09179
v -31.60977 0.63096 28.05087
v -31.58472 0.03500 27.87094
v -31.43482 0.03500 28.13081
v -31.45731 0.41012 28.09183
v -31.60977 0.63096 28.05087
v -31.47306 0.03500 28.51383
v -31.77306 0.03500 28.51383
v -31.72806 0.50530 28.51383
v -31.72306 0.77738 28.56383
v -31.54803 0.03500 28.38395
v -31.69808 0.03500 28.64372
v -31.67557 0.50530 28.60476
v -31.72306 0.77738 28.56383
v -31.69800 0.03500 28.38390
v -31.54811 0.03500 28.64377
v -31.57059 0.50530 28.60479
v -31.72306 0.77738 28.56383
v -31.36703 0.03500 29.20932
v -31.66703 0.03500 29.20932
v -31.62203 0.51738 29.20932
v -31.61703 0.79597 29.25932
v -31.44200 0.03500 29.07943
v -31.59206 0.03500 29.33921
v -31.56955 0.51738 29.30025
v -31.61703 0.79597 29.25932
v -31.59198 0.03500 29.07939
v -31.44208 0.03500 29.33926
v -31.46457 0.51738 29.30028
v -31.61703 0.79597 29.25932
v -31.35590 0.03500 29.87015
v -31.65590 0.03500 29.87015
v -31.61090 0.48284 29.87015
v -31.60590 0.74283 29.92015
v -31.43087 0.03500 29.74026
v -31.58093 0.03500 30.00004
v -31.55842 0.48284 29.96108
v -31.60590 0.74283 29.92015
v -31.58085 0.03500 29.74022
v -31.43095 0.03500 30.00009
v -31.45344 0.48284 29.96111
v -31.60590 0.74283 29.92015
v -31.54125 0.03500 30.37050
v -31.84125 0.03500 30.37050
v -31.79625 0.33723 30.37050
v -31.79125 0.51881 30.42050
v -31.61622 0.03500 30.24061
v -31.76627 0.03500 30.50039
v -31.74377 0.33723 30.46142
v -31.79125 0.51881 30.42050
v -31.76620 0.03500 30.24057
v -31.61630 0.03500 30.50043
v -31.63878 0.33723 30.46145
v -31.79125 0.51881 30.42050
v -31.38433 0.03500 30.96182
v -31.68433 0.03500 30.96182
v -31.63933 0.51296 30.96182
v -31.63433 0.78917 31.01182
v -31.45931 0.03500 30.83193
v -31.60936 0.03500 31.09171
v -31.58685 0.51296 31.05275
v -31.63433 0.78917 31.01182
v -31.60928 0.03500 30.83189
v -31.45938 0.03500 31.09176
v -31.48187 0.51296 31.05278
v -31.63433 0.78917 31.01182
v -31.46456 0.03500 31.63829
v -31.76456 0.03500 31.63829
v -31.71956 0.38043 31.63829
v -31.71456 0.58527 31.68829
v -31.53954 0.03500 31.50840
v -31.68959 0.03500 31.76818
v -31.66708 0.38043 31.72921
v -31.71456 0.58527 31.68829
v -31.68951 0.03500 31.50836
v -31.53961 0.03500 31.76822
v -31.56210 0.38043 31.72924
v -31.71456 0.58527 31.68829
v -31.50170 0.03500 32.16407
v -31.80170 0.03500 32.16407
v -31.75670 0.31873 32.16407
v -31.75170 0.49036 32.21407
v -31.57668 0.03500 32.03418
v -31.72673 0.03500 32.29396
v -31.70422 0.31873 32.25499
v -31.75170 0.49036 32.21407
v -31.72665 0.03500 32.03413
v -31.57676 0.03500 32.29400
v -31.59924 0.31873 32.25502
v -31.75170 0.49036 32.21407
v -31.48129 0.03500 32.75977
v -31.78129 0.03500 32.75977
v -31.73629 0.31787 32.75977
v -31.73129 0.48903 32.80977
v -31.55627 0.03500 32.62989
v -31.70632 0.03500 32.88966
v -31.68381 0.31787 32.85070
v -31.73129 0.48903 32.80977
v -31.70624 0.03500 32.62984
v -31.55635 0.03500 32.88971
v -31.57883 0.31787 32.85073
v -31.73129 0.48903 32.80977
v -31.51606 0.03500 33.35230
v -31.81606 0.03500 33.35230
v -31.77106 0.40803 33.35230
v -31.76606 0.62773 33.40230
v -31.59103 0.03500 33.22241
v -31.74108 0.03500 33.48219
v -31.71858 0.40803 33.44322
v -31.76606 0.62773 33.40230
v -31.74101 0.03500 33.22237
v -31.59111 0.03500 33.48224
v -31.61359 0.40803 33.44326
v -31.76606 0.62773 33.40230
v -31.39258 0.03500 34.01879
v -31.69258 0.03500 34.01879
v -31.64758 0.35494 34.01879
v -31.64258 0.54607 34.06879
v -31.46755 0.03500 33.88890
v -31.61760 0.03500 34.14868
v -31.59510 0.35494 34.10971
v -31.64258 0.54607 34.06879
v -31.61753 0.03500 33.88886
v -31.46763 0.03500 34.14872
v -31.49011 0.35494 34.10974
v -31.64258 0.54607 34.06879
v -31.50964 0.03500 34.51421
v -31.80964 0.03500 34.51421
v -31.76464 0.48688 34.51421
v -31.75964 0.74904 34.56421
v -31.58461 0.03500 34.38432
v -31.73466 0.03500 34.64410
v -31.71215 0.48688 34.60514
v -31.75964 0.74904 34.56421
v -31.73459 0.03500 34.38428
v -31.58469 0.03500 34.64415
v -31.60717 0.48688 34.60517
v -31.75964 0.74904 34.56421
v -32.05114 0.03500 18.97479
v -32.35114 0.03500 18.97479
v -32.30614 0.50458 18.97479
v -32.30114 0.77627 19.02479
v -32.12612 0.03500 18.84490
v -32.27617 0.03500 19.10468
v -32.25366 0.50458 19.06571
v -32.30114 0.77627 19.02479
v -32.27609 0.03500 18.84486
v -32.12619 0.03500 19.10473
v -32.14868 0.50458 19.06575
v -32.30114 0.77627 19.02479
v -32.00965 0.03500 19.66611
v -32.30965 0.03500 19.66611
v -32.26465 0.36712 19.66611
v -32.25965 0.56479 19.71611
v -32.08462 0.03500 19.53622
v -32.23468 0.03500 19.79600
v -32.21217 0.36712 19.75703
v -32.25965 0.56479 19.71611
v -32.23460 0.03500 19.53618
v -32.08470 0.03500 19.79604
v -32.10719 0.36712 19.75706
v -32.25965 0.56479 19.71611
v -32.00603 0.03500 20.15693
v -32.30603 0.03500 20.15693
v -32.26103 0.30249 20.15693
v -32.25603 0.46537 20.20693
v -32.08100 0.03500 20.02704
v -32.23105 0.03500 20.28682
v -32.20854 0.30249 20.24785
v -32.25603 0.46537 20.20693
v -32.23097 0.03500 20.02700
v -32.08108 0.03500 20.28686
v -32.10356 0.30249 20.24788
v -32.25603 0.46537 20.20693
v -32.08362 0.03500 20.74208
v -32.38362 0.03500 20.74208
v -32.33862 0.51172 20.74208
v -32.33362 0.78727 20.79208
v -32.15860 0.03500 20.61219
v -32.30865 0.03500 20.87197
v -32.28614 0.51172 20.83301
v -32.33362 0.78727 20.79208
v -32.30857 0.03500 20.61215
v -32.15867 0.03500 20.87202
v -32.18116 0.51172 20.83304
v -32.33362 0.78727 20.79208
v -32.00566 0.03500 21.36268
v -32.30566 0.03500 21.36268
v -32.26066 0.41348 21.36268
v -32.25566 0.63613 21.41268
v -32.08064 0.03500 21.23279
v -32.23069 0.03500 21.49257
v -32.20818 0.41348 21.45360
v -32.25566 0.63613 21.41268
v -32.23061 0.03500 21.23275
v -32.08071 0.03500 21.49262
v -32.10320 0.41348 21.45364
v -32.25566 0.63613 21.41268
v -31.98183 0.03500 22.06829
v -32.28183 0.03500 22.06829
v -32.23683 0.49626 22.06829
v -32.23183 0.76347 22.11829
v -32.05681 0.03500 21.93840
v -32.20686 0.03500 22.19818
v -32.18435 0.49626 22.15921
v -32.23183 0.76347 22.11829
v -32.20678 0.03500 21.93836
v -32.05688 0.03500 22.19823
v -32.07937 0.49626 22.15925
v -32.23183 0.76347 22.11829
v -31.97041 0.03500 22.51453
v -32.27041 0.03500 22.51453
v -32.22541 0.42702 22.51453
v -32.22041 0.65695 22.56453
v -32.04539 0.03500 22.38464
v -32.19544 0.03500 22.64442
v -32.17293 0.42702 22.60546
v -32.22041 0.65695 22.56453
v -32.19536 0.03500 22.38460
v -32.04546 0.03500 22.64447
v -32.06795 0.42702 22.60549
v -32.22041 0.65695 22.56453
v -32.05487 0.03500 23.29607
v -32.35487 0.03500 23.29607
v -32.30987 0.44402 23.29607
v -32.30487 0.68311 23.34607
v -32.12985 0.03500 23.16618
v -32.27990 0.03500 23.42596
v -32.25739 0.44402 23.38699
v -32.30487 0.68311 23.34607
v -32.27982 0.03500 23.16613
v -32.12993 0.03500 23.42600
v -32.15241 0.44402 23.38702
v -32.30487 0.68311 23.34607
v -32.07562 0.03500 23.72348
v -32.37562 0.03500 23.72348
v -32.33062 0.52414 23.72348
v -32.32562 0.80637 23.77348
v -32.15059 0.03500 23.59359
v -32.30064 0.03500 23.85337
v -32.27814 0.52414 23.81440
v -32.32562 0.80637 23.77348
v -32.30057 0.03500 23.59355
v -32.15067 0.03500 23.85341
v -32.17315 0.52414 23.81443
v -32.32562 0.80637 23.77348
v -31.99646 0.03500 24.35151
v -32.29646 0.03500 24.35151
v -32.25146 0.49947 24.35151
v -32.24646 0.76842 24.40151
v -32.07144 0.03500 24.22162
v -32.22149 0.03500 24.48140
v -32.19898 0.49947 24.44243
v -32.24646 0.76842 24.40151
v -32.22141 0.03500 24.22158
v -32.07151 0.03500 24.48144
v -32.09400 0.49947 24.44246
v -32.24646 0.76842 24.40151
v -32.06170 0.03500 25.09922
v -32.36170 0.03500 25.09922
v -32.31670 0.43160 25.09922
v -32.31170 0.66400 25.14922
v -32.13668 0.03500 24.96934
v -32.28673 0.03500 25.22911
v -32.26422 0.43160 25.19015
v -32.31170 0.66400 25.14922
v -32.28665 0.03500 24.96929
v -32.13675 0.03500 25.22916
v -32.15924 0.43160 25.19018
v -32.31170 0.66400 25.14922
v -32.08500 0.03500 25.50580
v -32.38500 0.03500 25.50580
v -32.34000 0.51670 25.50580
v -32.33500 0.79492 25.55580
v -32.15998 0.03500 25.37591
v -32.31003 0.03500 25.63569
v -32.28752 0.51670 25.59673
v -32.33500 0.79492 25.55580
v -32.30995 0.03500 25.37587
v -32.16005 0.03500 25.63574
v -32.18254 0.51670 25.59676
v -32.33500 0.79492 25.55580
v -32.12265 0.03500 26.26200
v -32.42265 0.03500 26.26200
v -32.37765 0.38897 26.26200
v -32.37265 0.59841 26.31200
v -32.19763 0.03500 26.13211
v -32.34768 0.03500 26.39189
v -32.32517 0.38897 26.35292
v -32.37265 0.59841 26.31200
v -32.34760 0.03500 26.13207
v -32.19770 0.03500 26.39193
v -32.22019 0.38897 26.35295
v -32.37265 0.59841 26.31200
v -32.10425 0.03500 26.83863
v -32.40425 0.03500 26.83863
v -32.35925 0.37118 26.83863
v -32.35425 0.57105 26.88863
v -32.17923 0.03500 26.70874
v -32.32928 0.03500 26.96852
v -32.30677 0.37118 26.92956
v -32.35425 0.57105 26.88863
v -32.32920 0.03500 26.70870
v -32.17930 0.03500 26.96857
v -32.20179 0.37118 26.92959
v -32.35425 0.57105 26.88863
v -32.08440 0.03500 27.39554
v -32.38440 0.03500 27.39554
v -32.33940 0.31010 27.39554
v -32.33440 0.47708 27.44554
v -32.15937 0.03500 27.26565
v -32.30942 0.03500 27.52543
v -32.28692 0.31010 27.48646
v -32.33440 0.47708 27.44554
v -32.30935 0.03500 27.26561
v -32.15945 0.03500 27.52548
v -32.18194 0.31010 27.48650
v -32.33440 0.47708 27.44554
v -32.03932 0.03500 28.07075
v -32.33932 0.03500 28.07075
v -32.29432 0.42724 28.07075
v -32.28932 0.65729 28.12075
v -32.11429 0.03500 27.94086
v -32.26434 0.03500 28.20064
v -32.24183 0.42724 28.16167
v -32.28932 0.65729 28.12075
v -32.26426 0.03500 27.94082
v -32.11437 0.03500 28.20068
v -32.13685 0.42724 28.16170
v -32.28932 0.65729 28.12075
v -32.11901 0.03500 28.69185
v -32.41901 0.03500 28.69185
v -32.37401 0.54233 28.69185
v -32.36901 0.83436 28.74185
v -32.19398 0.03500 28.56196
v -32.34403 0.03500 28.82174
v -32.32153 0.54233 28.78277
v -32.36901 0.83436 28.74185
v -32.34396 0.03500 28.56192
v -32.19406 0.03500 28.82178
v -32.21654 0.54233 28.78280
v -32.36901 0.83436 28.74185
v -31.95261 0.03500 29.10305
v -32.25261 0.03500 29.10305
v -32.20761 0.45494 29.10305
v -32.20261 0.69990 29.15305
v -32.02759 0.03500 28.97316
v -32.17764 0.03500 29.23294
v -32.15513 0.45494 29.19397
v -32.20261 0.69990 29.15305
v -32.17756 0.03500 28.97311
v -32.02767 0.03500 29.23298
v -32.05015 0.45494 29.19400
v -32.20261 0.69990 29.15305
v -32.14206 0.03500 29.86311
v -32.44206 0.03500 29.86311
v -32.39706 0.38186 29.86311
v -32.39206 0.58748 29.91311
v -32.21704 0.03500 29.73322
v -32.36709 0.03500 29.99300
v -32.34458 0.38186 29.95403
v -32.39206 0.58748 29.91311
v -32.36701 0.03500 29.73318
v -32.21711 0.03500 29.99305
v -32.23960 0.38186 29.95407
v -32.39206 0.58748 29.91311
v -32.11479 0.03500 30.35375
v -32.41479 0.03500 30.35375
v -32.36979 0.49111 30.35375
v -32.36479 0.75555 30.40375
v -32.18977 0.03500 30.22386
v -32.33982 0.03500 30.48363
v -32.31731 0.49111 30.44467
v -32.36479 0.75555 30.40375
v -32.33974 0.03500 30.22381
v -32.18985 0.03500 30.48368
v -32.21233 0.49111 30.44470
v -32.36479 0.75555 30.40375
v -31.95315 0.03500 30.93877
v -32.25315 0.03500 30.93877
v -32.20815 0.33624 30.93877
v -32.20315 0.51729 30.98877
v -32.02813 0.03500 30.80888
v -32.17818 0.03500 31.06866
v -32.15567 0.33624 31.02969
v -32.20315 0.51729 30.98877
v -32.17810 0.03500 30.80884
v -32.02821 0.03500 31.06870
v -32.05069 0.33624 31.02972
v -32.20315 0.51729 30.98877
v -32.10040 0.03500 31.55773
v -32.40040 0.03500 31.55773
v -32.35540 0.44568 31.55773
v -32.35040 0.68566 31.60773
v -32.17537 0.03500 31.42784
v -32.32542 0.03500 31.68762
v -32.30291 0.44568 31.64865
v -32.35040 0.68566 31.60773
v -32.32535 0.03500 31.42779
v -32.17545 0.03500 31.68766
v -32.19793 0.44568 31.64868
v -32.35040 0.68566 31.60773
v -32.01947 0.03500 32.13773
v -32.31947 0.03500 32.13773
v -32.27447 0.38225 32.13773
v -32.26947 0.58808 32.18773
v -32.09445 0.03500 32.00784
v -32.24450 0.03500 32.26762
v -32.22199 0.38225 32.22865
v -32.26947 0.58808 32.18773
v -32.24442 0.03500 32.00779
v -32.09453 0.03500 32.26766
v -32.11701 0.38225 32.22868
v -32.26947 0.58808 32.18773
v -32.04905 0.03500 32.75431
v -32.34905 0.03500 32.75431
v -32.30405 0.40515 32.75431
v -32.29905 0.62331 32.80431
v -32.12403 0.03500 32.62442
v -32.27408 0.03500 32.88420
v -32.25157 0.40515 32.84523
v -32.29905 0.62331 32.80431
v -32.27400 0.03500 32.62437
v -32.12410 0.03500 32.88424
v -32.14659 0.40515 32.84526
v -32.29905 0.62331 32.80431
v -31.99256 0.03500 33.34688
v -32.29256 0.03500 33.34688
v -32.24756 0.48533 33.34688
v -32.24256 0.74667 33.39688
v -32.06754 0.03500 33.21699
v -32.21759 0.03500 33.47677
v -32.19508 0.48533 33.43781
v -32.24256 0.74667 33.39688
v -32.21751 0.03500 33.21695
v -32.06762 0.03500 33.47682
v -32.09010 0.48533 33.43784
v -32.24256 0.74667 33.39688
v -31.95712 0.03500 34.04742
v -32.25712 0.03500 34.04742
v -32.21212 0.35046 34.04742
v -32.20712 0.53917 34.09742
v -32.03209 0.03500 33.91753
v -32.18215 0.03500 34.17731
v -32.15964 0.35046 34.13834
v -32.20712 0.53917 34.09742
v -32.18207 0.03500 33.91749
v -32.03217 0.03500 34.17735
v -32.05466 0.35046 34.13837
v -32.20712 0.53917 34.09742
v -32.06669 0.03500 34.64695
v -32.36669 0.03500 34.64695
v -32.32169 0.49756 34.64695
v -32.31669 0.76548 34.69695
v -32.14167 0.03500 34.51707
v -32.29172 0.03500 34.77684
v -32.26921 0.49756 34.73788
v -32.31669 0.76548 34.69695
v -32.29164 0.03500 34.51702
v -32.14174 0.03500 34.77689
v -32.16423 0.49756 34.73791
v -32.31669 0.76548 34.69695
v -32.72240 0.03500 19.08974
v -33.02240 0.03500 19.08974
v -32.97740 0.35854 19.08974
v -32.97240 0.55160 19.13974
v -32.79737 0.03500 18.95985
v -32.94742 0.03500 19.21963
v -32.92492 0.35854 19.18066
v -32.97240 0.55160 19.13974
v -32.94735 0.03500 18.95981
v -32.79745 0.03500 19.21967
v -32.81993 0.35854 19.18069
v -32.97240 0.55160 19.13974
v -32.63809 0.03500 19.68031
v -32.93809 0.03500 19.68031
v -32.89309 0.37028 19.68031
v -32.88809 0.56965 19.73031
v -32.71307 0.03500 19.55042
v -32.86312 0.03500 19.81020
v -32.84061 0.37028 19.77123
v -32.88809 0.56965 19.73031
v -32.86304 0.03500 19.55037
v -32.71314 0.03500 19.81024
v -32.73563 0.37028 19.77126
v -32.88809 0.56965 19.73031
v -32.55580 0.03500 20.28391
v -32.85580 0.03500 20.28391
v -32.81080 0.51424 20.28391
v -32.80580 0.79114 20.33391
v -32.63077 0.03500 20.15402
v -32.78082 0.03500 20.41380
v -32.75831 0.51424 20.37483
v -32.80580 0.79114 20.33391
v -32.78075 0.03500 20.15398
v -32.63085 0.03500 20.41385
v -32.65333 0.51424 20.37487
v -32.80580 0.79114 20.33391
v -32.69333 0.03500 20.84643
v -32.99333 0.03500 20.84643
v -32.94833 0.39060 20.84643
v -32.94333 0.60092 20.89643
v -32.76831 0.03500 20.71654
v -32.91836 0.03500 20.97631
v -32.89585 0.39060 20.93735
v -32.94333 0.60092 20.89643
v -32.91828 0.03500 20.71649
v -32.76839 0.03500 20.97636
v -32.79087 0.39060 20.93738
v -32.94333 0.60092 20.89643
v -32.65606 0.03500 21.42585
v -32.95606 0.03500 21.42585
v -32.91106 0.30504 21.42585
v -32.90606 0.46930 21.47585
v -32.73103 0.03500 21.29596
v -32.88108 0.03500 21.55574
v -32.85857 0.30504 21.51677
v -32.90606 0.46930 21.47585
v -32.88101 0.03500 21.29592
v -32.73111 0.03500 21.55578
v -32.75359 0.30504 21.51680
v -32.90606 0.46930 21.47585
v -32.61602 0.03500 21.98610
v -32.91602 0.03500 21.98610
v -32.87102 0.32117 21.98610
v -32.86602 0.49411 22.03610
v -32.69099 0.03500 21.85621
v -32.84104 0.03500 22.11599
v -32.81854 0.32117 22.07702
v -32.86602 0.49411 22.03610
v -32.84097 0.03500 21.85616
v -32.69107 0.03500 22.11603
v -32.71355 0.32117 22.07705
v -32.86602 0.49411 22.03610
v -32.65245 0.03500 22.55917
v -32.95245 0.03500 22.55917
v -32.90745 0.41978 22.55917
v -32.90245 0.64582 22.60917
v -32.72742 0.03500 22.42928
v -32.87747 0.03500 22.68906
v -32.85496 0.41978 22.65009
v -32.90245 0.64582 22.60917
v -32.87739 0.03500 22.42923
v -32.72750 0.03500 22.68910
v -32.74998 0.41978 22.65012
v -32.90245 0.64582 22.60917
v -32.68923 0.03500 23.28580
v -32.98923 0.03500 23.28580
v -32.94423 0.39141 23.28580
v -32.93923 0.60217 23.33580
v -32.76420 0.03500 23.15591
v -32.91425 0.03500 23.41569
v -32.89174 0.39141 23.37672
v -32.93923 0.60217 23.33580
v -32.91417 0.03500 23.15587
v -32.76428 0.03500 23.41574
v -32.78676 0.39141 23.37676
v -32.93923 0.60217 23.33580
v -32.55501 0.03500 23.70483
v -32.85501 0.03500 23.70483
v -32.81001 0.30555 23.70483
v -32.80501 0.47007 23.75483
v -32.62998 0.03500 23.57494
v -32.78003 0.03500 23.83472
v -32.75752 0.30555 23.79575
v -32.80501 0.47007 23.75483
v -32.77995 0.03500 23.57490
v -32.63006 0.03500 23.83476
v -32.65254 0.30555 23.79578
v -32.80501 0.47007 23.75483
v -32.70896 0.03500 24.31306
v -33.00896 0.03500 24.31306
v -32.96396 0.53504 24.31306
v -32.95896 0.82315 24.36306
v -32.78393 0.03500 24.18317
v -32.93398 0.03500 24.44295
v -32.91147 0.53504 24.40398
v -32.95896 0.82315 24.36306
v -32.93390 0.03500 24.18312
v -32.78401 0.03500 24.44299
v -32.80649 0.53504 24.40401
v -32.95896 0.82315 24.36306
v -32.67494 0.03500 25.00217
v -32.97494 0.03500 25.00217
v -32.92994 0.39741 25.00217
v -32.92494 0.61139 25.05217
v -32.74991 0.03500 24.87228
v -32.89996 0.03500 25.13206
v -32.87746 0.39741 25.09309
v -32.92494 0.61139 25.05217
v -32.89989 0.03500 24.87224
v -32.74999 0.03500 25.13211
v -32.77247 0.39741 25.09313
v -32.92494 0.61139 25.05217
v -32.60083 0.03500 25.51578
v -32.90083 0.03500 25.51578
v -32.85583 0.35604 25.51578
v -32.85083 0.54776 25.56578
v -32.67580 0.03500 25.38589
v -32.82585 0.03500 25.64567
v -32.80335 0.35604 25.60671
v -32.85083 0.54776 25.56578
v -32.82578 0.03500 25.38585
v -32.67588 0.03500 25.64572
v -32.69837 0.35604 25.60674
v -32.85083 0.54776 25.56578
v -32.62920 0.03500 26.26987
v -32.92920 0.03500 26.26987
v -32.88420 0.40922 26.26987
v -32.87920 0.62956 26.31987
v -32.70417 0.03500 26.13999
v -32.85422 0.03500 26.39976
v -32.83171 0.40922 26.36080
v -32.87920 0.62956 26.31987
v -32.85414 0.03500 26.13994
v -32.70425 0.03500 26.39981
v -32.72673 0.40922 26.36083
v -32.87920 0.62956 26.31987
v -32.69751 0.03500 26.71242
v -32.99751 0.03500 26.71242
v -32.95251 0.43319 26.71242
v -32.94751 0.66644 26.76242
v -32.77248 0.03500 26.58253
v -32.92254 0.03500 26.84231
v -32.90003 0.43319 26.80335
v -32.94751 0.66644 26.76242
v -32.92246 0.03500 26.58249
v -32.77256 0.03500 26.84236
v -32.79505 0.43319 26.80338
v -32.94751 0.66644 26.76242
v -32.61698 0.03500 27.37779
v -32.91698 0.03500 27.37779
v -32.87198 0.44681 27.37779
v -32.86698 0.68740 27.42779
v -32.69196 0.03500 27.24790
v -32.84201 0.03500 27.50768
v -32.81950 0.44681 27.46871
v -32.86698 0.68740 27.42779
v -32.84193 0.03500 27.24785
v -32.69203 0.03500 27.50772
v -32.71452 0.44681 27.46874
v -32.86698 0.68740 27.42779
v -32.59164 0.03500 27.90728
v -32.89164 0.03500 27.90728
v -32.84664 0.42158 27.90728
v -32.84164 0.64858 27.95728
v -32.66661 0.03500 27.77739
v -32.81666 0.03500 28.03717
v -32.79416 0.42158 27.99820
v -32.84164 0.64858 27.95728
v -32.81659 0.03500 27.77735
v -32.66669 0.03500 28.03722
v -32.68917 0.42158 27.99824
v -32.84164 0.64858 27.95728
v -32.73100 0.03500 28.54391
v -33.03100 0.03500 28.54391
v -32.98600 0.46458 28.54391
v -32.98100 0.71474 28.59391
v -32.80598 0.03500 28.41402
v -32.95603 0.03500 28.67379
v -32.93352 0.46458 28.63483
v -32.98100 0.71474 28.59391
v -32.95595 0.03500 28.41397
v -32.80605 0.03500 28.67384
v -32.82854 0.46458 28.63486
v -32.98100 0.71474 28.59391
v -32.57317 0.03500 29.22889
v -32.87317 0.03500 29.22889
v -32.82817 0.48181 29.22889
v -32.82317 0.74124 29.27889
v -32.64814 0.03500 29.09900
v -32.79819 0.03500 29.35878
v -32.77569 0.48181 29.31981
v -32.82317 0.74124 29.27889
v -32.79812 0.03500 29.09896
v -32.64822 0.03500 29.35883
v -32.67071 0.48181 29.31985
v -32.82317 0.74124 29.27889
v -32.57266 0.03500 29.85514
v -32.87266 0.03500 29.85514
v -32.82766 0.33344 29.85514
v -32.82266 0.51298 29.90514
v -32.64763 0.03500 29.72526
v -32.79769 0.03500 29.98503
v -32.77518 0.33344 29.94607
v -32.82266 0.51298 29.90514
v -32.79761 0.03500 29.72521
v -32.64771 0.03500 29.98508
v -32.67020 0.33344 29.94610
v -32.82266 0.51298 29.90514
v -32.66990 0.03500 30.43470
v -32.96990 0.03500 30.43470
v -32.92490 0.39035 30.43470
v -32.91990 0.60054 30.48470
v -32.74487 0.03500 30.30481
v -32.89493 0.03500 30.56459
v -32.87242 0.39035 30.52562
v -32.91990 0.60054 30.48470
v -32.89485 0.03500 30.30477
v -32.74495 0.03500 30.56463
v -32.76744 0.39035 30.52565
v -32.91990 0.60054 30.48470
v -32.58040 0.03500 30.99704
v -32.88040 0.03500 30.99704
v -32.83540 0.52219 30.99704
v -32.83040 0.80336 31.04704
v -32.65537 0.03500 30.86715
v -32.80542 0.03500 31.12692
v -32.78292 0.52219 31.08796
v -32.83040 0.80336 31.04704
v -32.80535 0.03500 30.86710
v -32.65545 0.03500 31.12697
v -32.67793 0.52219 31.08799
v -32.83040 0.80336 31.04704
v -32.66267 0.03500 31.60659
v -32.96267 0.03500 31.60659
v -32.91767 0.53904 31.60659
v -32.91267 0.82929 31.65659
v -32.73765 0.03500 31.47670
v -32.88770 0.03500 31.73648
v -32.86519 0.53904 31.69751
v -32.91267 0.82929 31.65659
v -32.88762 0.03500 31.47665
v -32.73772 0.03500 31.73652
v -32.76021 0.53904 31.69754
v -32.91267 0.82929 31.65659
v -32.65857 0.03500 32.26647
v -32.95857 0.03500 32.26647
v -32.91357 0.51509 32.26647
v -32.90857 0.79245 32.31647
v -32.73355 0.03500 32.13658
v -32.88360 0.03500 32.39636
v -32.86109 0.51509 32.35739
v -32.90857 0.79245 32.31647
v -32.88352 0.03500 32.13653
v -32.73362 0.03500 32.39640
v -32.75611 0.51509 32.35742
v -32.90857 0.79245 32.31647
v -32.64642 0.03500 32.76934
v -32.94642 0.03500 32.76934
v -32.90142 0.38702 32.76934
v -32.89642 0.59541 32.81934
v -32.72140 0.03500 32.63945
v -32.87145 0.03500 32.89923
v -32.84894 0.38702 32.86027
v -32.89642 0.59541 32.81934
v -32.87137 0.03500 32.63941
v -32.72147 0.03500 32.89928
v -32.74396 0.38702 32.86030
v -32.89642 0.59541 32.81934
v -32.60436 0.03500 33.49509
v -32.90436 0.03500 33.49509
v -32.85936 0.34851 33.49509
v -32.85436 0.53618 33.54509
v -32.67933 0.03500 33.36520
v -32.82938 0.03500 33.62498
v -32.80688 0.34851 33.58601
v -32.85436 0.53618 33.54509
v -32.82931 0.03500 33.36516
v -32.67941 0.03500 33.62502
v -32.70189 0.34851 33.58604
v -32.85436 0.53618 33.54509
v -32.63651 0.03500 33.97769
v -32.93651 0.03500 33.97769
v -32.89151 0.42792 33.97769
v -32.88651 0.65834 34.02769
v -32.71148 0.03500 33.84780
v -32.86154 0.03500 34.10758
v -32.83903 0.42792 34.06861
v -32.88651 0.65834 34.02769
v -32.86146 0.03500 33.84776
v -32.71156 0.03500 34.10762
v -32.73405 0.42792 34.06864
v -32.88651 0.65834 34.02769
v -32.68551 0.03500 34.59411
v -32.98551 0.03500 34.59411
v -32.94051 0.53432 34.59411
v -32.93551 0.82202 34.64411
v -32.76048 0.03500 34.46422
v -32.91053 0.03500 34.72400
v -32.88803 0.53432 34.68503
v -32.93551 0.82202 34.64411
v -32.91046 0.03500 34.46418
v -32.76056 0.03500 34.72404
v -32.78304 0.53432 34.68506
v -32.93551 0.82202 34.64411
v -33.20646 0.03500 18.96092
v -33.50646 0.03500 18.96092
v -33.46146 0.41569 18.96092
v -33.45646 0.63952 19.01092
v -33.28143 0.03500 18.83103
v -33.43148 0.03500 19.09081
v -33.40897 0.41569 19.05184
v -33.45646 0.63952 19.01092
v -33.43141 0.03500 18.83099
v -33.28151 0.03500 19.09085
v -33.30399 0.41569 19.05187
v -33.45646 0.63952 19.01092
v -33.32780 0.03500 19.53711
v -33.62780 0.03500 19.53711
v -33.58280 0.50623 19.53711
v -33.57780 0.77881 19.58711
v -33.40277 0.03500 19.40722
v -33.55282 0.03500 19.66700
v -33.53032 0.50623 19.62803
v -33.57780 0.77881 19.58711
v -33.55275 0.03500 19.40717
v -33.40285 0.03500 19.66704
v -33.42533 0.50623 19.62806
v -33.57780 0.77881 19.58711
v -33.23093 0.03500 20.22990
v -33.53093 0.03500 20.22990
v -33.48593 0.53177 20.22990
v -33.48093 0.81810 20.27990
v -33.30591 0.03500 20.10001
v -33.45596 0.03500 20.35979
v -33.43345 0.53177 20.32082
v -33.48093 0.81810 20.27990
v -33.45588 0.03500 20.09997
v -33.30598 0.03500 20.35983
v -33.32847 0.53177 20.32085
v -33.48093 0.81810 20.27990
v -33.25188 0.03500 20.80918
v -33.55188 0.03500 20.80918
v -33.50688 0.35251 20.80918
v -33.50188 0.54232 20.85918
v -33.32685 0.03500 20.67929
v -33.47691 0.03500 20.93907
v -33.45440 0.35251 20.90010
v -33.50188 0.54232 20.85918
v -33.47683 0.03500 20.67924
v -33.32693 0.03500 20.93911
v -33.34942 0.35251 20.90013
v -33.50188 0.54232 20.85918
v -33.24415 0.03500 21.33405
v -33.54415 0.03500 21.33405
v -33.49915 0.54718 21.33405
v -33.49415 0.84181 21.38405
v -33.31913 0.03500 21.20416
v -33.46918 0.03500 21.46394
v -33.44667 0.54718 21.42497
v -33.49415 0.84181 21.38405
v -33.46910 0.03500 21.20412
v -33.31920 0.03500 21.46398
v -33.34169 0.54718 21.42500
v -33.49415 0.84181 21.38405
v -33.20070 0.03500 22.07200
v -33.50070 0.03500 22.07200
v -33.45570 0.46319 22.07200
v -33.45070 0.71260 22.12200
v -33.27568 0.03500 21.94211
v -33.42573 0.03500 22.20189
v -33.40322 0.46319 22.16292
v -33.45070 0.71260 22.12200
v -33.42565 0.03500 21.94207
v -33.27576 0.03500 22.20193
v -33.29824 0.46319 22.16295
v -33.45070 0.71260 22.12200
v -33.33966 0.03500 22.61756
v -33.63966 0.03500 22.61756
v -33.59466 0.44740 22.61756
v -33.58966 0.68831 22.66756
v -33.41464 0.03500 22.48767
v -33.56469 0.03500 22.74745
v -33.54218 0.44740 22.70849
v -33.58966 0.68831 22.66756
v -33.56461 0.03500 22.48763
v -33.41471 0.03500 22.74750
v -33.43720 0.44740 22.70852
v -33.58966 0.68831 22.66756
v -33.29393 0.03500 23.15846
v -33.59393 0.03500 23.15846
v -33.54893 0.39741 23.15846
v -33.54393 0.61140 23.20846
v -33.36890 0.03500 23.02857
v -33.51896 0.03500 23.28835
v -33.49645 0.39741 23.24938
v -33.54393 0.61140 23.20846
v -33.51888 0.03500 23.02853
v -33.36898 0.03500 23.28839
v -33.39147 0.39741 23.24941
v -33.54393 0.61140 23.20846
v -33.32632 0.03500 23.88857
v -33.62632 0.03500 23.88857
v -33.58132 0.31626 23.88857
v -33.57632 0.48656 23.93857
v -33.40130 0.03500 23.75868
v -33.55135 0.03500 24.01846
v -33.52884 0.31626 23.97949
v -33.57632 0.48656 23.93857
v -33.55127 0.03500 23.75864
v -33.40137 0.03500 24.01850
v -33.42386 0.31626 23.97952
v -33.57632 0.48656 23.93857
v -33.17095 0.03500 24.44611
v -33.47095 0.03500 24.44611
v -33.42595 0.31667 24.44611
v -33.42095 0.48719 24.49611
v -33.24593 0.03500 24.31622
v -33.39598 0.03500 24.57600
v -33.37347 0.31667 24.53703
v -33.42095 0.48719 24.49611
v -33.39590 0.03500 24.31618
v -33.24600 0.03500 24.57604
v -33.26849 0.31667 24.53706
v -33.42095 0.48719 24.49611
v -33.24310 0.03500 24.96227
v -33.54310 0.03500 24.96227
v -33.49810 0.52011 24.96227
v -33.49310 0.80017 25.01227
v -33.31807 0.03500 24.83238
v -33.46813 0.03500 25.09216
v -33.44562 0.52011 25.05319
v -33.49310 0.80017 25.01227
v -33.46805 0.03500 24.83234
v -33.31815 0.03500 25.09220
v -33.34064 0.52011 25.05322
v -33.49310 0.80017 25.01227
v -33.31098 0.03500 25.63090
v -33.61098 0.03500 25.63090
v -33.56598 0.43523 25.63090
v -33.56098 0.66959 25.68090
v -33.38595 0.03500 25.50101
v -33.53601 0.03500 25.76079
v -33.51350 0.43523 25.72182
v -33.56098 0.66959 25.68090
v -33.53593 0.03500 25.50096
v -33.38603 0.03500 25.76083
v -33.40852 0.43523 25.72185
v -33.56098 0.66959 25.68090
v -33.20950 0.03500 26.10414
v -33.50950 0.03500 26.10414
v -33.46450 0.42012 26.10414
v -33.45950 0.64634 26.15414
v -33.28448 0.03500 25.97425
v -33.43453 0.03500 26.23403
v -33.41202 0.42012 26.19506
v -33.45950 0.64634 26.15414
v -33.43445 0.03500 25.97421
v -33.28456 0.03500 26.23407
v -33.30704 0.42012 26.19509
v -33.45950 0.64634 26.15414
v -33.30348 0.03500 26.80610
v -33.60348 0.03500 26.80610
v -33.55848 0.45313 26.80610
v -33.55348 0.69712 26.85610
v -33.37846 0.03500 26.67621
v -33.52851 0.03500 26.93599
v -33.50600 0.45313 26.89702
v -33.55348 0.69712 26.85610
v -33.52843 0.03500 26.67616
v -33.37854 0.03500 26.93603
v -33.40102 0.45313 26.89705
v -33.55348 0.69712 26.85610
v -33.31929 0.03500 27.34010
v -33.61929 0.03500 27.34010
v -33.57429 0.46486 27.34010
v -33.56929 0.71517 27.39010
v -33.39426 0.03500 27.21021
v -33.54431 0.03500 27.46999
v -33.52180 0.46486 27.43102
v -33.56929 0.71517 27.39010
v -33.54423 0.03500 27.21017
v -33.39434 0.03500 27.47003
v -33.41682 0.46486 27.43105
v -33.56929 0.71517 27.39010
v -33.27700 0.03500 27.98611
v -33.57700 0.03500 27.98611
v -33.53200 0.53005 27.98611
v -33.52700 0.81546 28.03611
v -33.35197 0.03500 27.85622
v -33.50202 0.03500 28.11600
v -33.47951 0.53005 28.07703
v -33.52700 0.81546 28.03611
v -33.50194 0.03500 27.85618
v -33.35205 0.03500 28.11605
v -33.37453 0.53005 28.07707
v -33.52700 0.81546 28.03611
v -33.19245 0.03500 28.57346
v -33.49245 0.03500 28.57346
v -33.44745 0.45835 28.57346
v -33.44245 0.70515 28.62346
v -33.26743 0.03500 28.44357
v -33.41748 0.03500 28.70335
v -33.39497 0.45835 28.66439
v -33.44245 0.70515 28.62346
v -33.41740 0.03500 28.44353
v -33.26750 0.03500 28.70340
v -33.28999 0.45835 28.66442
v -33.44245 0.70515 28.62346
v -33.21245 0.03500 29.25904
v -33.51245 0.03500 29.25904
v -33.46745 0.49347 29.25904
v -33.46245 0.75918 29.30904
v -33.28743 0.03500 29.12916
v -33.43748 0.03500 29.38893
v -33.41497 0.49347 29.34997
v -33.46245 0.75918 29.30904
v -33.43740 0.03500 29.12911
v -33.28751 0.03500 29.38898
v -33.30999 0.49347 29.35000
v -33.46245 0.75918 29.30904
v -33.25249 0.03500 29.76781
v -33.55249 0.03500 29.76781
v -33.50749 0.49709 29.76781
v -33.50249 0.76476 29.81781
v -33.32746 0.03500 29.63792
v -33.47751 0.03500 29.89770
v -33.45500 0.49709 29.85873
v -33.50249 0.76476 29.81781
v -33.47743 0.03500 29.63788
v -33.32754 0.03500 29.89774
v -33.35002 0.49709 29.85876
v -33.50249 0.76476 29.81781
v -33.16453 0.03500 30.37748
v -33.46453 0.03500 30.37748
v -33.41953 0.33907 30.37748
v -33.41453 0.52165 30.42748
v -33.23951 0.03500 30.24759
v -33.38956 0.03500 30.50737
v -33.36705 0.33907 30.46840
v -33.41453 0.52165 30.42748
v -33.38948 0.03500 30.24754
v -33.23958 0.03500 30.50741
v -33.26207 0.33907 30.46843
v -33.41453 0.52165 30.42748
v -33.33029 0.03500 30.99921
v -33.63029 0.03500 30.99921
v -33.58529 0.39678 30.99921
v -33.58029 0.61044 31.04921
v -33.40527 0.03500 30.86932
v -33.55532 0.03500 31.12910
v -33.53281 0.39678 31.09014
v -33.58029 0.61044 31.04921
v -33.55524 0.03500 30.86928
v -33.40534 0.03500 31.12915
v -33.42783 0.39678 31.09017
v -33.58029 0.61044 31.04921
v -33.21607 0.03500 31.56215
v -33.51607 0.03500 31.56215
v -33.47107 0.42411 31.56215
v -33.46607 0.65248 31.61215
v -33.29104 0.03500 31.43226
v -33.44109 0.03500 31.69204
v -33.41859 0.42411 31.65307
v -33.46607 0.65248 31.61215
v -33.44102 0.03500 31.43222
v -33.29112 0.03500 31.69208
v -33.31361 0.42411 31.65310
v -33.46607 0.65248 31.61215
v -33.17347 0.03500 32.29861
v -33.47347 0.03500 32.29861
v -33.42847 0.38650 32.29861
v -33.42347 0.59461 32.34861
v -33.24845 0.03500 32.16872
v -33.39850 0.03500 32.42850
v -33.37599 0.38650 32.38953
v -33.42347 0.59461 32.34861
v -33.39842 0.03500 32.16868
v -33.24853 0.03500 32.42854
v -33.27101 0.38650 32.38956
v -33.42347 0.59461 32.34861
v -33.20489 0.03500 32.70743
v -33.50489 0.03500 32.70743
v -33.45989 0.35904 32.70743
v -33.45489 0.55238 32.75743
v -33.27986 0.03500 32.57754
v -33.42991 0.03500 32.83732
v -33.40740 0.35904 32.79835
v -33.45489 0.55238 32.75743
v -33.42983 0.03500 32.57749
v -33.27994 0.03500 32.83736
v -33.30242 0.35904 32.79838
v -33.45489 0.55238 32.75743
v -33.23945 0.03500 33.32985
v -33.53945 0.03500 33.32985
v -33.49445 0.30101 33.32985
v -33.48945 0.46309 33.37985
v -33.31442 0.03500 33.19996
v -33.46447 0.03500 33.45974
v -33.44196 0.30101 33.42077
v -33.48945 0.46309 33.37985
v -33.46440 0.03500 33.19991
v -33.31450 0.03500 33.45978
v -33.33698 0.30101 33.42080
v -33.48945 0.46309 33.37985
v -33.29610 0.03500 34.00232
v -33.59610 0.03500 34.00232
v -33.55110 0.48707 34.00232
v -33.54610 0.74934 34.05232
v -33.37108 0.03500 33.87243
v -33.52113 0.03500 34.13220
v -33.49862 0.48707 34.09324
v -33.54610 0.74934 34.05232
v -33.52105 0.03500 33.87238
v -33.37115 0.03500 34.13225
v -33.39364 0.48707 34.09327
v -33.54610 0.74934 34.05232
v -33.17230 0.03500 34.50319
v -33.47230 0.03500 34.50319
v -33.42730 0.31058 34.50319
v -33.42230 0.47781 34.55319
v -33.24727 0.03500 34.37330
v -33.39732 0.03500 34.63308
v -33.37482 0.31058 34.59411
v -33.42230 0.47781 34.55319
v -33.39725 0.03500 34.37325
v -33.24735 0.03500 34.63312
v -33.26983 0.31058 34.59414
v -33.42230 0.47781 34.55319
v -33.93182 0.03500 18.93915
v -34.23182 0.03500 18.93915
v -34.18682 0.38165 18.93915
v -34.18182 0.58716 18.98915
v -34.00679 0.03500 18.80926
v -34.15684 0.03500 19.06904
v -34.13433 0.38165 19.03007
v -34.18182 0.58716 18.98915
v -34.15677 0.03500 18.80921
v -34.00687 0.03500 19.06908
v -34.02935 0.38165 19.03010
v -34.18182 0.58716 18.98915
v -33.83303 0.03500 19.50528
v -34.13303 0.03500 19.50528
v -34.08803 0.42723 19.50528
v -34.08303 0.65728 19.55528
v -33.90800 0.03500 19.37539
v -34.05805 0.03500 19.63517
v -34.03555 0.42723 19.59621
v -34.08303 0.65728 19.55528
v -34.05798 0.03500 19.37535
v -33.90808 0.03500 19.63522
v -33.93056 0.42723 19.59624
v -34.08303 0.65728 19.55528
v -33.77638 0.03500 20.15822
v -34.07638 0.03500 20.15822
v -34.03138 0.46607 20.15822
v -34.02638 0.71704 20.20822
v -33.85135 0.03500 20.02833
v -34.00140 0.03500 20.28811
v -33.97890 0.46607 20.24914
v -34.02638 0.71704 20.20822
v -34.00133 0.03500 20.02829
v -33.85143 0.03500 20.28815
v -33.87392 0.46607 20.24917
v -34.02638 0.71704 20.20822
v -33.85326 0.03500 20.80623
v -34.15326 0.03500 20.80623
v -34.10826 0.41795 20.80623
v -34.10326 0.64299 20.85623
v -33.92824 0.03500 20.67634
v -34.07829 0.03500 20.93612
v -34.05578 0.41795 20.89715
v -34.10326 0.64299 20.85623
v -34.07821 0.03500 20.67629
v -33.92832 0.03500 20.93616
v -33.95080 0.41795 20.89718
v -34.10326 0.64299 20.85623
v -33.86984 0.03500 21.48723
v -34.16984 0.03500 21.48723
v -34.12484 0.41835 21.48723
v -34.11984 0.64361 21.53723
v -33.94481 0.03500 21.35734
v -34.09486 0.03500 21.61712
v -34.07236 0.41835 21.57815
v -34.11984 0.64361 21.53723
v -34.09479 0.03500 21.35729
v -33.94489 0.03500 21.61716
v -33.96737 0.41835 21.57818
v -34.11984 0.64361 21.53723
v -33.93209 0.03500 21.95410
v -34.23209 0.03500 21.95410
v -34.18709 0.39202 21.95410
v -34.18209 0.60311 22.00410
v -34.00707 0.03500 21.82421
v -34.15712 0.03500 22.08399
v -34.13461 0.39202 22.04502
v -34.18209 0.60311 22.00410
v -34.15704 0.03500 21.82416
v -34.00714 0.03500 22.08403
v -34.02963 0.39202 22.04505
v -34.18209 0.60311 22.00410
v -33.79131 0.03500 22.60167
v -34.09131 0.03500 22.60167
v -34.04631 0.50688 22.60167
v -34.04131 0.77982 22.65167
v -33.86628 0.03500 22.47178
v -34.01634 0.03500 22.73156
v -33.99383 0.50688 22.69259
v -34.04131 0.77982 22.65167
v -34.01626 0.03500 22.47174
v -33.86636 0.03500 22.73161
v -33.88885 0.50688 22.69263
v -34.04131 0.77982 22.65167
v -33.84931 0.03500 23.10576
v -34.14931 0.03500 23.10576
v -34.10431 0.42465 23.10576
v -34.09931 0.65331 23.15576
v -33.92429 0.03500 22.97587
v -34.07434 0.03500 23.23565
v -34.05183 0.42465 23.19668
v -34.09931 0.65331 23.15576
v -34.07426 0.03500 22.97583
v -33.92436 0.03500 23.23570
v -33.94685 0.42465 23.19672
v -34.09931 0.65331 23.15576
v -33.91263 0.03500 23.72705
v -34.21263 0.03500 23.72705
v -34.16763 0.40572 23.72705
v -34.16263 0.62418 23.77705
v -33.98760 0.03500 23.59716
v -34.13766 0.03500 23.85694
v -34.11515 0.40572 23.81797
v -34.16263 0.62418 23.77705
v -34.13758 0.03500 23.59712
v -33.98768 0.03500 23.85699
v -34.01017 0.40572 23.81801
v -34.16263 0.62418 23.77705
v -33.86350 0.03500 24.45241
v -34.16350 0.03500 24.45241
v -34.11850 0.33577 24.45241
v -34.11350 0.51656 24.50241
v -33.93847 0.03500 24.32252
v -34.08852 0.03500 24.58230
v -34.06601 0.33577 24.54333
v -34.11350 0.51656 24.50241
v -34.08844 0.03500 24.32247
v -33.93855 0.03500 24.58234
v -33.96103 0.33577 24.54336
v -34.11350 0.51656 24.50241
v -33.75099 0.03500 24.96289
v -34.05099 0.03500 24.96289
v -34.00599 0.51139 24.96289
v -34.00099 0.78676 25.01289
v -33.82597 0.03500 24.83300
v -33.97602 0.03500 25.09278
v -33.95351 0.51139 25.05381
v -34.00099 0.78676 25.01289
v -33.97594 0.03500 24.83295
v -33.82604 0.03500 25.09282
v -33.84853 0.51139 25.05384
v -34.00099 0.78676 25.01289
v -33.91025 0.03500 25.52907
v -34.21025 0.03500 25.52907
v -34.16525 0.41953 25.52907
v -34.16025 0.64542 25.57907
v -33.98523 0.03500 25.39919
v -34.13528 0.03500 25.65896
v -34.11277 0.41953 25.62000
v -34.16025 0.64542 25.57907
v -34.13520 0.03500 25.39914
v -33.98530 0.03500 25.65901
v -34.00779 0.41953 25.62003
v -34.16025 0.64542 25.57907
v -33.88931 0.03500 26.10447
v -34.18931 0.03500 26.10447
v -34.14431 0.40355 26.10447
v -34.13931 0.62085 26.15447
v -33.96429 0.03500 25.97458
v -34.11434 0.03500 26.23436
v -34.09183 0.40355 26.19540
v -34.13931 0.62085 26.15447
v -34.11426 0.03500 25.97454
v -33.96436 0.03500 26.23441
v -33.98685 0.40355 26.19543
v -34.13931 0.62085 26.15447
v -33.80015 0.03500 26.84079
v -34.10015 0.03500 26.84079
v -34.05515 0.49259 26.84079
v -34.05015 0.75783 26.89079
v -33.87512 0.03500 26.71090
v -34.02518 0.03500 26.97068
v -34.00267 0.49259 26.93171
v -34.05015 0.75783 26.89079
v -34.02510 0.03500 26.71086
v -33.87520 0.03500 26.97072
v -33.89769 0.49259 26.93174
v -34.05015 0.75783 26.89079
v -33.91140 0.03500 27.46747
v -34.21140 0.03500 27.46747
v -34.16640 0.42253 27.46747
v -34.16140 0.65005 27.51747
v -33.98638 0.03500 27.33758
v -34.13643 0.03500 27.59736
v -34.11392 0.42253 27.55839
v -34.16140 0.65005 27.51747
v -34.13635 0.03500 27.33754
v -33.98645 0.03500 27.59740
v -34.00894 0.42253 27.55842
v -34.16140 0.65005 27.51747
v -33.80678 0.03500 28.08323
v -34.10678 0.03500 28.08323
v -34.06178 0.49120 28.08323
v -34.05678 0.75570 28.13323
v -33.88175 0.03500 27.95335
v -34.03180 0.03500 28.21312
v -34.00930 0.49120 28.17416
v -34.05678 0.75570 28.13323
v -34.03173 0.03500 27.95330
v -33.88183 0.03500 28.21317
v -33.90431 0.49120 28.17419
v -34.05678 0.75570 28.13323
v -33.88891 0.03500 28.52293
v -34.18891 0.03500 28.52293
v -34.14391 0.38761 28.52293
v -34.13891 0.59633 28.57293
v -33.96388 0.03500 28.39304
v -34.11393 0.03500 28.65282
v -34.09143 0.38761 28.61385
v -34.13891 0.59633 28.57293
v -34.11386 0.03500 28.39300
v -33.96396 0.03500 28.65286
v -33.98644 0.38761 28.61388
v -34.13891 0.59633 28.57293
v -33.93451 0.03500 29.15818
v -34.23451 0.03500 29.15818
v -34.18951 0.55104 29.15818
v -34.18451 0.84775 29.20818
v -34.00949 0.03500 29.02829
v -34.15954 0.03500 29.28807
v -34.13703 0.55104 29.24910
v -34.18451 0.84775 29.20818
v -34.15946 0.03500 29.02824
v -34.00956 0.03500 29.28811
v -34.03205 0.55104 29.24913
v -34.18451 0.84775 29.20818
v -33.81362 0.03500 29.77627
v -34.11362 0.03500 29.77627
v -34.06862 0.32624 29.77627
v -34.06362 0.50191 29.82627
v -33.88860 0.03500 29.64638
v -34.03865 0.03500 29.90615
v -34.01614 0.32624 29.86719
v -34.06362 0.50191 29.82627
v -34.03857 0.03500 29.64633
v -33.88867 0.03500 29.90620
v -33.91116 0.32624 29.86722
v -34.06362 0.50191 29.82627
v -33.85721 0.03500 30.30285
v -34.15721 0.03500 30.30285
v -34.11221 0.41690 30.30285
v -34.10721 0.64139 30.35285
v -33.93219 0.03500 30.17296
v -34.08224 0.03500 30.43274
v -34.05973 0.41690 30.39378
v -34.10721 0.64139 30.35285
v -34.08216 0.03500 30.17292
v -33.93226 0.03500 30.43279
v -33.95475 0.41690 30.39381
v -34.10721 0.64139 30.35285
v -33.83390 0.03500 31.04951
v -34.13390 0.03500 31.04951
v -34.08890 0.36214 31.04951
v -34.08390 0.55714 31.09951
v -33.90888 0.03500 30.91962
v -34.05893 0.03500 31.17940
v -34.03642 0.36214 31.14043
v -34.08390 0.55714 31.09951
v -34.05885 0.03500 30.91957
v -33.90896 0.03500 31.17944
v -33.93144 0.36214 31.14046
v -34.08390 0.55714 31.09951
v -33.92237 0.03500 31.54608
v -34.22237 0.03500 31.54608
v -34.17737 0.44645 31.54608
v -34.17237 0.68685 31.59608
v -33.99734 0.03500 31.41620
v -34.14739 0.03500 31.67597
v -34.12489 0.44645 31.63701
v -34.17237 0.68685 31.59608
v -34.14732 0.03500 31.41615
v -33.99742 0.03500 31.67602
v -34.01990 0.44645 31.63704
v -34.17237 0.68685 31.59608
v -33.82741 0.03500 32.15871
v -34.12741 0.03500 32.15871
v -34.08241 0.42405 32.15871
v -34.07741 0.65239 32.20871
v -33.90239 0.03500 32.02882
v -34.05244 0.03500 32.28860
v -34.02993 0.42405 32.24963
v -34.07741 0.65239 32.20871
v -34.05236 0.03500 32.02878
v -33.90247 0.03500 32.28865
v -33.92495 0.42405 32.24967
v -34.07741 0.65239 32.20871
v -33.75998 0.03500 32.72574
v -34.05998 0.03500 32.72574
v -34.01498 0.39787 32.72574
v -34.00998 0.61211 32.77574
v -33.83496 0.03500 32.59585
v -33.98501 0.03500 32.85563
v -33.96250 0.39787 32.81666
v -34.00998 0.61211 32.77574
v -33.98493 0.03500 32.59581
v -33.83503 0.03500 32.85568
v -33.85752 0.39787 32.81670
v -34.00998 0.61211 32.77574
v -33.89655 0.03500 33.39944
v -34.19655 0.03500 33.39944
v -34.15155 0.39413 33.39944
v -34.14655 0.60635 33.44944
v -33.97153 0.03500 33.26956
v -34.12158 0.03500 33.52933
v -34.09907 0.39413 33.49037
v -34.14655 0.60635 33.44944
v -34.12150 0.03500 33.26951
v -33.97160 0.03500 33.52938
v -33.99409 0.39413 33.49040
v -34.14655 0.60635 33.44944
v -33.85780 0.03500 33.91121
v -34.15780 0.03500 33.91121
v -34.11280 0.41316 33.91121
v -34.10780 0.63562 33.96121
v -33.93277 0.03500 33.78133
v -34.08282 0.03500 34.04110
v -34.06031 0.41316 34.00214
v -34.10780 0.63562 33.96121
v -34.08275 0.03500 33.78128
v -33.93285 0.03500 34.04115
v -33.95533 0.41316 34.00217
v -34.10780 0.63562 33.96121
v -33.90376 0.03500 34.58925
v -34.20376 0.03500 34.58925
v -34.15876 0.38072 34.58925
v -34.15376 0.58572 34.63925
v -33.97873 0.03500 34.45936
v -34.12878 0.03500 34.71914
v -34.10627 0.38072 34.68017
v -34.15376 0.58572 34.63925
v -34.12870 0.03500 34.45932
v -33.97881 0.03500 34.71918
v -34.00129 0.38072 34.68020
v -34.15376 0.58572 34.63925
v -34.40120 0.03500 19.08946
v -34.70120 0.03500 19.08946
v -34.65620 0.54843 19.08946
v -34.65120 0.84374 19.13946
v -34.47618 0.03500 18.95957
v -34.62623 0.03500 19.21935
v -34.60372 0.54843 19.18038
v -34.65120 0.84374 19.13946
v -34.62615 0.03500 18.95953
v -34.47625 0.03500 19.21940
v -34.49874 0.54843 19.18042
v -34.65120 0.84374 19.13946
v -34.41025 0.03500 19.69342
v -34.71025 0.03500 19.69342
v -34.66525 0.35549 19.69342
v -34.66025 0.54691 19.74342
v -34.48523 0.03500 19.56353
v -34.63528 0.03500 19.82330
v -34.61277 0.35549 19.78434
v -34.66025 0.54691 19.74342
v -34.63520 0.03500 19.56348
v -34.48531 0.03500 19.82335
v -34.50779 0.35549 19.78437
v -34.66025 0.54691 19.74342
v -34.39415 0.03500 20.13998
v -34.69415 0.03500 20.13998
v -34.64915 0.31840 20.13998
v -34.64415 0.48985 20.18998
v -34.46912 0.03500 20.01009
v -34.61918 0.03500 20.26987
v -34.59667 0.31840 20.23090
v -34.64415 0.48985 20.18998
v -34.61910 0.03500 20.01005
v -34.46920 0.03500 20.26991
v -34.49169 0.31840 20.23093
v -34.64415 0.48985 20.18998
v -34.38978 0.03500 20.81782
v -34.68978 0.03500 20.81782
v -34.64478 0.41813 20.81782
v -34.63978 0.64327 20.86782
v -34.46475 0.03500 20.68793
v -34.61481 0.03500 20.94771
v -34.59230 0.41813 20.90874
v -34.63978 0.64327 20.86782
v -34.61473 0.03500 20.68789
v -34.46483 0.03500 20.94775
v -34.48732 0.41813 20.90877
v -34.63978 0.64327 20.86782
v -34.43870 0.03500 21.45986
v -34.73870 0.03500 21.45986
v -34.69370 0.52682 21.45986
v -34.68870 0.81049 21.50986
v -34.51368 0.03500 21.32997
v -34.66373 0.03500 21.58974
v -34.64122 0.52682 21.55078
v -34.68870 0.81049 21.50986
v -34.66365 0.03500 21.32992
v -34.51376 0.03500 21.58979
v -34.53624 0.52682 21.55081
v -34.68870 0.81049 21.50986
v -34.45412 0.03500 22.03434
v -34.75412 0.03500 22.03434
v -34.70912 0.42751 22.03434
v -34.70412 0.65771 22.08434
v -34.52909 0.03500 21.90445
v -34.67914 0.03500 22.16423
v -34.65664 0.42751 22.12526
v -34.70412 0.65771 22.08434
v -34.67907 0.03500 21.90441
v -34.52917 0.03500 22.16427
v -34.55165 0.42751 22.12529
v -34.70412 0.65771 22.08434
v -34.44586 0.03500 22.57760
v -34.74586 0.03500 22.57760
v -34.70086 0.51445 22.57760
v -34.69586 0.79147 22.62760
v -34.52083 0.03500 22.44771
v -34.67088 0.03500 22.70749
v -34.64838 0.51445 22.66852
v -34.69586 0.79147 22.62760
v -34.67081 0.03500 22.44767
v -34.52091 0.03500 22.70753
v -34.54339 0.51445 22.66855
v -34.69586 0.79147 22.62760
v -34.51240 0.03500 23.23899
v -34.81240 0.03500 23.23899
v -34.76740 0.41420 23.23899
v -34.76240 0.63723 23.28899
v -34.58737 0.03500 23.10910
v -34.73742 0.03500 23.36888
v -34.71491 0.41420 23.32992
v -34.76240 0.63723 23.28899
v -34.73735 0.03500 23.10906
v -34.58745 0.03500 23.36893
v -34.60993 0.41420 23.32995
v -34.76240 0.63723 23.28899
v -34.36148 0.03500 23.74292
v -34.66148 0.03500 23.74292
v -34.61648 0.36953 23.74292
v -34.61148 0.56850 23.79292
v -34.43646 0.03500 23.61303
v -34.58651 0.03500 23.87281
v -34.56400 0.36953 23.83384
v -34.61148 0.56850 23.79292
v -34.58643 0.03500 23.61299
v -34.43653 0.03500 23.87285
v -34.45902 0.36953 23.83387
v -34.61148 0.56850 23.79292
v -34.44172 0.03500 24.34515
v -34.74172 0.03500 24.34515
v -34.69672 0.40808 24.34515
v -34.69172 0.62782 24.39515
v -34.51670 0.03500 24.21526
v -34.66675 0.03500 24.47504
v -34.64424 0.40808 24.43607
v -34.69172 0.62782 24.39515
v -34.66667 0.03500 24.21522
v -34.51678 0.03500 24.47508
v -34.53926 0.40808 24.43610
v -34.69172 0.62782 24.39515
v -34.48393 0.03500 24.95822
v -34.78393 0.03500 24.95822
v -34.73893 0.46520 24.95822
v -34.73393 0.71570 25.00822
v -34.55890 0.03500 24.82833
v -34.70896 0.03500 25.08810
v -34.68645 0.46520 25.04914
v -34.73393 0.71570 25.00822
v -34.70888 0.03500 24.82828
v -34.55898 0.03500 25.08815
v -34.58147 0.46520 25.04917
v -34.73393 0.71570 25.00822
v -34.49129 0.03500 25.57032
v -34.79129 0.03500 25.57032
v -34.74629 0.48981 25.57032
v -34.74129 0.75355 25.62032
v -34.56627 0.03500 25.44044
v -34.71632 0.03500 25.70021
v -34.69381 0.48981 25.66125
v -34.74129 0.75355 25.62032
v -34.71624 0.03500 25.44039
v -34.56634 0.03500 25.70026
v -34.58883 0.48981 25.66128
v -34.74129 0.75355 25.62032
v -34.44551 0.03500 26.26632
v -34.74551 0.03500 26.26632
v -34.70051 0.43868 26.26632
v -34.69551 0.67490 26.31632
v -34.52048 0.03500 26.13643
v -34.67053 0.03500 26.39621
v -34.64803 0.43868 26.35724
v -34.69551 0.67490 26.31632
v -34.67046 0.03500 26.13638
v -34.52056 0.03500 26.39625
v -34.54304 0.43868 26.35727
v -34.69551 0.67490 26.31632
v -34.41150 0.03500 26.76484
v -34.71150 0.03500 26.76484
v -34.66650 0.30419 26.76484
v -34.66150 0.46799 26.81484
v -34.48648 0.03500 26.63495
v -34.63653 0.03500 26.89473
v -34.61402 0.30419 26.85576
v -34.66150 0.46799 26.81484
v -34.63645 0.03500 26.63490
v -34.48655 0.03500 26.89477
v -34.50904 0.30419 26.85579
v -34.66150 0.46799 26.81484
v -34.45063 0.03500 27.42639
v -34.75063 0.03500 27.42639
v -34.70563 0.54006 27.42639
v -34.70063 0.83086 27.47639
v -34.52560 0.03500 27.29650
v -34.67566 0.03500 27.55627
v -34.65315 0.54006 27.51731
v -34.70063 0.83086 27.47639
v -34.67558 0.03500 27.29645
v -34.52568 0.03500 27.55632
v -34.54817 0.54006 27.51734
v -34.70063 0.83086 27.47639
v -34.39255 0.03500 27.97793
v -34.69255 0.03500 27.97793
v -34.64755 0.41233 27.97793
v -34.64255 0.63435 28.02793
v -34.46753 0.03500 27.84804
v -34.61758 0.03500 28.10782
v -34.59507 0.41233 28.06885
v -34.64255 0.63435 28.02793
v -34.61750 0.03500 27.84800
v -34.46761 0.03500 28.10786
v -34.49009 0.41233 28.06888
v -34.64255 0.63435 28.02793
v -34.43343 0.03500 28.52329
v -34.73343 0.03500 28.52329
v -34.68843 0.43527 28.52329
v -34.68343 0.66965 28.57329
v -34.50841 0.03500 28.39340
v -34.65846 0.03500 28.65317
v -34.63595 0.43527 28.61421
v -34.68343 0.66965 28.57329
v -34.65838 0.03500 28.39335
v -34.50848 0.03500 28.65322
v -34.53097 0.43527 28.61424
v -34.68343 0.66965 28.57329
v -34.38296 0.03500 29.12426
v -34.68296 0.03500 29.12426
v -34.63796 0.52061 29.12426
v -34.63296 0.80094 29.17426
v -34.45794 0.03500 28.99437
v -34.60799 0.03500 29.25415
v -34.58548 0.52061 29.21518
v -34.63296 0.80094 29.17426
v -34.60791 0.03500 28.99432
v -34.45801 0.03500 29.25419
v -34.48050 0.52061 29.21521
v -34.63296 0.80094 29.17426
v -34.49925 0.03500 29.77803
v -34.79925 0.03500 29.77803
v -34.75425 0.53048 29.77803
v -34.74925 0.81613 29.82803
v -34.57423 0.03500 29.64815
v -34.72428 0.03500 29.90792
v -34.70177 0.53048 29.86896
v -34.74925 0.81613 29.82803
v -34.72420 0.03500 29.64810
v -34.57431 0.03500 29.90797
v -34.59679 0.53048 29.86899
v -34.74925 0.81613 29.82803
v -34.45874 0.03500 30.48896
v -34.75874 0.03500 30.48896
v -34.71374 0.35245 30.48896
v -34.70874 0.54224 30.53896
v -34.53371 0.03500 30.35907
v -34.68376 0.03500 30.61885
v -34.66125 0.35245 30.57989
v -34.70874 0.54224 30.53896
v -34.68368 0.03500 30.35903
v -34.53379 0.03500 30.61890
v -34.55627 0.35245 30.57992
v -34.70874 0.54224 30.53896
v -34.47959 0.03500 30.94166
v -34.77959 0.03500 30.94166
v -34.73459 0.45790 30.94166
v -34.72959 0.70446 30.99166
v -34.55457 0.03500 30.81177
v -34.70462 0.03500 31.07154
v -34.68211 0.45790 31.03258
v -34.72959 0.70446 30.99166
v -34.70454 0.03500 30.81172
v -34.55464 0.03500 31.07159
v -34.57713 0.45790 31.03261
v -34.72959 0.70446 30.99166
v -34.49691 0.03500 31.52300
v -34.79691 0.03500 31.52300
v -34.75191 0.49134 31.52300
v -34.74691 0.75591 31.57300
v -34.57188 0.03500 31.39311
v -34.72193 0.03500 31.65289
v -34.69943 0.49134 31.61392
v -34.74691 0.75591 31.57300
v -34.72186 0.03500 31.39307
v -34.57196 0.03500 31.65293
v -34.59444 0.49134 31.61395
v -34.74691 0.75591 31.57300
v -34.43153 0.03500 32.13274
v -34.73153 0.03500 32.13274
v -34.68653 0.35009 32.13274
v -34.68153 0.53860 32.18274
v -34.50651 0.03500 32.00285
v -34.65656 0.03500 32.26263
v -34.63405 0.35009 32.22366
v -34.68153 0.53860 32.18274
v -34.65648 0.03500 32.00280
v -34.50658 0.03500 32.26267
v -34.52907 0.35009 32.22369
v -34.68153 0.53860 32.18274
v -34.47346 0.03500 32.82357
v -34.77346 0.03500 32.82357
v -34.72846 0.51673 32.82357
v -34.72346 0.79497 32.87357
v -34.54843 0.03500 32.69368
v -34.69848 0.03500 32.95346
v -34.67597 0.51673 32.91450
v -34.72346 0.79497 32.87357
v -34.69841 0.03500 32.69364
v -34.54851 0.03500 32.95351
v -34.57099 0.51673 32.91453
v -34.72346 0.79497 32.87357
v -34.45557 0.03500 33.36490
v -34.75557 0.03500 33.36490
v -34.71057 0.31177 33.36490
v -34.70557 0.47964 33.41490
v -34.53055 0.03500 33.23501
v -34.68060 0.03500 33.49479
v -34.65809 0.31177 33.45582
v -34.70557 0.47964 33.41490
v -34.68052 0.03500 33.23496
v -34.53063 0.03500 33.49483
v -34.55311 0.31177 33.45585
v -34.70557 0.47964 33.41490
v -34.53085 0.03500 33.98063
v -34.83085 0.03500 33.98063
v -34.78585 0.41537 33.98063
v -34.78085 0.63904 34.03063
v -34.60583 0.03500 33.85074
v -34.75588 0.03500 34.11052
v -34.73337 0.41537 34.07155
v -34.78085 0.63904 34.03063
v -34.75580 0.03500 33.85069
v -34.60591 0.03500 34.11056
v -34.62839 0.41537 34.07158
v -34.78085 0.63904 34.03063
v -34.44144 0.03500 34.57751
v -34.74144 0.03500 34.57751
v -34.69644 0.46500 34.57751
v -34.69144 0.71539 34.62751
v -34.51642 0.03500 34.44762
v -34.66647 0.03500 34.70740
v -34.64396 0.46500 34.66843
v -34.69144 0.71539 34.62751
v -34.66639 0.03500 34.44757
v -34.51649 0.03500 34.70744
v -34.53898 0.46500 34.66846
v -34.69144 0.71539 34.62751
v -35.13860 0.03500 19.02906
v -35.43860 0.03500 19.02906
v -35.39360 0.48652 19.02906
v -35.38860 0.74849 19.07906
v -35.21357 0.03500 18.89917
v -35.36362 0.03500 19.15895
v -35.34112 0.48652 19.11998
v -35.38860 0.74849 19.07906
v -35.36355 0.03500 18.89913
v -35.21365 0.03500 19.15900
v -35.23613 0.48652 19.12002
v -35.38860 0.74849 19.07906
v -35.00109 0.03500 19.55406
v -35.30109 0.03500 19.55406
v -35.25609 0.47401 19.55406
v -35.25109 0.72924 19.60406
v -35.07607 0.03500 19.42417
v -35.22612 0.03500 19.68395
v -35.20361 0.47401 19.64498
v -35.25109 0.72924 19.60406
v -35.22604 0.03500 19.42413
v -35.07614 0.03500 19.68400
v -35.09863 0.47401 19.64502
v -35.25109 0.72924 19.60406
v -35.02351 0.03500 20.18821
v -35.32351 0.03500 20.18821
v -35.27851 0.48080 20.18821
v -35.27351 0.73970 20.23821
v -35.09849 0.03500 20.05832
v -35.24854 0.03500 20.31810
v -35.22603 0.48080 20.27913
v -35.27351 0.73970 20.23821
v -35.24846 0.03500 20.05828
v -35.09857 0.03500 20.31814
v -35.12105 0.48080 20.27916
v -35.27351 0.73970 20.23821
v -35.08645 0.03500 20.71112
v -35.38645 0.03500 20.71112
v -35.34145 0.52676 20.71112
v -35.33645 0.81041 20.76112
v -35.16143 0.03500 20.58123
v -35.31148 0.03500 20.84101
v -35.28897 0.52676 20.80205
v -35.33645 0.81041 20.76112
v -35.31140 0.03500 20.58119
v -35.16150 0.03500 20.84106
v -35.18399 0.52676 20.80208
v -35.33645 0.81041 20.76112
v -35.06609 0.03500 21.36868
v -35.36609 0.03500 21.36868
v -35.32109 0.54928 21.36868
v -35.31609 0.84504 21.41868
v -35.14107 0.03500 21.23879
v -35.29112 0.03500 21.49857
v -35.26861 0.54928 21.45960
v -35.31609 0.84504 21.41868
v -35.29104 0.03500 21.23875
v -35.14114 0.03500 21.49861
v -35.16363 0.54928 21.45963
v -35.31609 0.84504 21.41868
v -35.05856 0.03500 21.94168
v -35.35856 0.03500 21.94168
v -35.31356 0.54554 21.94168
v -35.30856 0.83929 21.99168
v -35.13354 0.03500 21.81179
v -35.28359 0.03500 22.07157
v -35.26108 0.54554 22.03260
v -35.30856 0.83929 21.99168
v -35.28351 0.03500 21.81175
v -35.13361 0.03500 22.07162
v -35.15610 0.54554 22.03264
v -35.30856 0.83929 21.99168
v -34.96577 0.03500 22.69646
v -35.26577 0.03500 22.69646
v -35.22077 0.51564 22.69646
v -35.21577 0.79329 22.74646
v -35.04074 0.03500 22.56657
v -35.19079 0.03500 22.82635
v -35.16828 0.51564 22.78738
v -35.21577 0.79329 22.74646
v -35.19072 0.03500 22.56653
v -35.04082 0.03500 22.82640
v -35.06330 0.51564 22.78742
v -35.21577 0.79329 22.74646
v -35.01457 0.03500 23.16636
v -35.31457 0.03500 23.16636
v -35.26957 0.44611 23.16636
v -35.26457 0.68633 23.21636
v -35.08954 0.03500 23.03647
v -35.23959 0.03500 23.29625
v -35.21709 0.44611 23.25728
v -35.26457 0.68633 23.21636
v -35.23952 0.03500 23.03642
v -35.08962 0.03500 23.29629
v -35.11210 0.44611 23.25731
v -35.26457 0.68633 23.21636
v -35.01202 0.03500 23.86256
v -35.31202 0.03500 23.86256
v -35.26702 0.42849 23.86256
v -35.26202 0.65922 23.91256
v -35.08699 0.03500 23.73267
v -35.23704 0.03500 23.99245
v -35.21454 0.42849 23.95348
v -35.26202 0.65922 23.91256
v -35.23697 0.03500 23.73263
v -35.08707 0.03500 23.99249
v -35.10955 0.42849 23.95351
v -35.26202 0.65922 23.91256
v -35.08135 0.03500 24.43489
v -35.38135 0.03500 24.43489
v -35.33635 0.47292 24.43489
v -35.33135 0.72758 24.48489
v -35.15633 0.03500 24.30500
v -35.30638 0.03500 24.56478
v -35.28387 0.47292 24.52581
v -35.33135 0.72758 24.48489
v -35.30630 0.03500 24.30495
v -35.15640 0.03500 24.56482
v -35.17889 0.47292 24.52584
v -35.33135 0.72758 24.48489
v -34.97427 0.03500 24.93953
v -35.27427 0.03500 24.93953
v -35.22927 0.35604 24.93953
v -35.22427 0.54775 24.98953
v -35.04925 0.03500 24.80965
v -35.19930 0.03500 25.06942
v -35.17679 0.35604 25.03046
v -35.22427 0.54775 24.98953
v -35.19922 0.03500 24.80960
v -35.04933 0.03500 25.06947
v -35.07181 0.35604 25.03049
v -35.22427 0.54775 24.98953
v -35.01739 0.03500 25.69212
v -35.31739 0.03500 25.69212
v -35.27239 0.42661 25.69212
v -35.26739 0.65633 25.74212
v -35.09237 0.03500 25.56223
v -35.24242 0.03500 25.82201
v -35.21991 0.42661 25.78304
v -35.26739 0.65633 25.74212
v -35.24234 0.03500 25.56219
v -35.09244 0.03500 25.82206
v -35.11493 0.42661 25.78308
v -35.26739 0.65633 25.74212
v -35.06643 0.03500 26.12112
v -35.36643 0.03500 26.12112
v -35.32143 0.42516 26.12112
v -35.31643 0.65409 26.17112
v -35.14140 0.03500 25.99123
v -35.29145 0.03500 26.25101
v -35.26894 0.42516 26.21204
v -35.31643 0.65409 26.17112
v -35.29137 0.03500 25.99118
v -35.14148 0.03500 26.25105
v -35.16396 0.42516 26.21207
v -35.31643 0.65409 26.17112
v -35.14840 0.03500 26.81360
v -35.44840 0.03500 26.81360
v -35.40340 0.48666 26.81360
v -35.39840 0.74870 26.86360
v -35.22338 0.03500 26.68372
v -35.37343 0.03500 26.94349
v -35.35092 0.48666 26.90453
v -35.39840 0.74870 26.86360
v -35.37335 0.03500 26.68367
v -35.22345 0.03500 26.94354
v -35.24594 0.48666 26.90456
v -35.39840 0.74870 26.86360
v -35.06716 0.03500 27.43656
v -35.36716 0.03500 27.43656
v -35.32216 0.49254 27.43656
v -35.31716 0.75776 27.48656
v -35.14213 0.03500 27.30667
v -35.29219 0.03500 27.56644
v -35.26968 0.49254 27.52748
v -35.31716 0.75776 27.48656
v -35.29211 0.03500 27.30662
v -35.14221 0.03500 27.56649
v -35.16470 0.49254 27.52751
v -35.31716 0.75776 27.48656
v -35.13830 0.03500 28.02663
v -35.43830 0.03500 28.02663
v -35.39330 0.37047 28.02663
v -35.38830 0.56995 28.07663
v -35.21328 0.03500 27.89674
v -35.36333 0.03500 28.15652
v -35.34082 0.37047 28.11755
v -35.38830 0.56995 28.07663
v -35.36325 0.03500 27.89670
v -35.21336 0.03500 28.15656
v -35.23584 0.37047 28.11758
v -35.38830 0.56995 28.07663
v -34.95324 0.03500 28.67762
v -35.25324 0.03500 28.67762
v -35.20824 0.46904 28.67762
v -35.20324 0.72160 28.72762
v -35.02822 0.03500 28.54773
v -35.17827 0.03500 28.80751
v -35.15576 0.46904 28.76854
v -35.20324 0.72160 28.72762
v -35.17819 0.03500 28.54769
v -35.02829 0.03500 28.80756
v -35.05078 0.46904 28.76858
v -35.20324 0.72160 28.72762
v -34.99859 0.03500 29.12948
v -35.29859 0.03500 29.12948
v -35.25359 0.52202 29.12948
v -35.24859 0.80311 29.17948
v -35.07357 0.03500 28.99959
v -35.22362 0.03500 29.25937
v -35.20111 0.52202 29.22040
v -35.24859 0.80311 29.17948
v -35.22354 0.03500 28.99955
v -35.07364 0.03500 29.25942
v -35.09613 0.52202 29.22044
v -35.24859 0.80311 29.17948
v -35.04148 0.03500 29.82659
v -35.34148 0.03500 29.82659
v -35.29648 0.50817 29.82659
v -35.29148 0.78179 29.87659
v -35.11646 0.03500 29.69670
v -35.26651 0.03500 29.95648
v -35.24400 0.50817 29.91751
v -35.29148 0.78179 29.87659
v -35.26643 0.03500 29.69666
v -35.11653 0.03500 29.95652
v -35.13902 0.50817 29.91754
v -35.29148 0.78179 29.87659
v -34.99459 0.03500 30.36746
v -35.29459 0.03500 30.36746
v -35.24959 0.32497 30.36746
v -35.24459 0.49995 30.41746
v -35.06956 0.03500 30.23757
v -35.21961 0.03500 30.49735
v -35.19710 0.32497 30.45839
v -35.24459 0.49995 30.41746
v -35.21953 0.03500 30.23753
v -35.06964 0.03500 30.49740
v -35.09212 0.32497 30.45842
v -35.24459 0.49995 30.41746
v -35.07292 0.03500 30.92825
v -35.37292 0.03500 30.92825
v -35.32792 0.32233 30.92825
v -35.32292 0.49589 30.97825
v -35.14790 0.03500 30.79836
v -35.29795 0.03500 31.05813
v -35.27544 0.32233 31.01917
v -35.32292 0.49589 30.97825
v -35.29787 0.03500 30.79831
v -35.14798 0.03500 31.05818
v -35.17046 0.32233 31.01920
v -35.32292 0.49589 30.97825
v -35.10087 0.03500 31.65276
v -35.40087 0.03500 31.65276
v -35.35587 0.40510 31.65276
v -35.35087 0.62323 31.70276
v -35.17584 0.03500 31.52287
v -35.32589 0.03500 31.78265
v -35.30339 0.40510 31.74368
v -35.35087 0.62323 31.70276
v -35.32582 0.03500 31.52283
v -35.17592 0.03500 31.78269
v -35.19840 0.40510 31.74371
v -35.35087 0.62323 31.70276
v -35.02005 0.03500 32.25339
v -35.32005 0.03500 32.25339
v -35.27505 0.31748 32.25339
v -35.27005 0.48843 32.30339
v -35.09503 0.03500 32.12350
v -35.24508 0.03500 32.38327
v -35.22257 0.31748 32.34431
v -35.27005 0.48843 32.30339
v -35.24500 0.03500 32.12345
v -35.09510 0.03500 32.38332
v -35.11759 0.31748 32.34434
v -35.27005 0.48843 32.30339
v -35.09658 0.03500 32.70708
v -35.39658 0.03500 32.70708
v -35.35158 0.32861 32.70708
v -35.34658 0.50555 32.75708
v -35.17156 0.03500 32.57719
v -35.32161 0.03500 32.83697
v -35.29910 0.32861 32.79801
v -35.34658 0.50555 32.75708
v -35.32153 0.03500 32.57715
v -35.17164 0.03500 32.83702
v -35.19412 0.32861 32.79804
v -35.34658 0.50555 32.75708
v -35.02691 0.03500 33.44524
v -35.32691 0.03500 33.44524
v -35.28191 0.34467 33.44524
v -35.27691 0.53025 33.49524
v -35.10189 0.03500 33.31536
v -35.25194 0.03500 33.57513
v -35.22943 0.34467 33.53617
v -35.27691 0.53025 33.49524
v -35.25186 0.03500 33.31531
v -35.10196 0.03500 33.57518
v -35.12445 0.34467 33.53620
v -35.27691 0.53025 33.49524
v -35.13198 0.03500 34.08800
v -35.43198 0.03500 34.08800
v -35.38698 0.50360 34.08800
v -35.38198 0.77476 34.13800
v -35.20695 0.03500 33.95811
v -35.35700 0.03500 34.21789
v -35.33449 0.50360 34.17892
v -35.38198 0.77476 34.13800
v -35.35692 0.03500 33.95806
v -35.20703 0.03500 34.21793
v -35.22951 0.50360 34.17895
v -35.38198 0.77476 34.13800
v -35.08242 0.03500 34.69957
v -35.38242 0.03500 34.69957
v -35.33742 0.49864 34.69957
v -35.33242 0.76713 34.74957
v -35.15740 0.03500 34.56968
v -35.30745 0.03500 34.82945
v -35.28494 0.49864 34.79049
v -35.33242 0.76713 34.74957
v -35.30737 0.03500 34.56963
v -35.15747 0.03500 34.82950
v -35.17996 0.49864 34.79052
v -35.33242 0.76713 34.74957
v -35.60478 0.03500 19.00441
v -35.90478 0.03500 19.00441
v -35.85978 0.36866 19.00441
v -35.85478 0.56717 19.05441
v -35.67975 0.03500 18.87452
v -35.82980 0.03500 19.13430
v -35.80730 0.36866 19.09533
v -35.85478 0.56717 19.05441
v -35.82973 0.03500 18.87447
v -35.67983 0.03500 19.13434
v -35.70231 0.36866 19.09536
v -35.85478 0.56717 19.05441
v -35.66193 0.03500 19.66087
v -35.96193 0.03500 19.66087
v -35.91693 0.38735 19.66087
v -35.91193 0.59592 19.71087
v -35.73690 0.03500 19.53098
v -35.88695 0.03500 19.79076
v -35.86445 0.38735 19.75179
v -35.91193 0.59592 19.71087
v -35.88688 0.03500 19.53093
v -35.73698 0.03500 19.79080
v -35.75946 0.38735 19.75182
v -35.91193 0.59592 19.71087
v -35.68676 0.03500 20.23759
v -35.98676 0.03500 20.23759
v -35.94176 0.47104 20.23759
v -35.93676 0.72467 20.28759
v -35.76174 0.03500 20.10770
v -35.91179 0.03500 20.36748
v -35.88928 0.47104 20.32851
v -35.93676 0.72467 20.28759
v -35.91171 0.03500 20.10765
v -35.76181 0.03500 20.36752
v -35.78430 0.47104 20.32854
v -35.93676 0.72467 20.28759
v -35.71395 0.03500 20.79858
v -36.01395 0.03500 20.79858
v -35.96895 0.41997 20.79858
v -35.96395 0.64611 20.84858
v -35.78892 0.03500 20.66869
v -35.93897 0.03500 20.92847
v -35.91647 0.41997 20.88950
v -35.96395 0.64611 20.84858
v -35.93890 0.03500 20.66865
v -35.78900 0.03500 20.92851
v -35.81148 0.41997 20.88953
v -35.96395 0.64611 20.84858
v -35.56133 0.03500 21.36006
v -35.86133 0.03500 21.36006
v -35.81633 0.30494 21.36006
v -35.81133 0.46914 21.41006
v -35.63631 0.03500 21.23017
v -35.78636 0.03500 21.48995
v -35.76385 0.30494 21.45098
v -35.81133 0.46914 21.41006
v -35.78628 0.03500 21.23012
v -35.63638 0.03500 21.48999
v -35.65887 0.30494 21.45101
v -35.81133 0.46914 21.41006
v -35.63638 0.03500 22.00452
v -35.93638 0.03500 22.00452
v -35.89138 0.37765 22.00452
v -35.88638 0.58100 22.05452
v -35.71135 0.03500 21.87463
v -35.86140 0.03500 22.13441
v -35.83890 0.37765 22.09544
v -35.88638 0.58100 22.05452
v -35.86133 0.03500 21.87459
v -35.71143 0.03500 22.13445
v -35.73391 0.37765 22.09547
v -35.88638 0.58100 22.05452
v -35.69308 0.03500 22.60870
v -35.99308 0.03500 22.60870
v -35.94808 0.53302 22.60870
v -35.94308 0.82002 22.65870
v -35.76806 0.03500 22.47881
v -35.91811 0.03500 22.73859
v -35.89560 0.53302 22.69962
v -35.94308 0.82002 22.65870
v -35.91803 0.03500 22.47876
v -35.76813 0.03500 22.73863
v -35.79062 0.53302 22.69965
v -35.94308 0.82002 22.65870
v -35.58682 0.03500 23.10450
v -35.88682 0.03500 23.10450
v -35.84182 0.52688 23.10450
v -35.83682 0.81059 23.15450
v -35.66179 0.03500 22.97462
v -35.81184 0.03500 23.23439
v -35.78933 0.52688 23.19543
v -35.83682 0.81059 23.15450
v -35.81177 0.03500 22.97457
v -35.66187 0.03500 23.23444
v -35.68435 0.52688 23.19546
v -35.83682 0.81059 23.15450
v -35.57171 0.03500 23.78455
v -35.87171 0.03500 23.78455
v -35.82671 0.31645 23.78455
v -35.82171 0.48684 23.83455
v -35.64669 0.03500 23.65466
v -35.79674 0.03500 23.91444
v -35.77423 0.31645 23.87547
v -35.82171 0.48684 23.83455
v -35.79666 0.03500 23.65462
v -35.64676 0.03500 23.91448
v -35.66925 0.31645 23.87550
v -35.82171 0.48684 23.83455
v -35.72762 0.03500 24.38964
v -36.02762 0.03500 24.38964
v -35.98262 0.51651 24.38964
v -35.97762 0.79463 24.43964
v -35.80260 0.03500 24.25975
v -35.95265 0.03500 24.51953
v -35.93014 0.51651 24.48056
v -35.97762 0.79463 24.43964
v -35.95257 0.03500 24.25971
v -35.80268 0.03500 24.51957
v -35.82516 0.51651 24.48059
v -35.97762 0.79463 24.43964
v -35.63400 0.03500 25.02784
v -35.93400 0.03500 25.02784
v -35.88900 0.34234 25.02784
v -35.88400 0.52668 25.07784
v -35.70898 0.03500 24.89795
v -35.85903 0.03500 25.15773
v -35.83652 0.34234 25.11876
v -35.88400 0.52668 25.07784
v -35.85895 0.03500 24.89791
v -35.70905 0.03500 25.15777
v -35.73154 0.34234 25.11879
v -35.88400 0.52668 25.07784
v -35.74075 0.03500 25.54270
v -36.04075 0.03500 25.54270
v -35.99575 0.42270 25.54270
v -35.99075 0.65031 25.59270
v -35.81572 0.03500 25.41281
v -35.96577 0.03500 25.67259
v -35.94326 0.42270 25.63363
v -35.99075 0.65031 25.59270
v -35.96569 0.03500 25.41277
v -35.81580 0.03500 25.67264
v -35.83828 0.42270 25.63366
v -35.99075 0.65031 25.59270
v -35.62557 0.03500 26.12068
v -35.92557 0.03500 26.12068
v -35.88057 0.54046 26.12068
v -35.87557 0.83148 26.17068
v -35.70055 0.03500 25.99079
v -35.85060 0.03500 26.25057
v -35.82809 0.54046 26.21160
v -35.87557 0.83148 26.17068
v -35.85052 0.03500 25.99075
v -35.70062 0.03500 26.25061
v -35.72311 0.54046 26.21163
v -35.87557 0.83148 26.17068
v -35.65685 0.03500 26.74008
v -35.95685 0.03500 26.74008
v -35.91185 0.43733 26.74008
v -35.90685 0.67281 26.79008
v -35.73183 0.03500 26.61019
v -35.88188 0.03500 26.86997
v -35.85937 0.43733 26.83100
v -35.90685 0.67281 26.79008
v -35.88180 0.03500 26.61015
v -35.73191 0.03500 26.87002
v -35.75439 0.43733 26.83104
v -35.90685 0.67281 26.79008
v -35.58587 0.03500 27.46496
v -35.88587 0.03500 27.46496
v -35.84087 0.40839 27.46496
v -35.83587 0.62830 27.51496
v -35.66084 0.03500 27.33507
v -35.81090 0.03500 27.59485
v -35.78839 0.40839 27.55588
v -35.83587 0.62830 27.51496
v -35.81082 0.03500 27.33502
v -35.66092 0.03500 27.59489
v -35.68341 0.40839 27.55591
v -35.83587 0.62830 27.51496
v -35.70883 0.03500 28.08524
v -36.00883 0.03500 28.08524
v -35.96383 0.37082 28.08524
v -35.95883 0.57049 28.13524
v -35.78380 0.03500 27.95535
v -35.93386 0.03500 28.21513
v -35.91135 0.37082 28.17616
v -35.95883 0.57049 28.13524
v -35.93378 0.03500 27.95530
v -35.78388 0.03500 28.21517
v -35.80637 0.37082 28.17619
v -35.95883 0.57049 28.13524
v -35.71625 0.03500 28.52329
v -36.01625 0.03500 28.52329
v -35.97125 0.51579 28.52329
v -35.96625 0.79353 28.57329
v -35.79122 0.03500 28.39340
v -35.94127 0.03500 28.65318
v -35.91877 0.51579 28.61421
v -35.96625 0.79353 28.57329
v -35.94120 0.03500 28.39336
v -35.79130 0.03500 28.65322
v -35.81378 0.51579 28.61424
v -35.96625 0.79353 28.57329
v -35.62709 0.03500 29.29401
v -35.92709 0.03500 29.29401
v -35.88209 0.42235 29.29401
v -35.87709 0.64978 29.34401
v -35.70207 0.03500 29.16412
v -35.85212 0.03500 29.42390
v -35.82961 0.42235 29.38493
v -35.87709 0.64978 29.34401
v -35.85204 0.03500 29.16408
v -35.70214 0.03500 29.42394
v -35.72463 0.42235 29.38496
v -35.87709 0.64978 29.34401
v -35.62173 0.03500 29.76381
v -35.92173 0.03500 29.76381
v -35.87673 0.39874 29.76381
v -35.87173 0.61345 29.81381
v -35.69670 0.03500 29.63392
v -35.84676 0.03500 29.89370
v -35.82425 0.39874 29.85473
v -35.87173 0.61345 29.81381
v -35.84668 0.03500 29.63388
v -35.69678 0.03500 29.89374
v -35.71927 0.39874 29.85476
v -35.87173 0.61345 29.81381
v -35.63664 0.03500 30.37741
v -35.93664 0.03500 30.37741
v -35.89164 0.33842 30.37741
v -35.88664 0.52064 30.42741
v -35.71161 0.03500 30.24752
v -35.86166 0.03500 30.50730
v -35.83915 0.33842 30.46833
v -35.88664 0.52064 30.42741
v -35.86158 0.03500 30.24748
v -35.71169 0.03500 30.50734
v -35.73417 0.33842 30.46836
v -35.88664 0.52064 30.42741
v -35.56207 0.03500 31.01631
v -35.86207 0.03500 31.01631
v -35.81707 0.45032 31.01631
v -35.81207 0.69280 31.06631
v -35.63704 0.03500 30.88642
v -35.78709 0.03500 31.14620
v -35.76459 0.45032 31.10723
v -35.81207 0.69280 31.06631
v -35.78702 0.03500 30.88638
v -35.63712 0.03500 31.14624
v -35.65960 0.45032 31.10726
v -35.81207 0.69280 31.06631
v -35.73274 0.03500 31.60755
v -36.03274 0.03500 31.60755
v -35.98774 0.49225 31.60755
v -35.98274 0.75730 31.65755
v -35.80771 0.03500 31.47766
v -35.95776 0.03500 31.73744
v -35.93526 0.49225 31.69847
v -35.98274 0.75730 31.65755
v -35.95769 0.03500 31.47761
v -35.80779 0.03500 31.73748
v -35.83027 0.49225 31.69850
v -35.98274 0.75730 31.65755
v -35.65508 0.03500 32.22304
v -35.95508 0.03500 32.22304
v -35.91008 0.31957 32.22304
v -35.90508 0.49165 32.27304
v -35.73006 0.03500 32.09315
v -35.88011 0.03500 32.35293
v -35.85760 0.31957 32.31396
v -35.90508 0.49165 32.27304
v -35.88003 0.03500 32.09311
v -35.73013 0.03500 32.35297
v -35.75262 0.31957 32.31399
v -35.90508 0.49165 32.27304
v -35.73283 0.03500 32.78549
v -36.03283 0.03500 32.78549
v -35.98783 0.49689 32.78549
v -35.98283 0.76445 32.83549
v -35.80781 0.03500 32.65560
v -35.95786 0.03500 32.91538
v -35.93535 0.49689 32.87641
v -35.98283 0.76445 32.83549
v -35.95778 0.03500 32.65555
v -35.80788 0.03500 32.91542
v -35.83037 0.49689 32.87644
v -35.98283 0.76445 32.83549
v -35.58333 0.03500 33.36565
v -35.88333 0.03500 33.36565
v -35.83833 0.31507 33.36565
v -35.83333 0.48472 33.41565
v -35.65830 0.03500 33.23576
v -35.80835 0.03500 33.49554
v -35.78584 0.31507 33.45657
v -35.83333 0.48472 33.41565
v -35.80827 0.03500 33.23571
v -35.65838 0.03500 33.49558
v -35.68086 0.31507 33.45660
v -35.83333 0.48472 33.41565
v -35.64459 0.03500 34.06346
v -35.94459 0.03500 34.06346
v -35.89959 0.35390 34.06346
v -35.89459 0.54445 34.11346
v -35.71957 0.03500 33.93357
v -35.86962 0.03500 34.19335
v -35.84711 0.35390 34.15438
v -35.89459 0.54445 34.11346
v -35.86954 0.03500 33.93353
v -35.71964 0.03500 34.19339
v -35.74213 0.35390 34.15441
v -35.89459 0.54445 34.11346
v -35.57629 0.03500 34.66654
v -35.87629 0.03500 34.66654
v -35.83129 0.52656 34.66654
v -35.82629 0.81010 34.71654
v -35.65126 0.03500 34.53665
v -35.80131 0.03500 34.79643
v -35.77881 0.52656 34.75746
v -35.82629 0.81010 34.71654
v -35.80124 0.03500 34.53661
v -35.65134 0.03500 34.79647
v -35.67382 0.52656 34.75749
v -35.82629 0.81010 34.71654
v -36.24311 0.03500 19.07304
v -36.54311 0.03500 19.07304
v -36.49811 0.38225 19.07304
v -36.49311 0.58807 19.12304
v -36.31808 0.03500 18.94315
v -36.46813 0.03500 19.20293
v -36.44563 0.38225 19.16396
v -36.49311 0.58807 19.12304
v -36.46806 0.03500 18.94311
v -36.31816 0.03500 19.20298
v -36.34065 0.38225 19.16400
v -36.49311 0.58807 19.12304
v -36.29669 0.03500 19.55549
v -36.59669 0.03500 19.55549
v -36.55169 0.52987 19.55549
v -36.54669 0.81518 19.60549
v -36.37167 0.03500 19.42560
v -36.52172 0.03500 19.68538
v -36.49921 0.52987 19.64641
v -36.54669 0.81518 19.60549
v -36.52164 0.03500 19.42556
v -36.37174 0.03500 19.68542
v -36.39423 0.52987 19.64644
v -36.54669 0.81518 19.60549
v -36.29757 0.03500 20.24371
v -36.59757 0.03500 20.24371
v -36.55257 0.32296 20.24371
v -36.54757 0.49686 20.29371
v -36.37254 0.03500 20.11382
v -36.52259 0.03500 20.37360
v -36.50009 0.32296 20.33463
v -36.54757 0.49686 20.29371
v -36.52252 0.03500 20.11377
v -36.37262 0.03500 20.37364
v -36.39511 0.32296 20.33466
v -36.54757 0.49686 20.29371
v -36.23526 0.03500 20.76735
v -36.53526 0.03500 20.76735
v -36.49026 0.47656 20.76735
v -36.48526 0.73317 20.81735
v -36.31024 0.03500 20.63746
v -36.46029 0.03500 20.89724
v -36.43778 0.47656 20.85827
v -36.48526 0.73317 20.81735
v -36.46021 0.03500 20.63742
v -36.31031 0.03500 20.89728
v -36.33280 0.47656 20.85830
v -36.48526 0.73317 20.81735
v -36.27640 0.03500 21.47087
v -36.57640 0.03500 21.47087
v -36.53140 0.47677 21.47087
v -36.52640 0.73350 21.52087
v -36.35138 0.03500 21.34098
v -36.50143 0.03500 21.60076
v -36.47892 0.47677 21.56179
v -36.52640 0.73350 21.52087
v -36.50135 0.03500 21.34094
v -36.35145 0.03500 21.60080
v -36.37394 0.47677 21.56182
v -36.52640 0.73350 21.52087
v -36.24150 0.03500 21.90669
v -36.54150 0.03500 21.90669
v -36.49650 0.34746 21.90669
v -36.49150 0.53455 21.95669
v -36.31647 0.03500 21.77680
v -36.46652 0.03500 22.03658
v -36.44402 0.34746 21.99761
v -36.49150 0.53455 21.95669
v -36.46645 0.03500 21.77676
v -36.31655 0.03500 22.03662
v -36.33903 0.34746 21.99764
v -36.49150 0.53455 21.95669
v -36.30020 0.03500 22.57410
v -36.60020 0.03500 22.57410
v -36.55520 0.33016 22.57410
v -36.55020 0.50793 22.62410
v -36.37518 0.03500 22.44421
v -36.52523 0.03500 22.70398
v -36.50272 0.33016 22.66502
v -36.55020 0.50793 22.62410
v -36.52515 0.03500 22.44416
v -36.37525 0.03500 22.70403
v -36.39774 0.33016 22.66505
v -36.55020 0.50793 22.62410
v -36.17333 0.03500 23.28455
v -36.47333 0.03500 23.28455
v -36.42833 0.30514 23.28455
v -36.42333 0.46945 23.33455
v -36.24830 0.03500 23.15466
v -36.39835 0.03500 23.41444
v -36.37585 0.30514 23.37547
v -36.42333 0.46945 23.33455
v -36.39828 0.03500 23.15462
v -36.24838 0.03500 23.41448
v -36.27086 0.30514 23.37550
v -36.42333 0.46945 23.33455
v -36.28568 0.03500 23.89844
v -36.58568 0.03500 23.89844
v -36.54068 0.52309 23.89844
v -36.53568 0.80476 23.94844
v -36.36065 0.03500 23.76856
v -36.51070 0.03500 24.02833
v -36.48820 0.52309 23.98937
v -36.53568 0.80476 23.94844
v -36.51063 0.03500 23.76851
v -36.36073 0.03500 24.02838
v -36.38321 0.52309 23.98940
v -36.53568 0.80476 23.94844
v -36.20549 0.03500 24.41510
v -36.50549 0.03500 24.41510
v -36.46049 0.52890 24.41510
v -36.45549 0.81369 24.46510
v -36.28046 0.03500 24.28521
v -36.43052 0.03500 24.54499
v -36.40801 0.52890 24.50602
v -36.45549 0.81369 24.46510
v -36.43044 0.03500 24.28516
v -36.28054 0.03500 24.54503
v -36.30303 0.52890 24.50605
v -36.45549 0.81369 24.46510
v -36.31678 0.03500 25.05434
v -36.61678 0.03500 25.05434
v -36.57178 0.50724 25.05434
v -36.56678 0.78037 25.10434
v -36.39176 0.03500 24.92445
v -36.54181 0.03500 25.18423
v -36.51930 0.50724 25.14526
v -36.56678 0.78037 25.10434
v -36.54173 0.03500 24.92440
v -36.39183 0.03500 25.18427
v -36.41432 0.50724 25.14529
v -36.56678 0.78037 25.10434
v -36.26842 0.03500 25.61836
v -36.56842 0.03500 25.61836
v -36.52342 0.48472 25.61836
v -36.51842 0.74573 25.66836
v -36.34339 0.03500 25.48847
v -36.49344 0.03500 25.74825
v -36.47093 0.48472 25.70928
v -36.51842 0.74573 25.66836
v -36.49336 0.03500 25.48842
v -36.34347 0.03500 25.74829
v -36.36595 0.48472 25.70931
v -36.51842 0.74573 25.66836
v -36.31027 0.03500 26.25658
v -36.61027 0.03500 26.25658
v -36.56527 0.41330 26.25658
v -36.56027 0.63585 26.30658
v -36.38524 0.03500 26.12669
v -36.53529 0.03500 26.38647
v -36.51279 0.41330 26.34750
v -36.56027 0.63585 26.30658
v -36.53522 0.03500 26.12665
v -36.38532 0.03500 26.38651
v -36.40780 0.41330 26.34753
v -36.56027 0.63585 26.30658
v -36.25850 0.03500 26.72836
v -36.55850 0.03500 26.72836
v -36.51350 0.41946 26.72836
v -36.50850 0.64533 26.77836
v -36.33348 0.03500 26.59847
v -36.48353 0.03500 26.85824
v -36.46102 0.41946 26.81928
v -36.50850 0.64533 26.77836
v -36.48345 0.03500 26.59842
v -36.33356 0.03500 26.85829
v -36.35604 0.41946 26.81931
v -36.50850 0.64533 26.77836
v -36.31463 0.03500 27.44825
v -36.61463 0.03500 27.44825
v -36.56963 0.30763 27.44825
v -36.56463 0.47328 27.49825
v -36.38960 0.03500 27.31836
v -36.53965 0.03500 27.57814
v -36.51714 0.30763 27.53917
v -36.56463 0.47328 27.49825
v -36.53957 0.03500 27.31831
v -36.38968 0.03500 27.57818
v -36.41216 0.30763 27.53920
v -36.56463 0.47328 27.49825
v -36.25665 0.03500 28.05337
v -36.55665 0.03500 28.05337
v -36.51165 0.36331 28.05337
v -36.50665 0.55893 28.10337
v -36.33163 0.03500 27.92348
v -36.48168 0.03500 28.18326
v -36.45917 0.36331 28.14430
v -36.50665 0.55893 28.10337
v -36.48160 0.03500 27.92344
v -36.33171 0.03500 28.18331
v -36.35419 0.36331 28.14433
v -36.50665 0.55893 28.10337
v -36.25580 0.03500 28.60250
v -36.55580 0.03500 28.60250
v -36.51080 0.41759 28.60250
v -36.50580 0.64245 28.65250
v -36.33077 0.03500 28.47261
v -36.48083 0.03500 28.73239
v -36.45832 0.41759 28.69342
v -36.50580 0.64245 28.65250
v -36.48075 0.03500 28.47257
v -36.33085 0.03500 28.73243
v -36.35334 0.41759 28.69345
v -36.50580 0.64245 28.65250
v -36.15842 0.03500 29.19572
v -36.45842 0.03500 29.19572
v -36.41342 0.50869 29.19572
v -36.40842 0.78260 29.24572
v -36.23339 0.03500 29.06583
v -36.38344 0.03500 29.32561
v -36.36094 0.50869 29.28664
v -36.40842 0.78260 29.24572
v -36.38337 0.03500 29.06578
v -36.23347 0.03500 29.32565
v -36.25595 0.50869 29.28667
v -36.40842 0.78260 29.24572
v -36.17002 0.03500 29.70092
v -36.47002 0.03500 29.70092
v -36.42502 0.29594 29.70092
v -36.42002 0.45529 29.75092
v -36.24500 0.03500 29.57103
v -36.39505 0.03500 29.83081
v -36.37254 0.29594 29.79184
v -36.42002 0.45529 29.75092
v -36.39497 0.03500 29.57099
v -36.24508 0.03500 29.83085
v -36.26756 0.29594 29.79187
v -36.42002 0.45529 29.75092
v -36.34378 0.03500 30.35523
v -36.64378 0.03500 30.35523
v -36.59878 0.51032 30.35523
v -36.59378 0.78511 30.40523
v -36.41875 0.03500 30.22535
v -36.56881 0.03500 30.48512
v -36.54630 0.51032 30.44616
v -36.59378 0.78511 30.40523
v -36.56873 0.03500 30.22530
v -36.41883 0.03500 30.48517
v -36.44132 0.51032 30.44619
v -36.59378 0.78511 30.40523
v -36.21987 0.03500 31.01309
v -36.51987 0.03500 31.01309
v -36.47487 0.36850 31.01309
v -36.46987 0.56692 31.06309
v -36.29484 0.03500 30.88320
v -36.44490 0.03500 31.14298
v -36.42239 0.36850 31.10401
v -36.46987 0.56692 31.06309
v -36.44482 0.03500 30.88316
v -36.29492 0.03500 31.14302
v -36.31741 0.36850 31.10404
v -36.46987 0.56692 31.06309
v -36.27616 0.03500 31.50157
v -36.57616 0.03500 31.50157
v -36.53116 0.40463 31.50157
v -36.52616 0.62251 31.55157
v -36.35113 0.03500 31.37168
v -36.50118 0.03500 31.63146
v -36.47868 0.40463 31.59250
v -36.52616 0.62251 31.55157
v -36.50111 0.03500 31.37164
v -36.35121 0.03500 31.63151
v -36.37369 0.40463 31.59253
v -36.52616 0.62251 31.55157
v -36.25670 0.03500 32.11783
v -36.55670 0.03500 32.11783
v -36.51170 0.33666 32.11783
v -36.50670 0.51794 32.16783
v -36.33167 0.03500 31.98794
v -36.48173 0.03500 32.24772
v -36.45922 0.33666 32.20876
v -36.50670 0.51794 32.16783
v -36.48165 0.03500 31.98790
v -36.33175 0.03500 32.24777
v -36.35424 0.33666 32.20879
v -36.50670 0.51794 32.16783
v -36.33044 0.03500 32.86850
v -36.63044 0.03500 32.86850
v -36.58544 0.30711 32.86850
v -36.58044 0.47248 32.91850
v -36.40541 0.03500 32.73862
v -36.55546 0.03500 32.99839
v -36.53296 0.30711 32.95943
v -36.58044 0.47248 32.91850
v -36.55539 0.03500 32.73857
v -36.40549 0.03500 32.99844
v -36.42797 0.30711 32.95946
v -36.58044 0.47248 32.91850
v -36.21208 0.03500 33.49700
v -36.51208 0.03500 33.49700
v -36.46708 0.52771 33.49700
v -36.46208 0.81186 33.54700
v -36.28705 0.03500 33.36711
v -36.43710 0.03500 33.62688
v -36.41460 0.52771 33.58792
v -36.46208 0.81186 33.54700
v -36.43703 0.03500 33.36706
v -36.28713 0.03500 33.62693
v -36.30961 0.52771 33.58795
v -36.46208 0.81186 33.54700
v -36.16654 0.03500 34.00383
v -36.46654 0.03500 34.00383
v -36.42154 0.38571 34.00383
v -36.41654 0.59339 34.05383
v -36.24152 0.03500 33.87394
v -36.39157 0.03500 34.13371
v -36.36906 0.38571 34.09475
v -36.41654 0.59339 34.05383
v -36.39149 0.03500 33.87389
v -36.24160 0.03500 34.13376
v -36.26408 0.38571 34.09478
v -36.41654 0.59339 34.05383
v -36.30067 0.03500 34.52690
v -36.60067 0.03500 34.52690
v -36.55567 0.36911 34.52690
v -36.55067 0.56787 34.57690
v -36.37564 0.03500 34.39701
v -36.52569 0.03500 34.65679
v -36.50319 0.36911 34.61782
v -36.55067 0.56787 34.57690
v -36.52562 0.03500 34.39696
v -36.37572 0.03500 34.65683
v -36.39820 0.36911 34.61785
v -36.55067 0.56787 34.57690
v -36.88497 0.03500 19.05189
v -37.18497 0.03500 19.05189
v -37.13997 0.39213 19.05189
v -37.13497 0.60328 19.10189
v -36.95994 0.03500 18.92200
v -37.10999 0.03500 19.18178
v -37.08749 0.39213 19.14282
v -37.13497 0.60328 19.10189
v -37.10992 0.03500 18.92196
v -36.96002 0.03500 19.18183
v -36.98250 0.39213 19.14285
v -37.13497 0.60328 19.10189
v -36.85731 0.03500 19.68600
v -37.15731 0.03500 19.68600
v -37.11231 0.47081 19.68600
v -37.10731 0.72433 19.73600
v -36.93228 0.03500 19.55611
v -37.08233 0.03500 19.81589
v -37.05982 0.47081 19.77692
v -37.10731 0.72433 19.73600
v -37.08225 0.03500 19.55607
v -36.93236 0.03500 19.81593
v -36.95484 0.47081 19.77695
v -37.10731 0.72433 19.73600
v -36.86393 0.03500 20.21086
v -37.16393 0.03500 20.21086
v -37.11893 0.38957 20.21086
v -37.11393 0.59934 20.26086
v -36.93890 0.03500 20.08097
v -37.08895 0.03500 20.34075
v -37.06644 0.38957 20.30178
v -37.11393 0.59934 20.26086
v -37.08888 0.03500 20.08092
v -36.93898 0.03500 20.34079
v -36.96146 0.38957 20.30181
v -37.11393 0.59934 20.26086
v -36.79224 0.03500 20.88240
v -37.09224 0.03500 20.88240
v -37.04724 0.45685 20.88240
v -37.04224 0.70285 20.93240
v -36.86721 0.03500 20.75251
v -37.01727 0.03500 21.01229
v -36.99476 0.45685 20.97332
v -37.04224 0.70285 20.93240
v -37.01719 0.03500 20.75246
v -36.86729 0.03500 21.01233
v -36.88978 0.45685 20.97335
v -37.04224 0.70285 20.93240
v -36.82045 0.03500 21.32784
v -37.12045 0.03500 21.32784
v -37.07545 0.50556 21.32784
v -37.07045 0.77778 21.37784
v -36.89543 0.03500 21.19795
v -37.04548 0.03500 21.45773
v -37.02297 0.50556 21.41876
v -37.07045 0.77778 21.37784
v -37.04540 0.03500 21.19791
v -36.89550 0.03500 21.45777
v -36.91799 0.50556 21.41879
v -37.07045 0.77778 21.37784
v -36.87323 0.03500 21.95302
v -37.17323 0.03500 21.95302
v -37.12823 0.55089 21.95302
v -37.12323 0.84752 22.00302
v -36.94820 0.03500 21.82313
v -37.09825 0.03500 22.08291
v -37.07574 0.55089 22.04394
v -37.12323 0.84752 22.00302
v -37.09817 0.03500 21.82308
v -36.94828 0.03500 22.08295
v -36.97076 0.55089 22.04397
v -37.12323 0.84752 22.00302
v -36.90525 0.03500 22.51831
v -37.20525 0.03500 22.51831
v -37.16025 0.37447 22.51831
v -37.15525 0.57611 22.56831
v -36.98022 0.03500 22.38842
v -37.13027 0.03500 22.64820
v -37.10777 0.37447 22.60923
v -37.15525 0.57611 22.56831
v -37.13020 0.03500 22.38837
v -36.98030 0.03500 22.64824
v -37.00278 0.37447 22.60926
v -37.15525 0.57611 22.56831
v -36.93007 0.03500 23.16631
v -37.23007 0.03500 23.16631
v -37.18507 0.50359 23.16631
v -37.18007 0.77476 23.21631
v -37.00505 0.03500 23.03642
v -37.15510 0.03500 23.29620
v -37.13259 0.50359 23.25723
v -37.18007 0.77476 23.21631
v -37.15502 0.03500 23.03637
v -37.00512 0.03500 23.29624
v -37.02761 0.50359 23.25726
v -37.18007 0.77476 23.21631
v -36.80507 0.03500 23.85789
v -37.10507 0.03500 23.85789
v -37.06007 0.49607 23.85789
v -37.05507 0.76318 23.90789
v -36.88004 0.03500 23.72800
v -37.03010 0.03500 23.98778
v -37.00759 0.49607 23.94881
v -37.05507 0.76318 23.90789
v -37.03002 0.03500 23.72795
v -36.88012 0.03500 23.98782
v -36.90261 0.49607 23.94884
v -37.05507 0.76318 23.90789
v -36.80919 0.03500 24.47288
v -37.10919 0.03500 24.47288
v -37.06419 0.53736 24.47288
v -37.05919 0.82671 24.52288
v -36.88416 0.03500 24.34299
v -37.03421 0.03500 24.60277
v -37.01171 0.53736 24.56380
v -37.05919 0.82671 24.52288
v -37.03414 0.03500 24.34295
v -36.88424 0.03500 24.60281
v -36.90672 0.53736 24.56383
v -37.05919 0.82671 24.52288
v -36.81548 0.03500 25.03952
v -37.11548 0.03500 25.03952
v -37.07048 0.36272 25.03952
v -37.06548 0.55804 25.08952
v -36.89046 0.03500 24.90963
v -37.04051 0.03500 25.16941
v -37.01800 0.36272 25.13045
v -37.06548 0.55804 25.08952
v -37.04043 0.03500 24.90959
v -36.89054 0.03500 25.16946
v -36.91302 0.36272 25.13048
v -37.06548 0.55804 25.08952
v -36.89009 0.03500 25.58428
v -37.19009 0.03500 25.58428
v -37.14509 0.32963 25.58428
v -37.14009 0.50712 25.63428
v -36.96507 0.03500 25.45439
v -37.11512 0.03500 25.71417
v -37.09261 0.32963 25.67520
v -37.14009 0.50712 25.63428
v -37.11504 0.03500 25.45434
v -36.96515 0.03500 25.71421
v -36.98763 0.32963 25.67523
v -37.14009 0.50712 25.63428
v -36.90907 0.03500 26.10653
v -37.20907 0.03500 26.10653
v -37.16407 0.36112 26.10653
v -37.15907 0.55557 26.15653
v -36.98405 0.03500 25.97665
v -37.13410 0.03500 26.23642
v -37.11159 0.36112 26.19746
v -37.15907 0.55557 26.15653
v -37.13402 0.03500 25.97660
v -36.98412 0.03500 26.23647
v -37.00661 0.36112 26.19749
v -37.15907 0.55557 26.15653
v -36.93602 0.03500 26.73818
v -37.23602 0.03500 26.73818
v -37.19102 0.42042 26.73818
v -37.18602 0.64680 26.78818
v -37.01100 0.03500 26.60829
v -37.16105 0.03500 26.86807
v -37.13854 0.42042 26.82910
v -37.18602 0.64680 26.78818
v -37.16097 0.03500 26.60824
v -37.01107 0.03500 26.86811
v -37.03356 0.42042 26.82913
v -37.18602 0.64680 26.78818
v -36.84637 0.03500 27.33011
v -37.14637 0.03500 27.33011
v -37.10137 0.35107 27.33011
v -37.09637 0.54011 27.38011
v -36.92134 0.03500 27.20022
v -37.07139 0.03500 27.46000
v -37.04888 0.35107 27.42103
v -37.09637 0.54011 27.38011
v -37.07132 0.03500 27.20018
v -36.92142 0.03500 27.46004
v -36.94390 0.35107 27.42106
v -37.09637 0.54011 27.38011
v -36.88221 0.03500 27.96982
v -37.18221 0.03500 27.96982
v -37.13721 0.37873 27.96982
v -37.13221 0.58266 28.01982
v -36.95718 0.03500 27.83994
v -37.10723 0.03500 28.09971
v -37.08473 0.37873 28.06075
v -37.13221 0.58266 28.01982
v -37.10716 0.03500 27.83989
v -36.95726 0.03500 28.09976
v -36.97974 0.37873 28.06078
v -37.13221 0.58266 28.01982
v -36.79032 0.03500 28.52876
v -37.09032 0.03500 28.52876
v -37.04532 0.38888 28.52876
v -37.04032 0.59828 28.57876
v -36.86530 0.03500 28.39887
v -37.01535 0.03500 28.65865
v -36.99284 0.38888 28.61969
v -37.04032 0.59828 28.57876
v -37.01527 0.03500 28.39883
v -36.86538 0.03500 28.65870
v -36.88786 0.38888 28.61972
v -37.04032 0.59828 28.57876
v -36.87719 0.03500 29.24750
v -37.17719 0.03500 29.24750
v -37.13219 0.42997 29.24750
v -37.12719 0.66149 29.29750
v -36.95216 0.03500 29.11761
v -37.10221 0.03500 29.37739
v -37.07970 0.42997 29.33843
v -37.12719 0.66149 29.29750
v -37.10214 0.03500 29.11757
v -36.95224 0.03500 29.37744
v -36.97472 0.42997 29.33846
v -37.12719 0.66149 29.29750
v -36.93409 0.03500 29.88658
v -37.23409 0.03500 29.88658
v -37.18909 0.49959 29.88658
v -37.18409 0.76860 29.93658
v -37.00906 0.03500 29.75669
v -37.15912 0.03500 30.01647
v -37.13661 0.49959 29.97750
v -37.18409 0.76860 29.93658
v -37.15904 0.03500 29.75665
v -37.00914 0.03500 30.01651
v -37.03163 0.49959 29.97753
v -37.18409 0.76860 29.93658
v -36.82175 0.03500 30.42189
v -37.12175 0.03500 30.42189
v -37.07675 0.32385 30.42189
v -37.07175 0.49823 30.47189
v -36.89672 0.03500 30.29200
v -37.04678 0.03500 30.55178
v -37.02427 0.32385 30.51281
v -37.07175 0.49823 30.47189
v -37.04670 0.03500 30.29196
v -36.89680 0.03500 30.55182
v -36.91929 0.32385 30.51284
v -37.07175 0.49823 30.47189
v -36.90812 0.03500 30.91329
v -37.20812 0.03500 30.91329
v -37.16312 0.31968 30.91329
v -37.15812 0.49182 30.96329
v -36.98309 0.03500 30.78340
v -37.13315 0.03500 31.04318
v -37.11064 0.31968 31.00422
v -37.15812 0.49182 30.96329
v -37.13307 0.03500 30.78336
v -36.98317 0.03500 31.04323
v -37.00566 0.31968 31.00425
v -37.15812 0.49182 30.96329
v -36.89719 0.03500 31.62666
v -37.19719 0.03500 31.62666
v -37.15219 0.29367 31.62666
v -37.14719 0.45179 31.67666
v -36.97217 0.03500 31.49677
v -37.12222 0.03500 31.75655
v -37.09971 0.29367 31.71758
v -37.14719 0.45179 31.67666
v -37.12214 0.03500 31.49673
v -36.97224 0.03500 31.75659
v -36.99473 0.29367 31.71761
v -37.14719 0.45179 31.67666
v -36.87724 0.03500 32.16908
v -37.17724 0.03500 32.16908
v -37.13224 0.37983 32.16908
v -37.12724 0.58435 32.21908
v -36.95222 0.03500 32.03919
v -37.10227 0.03500 32.29897
v -37.07976 0.37983 32.26000
v -37.12724 0.58435 32.21908
v -37.10219 0.03500 32.03915
v -36.95229 0.03500 32.29901
v -36.97478 0.37983 32.26003
v -37.12724 0.58435 32.21908
v -36.92363 0.03500 32.73964
v -37.22363 0.03500 32.73964
v -37.17863 0.43985 32.73964
v -37.17363 0.67669 32.78964
v -36.99861 0.03500 32.60975
v -37.14866 0.03500 32.86953
v -37.12615 0.43985 32.83056
v -37.17363 0.67669 32.78964
v -37.14858 0.03500 32.60971
v -36.99868 0.03500 32.86957
v -37.02117 0.43985 32.83059
v -37.17363 0.67669 32.78964
v -36.77572 0.03500 33.32879
v -37.07572 0.03500 33.32879
v -37.03072 0.54419 33.32879
v -37.02572 0.83722 33.37879
v -36.85070 0.03500 33.19890
v -37.00075 0.03500 33.45868
v -36.97824 0.54419 33.41971
v -37.02572 0.83722 33.37879
v -37.00067 0.03500 33.19885
v -36.85077 0.03500 33.45872
v -36.87326 0.54419 33.41974
v -37.02572 0.83722 33.37879
v -36.83214 0.03500 34.00225
v -37.13214 0.03500 34.00225
v -37.08714 0.34060 34.00225
v -37.08214 0.52400 34.05225
v -36.90712 0.03500 33.87236
v -37.05717 0.03500 34.13214
v -37.03466 0.34060 34.09317
v -37.08214 0.52400 34.05225
v -37.05709 0.03500 33.87231
v -36.90719 0.03500 34.13218
v -36.92968 0.34060 34.09320
v -37.08214 0.52400 34.05225
v -36.91957 0.03500 34.53634
v -37.21957 0.03500 34.53634
v -37.17457 0.29484 34.53634
v -37.16957 0.45359 34.58634
v -36.99455 0.03500 34.40645
v -37.14460 0.03500 34.66623
v -37.12209 0.29484 34.62726
v -37.16957 0.45359 34.58634
v -37.14452 0.03500 34.40640
v -36.99462 0.03500 34.66627
v -37.01711 0.29484 34.62729
v -37.16957 0.45359 34.58634
v -37.35644 0.03500 18.99698
v -37.65644 0.03500 18.99698
v -37.61144 0.42454 18.99698
v -37.60644 0.65314 19.04698
v -37.43142 0.03500 18.86709
v -37.58147 0.03500 19.12686
v -37.55896 0.42454 19.08790
v -37.60644 0.65314 19.04698
v -37.58139 0.03500 18.86704
v -37.43149 0.03500 19.12691
v -37.45398 0.42454 19.08793
v -37.60644 0.65314 19.04698
v -37.46385 0.03500 19.60890
v -37.76385 0.03500 19.60890
v -37.71885 0.33605 19.60890
v -37.71385 0.51700 19.65890
v -37.53883 0.03500 19.47901
v -37.68888 0.03500 19.73879
v -37.66637 0.33605 19.69982
v -37.71385 0.51700 19.65890
v -37.68880 0.03500 19.47897
v -37.53890 0.03500 19.73883
v -37.56139 0.33605 19.69985
v -37.71385 0.51700 19.65890
v -37.50944 0.03500 20.11668
v -37.80944 0.03500 20.11668
v -37.76444 0.41167 20.11668
v -37.75944 0.63333 20.16668
v -37.58442 0.03500 19.98679
v -37.73447 0.03500 20.24657
v -37.71196 0.41167 20.20760
v -37.75944 0.63333 20.16668
v -37.73439 0.03500 19.98675
v -37.58450 0.03500 20.24661
v -37.60698 0.41167 20.20763
v -37.75944 0.63333 20.16668
v -37.35346 0.03500 20.70985
v -37.65346 0.03500 20.70985
v -37.60846 0.41636 20.70985
v -37.60346 0.64056 20.75985
v -37.42844 0.03500 20.57997
v -37.57849 0.03500 20.83974
v -37.55598 0.41636 20.80078
v -37.60346 0.64056 20.75985
v -37.57841 0.03500 20.57992
v -37.42851 0.03500 20.83979
v -37.45100 0.41636 20.80081
v -37.60346 0.64056 20.75985
v -37.42228 0.03500 21.49286
v -37.72228 0.03500 21.49286
v -37.67728 0.50378 21.49286
v -37.67228 0.77505 21.54286
v -37.49725 0.03500 21.36297
v -37.64730 0.03500 21.62275
v -37.62479 0.50378 21.58378
v -37.67228 0.77505 21.54286
v -37.64722 0.03500 21.36293
v -37.49733 0.03500 21.62279
v -37.51981 0.50378 21.58381
v -37.67228 0.77505 21.54286
v -37.35237 0.03500 22.01126
v -37.65237 0.03500 22.01126
v -37.60737 0.38513 22.01126
v -37.60237 0.59251 22.06126
v -37.42734 0.03500 21.88137
v -37.57739 0.03500 22.14115
v -37.55489 0.38513 22.10219
v -37.60237 0.59251 22.06126
v -37.57732 0.03500 21.88133
v -37.42742 0.03500 22.14120
v -37.44990 0.38513 22.10222
v -37.60237 0.59251 22.06126
v -37.36442 0.03500 22.67956
v -37.66442 0.03500 22.67956
v -37.61942 0.48407 22.67956
v -37.61442 0.74472 22.72956
v -37.43939 0.03500 22.54967
v -37.58944 0.03500 22.80945
v -37.56693 0.48407 22.77049
v -37.61442 0.74472 22.72956
v -37.58936 0.03500 22.54963
v -37.43947 0.03500 22.80950
v -37.46195 0.48407 22.77052
v -37.61442 0.74472 22.72956
v -37.41238 0.03500 23.20674
v -37.71238 0.03500 23.20674
v -37.66738 0.41474 23.20674
v -37.66238 0.63805 23.25674
v -37.48736 0.03500 23.07685
v -37.63741 0.03500 23.33663
v -37.61490 0.41474 23.29766
v -37.66238 0.63805 23.25674
v -37.63733 0.03500 23.07681
v -37.48744 0.03500 23.33667
v -37.50992 0.41474 23.29769
v -37.66238 0.63805 23.25674
v -37.47800 0.03500 23.85726
v -37.77800 0.03500 23.85726
v -37.73300 0.50073 23.85726
v -37.72800 0.77036 23.90726
v -37.55297 0.03500 23.72737
v -37.70303 0.03500 23.98715
v -37.68052 0.50073 23.94818
v -37.72800 0.77036 23.90726
v -37.70295 0.03500 23.72733
v -37.55305 0.03500 23.98719
v -37.57554 0.50073 23.94821
v -37.72800 0.77036 23.90726
v -37.51174 0.03500 24.47579
v -37.81174 0.03500 24.47579
v -37.76674 0.43997 24.47579
v -37.76174 0.67688 24.52579
v -37.58671 0.03500 24.34591
v -37.73676 0.03500 24.60568
v -37.71426 0.43997 24.56672
v -37.76174 0.67688 24.52579
v -37.73669 0.03500 24.34586
v -37.58679 0.03500 24.60573
v -37.60927 0.43997 24.56675
v -37.76174 0.67688 24.52579
v -37.50664 0.03500 25.02336
v -37.80664 0.03500 25.02336
v -37.76164 0.45806 25.02336
v -37.75664 0.70470 25.07336
v -37.58161 0.03500 24.89347
v -37.73166 0.03500 25.15325
v -37.70915 0.45806 25.11428
v -37.75664 0.70470 25.07336
v -37.73158 0.03500 24.89342
v -37.58169 0.03500 25.15329
v -37.60417 0.45806 25.11431
v -37.75664 0.70470 25.07336
v -37.51124 0.03500 25.56344
v -37.81124 0.03500 25.56344
v -37.76624 0.30997 25.56344
v -37.76124 0.47688 25.61344
v -37.58621 0.03500 25.43355
v -37.73627 0.03500 25.69333
v -37.71376 0.30997 25.65436
v -37.76124 0.47688 25.61344
v -37.73619 0.03500 25.43351
v -37.58629 0.03500 25.69338
v -37.60878 0.30997 25.65440
v -37.76124 0.47688 25.61344
v -37.40850 0.03500 26.28380
v -37.70850 0.03500 26.28380
v -37.66350 0.48490 26.28380
v -37.65850 0.74600 26.33380
v -37.48348 0.03500 26.15391
v -37.63353 0.03500 26.41369
v -37.61102 0.48490 26.37472
v -37.65850 0.74600 26.33380
v -37.63345 0.03500 26.15387
v -37.48355 0.03500 26.41373
v -37.50604 0.48490 26.37475
v -37.65850 0.74600 26.33380
v -37.52961 0.03500 26.72616
v -37.82961 0.03500 26.72616
v -37.78461 0.43910 26.72616
v -37.77961 0.67554 26.77616
v -37.60458 0.03500 26.59627
v -37.75463 0.03500 26.85605
v -37.73213 0.43910 26.81708
v -37.77961 0.67554 26.77616
v -37.75456 0.03500 26.59623
v -37.60466 0.03500 26.85610
v -37.62715 0.43910 26.81712
v -37.77961 0.67554 26.77616
v -37.48539 0.03500 27.38592
v -37.78539 0.03500 27.38592
v -37.74039 0.32646 27.38592
v -37.73539 0.50225 27.43592
v -37.56036 0.03500 27.25603
v -37.71042 0.03500 27.51581
v -37.68791 0.32646 27.47684
v -37.73539 0.50225 27.43592
v -37.71034 0.03500 27.25599
v -37.56044 0.03500 27.51586
v -37.58293 0.32646 27.47688
v -37.73539 0.50225 27.43592
v -37.39810 0.03500 27.91658
v -37.69810 0.03500 27.91658
v -37.65310 0.38145 27.91658
v -37.64810 0.58684 27.96658
v -37.47308 0.03500 27.78669
v -37.62313 0.03500 28.04647
v -37.60062 0.38145 28.00750
v -37.64810 0.58684 27.96658
v -37.62305 0.03500 27.78664
v -37.47315 0.03500 28.04651
v -37.49564 0.38145 28.00753
v -37.64810 0.58684 27.96658
v -37.54231 0.03500 28.60476
v -37.84231 0.03500 28.60476
v -37.79731 0.44035 28.60476
v -37.79231 0.67746 28.65476
v -37.61729 0.03500 28.47487
v -37.76734 0.03500 28.73465
v -37.74483 0.44035 28.69568
v -37.79231 0.67746 28.65476
v -37.76726 0.03500 28.47483
v -37.61736 0.03500 28.73470
v -37.63985 0.44035 28.69572
v -37.79231 0.67746 28.65476
v -37.40191 0.03500 29.18236
v -37.70191 0.03500 29.18236
v -37.65691 0.45950 29.18236
v -37.65191 0.70692 29.23236
v -37.47689 0.03500 29.05247
v -37.62694 0.03500 29.31225
v -37.60443 0.45950 29.27328
v -37.65191 0.70692 29.23236
v -37.62686 0.03500 29.05243
v -37.47696 0.03500 29.31229
v -37.49945 0.45950 29.27331
v -37.65191 0.70692 29.23236
v -37.40994 0.03500 29.82820
v -37.70994 0.03500 29.82820
v -37.66494 0.30818 29.82820
v -37.65994 0.47412 29.87820
v -37.48492 0.03500 29.69831
v -37.63497 0.03500 29.95808
v -37.61246 0.30818 29.91912
v -37.65994 0.47412 29.87820
v -37.63489 0.03500 29.69826
v -37.48500 0.03500 29.95813
v -37.50748 0.30818 29.91915
v -37.65994 0.47412 29.87820
v -37.41426 0.03500 30.34724
v -37.71426 0.03500 30.34724
v -37.66926 0.41014 30.34724
v -37.66426 0.63099 30.39724
v -37.48923 0.03500 30.21735
v -37.63928 0.03500 30.47713
v -37.61678 0.41014 30.43816
v -37.66426 0.63099 30.39724
v -37.63921 0.03500 30.21731
v -37.48931 0.03500 30.47718
v -37.51179 0.41014 30.43820
v -37.66426 0.63099 30.39724
v -37.38553 0.03500 30.98682
v -37.68553 0.03500 30.98682
v -37.64053 0.45211 30.98682
v -37.63553 0.69555 31.03682
v -37.46051 0.03500 30.85693
v -37.61056 0.03500 31.11670
v -37.58805 0.45211 31.07774
v -37.63553 0.69555 31.03682
v -37.61048 0.03500 30.85688
v -37.46059 0.03500 31.11675
v -37.48307 0.45211 31.07777
v -37.63553 0.69555 31.03682
v -37.41029 0.03500 31.66122
v -37.71029 0.03500 31.66122
v -37.66529 0.50658 31.66122
v -37.66029 0.77935 31.71122
v -37.48527 0.03500 31.53133
v -37.63532 0.03500 31.79110
v -37.61281 0.50658 31.75214
v -37.66029 0.77935 31.71122
v -37.63524 0.03500 31.53128
v -37.48534 0.03500 31.79115
v -37.50783 0.50658 31.75217
v -37.66029 0.77935 31.71122
v -37.46808 0.03500 32.14415
v -37.76808 0.03500 32.14415
v -37.72308 0.38375 32.14415
v -37.71808 0.59038 32.19415
v -37.54306 0.03500 32.01427
v -37.69311 0.03500 32.27404
v -37.67060 0.38375 32.23508
v -37.71808 0.59038 32.19415
v -37.69303 0.03500 32.01422
v -37.54313 0.03500 32.27409
v -37.56562 0.38375 32.23511
v -37.71808 0.59038 32.19415
v -37.37900 0.03500 32.87268
v -37.67900 0.03500 32.87268
v -37.63400 0.46851 32.87268
v -37.62900 0.72078 32.92268
v -37.45397 0.03500 32.74279
v -37.60402 0.03500 33.00257
v -37.58151 0.46851 32.96361
v -37.62900 0.72078 32.92268
v -37.60395 0.03500 32.74275
v -37.45405 0.03500 33.00262
v -37.47653 0.46851 32.96364
v -37.62900 0.72078 32.92268
v -37.37046 0.03500 33.49553
v -37.67046 0.03500 33.49553
v -37.62546 0.37018 33.49553
v -37.62046 0.56951 33.54553
v -37.44543 0.03500 33.36564
v -37.59548 0.03500 33.62542
v -37.57297 0.37018 33.58645
v -37.62046 0.56951 33.54553
v -37.59541 0.03500 33.36560
v -37.44551 0.03500 33.62546
v -37.46799 0.37018 33.58648
v -37.62046 0.56951 33.54553
v -37.38873 0.03500 34.05941
v -37.68873 0.03500 34.05941
v -37.64373 0.37433 34.05941
v -37.63873 0.57589 34.10941
v -37.46370 0.03500 33.92953
v -37.61376 0.03500 34.18930
v -37.59125 0.37433 34.15034
v -37.63873 0.57589 34.10941
v -37.61368 0.03500 33.92948
v -37.46378 0.03500 34.18935
v -37.48627 0.37433 34.15037
v -37.63873 0.57589 34.10941
v -37.53831 0.03500 34.65013
v -37.83831 0.03500 34.65013
v -37.79331 0.53997 34.65013
v -37.78831 0.83073 34.70013
v -37.61328 0.03500 34.52024
v -37.76333 0.03500 34.78002
v -37.74083 0.53997 34.74105
v -37.78831 0.83073 34.70013
v -37.76326 0.03500 34.52020
v -37.61336 0.03500 34.78006
v -37.63584 0.53997 34.74108
v -37.78831 0.83073 34.70013
v -38.08711 0.03500 18.94168
v -38.38711 0.03500 18.94168
v -38.34211 0.44346 18.94168
v -38.33711 0.68225 18.99168
v -38.16208 0.03500 18.81179
v -38.31213 0.03500 19.07157
v -38.28962 0.44346 19.03260
v -38.33711 0.68225 18.99168
v -38.31205 0.03500 18.81174
v -38.16216 0.03500 19.07161
v -38.18464 0.44346 19.03263
v -38.33711 0.68225 18.99168
v -37.99022 0.03500 19.51875
v -38.29022 0.03500 19.51875
v -38.24522 0.52904 19.51875
v -38.24022 0.81390 19.56875
v -38.06519 0.03500 19.38886
v -38.21524 0.03500 19.64863
v -38.19273 0.52904 19.60967
v -38.24022 0.81390 19.56875
v -38.21516 0.03500 19.38881
v -38.06527 0.03500 19.64868
v -38.08775 0.52904 19.60970
v -38.24022 0.81390 19.56875
v -37.98583 0.03500 20.21494
v -38.28583 0.03500 20.21494
v -38.24083 0.51507 20.21494
v -38.23583 0.79241 20.26494
v -38.06080 0.03500 20.08505
v -38.21085 0.03500 20.34483
v -38.18834 0.51507 20.30586
v -38.23583 0.79241 20.26494
v -38.21078 0.03500 20.08500
v -38.06088 0.03500 20.34487
v -38.08336 0.51507 20.30589
v -38.23583 0.79241 20.26494
v -38.04772 0.03500 20.79840
v -38.34772 0.03500 20.79840
v -38.30272 0.53545 20.79840
v -38.29772 0.82377 20.84840
v -38.12270 0.03500 20.66851
v -38.27275 0.03500 20.92828
v -38.25024 0.53545 20.88932
v -38.29772 0.82377 20.84840
v -38.27267 0.03500 20.66846
v -38.12277 0.03500 20.92833
v -38.14526 0.53545 20.88935
v -38.29772 0.82377 20.84840
v -38.05289 0.03500 21.39490
v -38.35289 0.03500 21.39490
v -38.30789 0.49872 21.39490
v -38.30289 0.76727 21.44490
v -38.12786 0.03500 21.26501
v -38.27791 0.03500 21.52479
v -38.25541 0.49872 21.48582
v -38.30289 0.76727 21.44490
v -38.27784 0.03500 21.26497
v -38.12794 0.03500 21.52483
v -38.15042 0.49872 21.48585
v -38.30289 0.76727 21.44490
v -38.07552 0.03500 22.08534
v -38.37552 0.03500 22.08534
v -38.33052 0.35985 22.08534
v -38.32552 0.55362 22.13534
v -38.15049 0.03500 21.95545
v -38.30055 0.03500 22.21523
v -38.27804 0.35985 22.17626
v -38.32552 0.55362 22.13534
v -38.30047 0.03500 21.95540
v -38.15057 0.03500 22.21527
v -38.17306 0.35985 22.17629
v -38.32552 0.55362 22.13534
v -37.98172 0.03500 22.50596
v -38.28172 0.03500 22.50596
v -38.23672 0.50734 22.50596
v -38.23172 0.78052 22.55596
v -38.05669 0.03500 22.37607
v -38.20674 0.03500 22.63585
v -38.18423 0.50734 22.59689
v -38.23172 0.78052 22.55596
v -38.20666 0.03500 22.37603
v -38.05677 0.03500 22.63590
v -38.07925 0.50734 22.59692
v -38.23172 0.78052 22.55596
v -38.09412 0.03500 23.18503
v -38.39412 0.03500 23.18503
v -38.34912 0.30176 23.18503
v -38.34412 0.46424 23.23503
v -38.16910 0.03500 23.05514
v -38.31915 0.03500 23.31492
v -38.29664 0.30176 23.27595
v -38.34412 0.46424 23.23503
v -38.31907 0.03500 23.05509
v -38.16918 0.03500 23.31496
v -38.19166 0.30176 23.27598
v -38.34412 0.46424 23.23503
v -38.13376 0.03500 23.76820
v -38.43376 0.03500 23.76820
v -38.38876 0.34593 23.76820
v -38.38376 0.53219 23.81820
v -38.20874 0.03500 23.63831
v -38.35879 0.03500 23.89809
v -38.33628 0.34593 23.85912
v -38.38376 0.53219 23.81820
v -38.35871 0.03500 23.63827
v -38.20882 0.03500 23.89813
v -38.23130 0.34593 23.85915
v -38.38376 0.53219 23.81820
v -37.96453 0.03500 24.47916
v -38.26453 0.03500 24.47916
v -38.21953 0.47808 24.47916
v -38.21453 0.73551 24.52916
v -38.03951 0.03500 24.34927
v -38.18956 0.03500 24.60905
v -38.16705 0.47808 24.57008
v -38.21453 0.73551 24.52916
v -38.18948 0.03500 24.34922
v -38.03958 0.03500 24.60909
v -38.06207 0.47808 24.57011
v -38.21453 0.73551 24.52916
v -38.00173 0.03500 25.07692
v -38.30173 0.03500 25.07692
v -38.25673 0.40303 25.07692
v -38.25173 0.62005 25.12692
v -38.07670 0.03500 24.94703
v -38.22675 0.03500 25.20681
v -38.20425 0.40303 25.16785
v -38.25173 0.62005 25.12692
v -38.22668 0.03500 24.94699
v -38.07678 0.03500 25.20686
v -38.09926 0.40303 25.16788
v -38.25173 0.62005 25.12692
v -37.99336 0.03500 25.67797
v -38.29336 0.03500 25.67797
v -38.24836 0.37373 25.67797
v -38.24336 0.57498 25.72797
v -38.06834 0.03500 25.54808
v -38.21839 0.03500 25.80786
v -38.19588 0.37373 25.76890
v -38.24336 0.57498 25.72797
v -38.21831 0.03500 25.54804
v -38.06842 0.03500 25.80791
v -38.09090 0.37373 25.76893
v -38.24336 0.57498 25.72797
v -38.06001 0.03500 26.23317
v -38.36001 0.03500 26.23317
v -38.31501 0.50653 26.23317
v -38.31001 0.77928 26.28317
v -38.13499 0.03500 26.10328
v -38.28504 0.03500 26.36306
v -38.26253 0.50653 26.32409
v -38.31001 0.77928 26.28317
v -38.28496 0.03500 26.10324
v -38.13506 0.03500 26.36311
v -38.15755 0.50653 26.32413
v -38.31001 0.77928 26.28317
v -38.04310 0.03500 26.76592
v -38.34310 0.03500 26.76592
v -38.29810 0.46796 26.76592
v -38.29310 0.71994 26.81592
v -38.11807 0.03500 26.63603
v -38.26812 0.03500 26.89581
v -38.24561 0.46796 26.85684
v -38.29310 0.71994 26.81592
v -38.26805 0.03500 26.63598
v -38.11815 0.03500 26.89585
v -38.14063 0.46796 26.85687
v -38.29310 0.71994 26.81592
v -38.05373 0.03500 27.30103
v -38.35373 0.03500 27.30103
v -38.30873 0.37578 27.30103
v -38.30373 0.57812 27.35103
v -38.12870 0.03500 27.17114
v -38.27875 0.03500 27.43092
v -38.25625 0.37578 27.39195
v -38.30373 0.57812 27.35103
v -38.27868 0.03500 27.17110
v -38.12878 0.03500 27.43097
v -38.15126 0.37578 27.39199
v -38.30373 0.57812 27.35103
v -38.07382 0.03500 27.90140
v -38.37382 0.03500 27.90140
v -38.32882 0.33334 27.90140
v -38.32382 0.51282 27.95140
v -38.14880 0.03500 27.77151
v -38.29885 0.03500 28.03129
v -38.27634 0.33334 27.99232
v -38.32382 0.51282 27.95140
v -38.29877 0.03500 27.77146
v -38.14888 0.03500 28.03133
v -38.17136 0.33334 27.99235
v -38.32382 0.51282 27.95140
v -37.96658 0.03500 28.50665
v -38.26658 0.03500 28.50665
v -38.22158 0.42439 28.50665
v -38.21658 0.65291 28.55665
v -38.04156 0.03500 28.37676
v -38.19161 0.03500 28.63654
v -38.16910 0.42439 28.59757
v -38.21658 0.65291 28.55665
v -38.19153 0.03500 28.37672
v -38.04163 0.03500 28.63659
v -38.06412 0.42439 28.59761
v -38.21658 0.65291 28.55665
v -37.97721 0.03500 29.12936
v -38.27721 0.03500 29.12936
v -38.23221 0.54167 29.12936
v -38.22721 0.83334 29.17936
v -38.05219 0.03500 28.99947
v -38.20224 0.03500 29.25925
v -38.17973 0.54167 29.22028
v -38.22721 0.83334 29.17936
v -38.20216 0.03500 28.99943
v -38.05226 0.03500 29.25929
v -38.07475 0.54167 29.22031
v -38.22721 0.83334 29.17936
v -38.10131 0.03500 29.78072
v -38.40131 0.03500 29.78072
v -38.35631 0.34538 29.78072
v -38.35131 0.53135 29.83072
v -38.17629 0.03500 29.65083
v -38.32634 0.03500 29.91061
v -38.30383 0.34538 29.87165
v -38.35131 0.53135 29.83072
v -38.32626 0.03500 29.65079
v -38.17636 0.03500 29.91066
v -38.19885 0.34538 29.87168
v -38.35131 0.53135 29.83072
v -38.07215 0.03500 30.49454
v -38.37215 0.03500 30.49454
v -38.32715 0.51661 30.49454
v -38.32215 0.79478 30.54454
v -38.14713 0.03500 30.36465
v -38.29718 0.03500 30.62443
v -38.27467 0.51661 30.58546
v -38.32215 0.79478 30.54454
v -38.29710 0.03500 30.36461
v -38.14721 0.03500 30.62448
v -38.16969 0.51661 30.58550
v -38.32215 0.79478 30.54454
v -37.95206 0.03500 31.09214
v -38.25206 0.03500 31.09214
v -38.20706 0.47107 31.09214
v -38.20206 0.72472 31.14214
v -38.02704 0.03500 30.96225
v -38.17709 0.03500 31.22203
v -38.15458 0.47107 31.18306
v -38.20206 0.72472 31.14214
v -38.17701 0.03500 30.96221
v -38.02711 0.03500 31.22208
v -38.04960 0.47107 31.18310
v -38.20206 0.72472 31.14214
v -38.09539 0.03500 31.52999
v -38.39539 0.03500 31.52999
v -38.35039 0.51508 31.52999
v -38.34539 0.79243 31.57999
v -38.17036 0.03500 31.40010
v -38.32041 0.03500 31.65988
v -38.29791 0.51508 31.62091
v -38.34539 0.79243 31.57999
v -38.32034 0.03500 31.40006
v -38.17044 0.03500 31.65992
v -38.19292 0.51508 31.62094
v -38.34539 0.79243 31.57999
v -37.96281 0.03500 32.17449
v -38.26281 0.03500 32.17449
v -38.21781 0.33499 32.17449
v -38.21281 0.51537 32.22449
v -38.03778 0.03500 32.04460
v -38.18784 0.03500 32.30438
v -38.16533 0.33499 32.26541
v -38.21281 0.51537 32.22449
v -38.18776 0.03500 32.04455
v -38.03786 0.03500 32.30442
v -38.06035 0.33499 32.26544
v -38.21281 0.51537 32.22449
v -38.05716 0.03500 32.89215
v -38.35716 0.03500 32.89215
v -38.31216 0.40522 32.89215
v -38.30716 0.62342 32.94215
v -38.13213 0.03500 32.76226
v -38.28219 0.03500 33.02204
v -38.25968 0.40522 32.98307
v -38.30716 0.62342 32.94215
v -38.28211 0.03500 32.76222
v -38.13221 0.03500 33.02209
v -38.15470 0.40522 32.98311
v -38.30716 0.62342 32.94215
v -37.97633 0.03500 33.32110
v -38.27633 0.03500 33.32110
v -38.23133 0.31902 33.32110
v -38.22633 0.49080 33.37110
v -38.05130 0.03500 33.19121
v -38.20135 0.03500 33.45099
v -38.17885 0.31902 33.41202
v -38.22633 0.49080 33.37110
v -38.20128 0.03500 33.19117
v -38.05138 0.03500 33.45103
v -38.07386 0.31902 33.41205
v -38.22633 0.49080 33.37110
v -38.02963 0.03500 33.92763
v -38.32963 0.03500 33.92763
v -38.28463 0.48672 33.92763
v -38.27963 0.74880 33.97763
v -38.10461 0.03500 33.79774
v -38.25466 0.03500 34.05752
v -38.23215 0.48672 34.01855
v -38.27963 0.74880 33.97763
v -38.25458 0.03500 33.79770
v -38.10468 0.03500 34.05756
v -38.12717 0.48672 34.01858
v -38.27963 0.74880 33.97763
v -38.02932 0.03500 34.67295
v -38.32932 0.03500 34.67295
v -38.28432 0.50848 34.67295
v -38.27932 0.78228 34.72295
v -38.10430 0.03500 34.54306
v -38.25435 0.03500 34.80283
v -38.23184 0.50848 34.76387
v -38.27932 0.78228 34.72295
v -38.25427 0.03500 34.54301
v -38.10437 0.03500 34.80288
v -38.12686 0.50848 34.76390
v -38.27932 0.78228 34.72295
v -38.73453 0.03500 19.00287
v -39.03453 0.03500 19.00287
v -38.98953 0.34386 19.00287
v -38.98453 0.52902 19.05287
v -38.80950 0.03500 18.87298
v -38.95955 0.03500 19.13276
v -38.93705 0.34386 19.09379
v -38.98453 0.52902 19.05287
v -38.95948 0.03500 18.87293
v -38.80958 0.03500 19.13280
v -38.83206 0.34386 19.09382
v -38.98453 0.52902 19.05287
v -38.55858 0.03500 19.62488
v -38.85858 0.03500 19.62488
v -38.81358 0.46259 19.62488
v -38.80858 0.71167 19.67488
v -38.63356 0.03500 19.49499
v -38.78361 0.03500 19.75477
v -38.76110 0.46259 19.71581
v -38.80858 0.71167 19.67488
v -38.78353 0.03500 19.49495
v -38.63363 0.03500 19.75482
v -38.65612 0.46259 19.71584
v -38.80858 0.71167 19.67488
v -38.58008 0.03500 20.27914
v -38.88008 0.03500 20.27914
v -38.83508 0.50048 20.27914
v -38.83008 0.76997 20.32914
v -38.65505 0.03500 20.14925
v -38.80510 0.03500 20.40903
v -38.78259 0.50048 20.37006
v -38.83008 0.76997 20.32914
v -38.80503 0.03500 20.14920
v -38.65513 0.03500 20.40907
v -38.67761 0.50048 20.37009
v -38.83008 0.76997 20.32914
v -38.65244 0.03500 20.89648
v -38.95244 0.03500 20.89648
v -38.90744 0.29809 20.89648
v -38.90244 0.45860 20.94648
v -38.72741 0.03500 20.76659
v -38.87746 0.03500 21.02637
v -38.85496 0.29809 20.98740
v -38.90244 0.45860 20.94648
v -38.87739 0.03500 20.76655
v -38.72749 0.03500 21.02642
v -38.74997 0.29809 20.98744
v -38.90244 0.45860 20.94648
v -38.62446 0.03500 21.44103
v -38.92446 0.03500 21.44103
v -38.87946 0.54519 21.44103
v -38.87446 0.83875 21.49103
v -38.69944 0.03500 21.31114
v -38.84949 0.03500 21.57092
v -38.82698 0.54519 21.53195
v -38.87446 0.83875 21.49103
v -38.84941 0.03500 21.31110
v -38.69951 0.03500 21.57097
v -38.72200 0.54519 21.53199
v -38.87446 0.83875 21.49103
v -38.59320 0.03500 22.04443
v -38.89320 0.03500 22.04443
v -38.84820 0.45800 22.04443
v -38.84320 0.70462 22.09443
v -38.66818 0.03500 21.91454
v -38.81823 0.03500 22.17432
v -38.79572 0.45800 22.13535
v -38.84320 0.70462 22.09443
v -38.81815 0.03500 21.91450
v -38.66826 0.03500 22.17437
v -38.69074 0.45800 22.13539
v -38.84320 0.70462 22.09443
v -38.65996 0.03500 22.60661
v -38.95996 0.03500 22.60661
v -38.91496 0.38051 22.60661
v -38.90996 0.58540 22.65661
v -38.73493 0.03500 22.47672
v -38.88498 0.03500 22.73650
v -38.86248 0.38051 22.69754
v -38.90996 0.58540 22.65661
v -38.88491 0.03500 22.47668
v -38.73501 0.03500 22.73655
v -38.75749 0.38051 22.69757
v -38.90996 0.58540 22.65661
v -38.74187 0.03500 23.14208
v -39.04187 0.03500 23.14208
v -38.99687 0.30057 23.14208
v -38.99187 0.46241 23.19208
v -38.81684 0.03500 23.01219
v -38.96689 0.03500 23.27197
v -38.94439 0.30057 23.23300
v -38.99187 0.46241 23.19208
v -38.96682 0.03500 23.01214
v -38.81692 0.03500 23.27201
v -38.83940 0.30057 23.23303
v -38.99187 0.46241 23.19208
v -38.64631 0.03500 23.79605
v -38.94631 0.03500 23.79605
v -38.90131 0.49239 23.79605
v -38.89631 0.75753 23.84605
v -38.72129 0.03500 23.66616
v -38.87134 0.03500 23.92594
v -38.84883 0.49239 23.88697
v -38.89631 0.75753 23.84605
v -38.87126 0.03500 23.66612
v -38.72136 0.03500 23.92599
v -38.74385 0.49239 23.88701
v -38.89631 0.75753 23.84605
v -38.71545 0.03500 24.31082
v -39.01545 0.03500 24.31082
v -38.97045 0.55056 24.31082
v -38.96545 0.84702 24.36082
v -38.79042 0.03500 24.18093
v -38.94048 0.03500 24.44071
v -38.91797 0.55056 24.40175
v -38.96545 0.84702 24.36082
v -38.94040 0.03500 24.18089
v -38.79050 0.03500 24.44076
v -38.81299 0.55056 24.40178
v -38.96545 0.84702 24.36082
v -38.61711 0.03500 25.08701
v -38.91711 0.03500 25.08701
v -38.87211 0.38135 25.08701
v -38.86711 0.58668 25.13701
v -38.69209 0.03500 24.95712
v -38.84214 0.03500 25.21690
v -38.81963 0.38135 25.17793
v -38.86711 0.58668 25.13701
v -38.84206 0.03500 24.95708
v -38.69216 0.03500 25.21695
v -38.71465 0.38135 25.17797
v -38.86711 0.58668 25.13701
v -38.74107 0.03500 25.65131
v -39.04107 0.03500 25.65131
v -38.99607 0.37509 25.65131
v -38.99107 0.57707 25.70131
v -38.81605 0.03500 25.52142
v -38.96610 0.03500 25.78119
v -38.94359 0.37509 25.74223
v -38.99107 0.57707 25.70131
v -38.96602 0.03500 25.52137
v -38.81613 0.03500 25.78124
v -38.83861 0.37509 25.74226
v -38.99107 0.57707 25.70131
v -38.68552 0.03500 26.16935
v -38.98552 0.03500 26.16935
v -38.94052 0.44139 26.16935
v -38.93552 0.67907 26.21935
v -38.76049 0.03500 26.03946
v -38.91054 0.03500 26.29924
v -38.88804 0.44139 26.26027
v -38.93552 0.67907 26.21935
v -38.91047 0.03500 26.03942
v -38.76057 0.03500 26.29928
v -38.78305 0.44139 26.26030
v -38.93552 0.67907 26.21935
v -38.72625 0.03500 26.84877
v -39.02625 0.03500 26.84877
v -38.98125 0.45981 26.84877
v -38.97625 0.70740 26.89877
v -38.80123 0.03500 26.71888
v -38.95128 0.03500 26.97866
v -38.92877 0.45981 26.93969
v -38.97625 0.70740 26.89877
v -38.95120 0.03500 26.71884
v -38.80131 0.03500 26.97870
v -38.82379 0.45981 26.93972
v -38.97625 0.70740 26.89877
v -38.61599 0.03500 27.42370
v -38.91599 0.03500 27.42370
v -38.87099 0.49091 27.42370
v -38.86599 0.75524 27.47370
v -38.69097 0.03500 27.29381
v -38.84102 0.03500 27.55359
v -38.81851 0.49091 27.51462
v -38.86599 0.75524 27.47370
v -38.84094 0.03500 27.29377
v -38.69104 0.03500 27.55364
v -38.71353 0.49091 27.51466
v -38.86599 0.75524 27.47370
v -38.72773 0.03500 28.01721
v -39.02773 0.03500 28.01721
v -38.98273 0.31145 28.01721
v -38.97773 0.47915 28.06721
v -38.80271 0.03500 27.88732
v -38.95276 0.03500 28.14710
v -38.93025 0.31145 28.10813
v -38.97773 0.47915 28.06721
v -38.95268 0.03500 27.88728
v -38.80278 0.03500 28.14714
v -38.82527 0.31145 28.10816
v -38.97773 0.47915 28.06721
v -38.62615 0.03500 28.60614
v -38.92615 0.03500 28.60614
v -38.88115 0.48411 28.60614
v -38.87615 0.74478 28.65614
v -38.70113 0.03500 28.47625
v -38.85118 0.03500 28.73603
v -38.82867 0.48411 28.69706
v -38.87615 0.74478 28.65614
v -38.85110 0.03500 28.47621
v -38.70120 0.03500 28.73607
v -38.72369 0.48411 28.69709
v -38.87615 0.74478 28.65614
v -38.66676 0.03500 29.23534
v -38.96676 0.03500 29.23534
v -38.92176 0.46867 29.23534
v -38.91676 0.72102 29.28534
v -38.74173 0.03500 29.10545
v -38.89178 0.03500 29.36523
v -38.86928 0.46867 29.32626
v -38.91676 0.72102 29.28534
v -38.89171 0.03500 29.10541
v -38.74181 0.03500 29.36528
v -38.76429 0.46867 29.32630
v -38.91676 0.72102 29.28534
v -38.67901 0.03500 29.87102
v -38.97901 0.03500 29.87102
v -38.93401 0.40936 29.87102
v -38.92901 0.62978 29.92102
v -38.75398 0.03500 29.74113
v -38.90404 0.03500 30.00091
v -38.88153 0.40936 29.96194
v -38.92901 0.62978 29.92102
v -38.90396 0.03500 29.74109
v -38.75406 0.03500 30.00095
v -38.77655 0.40936 29.96197
v -38.92901 0.62978 29.92102
v -38.60946 0.03500 30.36810
v -38.90946 0.03500 30.36810
v -38.86446 0.47910 30.36810
v -38.85946 0.73707 30.41810
v -38.68444 0.03500 30.23821
v -38.83449 0.03500 30.49799
v -38.81198 0.47910 30.45902
v -38.85946 0.73707 30.41810
v -38.83441 0.03500 30.23817
v -38.68452 0.03500 30.49803
v -38.70700 0.47910 30.45905
v -38.85946 0.73707 30.41810
v -38.67752 0.03500 30.95869
v -38.97752 0.03500 30.95869
v -38.93252 0.40026 30.95869
v -38.92752 0.61578 31.00869
v -38.75249 0.03500 30.82880
v -38.90255 0.03500 31.08858
v -38.88004 0.40026 31.04962
v -38.92752 0.61578 31.00869
v -38.90247 0.03500 30.82876
v -38.75257 0.03500 31.08863
v -38.77506 0.40026 31.04965
v -38.92752 0.61578 31.00869
v -38.58502 0.03500 31.65701
v -38.88502 0.03500 31.65701
v -38.84002 0.35374 31.65701
v -38.83502 0.54422 31.70701
v -38.66000 0.03500 31.52712
v -38.81005 0.03500 31.78690
v -38.78754 0.35374 31.74793
v -38.83502 0.54422 31.70701
v -38.80997 0.03500 31.52707
v -38.66007 0.03500 31.78694
v -38.68256 0.35374 31.74796
v -38.83502 0.54422 31.70701
v -38.68025 0.03500 32.28056
v -38.98025 0.03500 32.28056
v -38.93525 0.52296 32.28056
v -38.93025 0.80456 32.33056
v -38.75522 0.03500 32.15067
v -38.90527 0.03500 32.41045
v -38.88277 0.52296 32.37149
v -38.93025 0.80456 32.33056
v -38.90520 0.03500 32.15063
v -38.75530 0.03500 32.41050
v -38.77778 0.52296 32.37152
v -38.93025 0.80456 32.33056
v -38.67818 0.03500 32.88939
v -38.97818 0.03500 32.88939
v -38.93318 0.45615 32.88939
v -38.92818 0.70177 32.93939
v -38.75316 0.03500 32.75950
v -38.90321 0.03500 33.01928
v -38.88070 0.45615 32.98031
v -38.92818 0.70177 32.93939
v -38.90313 0.03500 32.75946
v -38.75323 0.03500 33.01932
v -38.77572 0.45615 32.98034
v -38.92818 0.70177 32.93939
v -38.58800 0.03500 33.44216
v -38.88800 0.03500 33.44216
v -38.84300 0.50199 33.44216
v -38.83800 0.77230 33.49216
v -38.66298 0.03500 33.31227
v -38.81303 0.03500 33.57205
v -38.79052 0.50199 33.53308
v -38.83800 0.77230 33.49216
v -38.81295 0.03500 33.31222
v -38.66305 0.03500 33.57209
v -38.68554 0.50199 33.53311
v -38.83800 0.77230 33.49216
v -38.62890 0.03500 33.95769
v -38.92890 0.03500 33.95769
v -38.88390 0.29757 33.95769
v -38.87890 0.45780 34.00769
v -38.70387 0.03500 33.82780
v -38.85392 0.03500 34.08758
v -38.83142 0.29757 34.04861
v -38.87890 0.45780 34.00769
v -38.85385 0.03500 33.82776
v -38.70395 0.03500 34.08763
v -38.72643 0.29757 34.04865
v -38.87890 0.45780 34.00769
v -38.66960 0.03500 34.60795
v -38.96960 0.03500 34.60795
v -38.92460 0.30916 34.60795
v -38.91960 0.47563 34.65795
v -38.74458 0.03500 34.47806
v -38.89463 0.03500 34.73784
v -38.87212 0.30916 34.69887
v -38.91960 0.47563 34.65795
v -38.89455 0.03500 34.47802
v -38.74465 0.03500 34.73789
v -38.76714 0.30916 34.69891
v -38.91960 0.47563 34.65795
vn 0.000000 0.000000 1.000000
vn -0.300300 -0.204384 0.931690
vn 0.000000 0.000000 -1.000000
vn 0.300300 0.204384 -0.931690
vn 0.865907 -0.000010 0.500204
vn 0.959485 0.235286 0.155010
vn -0.865907 0.000010 -0.500204
vn -0.959485 -0.235286 -0.155010
vn 0.866222 0.000012 -0.499660
vn 0.580556 0.257892 -0.772299
vn -0.866222 -0.000012 0.499660
vn -0.580556 -0.257892 0.772299
vn 0.000000 0.000000 1.000000
vn -0.304572 -0.181098 0.935115
vn 0.000000 0.000000 -1.000000
vn 0.304572 0.181098 -0.935115
vn 0.865930 0.000019 0.500165
vn 0.965987 0.208654 0.152748
vn -0.865930 -0.000019 -0.500165
vn -0.965987 -0.208654 -0.152748
vn 0.866213 -0.000011 -0.499674
vn 0.583244 0.228224 -0.779577
vn -0.866213 0.000011 0.499674
vn -0.583244 -0.228224 0.779577
vn 0.000000 0.000000 1.000000
vn -0.306431 -0.170641 0.936473
vn 0.000000 0.000000 -1.000000
vn 0.306431 0.170641 -0.936473
vn 0.865907 -0.000008 0.500204
vn 0.968665 0.196667 0.151693
vn -0.865907 0.000008 -0.500204
vn -0.968665 -0.196667 -0.151693
vn 0.866222 0.000010 -0.499660
vn 0.584321 0.214905 -0.782550
vn -0.866222 -0.000010 0.499660
vn -0.584321 -0.214905 0.782550
vn 0.000000 0.000000 1.000000
vn -0.301137 -0.199885 0.932396
vn 0.000000 0.000000 -1.000000
vn 0.301137 0.199885 -0.932396
vn 0.865922 -0.000013 0.500179
vn 0.960806 0.230143 0.154553
vn -0.865922 0.000013 -0.500179
vn -0.960806 -0.230143 -0.154553
vn 0.866222 0.000012 -0.499660
vn 0.581129 0.252164 -0.773759
vn -0.866222 -0.000012 0.499660
vn -0.581129 -0.252164 0.773759
vn 0.000000 0.000000 1.000000
vn -0.303920 -0.184761 0.934610
vn 0.000000 0.000000 -1.000000
vn 0.303920 0.184761 -0.934610
vn 0.865916 0.000002 0.500190
vn 0.965016 0.212848 0.153102
vn -0.865916 -0.000002 -0.500190
vn -0.965016 -0.212848 -0.153102
vn 0.866213 0.000009 -0.499674
vn 0.582875 0.232883 -0.778474
vn -0.866213 -0.000009 0.499674
vn -0.582875 -0.232883 0.778474
vn 0.000000 0.000000 1.000000
vn -0.305084 -0.178212 0.935502
vn 0.000000 0.000000 -1.000000
vn 0.305084 0.178212 -0.935502
vn 0.865930 0.000018 0.500165
vn 0.966741 0.205347 0.152464
vn -0.865930 -0.000018 -0.500165
vn -0.966741 -0.205347 -0.152464
vn 0.866222 -0.000009 -0.499660
vn 0.583580 0.224542 -0.780394
vn -0.866222 0.000009 0.499660
vn -0.583580 -0.224542 0.780394
vn 0.000000 0.000000 1.000000
vn -0.287874 -0.266628 0.919803
vn 0.000000 0.000000 -1.000000
vn 0.287874 0.266628 -0.919803
vn 0.865922 -0.000018 0.500179
vn 0.938406 0.306018 0.160461
vn -0.865922 0.000018 -0.500179
vn -0.938406 -0.306018 -0.160461
vn 0.866236 -0.000010 -0.499635
vn 0.570471 0.336944 -0.749020
vn -0.866236 0.000010 0.499635
vn -0.570471 -0.336944 0.749020
vn 0.000000 0.000000 1.000000
vn -0.297677 -0.218088 0.929423
vn 0.000000 0.000000 -1.000000
vn 0.297677 0.218088 -0.929423
vn 0.865930 -0.000002 0.500165
vn 0.955311 0.250912 0.156279
vn -0.865930 0.000002 -0.500165
vn -0.955311 -0.250912 -0.156279
vn 0.866213 0.000011 -0.499674
vn 0.578685 0.275333 -0.767669
vn -0.866213 -0.000011 0.499674
vn -0.578685 -0.275333 0.767669
vn 0.000000 0.000000 1.000000
vn -0.290595 -0.253582 0.922632
vn 0.000000 0.000000 -1.000000
vn 0.290595 0.253582 -0.922632
vn 0.865930 -0.000002 0.500165
vn 0.943276 0.291224 0.159432
vn -0.865930 0.000002 -0.500165
vn -0.943276 -0.291224 -0.159432
vn 0.866213 0.000013 -0.499674
vn 0.572917 0.320420 -0.754385
vn -0.866213 -0.000013 0.499674
vn -0.572917 -0.320420 0.754385
vn 0.000000 0.000000 1.000000
vn -0.286843 -0.271450 0.918714
vn 0.000000 0.000000 -1.000000
vn 0.286843 0.271450 -0.918714
vn 0.865922 -0.000018 0.500179
vn 0.936550 0.311410 0.160930
vn -0.865922 0.000018 -0.500179
vn -0.936550 -0.311410 -0.160930
vn 0.866222 0.000017 -0.499660
vn 0.569513 0.343048 -0.746976
vn -0.866222 -0.000017 0.499660
vn -0.569513 -0.343048 0.746976
vn 0.000000 0.000000 1.000000
vn -0.309031 -0.155641 0.938230
vn 0.000000 0.000000 -1.000000
vn 0.309031 0.155641 -0.938230
vn 0.865930 -0.000011 0.500165
vn 0.972250 0.179449 0.150095
vn -0.865930 0.000011 -0.500165
vn -0.972250 -0.179449 -0.150095
vn 0.866236 -0.000005 -0.499635
vn 0.585638 0.195788 -0.786572
vn -0.866236 0.000005 0.499635
vn -0.585638 -0.195788 0.786572
vn 0.000000 0.000000 1.000000
vn -0.306288 -0.171520 0.936359
vn 0.000000 0.000000 -1.000000
vn 0.306288 0.171520 -0.936359
vn 0.865922 -0.000011 0.500179
vn 0.968453 0.197672 0.151736
vn -0.865922 0.000011 -0.500179
vn -0.968453 -0.197672 -0.151736
vn 0.866236 -0.000006 -0.499635
vn 0.584231 0.216022 -0.782310
vn -0.866236 0.000006 0.499635
vn -0.584231 -0.216022 0.782310
vn 0.000000 0.000000 1.000000
vn -0.306398 -0.170805 0.936454
vn 0.000000 0.000000 -1.000000
vn 0.306398 0.170805 -0.936454
vn 0.865930 -0.000001 0.500165
vn 0.968629 0.196852 0.151682
vn -0.865930 0.000001 -0.500165
vn -0.968629 -0.196852 -0.151682
vn 0.866213 0.000008 -0.499674
vn 0.584296 0.215107 -0.782513
vn -0.866213 -0.000008 0.499674
vn -0.584296 -0.215107 0.782513
vn 0.000000 0.000000 1.000000
vn -0.296467 -0.224216 0.928350
vn 0.000000 0.000000 -1.000000
vn 0.296467 0.224216 -0.928350
vn 0.865930 -0.000002 0.500165
vn 0.953355 0.257892 0.156865
vn -0.865930 0.000002 -0.500165
vn -0.953355 -0.257892 -0.156865
vn 0.866228 -0.000010 -0.499649
vn 0.577796 0.283138 -0.765496
vn -0.866228 0.000010 0.499649
vn -0.577796 -0.283138 0.765496
vn 0.000000 0.000000 1.000000
vn -0.289707 -0.257899 0.921715
vn 0.000000 0.000000 -1.000000
vn 0.289707 0.257899 -0.921715
vn 0.865922 -0.000017 0.500179
vn 0.941690 0.296148 0.159737
vn -0.865922 0.000017 -0.500179
vn -0.941690 -0.296148 -0.159737
vn 0.866236 -0.000010 -0.499635
vn 0.572112 0.325914 -0.752641
vn -0.866236 0.000010 0.499635
vn -0.572112 -0.325914 0.752641
vn 0.000000 0.000000 1.000000
vn -0.301689 -0.196920 0.932849
vn 0.000000 0.000000 -1.000000
vn 0.301689 0.196920 -0.932849
vn 0.865916 0.000002 0.500190
vn 0.961651 0.226759 0.154299
vn -0.865916 -0.000002 -0.500190
vn -0.961651 -0.226759 -0.154299
vn 0.866222 0.000012 -0.499660
vn 0.581493 0.248386 -0.774707
vn -0.866222 -0.000012 0.499660
vn -0.581493 -0.248386 0.774707
vn 0.000000 0.000000 1.000000
vn -0.307255 -0.165985 0.937039
vn 0.000000 0.000000 -1.000000
vn 0.307255 0.165985 -0.937039
vn 0.865930 -0.000001 0.500165
vn 0.969816 0.191322 0.151173
vn -0.865930 0.000001 -0.500165
vn -0.969816 -0.191322 -0.151173
vn 0.866213 0.000008 -0.499674
vn 0.584730 0.208963 -0.783853
vn -0.866213 -0.000008 0.499674
vn -0.584730 -0.208963 0.783853
vn 0.000000 0.000000 1.000000
vn -0.307554 -0.164192 0.937258
vn 0.000000 0.000000 -1.000000
vn 0.307554 0.164192 -0.937258
vn 0.865930 -0.000012 0.500165
vn 0.970247 0.189268 0.150990
vn -0.865930 0.000012 -0.500165
vn -0.970247 -0.189268 -0.150990
vn 0.866222 0.000010 -0.499660
vn 0.584932 0.206678 -0.784308
vn -0.866222 -0.000010 0.499660
vn -0.584932 -0.206678 0.784308
vn 0.000000 0.000000 1.000000
vn -0.286884 -0.271187 0.918779
vn 0.000000 0.000000 -1.000000
vn 0.286884 0.271187 -0.918779
vn 0.865922 -0.000018 0.500179
vn 0.936649 0.311115 0.160925
vn -0.865922 0.000018 -0.500179
vn -0.936649 -0.311115 -0.160925
vn 0.866222 0.000017 -0.499660
vn 0.569573 0.342723 -0.747079
vn -0.866222 -0.000017 0.499660
vn -0.569573 -0.342723 0.747079
vn 0.000000 0.000000 1.000000
vn -0.293885 -0.237349 0.925903
vn 0.000000 0.000000 -1.000000
vn 0.293885 0.237349 -0.925903
vn 0.865930 -0.000002 0.500165
vn 0.948997 0.272821 0.158030
vn -0.865930 0.000002 -0.500165
vn -0.948997 -0.272821 -0.158030
vn 0.866236 -0.000009 -0.499635
vn 0.575737 0.299837 -0.760674
vn -0.866236 0.000009 0.499635
vn -0.575737 -0.299837 0.760674
vn 0.000000 0.000000 1.000000
vn -0.286236 -0.274266 0.918067
vn 0.000000 0.000000 -1.000000
vn 0.286236 0.274266 -0.918067
vn 0.865922 -0.000018 0.500179
vn 0.935442 0.314634 0.161100
vn -0.865922 0.000018 -0.500179
vn -0.935442 -0.314634 -0.161100
vn 0.866222 -0.000015 -0.499660
vn 0.568944 0.346593 -0.745772
vn -0.866222 0.000015 0.499660
vn -0.568944 -0.346593 0.745772
vn 0.000000 0.000000 1.000000
vn -0.293416 -0.239643 0.925461
vn 0.000000 0.000000 -1.000000
vn 0.293416 0.239643 -0.925461
vn 0.865930 0.000026 0.500165
vn 0.948202 0.275430 0.158273
vn -0.865930 -0.000026 -0.500165
vn -0.948202 -0.275430 -0.158273
vn 0.866222 -0.000013 -0.499660
vn 0.575336 0.302759 -0.759820
vn -0.866222 0.000013 0.499660
vn -0.575336 -0.302759 0.759820
vn 0.000000 0.000000 1.000000
vn -0.294614 -0.233668 0.926607
vn 0.000000 0.000000 -1.000000
vn 0.294614 0.233668 -0.926607
vn 0.865930 -0.000002 0.500165
vn 0.950242 0.268640 0.157707
vn -0.865930 0.000002 -0.500165
vn -0.950242 -0.268640 -0.157707
vn 0.866222 0.000014 -0.499660
vn 0.576360 0.295145 -0.762036
vn -0.866222 -0.000014 0.499660
vn -0.576360 -0.295145 0.762036
vn 0.000000 0.000000 1.000000
vn -0.300329 -0.204126 0.931738
vn 0.000000 0.000000 -1.000000
vn 0.300329 0.204126 -0.931738
vn 0.865916 0.000002 0.500190
vn 0.959558 0.234992 0.155008
vn -0.865916 -0.000002 -0.500190
vn -0.959558 -0.234992 -0.155008
vn 0.866222 0.000012 -0.499660
vn 0.580624 0.257555 -0.772361
vn -0.866222 -0.000012 0.499660
vn -0.580624 -0.257555 0.772361
vn 0.000000 0.000000 1.000000
vn -0.291163 -0.250799 0.923214
vn 0.000000 0.000000 -1.000000
vn 0.291163 0.250799 -0.923214
vn 0.865930 0.000027 0.500165
vn 0.944276 0.288078 0.159231
vn -0.865930 -0.000027 -0.500165
vn -0.944276 -0.288078 -0.159231
vn 0.866222 -0.000014 -0.499660
vn 0.573404 0.316911 -0.755496
vn -0.866222 0.000014 0.499660
vn -0.573404 -0.316911 0.755496
vn 0.000000 0.000000 1.000000
vn -0.307293 -0.165736 0.937071
vn 0.000000 0.000000 -1.000000
vn 0.307293 0.165736 -0.937071
vn 0.865930 0.000017 0.500165
vn 0.969869 0.191039 0.151186
vn -0.865930 -0.000017 -0.500165
vn -0.969869 -0.191039 -0.151186
vn 0.866222 -0.000009 -0.499660
vn 0.584740 0.208659 -0.783926
vn -0.866222 0.000009 0.499660
vn -0.584740 -0.208659 0.783926
vn 0.000000 0.000000 1.000000
vn -0.308007 -0.161682 0.937545
vn 0.000000 0.000000 -1.000000
vn 0.308007 0.161682 -0.937545
vn 0.865930 0.000016 0.500165
vn 0.970841 0.186386 0.150755
vn -0.865930 -0.000016 -0.500165
vn -0.970841 -0.186386 -0.150755
vn 0.866222 -0.000008 -0.499660
vn 0.585086 0.203492 -0.785025
vn -0.866222 0.000008 0.499660
vn -0.585086 -0.203492 0.785025
vn 0.000000 0.000000 1.000000
vn -0.304155 -0.183429 0.934796
vn 0.000000 0.000000 -1.000000
vn 0.304155 0.183429 -0.934796
vn 0.865930 -0.000002 0.500165
vn 0.965377 0.211320 0.152945
vn -0.865930 0.000002 -0.500165
vn -0.965377 -0.211320 -0.152945
vn 0.866213 0.000009 -0.499674
vn 0.583022 0.231189 -0.778869
vn -0.866213 -0.000009 0.499674
vn -0.583022 -0.231189 0.778869
vn 0.000000 0.000000 1.000000
vn -0.309049 -0.155599 0.938231
vn 0.000000 0.000000 -1.000000
vn 0.309049 0.155599 -0.938231
vn 0.865930 0.000016 0.500165
vn 0.972254 0.179399 0.150124
vn -0.865930 -0.000016 -0.500165
vn -0.972254 -0.179399 -0.150124
vn 0.866222 -0.000008 -0.499660
vn 0.585608 0.195734 -0.786607
vn -0.866222 0.000008 0.499660
vn -0.585608 -0.195734 0.786607
vn 0.000000 0.000000 1.000000
vn -0.289271 -0.259962 0.921272
vn 0.000000 0.000000 -1.000000
vn 0.289271 0.259962 -0.921272
vn 0.865930 -0.000002 0.500165
vn 0.940923 0.298481 0.159918
vn -0.865930 0.000002 -0.500165
vn -0.940923 -0.298481 -0.159918
vn 0.866222 -0.000014 -0.499660
vn 0.571721 0.328520 -0.751805
vn -0.866222 0.000014 0.499660
vn -0.571721 -0.328520 0.751805
vn 0.000000 0.000000 1.000000
vn -0.289807 -0.257324 0.921844
vn 0.000000 0.000000 -1.000000
vn 0.289807 0.257324 -0.921844
vn 0.865930 -0.000002 0.500165
vn 0.941902 0.295458 0.159764
vn -0.865930 0.000002 -0.500165
vn -0.941902 -0.295458 -0.159764
vn 0.866213 0.000013 -0.499674
vn 0.572237 0.325167 -0.752868
vn -0.866213 -0.000013 0.499674
vn -0.572237 -0.325167 0.752868
vn 0.000000 0.000000 1.000000
vn -0.300896 -0.201123 0.932208
vn 0.000000 0.000000 -1.000000
vn 0.300896 0.201123 -0.932208
vn 0.865930 -0.000002 0.500165
vn 0.960445 0.231558 0.154683
vn -0.865930 0.000002 -0.500165
vn -0.960445 -0.231558 -0.154683
vn 0.866222 0.000012 -0.499660
vn 0.580980 0.253745 -0.773354
vn -0.866222 -0.000012 0.499660
vn -0.580980 -0.253745 0.773354
vn 0.000000 0.000000 1.000000
vn -0.302599 -0.191914 0.933597
vn 0.000000 0.000000 -1.000000
vn 0.302599 0.191914 -0.933597
vn 0.865930 -0.000002 0.500165
vn 0.963066 0.221062 0.153738
vn -0.865930 0.000002 -0.500165
vn -0.963066 -0.221062 -0.153738
vn 0.866228 -0.000009 -0.499649
vn 0.582064 0.242014 -0.776293
vn -0.866228 0.000009 0.499649
vn -0.582064 -0.242014 0.776293
vn 0.000000 0.000000 1.000000
vn -0.306895 -0.168070 0.936786
vn 0.000000 0.000000 -1.000000
vn 0.306895 0.168070 -0.936786
vn 0.865930 -0.000001 0.500165
vn 0.969312 0.193741 0.151326
vn -0.865930 0.000001 -0.500165
vn -0.969312 -0.193741 -0.151326
vn 0.866228 -0.000008 -0.499649
vn 0.584522 0.211627 -0.783293
vn -0.866228 0.000008 0.499649
vn -0.584522 -0.211627 0.783293
vn 0.000000 0.000000 1.000000
vn -0.306622 -0.169570 0.936605
vn 0.000000 0.000000 -1.000000
vn 0.306622 0.169570 -0.936605
vn 0.865916 0.000001 0.500190
vn 0.968931 0.195439 0.151580
vn -0.865916 -0.000001 -0.500190
vn -0.968931 -0.195439 -0.151580
vn 0.866213 0.000008 -0.499674
vn 0.584407 0.213531 -0.782862
vn -0.866213 -0.000008 0.499674
vn -0.584407 -0.213531 0.782862
vn 0.000000 0.000000 1.000000
vn -0.304437 -0.181824 0.935018
vn 0.000000 0.000000 -1.000000
vn 0.304437 0.181824 -0.935018
vn 0.865930 -0.000002 0.500165
vn 0.965804 0.209511 0.152736
vn -0.865930 0.000002 -0.500165
vn -0.965804 -0.209511 -0.152736
vn 0.866236 -0.000007 -0.499635
vn 0.583190 0.229165 -0.779341
vn -0.866236 0.000007 0.499635
vn -0.583190 -0.229165 0.779341
vn 0.000000 0.000000 1.000000
vn -0.292245 -0.245520 0.924290
vn 0.000000 0.000000 -1.000000
vn 0.292245 0.245520 -0.924290
vn 0.865930 -0.000019 0.500165
vn 0.946165 0.282096 0.158723
vn -0.865930 0.000019 -0.500165
vn -0.946165 -0.282096 -0.158723
vn 0.866222 0.000015 -0.499660
vn 0.574381 0.310189 -0.757542
vn -0.866222 -0.000015 0.499660
vn -0.574381 -0.310189 0.757542
vn 0.000000 0.000000 1.000000
vn -0.300168 -0.204989 0.931600
vn 0.000000 0.000000 -1.000000
vn 0.300168 0.204989 -0.931600
vn 0.865930 -0.000002 0.500165
vn 0.959309 0.235973 0.155056
vn -0.865930 0.000002 -0.500165
vn -0.959309 -0.235973 -0.155056
vn 0.866222 0.000012 -0.499660
vn 0.580488 0.258670 -0.772091
vn -0.866222 -0.000012 0.499660
vn -0.580488 -0.258670 0.772091
vn 0.000000 0.000000 1.000000
vn -0.299659 -0.207706 0.931162
vn 0.000000 0.000000 -1.000000
vn 0.299659 0.207706 -0.931162
vn 0.865930 -0.000002 0.500165
vn 0.958501 0.239108 0.155254
vn -0.865930 0.000002 -0.500165
vn -0.958501 -0.239108 -0.155254
vn 0.866236 -0.000008 -0.499635
vn 0.580111 0.262141 -0.771202
vn -0.866236 0.000008 0.499635
vn -0.580111 -0.262141 0.771202
vn 0.000000 0.000000 1.000000
vn -0.309349 -0.153782 0.938432
vn 0.000000 0.000000 -1.000000
vn 0.309349 0.153782 -0.938432
vn 0.865930 0.000006 0.500165
vn 0.972666 0.177316 0.149930
vn -0.865930 -0.000006 -0.500165
vn -0.972666 -0.177316 -0.149930
vn 0.866222 0.000009 -0.499660
vn 0.585782 0.193421 -0.787050
vn -0.866222 -0.000009 0.499660
vn -0.585782 -0.193421 0.787050
vn 0.000000 0.000000 1.000000
vn -0.303737 -0.185658 0.934492
vn 0.000000 0.000000 -1.000000
vn 0.303737 0.185658 -0.934492
vn 0.865930 -0.000014 0.500165
vn 0.964778 0.213877 0.153169
vn -0.865930 0.000014 -0.500165
vn -0.964778 -0.213877 -0.153169
vn 0.866222 0.000011 -0.499660
vn 0.582824 0.234029 -0.778169
vn -0.866222 -0.000011 0.499660
vn -0.582824 -0.234029 0.778169
vn 0.000000 0.000000 1.000000
vn -0.290650 -0.253309 0.922690
vn 0.000000 0.000000 -1.000000
vn 0.290650 0.253309 -0.922690
vn 0.865922 0.000013 0.500179
vn 0.943368 0.290927 0.159432
vn -0.865922 -0.000013 -0.500179
vn -0.943368 -0.290927 -0.159432
vn 0.866222 -0.000014 -0.499660
vn 0.572976 0.320073 -0.754488
vn -0.866222 0.000014 0.499660
vn -0.572976 -0.320073 0.754488
vn 0.000000 0.000000 1.000000
vn -0.299929 -0.206306 0.931386
vn 0.000000 0.000000 -1.000000
vn 0.299929 0.206306 -0.931386
vn 0.865930 -0.000002 0.500165
vn 0.958920 0.237510 0.155115
vn -0.865930 0.000002 -0.500165
vn -0.958920 -0.237510 -0.155115
vn 0.866222 -0.000011 -0.499660
vn 0.580309 0.260332 -0.771666
vn -0.866222 0.000011 0.499660
vn -0.580309 -0.260332 0.771666
vn 0.000000 0.000000 1.000000
vn -0.286332 -0.273914 0.918142
vn 0.000000 0.000000 -1.000000
vn 0.286332 0.273914 -0.918142
vn 0.865930 -0.000021 0.500165
vn 0.935591 0.314194 0.161099
vn -0.865930 0.000021 -0.500165
vn -0.935591 -0.314194 -0.161099
vn 0.866236 -0.000010 -0.499635
vn 0.569032 0.346134 -0.745918
vn -0.866236 0.000010 0.499635
vn -0.569032 -0.346134 0.745918
vn 0.000000 0.000000 1.000000
vn -0.309242 -0.154451 0.938357
vn 0.000000 0.000000 -1.000000
vn 0.309242 0.154451 -0.938357
vn 0.865930 -0.000001 0.500165
vn 0.972520 0.178078 0.149974
vn -0.865930 0.000001 -0.500165
vn -0.972520 -0.178078 -0.149974
vn 0.866222 0.000009 -0.499660
vn 0.585726 0.194271 -0.786882
vn -0.866222 -0.000009 0.499660
vn -0.585726 -0.194271 0.786882
vn 0.000000 0.000000 1.000000
vn -0.307898 -0.162263 0.937481
vn 0.000000 0.000000 -1.000000
vn 0.307898 0.162263 -0.937481
vn 0.865922 -0.000010 0.500179
vn 0.970712 0.187080 0.150727
vn -0.865922 0.000010 -0.500179
vn -0.970712 -0.187080 -0.150727
vn 0.866236 -0.000006 -0.499635
vn 0.585075 0.204228 -0.784843
vn -0.866236 0.000006 0.499635
vn -0.585075 -0.204228 0.784843
vn 0.000000 0.000000 1.000000
vn -0.303359 -0.187831 0.934180
vn 0.000000 0.000000 -1.000000
vn 0.303359 0.187831 -0.934180
vn 0.865930 -0.000002 0.500165
vn 0.964191 0.216359 0.153379
vn -0.865930 0.000002 -0.500165
vn -0.964191 -0.216359 -0.153379
vn 0.866236 -0.000007 -0.499635
vn 0.582551 0.236807 -0.777533
vn -0.866236 0.000007 0.499635
vn -0.582551 -0.236807 0.777533
vn 0.000000 0.000000 1.000000
vn -0.292530 -0.244079 0.924582
vn 0.000000 0.000000 -1.000000
vn 0.292530 0.244079 -0.924582
vn 0.865916 -0.000014 0.500190
vn 0.946664 0.280468 0.158638
vn -0.865916 0.000014 -0.500190
vn -0.946664 -0.280468 -0.158638
vn 0.866222 0.000015 -0.499660
vn 0.574633 0.308363 -0.758096
vn -0.866222 -0.000015 0.499660
vn -0.574633 -0.308363 0.758096
vn 0.000000 0.000000 1.000000
vn -0.307364 -0.165309 0.937124
vn 0.000000 0.000000 -1.000000
vn 0.307364 0.165309 -0.937124
vn 0.865922 -0.000010 0.500179
vn 0.969981 0.190573 0.151057
vn -0.865922 0.000010 -0.500179
vn -0.969981 -0.190573 -0.151057
vn 0.866222 -0.000009 -0.499660
vn 0.584780 0.208116 -0.784041
vn -0.866222 0.000009 0.499660
vn -0.584780 -0.208116 0.784041
vn 0.000000 0.000000 1.000000
vn -0.290774 -0.252631 0.922837
vn 0.000000 0.000000 -1.000000
vn 0.290774 0.252631 -0.922837
vn 0.865922 -0.000017 0.500179
vn 0.943615 0.290195 0.159306
vn -0.865922 0.000017 -0.500179
vn -0.943615 -0.290195 -0.159306
vn 0.866236 -0.000009 -0.499635
vn 0.573114 0.319230 -0.754740
vn -0.866236 0.000009 0.499635
vn -0.573114 -0.319230 0.754740
vn 0.000000 0.000000 1.000000
vn -0.302378 -0.193167 0.933410
vn 0.000000 0.000000 -1.000000
vn 0.302378 0.193167 -0.933410
vn 0.865930 -0.000002 0.500165
vn 0.962716 0.222464 0.153906
vn -0.865930 0.000002 -0.500165
vn -0.962716 -0.222464 -0.153906
vn 0.866222 0.000011 -0.499660
vn 0.581942 0.243606 -0.775886
vn -0.866222 -0.000011 0.499660
vn -0.581942 -0.243606 0.775886
vn 0.000000 0.000000 1.000000
vn -0.307274 -0.165890 0.937050
vn 0.000000 0.000000 -1.000000
vn 0.307274 0.165890 -0.937050
vn 0.865930 -0.000001 0.500165
vn 0.969843 0.191240 0.151104
vn -0.865930 0.000001 -0.500165
vn -0.969843 -0.191240 -0.151104
vn 0.866228 -0.000007 -0.499649
vn 0.584719 0.208851 -0.783891
vn -0.866228 0.000007 0.499649
vn -0.584719 -0.208851 0.783891
vn 0.000000 0.000000 1.000000
vn -0.305623 -0.175207 0.935894
vn 0.000000 0.000000 -1.000000
vn 0.305623 0.175207 -0.935894
vn 0.865916 0.000001 0.500190
vn 0.967514 0.201904 0.152157
vn -0.865916 -0.000001 -0.500190
vn -0.967514 -0.201904 -0.152157
vn 0.866222 0.000010 -0.499660
vn 0.583881 0.220723 -0.781258
vn -0.866222 -0.000010 0.499660
vn -0.583881 -0.220723 0.781258
vn 0.000000 0.000000 1.000000
vn -0.294781 -0.232866 0.926757
vn 0.000000 0.000000 -1.000000
vn 0.294781 0.232866 -0.926757
vn 0.865930 -0.000002 0.500165
vn 0.950512 0.267765 0.157573
vn -0.865930 0.000002 -0.500165
vn -0.950512 -0.267765 -0.157573
vn 0.866236 -0.000009 -0.499635
vn 0.576442 0.294153 -0.762357
vn -0.866236 0.000009 0.499635
vn -0.576442 -0.294153 0.762357
vn 0.000000 0.000000 1.000000
vn -0.299008 -0.211134 0.930600
vn 0.000000 0.000000 -1.000000
vn 0.299008 0.211134 -0.930600
vn 0.865930 -0.000002 0.500165
vn 0.957464 0.243020 0.155578
vn -0.865930 0.000002 -0.500165
vn -0.957464 -0.243020 -0.155578
vn 0.866228 -0.000010 -0.499649
vn 0.579640 0.266496 -0.770063
vn -0.866228 0.000010 0.499649
vn -0.579640 -0.266496 0.770063
vn 0.000000 0.000000 1.000000
vn -0.301820 -0.196147 0.932969
vn 0.000000 0.000000 -1.000000
vn 0.301820 0.196147 -0.932969
vn 0.865916 0.000002 0.500190
vn 0.961868 0.225876 0.154237
vn -0.865916 -0.000002 -0.500190
vn -0.961868 -0.225876 -0.154237
vn 0.866213 0.000010 -0.499674
vn 0.581581 0.247396 -0.774957
vn -0.866213 -0.000010 0.499674
vn -0.581581 -0.247396 0.774957
vn 0.000000 0.000000 1.000000
vn -0.301539 -0.197642 0.932744
vn 0.000000 0.000000 -1.000000
vn 0.301539 0.197642 -0.932744
vn 0.865930 0.000021 0.500165
vn 0.961442 0.227585 0.154386
vn -0.865930 -0.000021 -0.500165
vn -0.961442 -0.227585 -0.154386
vn 0.866222 -0.000010 -0.499660
vn 0.581411 0.249300 -0.774474
vn -0.866222 0.000010 0.499660
vn -0.581411 -0.249300 0.774474
vn 0.000000 0.000000 1.000000
vn -0.305648 -0.175127 0.935901
vn 0.000000 0.000000 -1.000000
vn 0.305648 0.175127 -0.935901
vn 0.865930 -0.000001 0.500165
vn 0.967542 0.201807 0.152105
vn -0.865930 0.000001 -0.500165
vn -0.967542 -0.201807 -0.152105
vn 0.866222 0.000010 -0.499660
vn 0.583907 0.220604 -0.781272
vn -0.866222 -0.000010 0.499660
vn -0.583907 -0.220604 0.781272
vn 0.000000 0.000000 1.000000
vn -0.300652 -0.202419 0.932006
vn 0.000000 0.000000 -1.000000
vn 0.300652 0.202419 -0.932006
vn 0.865930 -0.000002 0.500165
vn 0.960066 0.233039 0.154809
vn -0.865930 0.000002 -0.500165
vn -0.960066 -0.233039 -0.154809
vn 0.866228 -0.000009 -0.499649
vn 0.580805 0.255386 -0.772944
vn -0.866228 0.000009 0.499649
vn -0.580805 -0.255386 0.772944
vn 0.000000 0.000000 1.000000
vn -0.307324 -0.165493 0.937104
vn 0.000000 0.000000 -1.000000
vn 0.307324 0.165493 -0.937104
vn 0.865930 -0.000001 0.500165
vn 0.969935 0.190785 0.151085
vn -0.865930 0.000001 -0.500165
vn -0.969935 -0.190785 -0.151085
vn 0.866228 -0.000007 -0.499649
vn 0.584766 0.208351 -0.783989
vn -0.866228 0.000007 0.499649
vn -0.584766 -0.208351 0.783989
vn 0.000000 0.000000 1.000000
vn -0.304418 -0.182009 0.934988
vn 0.000000 0.000000 -1.000000
vn 0.304418 0.182009 -0.934988
vn 0.865930 -0.000002 0.500165
vn 0.965755 0.209692 0.152795
vn -0.865930 0.000002 -0.500165
vn -0.965755 -0.209692 -0.152795
vn 0.866222 0.000011 -0.499660
vn 0.583180 0.229386 -0.779284
vn -0.866222 -0.000011 0.499660
vn -0.583180 -0.229386 0.779284
vn 0.000000 0.000000 1.000000
vn -0.301096 -0.200024 0.932380
vn 0.000000 0.000000 -1.000000
vn 0.301096 0.200024 -0.932380
vn 0.865922 -0.000013 0.500179
vn 0.960762 0.230303 0.154584
vn -0.865922 0.000013 -0.500179
vn -0.960762 -0.230303 -0.154584
vn 0.866236 -0.000007 -0.499635
vn 0.581120 0.252347 -0.773706
vn -0.866236 0.000007 0.499635
vn -0.581120 -0.252347 0.773706
vn 0.000000 0.000000 1.000000
vn -0.296116 -0.226070 0.928013
vn 0.000000 0.000000 -1.000000
vn 0.296116 0.226070 -0.928013
vn 0.865922 0.000011 0.500179
vn 0.952750 0.260006 0.157052
vn -0.865922 -0.000011 -0.500179
vn -0.952750 -0.260006 -0.157052
vn 0.866222 -0.000012 -0.499660
vn 0.577494 0.285507 -0.764844
vn -0.866222 0.000012 0.499660
vn -0.577494 -0.285507 0.764844
vn 0.000000 0.000000 1.000000
vn -0.290396 -0.254488 0.922446
vn 0.000000 0.000000 -1.000000
vn 0.290396 0.254488 -0.922446
vn 0.865922 0.000013 0.500179
vn 0.942936 0.292262 0.159545
vn -0.865922 -0.000013 -0.500179
vn -0.942936 -0.292262 -0.159545
vn 0.866222 0.000016 -0.499660
vn 0.572793 0.321567 -0.753991
vn -0.866222 -0.000016 0.499660
vn -0.572793 -0.321567 0.753991
vn 0.000000 0.000000 1.000000
vn -0.308198 -0.160490 0.937687
vn 0.000000 0.000000 -1.000000
vn 0.308198 0.160490 -0.937687
vn 0.865916 0.000001 0.500190
vn 0.971120 0.185019 0.150648
vn -0.865916 -0.000001 -0.500190
vn -0.971120 -0.185019 -0.150648
vn 0.866222 0.000009 -0.499660
vn 0.585222 0.201976 -0.785316
vn -0.866222 -0.000009 0.499660
vn -0.585222 -0.201976 0.785316
vn 0.000000 0.000000 1.000000
vn -0.301580 -0.197440 0.932774
vn 0.000000 0.000000 -1.000000
vn 0.301580 0.197440 -0.932774
vn 0.865930 -0.000002 0.500165
vn 0.961506 0.227349 0.154331
vn -0.865930 0.000002 -0.500165
vn -0.961506 -0.227349 -0.154331
vn 0.866236 -0.000007 -0.499635
vn 0.581460 0.249038 -0.774522
vn -0.866236 0.000007 0.499635
vn -0.581460 -0.249038 0.774522
vn 0.000000 0.000000 1.000000
vn -0.299647 -0.207698 0.931167
vn 0.000000 0.000000 -1.000000
vn 0.299647 0.207698 -0.931167
vn 0.865922 0.000010 0.500179
vn 0.958493 0.239071 0.155356
vn -0.865922 -0.000010 -0.500179
vn -0.958493 -0.239071 -0.155356
vn 0.866222 -0.000011 -0.499660
vn 0.580111 0.262128 -0.771207
vn -0.866222 0.000011 0.499660
vn -0.580111 -0.262128 0.771207
vn 0.000000 0.000000 1.000000
vn -0.309168 -0.154918 0.938304
vn 0.000000 0.000000 -1.000000
vn 0.309168 0.154918 -0.938304
vn 0.865930 -0.000001 0.500165
vn 0.972420 0.178640 0.149959
vn -0.865930 0.000001 -0.500165
vn -0.972420 -0.178640 -0.149959
vn 0.866228 -0.000007 -0.499649
vn 0.585633 0.194878 -0.786802
vn -0.866228 0.000007 0.499649
vn -0.585633 -0.194878 0.786802
vn 0.000000 0.000000 1.000000
vn -0.299039 -0.211028 0.930614
vn 0.000000 0.000000 -1.000000
vn 0.299039 0.211028 -0.930614
vn 0.865930 -0.000016 0.500165
vn 0.957499 0.242903 0.155541
vn -0.865930 0.000016 -0.500165
vn -0.957499 -0.242903 -0.155541
vn 0.866222 -0.000011 -0.499660
vn 0.579675 0.266343 -0.770090
vn -0.866222 0.000011 0.499660
vn -0.579675 -0.266343 0.770090
vn 0.000000 0.000000 1.000000
vn -0.307810 -0.162704 0.937433
vn 0.000000 0.000000 -1.000000
vn 0.307810 0.162704 -0.937433
vn 0.865930 0.000017 0.500165
vn 0.970595 0.187560 0.150884
vn -0.865930 -0.000017 -0.500165
vn -0.970595 -0.187560 -0.150884
vn 0.866222 -0.000008 -0.499660
vn 0.585010 0.204800 -0.784742
vn -0.866222 0.000008 0.499660
vn -0.585010 -0.204800 0.784742
vn 0.000000 0.000000 1.000000
vn -0.303447 -0.187286 0.934261
vn 0.000000 0.000000 -1.000000
vn 0.303447 0.187286 -0.934261
vn 0.865930 0.000019 0.500165
vn 0.964331 0.215740 0.153369
vn -0.865930 -0.000019 -0.500165
vn -0.964331 -0.215740 -0.153369
vn 0.866222 0.000011 -0.499660
vn 0.582617 0.236115 -0.777693
vn -0.866222 -0.000011 0.499660
vn -0.582617 -0.236115 0.777693
vn 0.000000 0.000000 1.000000
vn -0.305906 -0.173570 0.936106
vn 0.000000 0.000000 -1.000000
vn 0.305906 0.173570 -0.936106
vn 0.865922 -0.000011 0.500179
vn 0.967935 0.200028 0.151959
vn -0.865922 0.000011 -0.500179
vn -0.967935 -0.200028 -0.151959
vn 0.866222 0.000010 -0.499660
vn 0.584070 0.218626 -0.781707
vn -0.866222 -0.000010 0.499660
vn -0.584070 -0.218626 0.781707
vn 0.000000 0.000000 1.000000
vn -0.297718 -0.217874 0.929460
vn 0.000000 0.000000 -1.000000
vn 0.297718 0.217874 -0.929460
vn 0.865930 -0.000002 0.500165
vn 0.955379 0.250668 0.156259
vn -0.865930 0.000002 -0.500165
vn -0.955379 -0.250668 -0.156259
vn 0.866213 0.000011 -0.499674
vn 0.578715 0.275061 -0.767743
vn -0.866213 -0.000011 0.499674
vn -0.578715 -0.275061 0.767743
vn 0.000000 0.000000 1.000000
vn -0.300172 -0.204953 0.931607
vn 0.000000 0.000000 -1.000000
vn 0.300172 0.204953 -0.931607
vn 0.865930 -0.000002 0.500165
vn 0.959319 0.235933 0.155056
vn -0.865930 0.000002 -0.500165
vn -0.959319 -0.235933 -0.155056
vn 0.866213 0.000010 -0.499674
vn 0.580483 0.258615 -0.772113
vn -0.866213 -0.000010 0.499674
vn -0.580483 -0.258615 0.772113
vn 0.000000 0.000000 1.000000
vn -0.297179 -0.220594 0.928990
vn 0.000000 0.000000 -1.000000
vn 0.297179 0.220594 -0.928990
vn 0.865930 -0.000002 0.500165
vn 0.954517 0.253768 0.156525
vn -0.865930 0.000002 -0.500165
vn -0.954517 -0.253768 -0.156525
vn 0.866213 0.000011 -0.499674
vn 0.578329 0.278527 -0.766784
vn -0.866213 -0.000011 0.499674
vn -0.578329 -0.278527 0.766784
vn 0.000000 0.000000 1.000000
vn -0.305495 -0.175960 0.935794
vn 0.000000 0.000000 -1.000000
vn 0.305495 0.175960 -0.935794
vn 0.865930 -0.000002 0.500165
vn 0.967328 0.202762 0.152195
vn -0.865930 0.000002 -0.500165
vn -0.967328 -0.202762 -0.152195
vn 0.866222 0.000010 -0.499660
vn 0.583828 0.221667 -0.781031
vn -0.866222 -0.000010 0.499660
vn -0.583828 -0.221667 0.781031
vn 0.000000 0.000000 1.000000
vn -0.305480 -0.176008 0.935790
vn 0.000000 0.000000 -1.000000
vn 0.305480 0.176008 -0.935790
vn 0.865930 -0.000013 0.500165
vn 0.967319 0.202850 0.152136
vn -0.865930 0.000013 -0.500165
vn -0.967319 -0.202850 -0.152136
vn 0.866236 -0.000006 -0.499635
vn 0.583809 0.221739 -0.781024
vn -0.866236 0.000006 0.499635
vn -0.583809 -0.221739 0.781024
vn 0.000000 0.000000 1.000000
vn -0.296283 -0.225273 0.928153
vn 0.000000 0.000000 -1.000000
vn 0.296283 0.225273 -0.928153
vn 0.865930 -0.000017 0.500165
vn 0.953018 0.259099 0.156921
vn -0.865930 0.000017 -0.500165
vn -0.953018 -0.259099 -0.156921
vn 0.866222 0.000014 -0.499660
vn 0.577660 0.284467 -0.765106
vn -0.866222 -0.000014 0.499660
vn -0.577660 -0.284467 0.765106
vn 0.000000 0.000000 1.000000
vn -0.297925 -0.216731 0.929660
vn 0.000000 0.000000 -1.000000
vn 0.297925 0.216731 -0.929660
vn 0.865930 -0.000002 0.500165
vn 0.955734 0.249367 0.156169
vn -0.865930 0.000002 -0.500165
vn -0.955734 -0.249367 -0.156169
vn 0.866222 0.000013 -0.499660
vn 0.578921 0.273606 -0.768108
vn -0.866222 -0.000013 0.499660
vn -0.578921 -0.273606 0.768108
vn 0.000000 0.000000 1.000000
vn -0.294701 -0.233215 0.926694
vn 0.000000 0.000000 -1.000000
vn 0.294701 0.233215 -0.926694
vn 0.865930 0.000025 0.500165
vn 0.950387 0.268130 0.157702
vn -0.865930 -0.000025 -0.500165
vn -0.950387 -0.268130 -0.157702
vn 0.866213 -0.000015 -0.499674
vn 0.576373 0.294582 -0.762244
vn -0.866213 0.000015 0.499674
vn -0.576373 -0.294582 0.762244
vn 0.000000 0.000000 1.000000
vn -0.307484 -0.164578 0.937213
vn 0.000000 0.000000 -1.000000
vn 0.307484 0.164578 -0.937213
vn 0.865930 0.000006 0.500165
vn 0.970148 0.189715 0.151065
vn -0.865930 -0.000006 -0.500165
vn -0.970148 -0.189715 -0.151065
vn 0.866222 -0.000009 -0.499660
vn 0.584873 0.207175 -0.784221
vn -0.866222 0.000009 0.499660
vn -0.584873 -0.207175 0.784221
vn 0.000000 0.000000 1.000000
vn -0.309203 -0.154674 0.938333
vn 0.000000 0.000000 -1.000000
vn 0.309203 0.154674 -0.938333
vn 0.865930 0.000016 0.500165
vn 0.972464 0.178338 0.150031
vn -0.865930 -0.000016 -0.500165
vn -0.972464 -0.178338 -0.150031
vn 0.866213 0.000008 -0.499674
vn 0.585673 0.194560 -0.786850
vn -0.866213 -0.000008 0.499674
vn -0.585673 -0.194560 0.786850
vn 0.000000 0.000000 1.000000
vn -0.306078 -0.172681 0.936214
vn 0.000000 0.000000 -1.000000
vn 0.306078 0.172681 -0.936214
vn 0.865907 -0.000008 0.500204
vn 0.968156 0.199006 0.151892
vn -0.865907 0.000008 -0.500204
vn -0.968156 -0.199006 -0.151892
vn 0.866222 0.000010 -0.499660
vn 0.584123 0.217502 -0.781980
vn -0.866222 -0.000010 0.499660
vn -0.584123 -0.217502 0.781980
vn 0.000000 0.000000 1.000000
vn -0.308911 -0.156391 0.938145
vn 0.000000 0.000000 -1.000000
vn 0.308911 0.156391 -0.938145
vn 0.865922 -0.000010 0.500179
vn 0.972079 0.180306 0.150177
vn -0.865922 0.000010 -0.500179
vn -0.972079 -0.180306 -0.150177
vn 0.866222 0.000009 -0.499660
vn 0.585550 0.196752 -0.786397
vn -0.866222 -0.000009 0.499660
vn -0.585550 -0.196752 0.786397
vn 0.000000 0.000000 1.000000
vn -0.302734 -0.191248 0.933690
vn 0.000000 0.000000 -1.000000
vn 0.302734 0.191248 -0.933690
vn 0.865930 -0.000002 0.500165
vn 0.963252 0.220268 0.153715
vn -0.865930 0.000002 -0.500165
vn -0.963252 -0.220268 -0.153715
vn 0.866222 0.000011 -0.499660
vn 0.582163 0.241160 -0.776484
vn -0.866222 -0.000011 0.499660
vn -0.582163 -0.241160 0.776484
vn 0.000000 0.000000 1.000000
vn -0.308250 -0.160151 0.937728
vn 0.000000 0.000000 -1.000000
vn 0.308250 0.160151 -0.937728
vn 0.865930 0.000016 0.500165
vn 0.971198 0.184629 0.150621
vn -0.865930 -0.000016 -0.500165
vn -0.971198 -0.184629 -0.150621
vn 0.866213 -0.000010 -0.499674
vn 0.585215 0.201541 -0.785433
vn -0.866213 0.000010 0.499674
vn -0.585215 -0.201541 0.785433
vn 0.000000 0.000000 1.000000
vn -0.301745 -0.196619 0.932894
vn 0.000000 0.000000 -1.000000
vn 0.301745 0.196619 -0.932894
vn 0.865930 0.000020 0.500165
vn 0.961737 0.226415 0.154269
vn -0.865930 -0.000020 -0.500165
vn -0.961737 -0.226415 -0.154269
vn 0.866222 -0.000010 -0.499660
vn 0.581502 0.248008 -0.774821
vn -0.866222 0.000010 0.499660
vn -0.581502 -0.248008 0.774821
vn 0.000000 0.000000 1.000000
vn -0.289295 -0.259763 0.921321
vn 0.000000 0.000000 -1.000000
vn 0.289295 0.259763 -0.921321
vn 0.865930 -0.000002 0.500165
vn 0.940993 0.298258 0.159921
vn -0.865930 0.000002 -0.500165
vn -0.940993 -0.298258 -0.159921
vn 0.866222 -0.000032 -0.499660
vn 0.571757 0.328264 -0.751888
vn -0.866222 0.000032 0.499660
vn -0.571757 -0.328264 0.751888
vn 0.000000 0.000000 1.000000
vn -0.298156 -0.215559 0.929859
vn 0.000000 0.000000 -1.000000
vn 0.298156 0.215559 -0.929859
vn 0.865930 -0.000016 0.500165
vn 0.956102 0.248036 0.156039
vn -0.865930 0.000016 -0.500165
vn -0.956102 -0.248036 -0.156039
vn 0.866222 0.000013 -0.499660
vn 0.579084 0.272112 -0.768516
vn -0.866222 -0.000013 0.499660
vn -0.579084 -0.272112 0.768516
vn 0.000000 0.000000 1.000000
vn -0.308532 -0.158537 0.937909
vn 0.000000 0.000000 -1.000000
vn 0.308532 0.158537 -0.937909
vn 0.865930 -0.000011 0.500165
vn 0.971583 0.182776 0.150400
vn -0.865930 0.000011 -0.500165
vn -0.971583 -0.182776 -0.150400
vn 0.866222 0.000009 -0.499660
vn 0.585408 0.199476 -0.785816
vn -0.866222 -0.000009 0.499660
vn -0.585408 -0.199476 0.785816
vn 0.000000 0.000000 1.000000
vn -0.304466 -0.181688 0.935035
vn 0.000000 0.000000 -1.000000
vn 0.304466 0.181688 -0.935035
vn 0.865930 -0.000002 0.500165
vn 0.965840 0.209355 0.152717
vn -0.865930 0.000002 -0.500165
vn -0.965840 -0.209355 -0.152717
vn 0.866222 -0.000010 -0.499660
vn 0.583217 0.228970 -0.779378
vn -0.866222 0.000010 0.499660
vn -0.583217 -0.228970 0.779378
vn 0.000000 0.000000 1.000000
vn -0.307718 -0.163285 0.937362
vn 0.000000 0.000000 -1.000000
vn 0.307718 0.163285 -0.937362
vn 0.865922 -0.000010 0.500179
vn 0.970468 0.188250 0.150845
vn -0.865922 0.000010 -0.500179
vn -0.970468 -0.188250 -0.150845
vn 0.866236 -0.000006 -0.499635
vn 0.584964 0.205543 -0.784582
vn -0.866236 0.000006 0.499635
vn -0.584964 -0.205543 0.784582
vn 0.000000 0.000000 1.000000
vn -0.300266 -0.204475 0.931681
vn 0.000000 0.000000 -1.000000
vn 0.300266 0.204475 -0.931681
vn 0.865930 -0.000002 0.500165
vn 0.959462 0.235420 0.154950
vn -0.865930 0.000002 -0.500165
vn -0.959462 -0.235420 -0.154950
vn 0.866222 -0.000011 -0.499660
vn 0.580527 0.258019 -0.772279
vn -0.866222 0.000011 0.499660
vn -0.580527 -0.258019 0.772279
vn 0.000000 0.000000 1.000000
vn -0.305814 -0.174119 0.936034
vn 0.000000 0.000000 -1.000000
vn 0.305814 0.174119 -0.936034
vn 0.865922 -0.000011 0.500179
vn 0.967797 0.200656 0.152008
vn -0.865922 0.000011 -0.500179
vn -0.967797 -0.200656 -0.152008
vn 0.866236 -0.000006 -0.499635
vn 0.584013 0.219323 -0.781554
vn -0.866236 0.000006 0.499635
vn -0.584013 -0.219323 0.781554
vn 0.000000 0.000000 1.000000
vn -0.296692 -0.223175 0.928529
vn 0.000000 0.000000 -1.000000
vn 0.296692 0.223175 -0.928529
vn 0.865930 -0.000002 0.500165
vn 0.953694 0.256706 0.156745
vn -0.865930 0.000002 -0.500165
vn -0.953694 -0.256706 -0.156745
vn 0.866236 -0.000008 -0.499635
vn 0.577951 0.281816 -0.765867
vn -0.866236 0.000008 0.499635
vn -0.577951 -0.281816 0.765867
vn 0.000000 0.000000 1.000000
vn -0.308491 -0.158859 0.937868
vn 0.000000 0.000000 -1.000000
vn 0.308491 0.158859 -0.937868
vn 0.865922 -0.000010 0.500179
vn 0.971510 0.183145 0.150423
vn -0.865922 0.000010 -0.500179
vn -0.971510 -0.183145 -0.150423
vn 0.866222 0.000009 -0.499660
vn 0.585374 0.199882 -0.785739
vn -0.866222 -0.000009 0.499660
vn -0.585374 -0.199882 0.785739
vn 0.000000 0.000000 1.000000
vn -0.302148 -0.194349 0.933239
vn 0.000000 0.000000 -1.000000
vn 0.302148 0.194349 -0.933239
vn 0.865930 -0.000002 0.500165
vn 0.962382 0.223816 0.154035
vn -0.865930 0.000002 -0.500165
vn -0.962382 -0.223816 -0.154035
vn 0.866236 -0.000007 -0.499635
vn 0.581809 0.245117 -0.775510
vn -0.866236 0.000007 0.499635
vn -0.581809 -0.245117 0.775510
vn 0.000000 0.000000 1.000000
vn -0.290100 -0.255953 0.922133
vn 0.000000 0.000000 -1.000000
vn 0.290100 0.255953 -0.922133
vn 0.865930 -0.000002 0.500165
vn 0.942405 0.293947 0.159584
vn -0.865930 0.000002 -0.500165
vn -0.942405 -0.293947 -0.159584
vn 0.866228 -0.000012 -0.499649
vn 0.572467 0.323441 -0.753437
vn -0.866228 0.000012 0.499649
vn -0.572467 -0.323441 0.753437
vn 0.000000 0.000000 1.000000
vn -0.294972 -0.231875 0.926944
vn 0.000000 0.000000 -1.000000
vn 0.294972 0.231875 -0.926944
vn 0.865930 -0.000017 0.500165
vn 0.950844 0.266607 0.157531
vn -0.865930 0.000017 -0.500165
vn -0.950844 -0.266607 -0.157531
vn 0.866236 -0.000009 -0.499635
vn 0.576645 0.292865 -0.762700
vn -0.866236 0.000009 0.499635
vn -0.576645 -0.292865 0.762700
vn 0.000000 0.000000 1.000000
vn -0.305178 -0.177725 0.935564
vn 0.000000 0.000000 -1.000000
vn 0.305178 0.177725 -0.935564
vn 0.865916 0.000001 0.500190
vn 0.966868 0.204789 0.152407
vn -0.865916 -0.000001 -0.500190
vn -0.966868 -0.204789 -0.152407
vn 0.866213 0.000009 -0.499674
vn 0.583616 0.223921 -0.780546
vn -0.866213 -0.000009 0.499674
vn -0.583616 -0.223921 0.780546
vn 0.000000 0.000000 1.000000
vn -0.307937 -0.162012 0.937511
vn 0.000000 0.000000 -1.000000
vn 0.307937 0.162012 -0.937511
vn 0.865930 0.000016 0.500165
vn 0.970761 0.186766 0.150804
vn -0.865930 -0.000016 -0.500165
vn -0.970761 -0.186766 -0.150804
vn 0.866213 -0.000010 -0.499674
vn 0.585054 0.203909 -0.784942
vn -0.866213 0.000010 0.499674
vn -0.585054 -0.203909 0.784942
vn 0.000000 0.000000 1.000000
vn -0.308047 -0.161377 0.937584
vn 0.000000 0.000000 -1.000000
vn 0.308047 0.161377 -0.937584
vn 0.865930 -0.000001 0.500165
vn 0.970921 0.186060 0.150648
vn -0.865930 0.000001 -0.500165
vn -0.970921 -0.186060 -0.150648
vn 0.866236 -0.000006 -0.499635
vn 0.585128 0.203114 -0.785092
vn -0.866236 0.000006 0.499635
vn -0.585128 -0.203114 0.785092
vn 0.000000 0.000000 1.000000
vn -0.287780 -0.267035 0.919714
vn 0.000000 0.000000 -1.000000
vn 0.287780 0.267035 -0.919714
vn 0.865930 -0.000002 0.500165
vn 0.938253 0.306430 0.160567
vn -0.865930 0.000002 -0.500165
vn -0.938253 -0.306430 -0.160567
vn 0.866236 -0.000010 -0.499635
vn 0.570390 0.337467 -0.748847
vn -0.866236 0.000010 0.499635
vn -0.570390 -0.337467 0.748847
vn 0.000000 0.000000 1.000000
vn -0.289304 -0.259790 0.921310
vn 0.000000 0.000000 -1.000000
vn 0.289304 0.259790 -0.921310
vn 0.865922 0.000013 0.500179
vn 0.940983 0.298252 0.159992
vn -0.865922 -0.000013 -0.500179
vn -0.940983 -0.298252 -0.159992
vn 0.866222 -0.000014 -0.499660
vn 0.571754 0.328304 -0.751873
vn -0.866222 0.000014 0.499660
vn -0.571754 -0.328304 0.751873
vn 0.000000 0.000000 1.000000
vn -0.302475 -0.192606 0.933494
vn 0.000000 0.000000 -1.000000
vn 0.302475 0.192606 -0.933494
vn 0.865907 -0.000009 0.500204
vn 0.962866 0.221827 0.153891
vn -0.865907 0.000009 -0.500204
vn -0.962866 -0.221827 -0.153891
vn 0.866222 0.000011 -0.499660
vn 0.582011 0.242894 -0.776058
vn -0.866222 -0.000011 0.499660
vn -0.582011 -0.242894 0.776058
vn 0.000000 0.000000 1.000000
vn -0.302054 -0.194839 0.933167
vn 0.000000 0.000000 -1.000000
vn 0.302054 0.194839 -0.933167
vn 0.865916 0.000002 0.500190
vn 0.962237 0.224381 0.154119
vn -0.865916 -0.000002 -0.500190
vn -0.962237 -0.224381 -0.154119
vn 0.866213 0.000010 -0.499674
vn 0.581742 0.245733 -0.775366
vn -0.866213 -0.000010 0.499674
vn -0.581742 -0.245733 0.775366
vn 0.000000 0.000000 1.000000
vn -0.307722 -0.163290 0.937360
vn 0.000000 0.000000 -1.000000
vn 0.307722 0.163290 -0.937360
vn 0.865930 0.000017 0.500165
vn 0.970458 0.188233 0.150929
vn -0.865930 -0.000017 -0.500165
vn -0.970458 -0.188233 -0.150929
vn 0.866222 -0.000008 -0.499660
vn 0.584952 0.205543 -0.784591
vn -0.866222 0.000008 0.499660
vn -0.584952 -0.205543 0.784591
vn 0.000000 0.000000 1.000000
vn -0.290911 -0.251995 0.922968
vn 0.000000 0.000000 -1.000000
vn 0.290911 0.251995 -0.922968
vn 0.865930 -0.000002 0.500165
vn 0.943847 0.289467 0.159254
vn -0.865930 0.000002 -0.500165
vn -0.943847 -0.289467 -0.159254
vn 0.866222 -0.000014 -0.499660
vn 0.573193 0.318430 -0.755018
vn -0.866222 0.000014 0.499660
vn -0.573193 -0.318430 0.755018
vn 0.000000 0.000000 1.000000
vn -0.290444 -0.254268 0.922491
vn 0.000000 0.000000 -1.000000
vn 0.290444 0.254268 -0.922491
vn 0.865930 -0.000002 0.500165
vn 0.943024 0.292001 0.159501
vn -0.865930 0.000002 -0.500165
vn -0.943024 -0.292001 -0.159501
vn 0.866222 0.000016 -0.499660
vn 0.572808 0.321306 -0.754092
vn -0.866222 -0.000016 0.499660
vn -0.572808 -0.321306 0.754092
vn 0.000000 0.000000 1.000000
vn -0.305887 -0.173707 0.936087
vn 0.000000 0.000000 -1.000000
vn 0.305887 0.173707 -0.936087
vn 0.865930 -0.000001 0.500165
vn 0.967901 0.200179 0.151975
vn -0.865930 0.000001 -0.500165
vn -0.967901 -0.200179 -0.151975
vn 0.866228 -0.000008 -0.499649
vn 0.584017 0.218803 -0.781696
vn -0.866228 0.000008 0.499649
vn -0.584017 -0.218803 0.781696
vn 0.000000 0.000000 1.000000
vn -0.297345 -0.219783 0.929130
vn 0.000000 0.000000 -1.000000
vn 0.297345 0.219783 -0.929130
vn 0.865930 -0.000002 0.500165
vn 0.954775 0.252879 0.156385
vn -0.865930 0.000002 -0.500165
vn -0.954775 -0.252879 -0.156385
vn 0.866236 -0.000008 -0.499635
vn 0.578435 0.277515 -0.767071
vn -0.866236 0.000008 0.499635
vn -0.578435 -0.277515 0.767071
vn 0.000000 0.000000 1.000000
vn -0.309393 -0.153526 0.938459
vn 0.000000 0.000000 -1.000000
vn 0.309393 0.153526 -0.938459
vn 0.865930 -0.000011 0.500165
vn 0.972734 0.177044 0.149813
vn -0.865930 0.000011 -0.500165
vn -0.972734 -0.177044 -0.149813
vn 0.866222 -0.000008 -0.499660
vn 0.585774 0.193098 -0.787135
vn -0.866222 0.000008 0.499660
vn -0.585774 -0.193098 0.787135
vn 0.000000 0.000000 1.000000
vn -0.301648 -0.197145 0.932814
vn 0.000000 0.000000 -1.000000
vn 0.301648 0.197145 -0.932814
vn 0.865930 -0.000002 0.500165
vn 0.961593 0.227012 0.154288
vn -0.865930 0.000002 -0.500165
vn -0.961593 -0.227012 -0.154288
vn 0.866213 0.000010 -0.499674
vn 0.581453 0.248664 -0.774647
vn -0.866213 -0.000010 0.499674
vn -0.581453 -0.248664 0.774647
vn 0.000000 0.000000 1.000000
vn -0.308663 -0.157794 0.937992
vn 0.000000 0.000000 -1.000000
vn 0.308663 0.157794 -0.937992
vn 0.865922 0.000008 0.500179
vn 0.971748 0.181922 0.150365
vn -0.865922 -0.000008 -0.500179
vn -0.971748 -0.181922 -0.150365
vn 0.866222 -0.000008 -0.499660
vn 0.585415 0.198545 -0.786046
vn -0.866222 0.000008 0.499660
vn -0.585415 -0.198545 0.786046
vn 0.000000 0.000000 1.000000
vn -0.290740 -0.252861 0.922785
vn 0.000000 0.000000 -1.000000
vn 0.290740 0.252861 -0.922785
vn 0.865930 -0.000002 0.500165
vn 0.943538 0.290407 0.159374
vn -0.865930 0.000002 -0.500165
vn -0.943538 -0.290407 -0.159374
vn 0.866222 0.000016 -0.499660
vn 0.573060 0.319519 -0.754659
vn -0.866222 -0.000016 0.499660
vn -0.573060 -0.319519 0.754659
vn 0.000000 0.000000 1.000000
vn -0.304980 -0.178831 0.935418
vn 0.000000 0.000000 -1.000000
vn 0.304980 0.178831 -0.935418
vn 0.865922 0.000009 0.500179
vn 0.966581 0.206061 0.152510
vn -0.865922 -0.000009 -0.500179
vn -0.966581 -0.206061 -0.152510
vn 0.866222 -0.000009 -0.499660
vn 0.583513 0.225329 -0.780218
vn -0.866222 0.000009 0.499660
vn -0.583513 -0.225329 0.780218
vn 0.000000 0.000000 1.000000
vn -0.286165 -0.274693 0.917962
vn 0.000000 0.000000 -1.000000
vn 0.286165 0.274693 -0.917962
vn 0.865930 0.000011 0.500165
vn 0.935277 0.315076 0.161193
vn -0.865930 -0.000011 -0.500165
vn -0.935277 -0.315076 -0.161193
vn 0.866222 -0.000015 -0.499660
vn 0.568846 0.347123 -0.745600
vn -0.866222 0.000015 0.499660
vn -0.568846 -0.347123 0.745600
vn 0.000000 0.000000 1.000000
vn -0.296482 -0.224268 0.928333
vn 0.000000 0.000000 -1.000000
vn 0.296482 0.224268 -0.928333
vn 0.865930 -0.000002 0.500165
vn 0.953343 0.257949 0.156841
vn -0.865930 0.000002 -0.500165
vn -0.953343 -0.257949 -0.156841
vn 0.866213 0.000011 -0.499674
vn 0.577775 0.283194 -0.765492
vn -0.866213 -0.000011 0.499674
vn -0.577775 -0.283194 0.765492
vn 0.000000 0.000000 1.000000
vn -0.296311 -0.225100 0.928186
vn 0.000000 0.000000 -1.000000
vn 0.296311 0.225100 -0.928186
vn 0.865930 -0.000017 0.500165
vn 0.953073 0.258902 0.156912
vn -0.865930 0.000017 -0.500165
vn -0.953073 -0.258902 -0.156912
vn 0.866236 -0.000008 -0.499635
vn 0.577689 0.284249 -0.765165
vn -0.866236 0.000008 0.499635
vn -0.577689 -0.284249 0.765165
vn 0.000000 0.000000 1.000000
vn -0.284927 -0.280364 0.916631
vn 0.000000 0.000000 -1.000000
vn 0.284927 0.280364 -0.916631
vn 0.865930 -0.000003 0.500165
vn 0.933026 0.321452 0.161650
vn -0.865930 0.000003 -0.500165
vn -0.933026 -0.321452 -0.161650
vn 0.866228 -0.000014 -0.499649
vn 0.567669 0.354290 -0.743122
vn -0.866228 0.000014 0.499649
vn -0.567669 -0.354290 0.743122
vn 0.000000 0.000000 1.000000
vn -0.300720 -0.202033 0.932068
vn 0.000000 0.000000 -1.000000
vn 0.300720 0.202033 -0.932068
vn 0.865930 -0.000002 0.500165
vn 0.960179 0.232631 0.154721
vn -0.865930 0.000002 -0.500165
vn -0.960179 -0.232631 -0.154721
vn 0.866222 -0.000011 -0.499660
vn 0.580842 0.254910 -0.773074
vn -0.866222 0.000011 0.499660
vn -0.580842 -0.254910 0.773074
vn 0.000000 0.000000 1.000000
vn -0.305580 -0.175427 0.935867
vn 0.000000 0.000000 -1.000000
vn 0.305580 0.175427 -0.935867
vn 0.865930 -0.000001 0.500165
vn 0.967466 0.202181 0.152095
vn -0.865930 0.000001 -0.500165
vn -0.967466 -0.202181 -0.152095
vn 0.866228 -0.000008 -0.499649
vn 0.583832 0.221006 -0.781215
vn -0.866228 0.000008 0.499649
vn -0.583832 -0.221006 0.781215
vn 0.000000 0.000000 1.000000
vn -0.286170 -0.274614 0.917983
vn 0.000000 0.000000 -1.000000
vn 0.286170 0.274614 -0.917983
vn 0.865907 -0.000014 0.500204
vn 0.935305 0.314983 0.161214
vn -0.865907 0.000014 -0.500204
vn -0.935305 -0.314983 -0.161214
vn 0.866222 0.000017 -0.499660
vn 0.568870 0.347044 -0.745619
vn -0.866222 -0.000017 0.499660
vn -0.568870 -0.347044 0.745619
vn 0.000000 0.000000 1.000000
vn -0.301944 -0.195470 0.933071
vn 0.000000 0.000000 -1.000000
vn 0.301944 0.195470 -0.933071
vn 0.865930 0.000020 0.500165
vn 0.962060 0.225102 0.154173
vn -0.865930 -0.000020 -0.500165
vn -0.962060 -0.225102 -0.154173
vn 0.866222 0.000012 -0.499660
vn 0.581674 0.246544 -0.775159
vn -0.866222 -0.000012 0.499660
vn -0.581674 -0.246544 0.775159
vn 0.000000 0.000000 1.000000
vn -0.286384 -0.273677 0.918197
vn 0.000000 0.000000 -1.000000
vn 0.286384 0.273677 -0.918197
vn 0.865930 -0.000021 0.500165
vn 0.935684 0.313926 0.161078
vn -0.865930 0.000021 -0.500165
vn -0.935684 -0.313926 -0.161078
vn 0.866222 0.000017 -0.499660
vn 0.569080 0.345833 -0.746021
vn -0.866222 -0.000017 0.499660
vn -0.569080 -0.345833 0.746021
vn 0.000000 0.000000 1.000000
vn -0.307464 -0.164713 0.937195
vn 0.000000 0.000000 -1.000000
vn 0.307464 0.164713 -0.937195
vn 0.865922 -0.000010 0.500179
vn 0.970121 0.189867 0.151047
vn -0.865922 0.000010 -0.500179
vn -0.970121 -0.189867 -0.151047
vn 0.866222 0.000010 -0.499660
vn 0.584885 0.207342 -0.784168
vn -0.866222 -0.000010 0.499660
vn -0.584885 -0.207342 0.784168
vn 0.000000 0.000000 1.000000
vn -0.296609 -0.223581 0.928458
vn 0.000000 0.000000 -1.000000
vn 0.296609 0.223581 -0.928458
vn 0.865907 -0.000011 0.500204
vn 0.953556 0.257179 0.156809
vn -0.865907 0.000011 -0.500204
vn -0.953556 -0.257179 -0.156809
vn 0.866222 0.000014 -0.499660
vn 0.577916 0.282317 -0.765709
vn -0.866222 -0.000014 0.499660
vn -0.577916 -0.282317 0.765709
vn 0.000000 0.000000 1.000000
vn -0.298612 -0.213240 0.930247
vn 0.000000 0.000000 -1.000000
vn 0.298612 0.213240 -0.930247
vn 0.865922 -0.000014 0.500179
vn 0.956820 0.245393 0.155815
vn -0.865922 0.000014 -0.500179
vn -0.956820 -0.245393 -0.155815
vn 0.866222 0.000013 -0.499660
vn 0.579401 0.269156 -0.769317
vn -0.866222 -0.000013 0.499660
vn -0.579401 -0.269156 0.769317
vn 0.000000 0.000000 1.000000
vn -0.303504 -0.187013 0.934297
vn 0.000000 0.000000 -1.000000
vn 0.303504 0.187013 -0.934297
vn 0.865930 -0.000002 0.500165
vn 0.964413 0.215423 0.153302
vn -0.865930 0.000002 -0.500165
vn -0.964413 -0.215423 -0.153302
vn 0.866222 0.000011 -0.499660
vn 0.582644 0.235765 -0.777780
vn -0.866222 -0.000011 0.499660
vn -0.582644 -0.235765 0.777780
vn 0.000000 0.000000 1.000000
vn -0.299633 -0.207864 0.931135
vn 0.000000 0.000000 -1.000000
vn 0.299633 0.207864 -0.931135
vn 0.865930 -0.000002 0.500165
vn 0.958454 0.239288 0.155264
vn -0.865930 0.000002 -0.500165
vn -0.958454 -0.239288 -0.155264
vn 0.866222 -0.000011 -0.499660
vn 0.580104 0.262316 -0.771148
vn -0.866222 0.000011 0.499660
vn -0.580104 -0.262316 0.771148
vn 0.000000 0.000000 1.000000
vn -0.303894 -0.184806 0.934610
vn 0.000000 0.000000 -1.000000
vn 0.303894 0.184806 -0.934610
vn 0.865922 -0.000012 0.500179
vn 0.965009 0.212932 0.153029
vn -0.865922 0.000012 -0.500179
vn -0.965009 -0.212932 -0.153029
vn 0.866236 -0.000007 -0.499635
vn 0.582898 0.232953 -0.778436
vn -0.866236 0.000007 0.499635
vn -0.582898 -0.232953 0.778436
vn 0.000000 0.000000 1.000000
vn -0.303414 -0.187542 0.934220
vn 0.000000 0.000000 -1.000000
vn 0.303414 0.187542 -0.934220
vn 0.865930 -0.000002 0.500165
vn 0.964270 0.216028 0.153347
vn -0.865930 0.000002 -0.500165
vn -0.964270 -0.216028 -0.153347
vn 0.866222 0.000011 -0.499660
vn 0.582581 0.236438 -0.777622
vn -0.866222 -0.000011 0.499660
vn -0.582581 -0.236438 0.777622
vn 0.000000 0.000000 1.000000
vn -0.296087 -0.226244 0.927979
vn 0.000000 0.000000 -1.000000
vn 0.296087 0.226244 -0.927979
vn 0.865916 0.000002 0.500190
vn 0.952694 0.260204 0.157062
vn -0.865916 -0.000002 -0.500190
vn -0.952694 -0.260204 -0.157062
vn 0.866222 0.000014 -0.499660
vn 0.577516 0.285704 -0.764754
vn -0.866222 -0.000014 0.499660
vn -0.577516 -0.285704 0.764754
vn 0.000000 0.000000 1.000000
vn -0.304402 -0.181982 0.934998
vn 0.000000 0.000000 -1.000000
vn 0.304402 0.181982 -0.934998
vn 0.865930 -0.000002 0.500165
vn 0.965758 0.209663 0.152816
vn -0.865930 0.000002 -0.500165
vn -0.965758 -0.209663 -0.152816
vn 0.866236 -0.000007 -0.499635
vn 0.583195 0.229358 -0.779281
vn -0.866236 0.000007 0.499635
vn -0.583195 -0.229358 0.779281
vn 0.000000 0.000000 1.000000
vn -0.306219 -0.171840 0.936323
vn 0.000000 0.000000 -1.000000
vn 0.306219 0.171840 -0.936323
vn 0.865916 0.000001 0.500190
vn 0.968365 0.198043 0.151815
vn -0.865916 -0.000001 -0.500190
vn -0.968365 -0.198043 -0.151815
vn 0.866213 0.000008 -0.499674
vn 0.584196 0.216425 -0.782225
vn -0.866213 -0.000008 0.499674
vn -0.584196 -0.216425 0.782225
vn 0.000000 0.000000 1.000000
vn -0.301544 -0.197716 0.932727
vn 0.000000 0.000000 -1.000000
vn 0.301544 0.197716 -0.932727
vn 0.865930 0.000021 0.500165
vn 0.961424 0.227669 0.154373
vn -0.865930 -0.000021 -0.500165
vn -0.961424 -0.227669 -0.154373
vn 0.866222 -0.000010 -0.499660
vn 0.581368 0.249404 -0.774474
vn -0.866222 0.000010 0.499660
vn -0.581368 -0.249404 0.774474
vn 0.000000 0.000000 1.000000
vn -0.284821 -0.280878 0.916507
vn 0.000000 0.000000 -1.000000
vn 0.284821 0.280878 -0.916507
vn 0.865922 0.000014 0.500179
vn 0.932813 0.322043 0.161706
vn -0.865922 -0.000014 -0.500179
vn -0.932813 -0.322043 -0.161706
vn 0.866222 -0.000016 -0.499660
vn 0.567566 0.354933 -0.742894
vn -0.866222 0.000016 0.499660
vn -0.567566 -0.354933 0.742894
vn 0.000000 0.000000 1.000000
vn -0.303006 -0.189723 0.933913
vn 0.000000 0.000000 -1.000000
vn 0.303006 0.189723 -0.933913
vn 0.865907 -0.000009 0.500204
vn 0.963666 0.218533 0.153596
vn -0.865907 0.000009 -0.500204
vn -0.963666 -0.218533 -0.153596
vn 0.866222 0.000011 -0.499660
vn 0.582366 0.239204 -0.776937
vn -0.866222 -0.000011 0.499660
vn -0.582366 -0.239204 0.776937
vn 0.000000 0.000000 1.000000
vn -0.304200 -0.183197 0.934827
vn 0.000000 0.000000 -1.000000
vn 0.304200 0.183197 -0.934827
vn 0.865930 0.000019 0.500165
vn 0.965433 0.211058 0.152950
vn -0.865930 -0.000019 -0.500165
vn -0.965433 -0.211058 -0.152950
vn 0.866213 -0.000011 -0.499674
vn 0.583018 0.230896 -0.778959
vn -0.866213 0.000011 0.499674
vn -0.583018 -0.230896 0.778959
vn 0.000000 0.000000 1.000000
vn -0.295125 -0.231119 0.927084
vn 0.000000 0.000000 -1.000000
vn 0.295125 0.231119 -0.927084
vn 0.865930 -0.000002 0.500165
vn 0.951096 0.265742 0.157474
vn -0.865930 0.000002 -0.500165
vn -0.951096 -0.265742 -0.157474
vn 0.866236 -0.000009 -0.499635
vn 0.576763 0.291902 -0.762980
vn -0.866236 0.000009 0.499635
vn -0.576763 -0.291902 0.762980
vn 0.000000 0.000000 1.000000
vn -0.295150 -0.231060 0.927091
vn 0.000000 0.000000 -1.000000
vn 0.295150 0.231060 -0.927091
vn 0.865916 0.000002 0.500190
vn 0.951111 0.265680 0.157485
vn -0.865916 -0.000002 -0.500190
vn -0.951111 -0.265680 -0.157485
vn 0.866213 0.000012 -0.499674
vn 0.576729 0.291829 -0.763033
vn -0.866213 -0.000012 0.499674
vn -0.576729 -0.291829 0.763033
vn 0.000000 0.000000 1.000000
vn -0.293109 -0.241207 0.925152
vn 0.000000 0.000000 -1.000000
vn 0.293109 0.241207 -0.925152
vn 0.865916 0.000002 0.500190
vn 0.947663 0.277205 0.158403
vn -0.865916 -0.000002 -0.500190
vn -0.947663 -0.277205 -0.158403
vn 0.866222 0.000015 -0.499660
vn 0.575097 0.304737 -0.759210
vn -0.866222 -0.000015 0.499660
vn -0.575097 -0.304737 0.759210
vn 0.000000 0.000000 1.000000
vn -0.306142 -0.172301 0.936264
vn 0.000000 0.000000 -1.000000
vn 0.306142 0.172301 -0.936264
vn 0.865930 0.000007 0.500165
vn 0.968252 0.198575 0.151843
vn -0.865930 -0.000007 -0.500165
vn -0.968252 -0.198575 -0.151843
vn 0.866222 -0.000009 -0.499660
vn 0.584158 0.217009 -0.782091
vn -0.866222 0.000009 0.499660
vn -0.584158 -0.217009 0.782091
vn 0.000000 0.000000 1.000000
vn -0.302622 -0.191771 0.933619
vn 0.000000 0.000000 -1.000000
vn 0.302622 0.191771 -0.933619
vn 0.865922 -0.000012 0.500179
vn 0.963104 0.220873 0.153775
vn -0.865922 0.000012 -0.500179
vn -0.963104 -0.220873 -0.153775
vn 0.866222 0.000011 -0.499660
vn 0.582136 0.241817 -0.776301
vn -0.866222 -0.000011 0.499660
vn -0.582136 -0.241817 0.776301
vn 0.000000 0.000000 1.000000
vn -0.306012 -0.172992 0.936179
vn 0.000000 0.000000 -1.000000
vn 0.306012 0.172992 -0.936179
vn 0.865916 0.000001 0.500190
vn 0.968075 0.199364 0.151936
vn -0.865916 -0.000001 -0.500190
vn -0.968075 -0.199364 -0.151936
vn 0.866213 0.000008 -0.499674
vn 0.584087 0.217893 -0.781898
vn -0.866213 -0.000008 0.499674
vn -0.584087 -0.217893 0.781898
vn 0.000000 0.000000 1.000000
vn -0.298240 -0.215101 0.929938
vn 0.000000 0.000000 -1.000000
vn 0.298240 0.215101 -0.929938
vn 0.865930 0.000023 0.500165
vn 0.956235 0.247515 0.156046
vn -0.865930 -0.000023 -0.500165
vn -0.956235 -0.247515 -0.156046
vn 0.866222 0.000013 -0.499660
vn 0.579126 0.271547 -0.768684
vn -0.866222 -0.000013 0.499660
vn -0.579126 -0.271547 0.768684
vn 0.000000 0.000000 1.000000
vn -0.296204 -0.225644 0.928088
vn 0.000000 0.000000 -1.000000
vn 0.296204 0.225644 -0.928088
vn 0.865930 -0.000002 0.500165
vn 0.952896 0.259516 0.156977
vn -0.865930 0.000002 -0.500165
vn -0.952896 -0.259516 -0.156977
vn 0.866213 0.000011 -0.499674
vn 0.577572 0.284947 -0.764994
vn -0.866213 -0.000011 0.499674
vn -0.577572 -0.284947 0.764994
vn 0.000000 0.000000 1.000000
vn -0.307001 -0.167394 0.936872
vn 0.000000 0.000000 -1.000000
vn 0.307001 0.167394 -0.936872
vn 0.865930 0.000017 0.500165
vn 0.969465 0.192943 0.151360
vn -0.865930 -0.000017 -0.500165
vn -0.969465 -0.192943 -0.151360
vn 0.866213 -0.000010 -0.499674
vn 0.584581 0.210764 -0.783482
vn -0.866213 0.000010 0.499674
vn -0.584581 -0.210764 0.783482
vn 0.000000 0.000000 1.000000
vn -0.297320 -0.219866 0.929118
vn 0.000000 0.000000 -1.000000
vn 0.297320 0.219866 -0.929118
vn 0.865930 0.000023 0.500165
vn 0.954741 0.252944 0.156490
vn -0.865930 -0.000023 -0.500165
vn -0.954741 -0.252944 -0.156490
vn 0.866213 -0.000014 -0.499674
vn 0.578408 0.277607 -0.767058
vn -0.866213 0.000014 0.499674
vn -0.578408 -0.277607 0.767058
vn 0.000000 0.000000 1.000000
vn -0.306227 -0.171758 0.936336
vn 0.000000 0.000000 -1.000000
vn 0.306227 0.171758 -0.936336
vn 0.865930 -0.000001 0.500165
vn 0.968391 0.197945 0.151782
vn -0.865930 0.000001 -0.500165
vn -0.968391 -0.197945 -0.151782
vn 0.866222 0.000010 -0.499660
vn 0.584219 0.216330 -0.782234
vn -0.866222 -0.000010 0.499660
vn -0.584219 -0.216330 0.782234
vn 0.000000 0.000000 1.000000
vn -0.290804 -0.252588 0.922839
vn 0.000000 0.000000 -1.000000
vn 0.290804 0.252588 -0.922839
vn 0.865930 -0.000002 0.500165
vn 0.943638 0.290099 0.159343
vn -0.865930 0.000002 -0.500165
vn -0.943638 -0.290099 -0.159343
vn 0.866236 -0.000009 -0.499635
vn 0.573130 0.319152 -0.754761
vn -0.866236 0.000009 0.499635
vn -0.573130 -0.319152 0.754761
vn 0.000000 0.000000 1.000000
vn -0.307971 -0.161869 0.937525
vn 0.000000 0.000000 -1.000000
vn 0.307971 0.161869 -0.937525
vn 0.865930 -0.000001 0.500165
vn 0.970802 0.186598 0.150747
vn -0.865930 0.000001 -0.500165
vn -0.970802 -0.186598 -0.150747
vn 0.866222 0.000009 -0.499660
vn 0.585099 0.203729 -0.784954
vn -0.866222 -0.000009 0.499660
vn -0.585099 -0.203729 0.784954
vn 0.000000 0.000000 1.000000
vn -0.306431 -0.170697 0.936463
vn 0.000000 0.000000 -1.000000
vn 0.306431 0.170697 -0.936463
vn 0.865930 0.000007 0.500165
vn 0.968654 0.196735 0.151673
vn -0.865930 -0.000007 -0.500165
vn -0.968654 -0.196735 -0.151673
vn 0.866222 -0.000009 -0.499660
vn 0.584307 0.214964 -0.782545
vn -0.866222 0.000009 0.499660
vn -0.584307 -0.214964 0.782545
vn 0.000000 0.000000 1.000000
vn -0.303997 -0.184341 0.934668
vn 0.000000 0.000000 -1.000000
vn 0.303997 0.184341 -0.934668
vn 0.865930 0.000019 0.500165
vn 0.965128 0.212368 0.153060
vn -0.865930 -0.000019 -0.500165
vn -0.965128 -0.212368 -0.153060
vn 0.866213 -0.000011 -0.499674
vn 0.582893 0.232353 -0.778619
vn -0.866213 0.000011 0.499674
vn -0.582893 -0.232353 0.778619
vn 0.000000 0.000000 1.000000
vn -0.303949 -0.184541 0.934644
vn 0.000000 0.000000 -1.000000
vn 0.303949 0.184541 -0.934644
vn 0.865930 -0.000013 0.500165
vn 0.965082 0.212627 0.152990
vn -0.865930 0.000013 -0.500165
vn -0.965082 -0.212627 -0.152990
vn 0.866236 -0.000007 -0.499635
vn 0.582922 0.232612 -0.778520
vn -0.866236 0.000007 0.499635
vn -0.582922 -0.232612 0.778520
vn 0.000000 0.000000 1.000000
vn -0.302643 -0.191722 0.933622
vn 0.000000 0.000000 -1.000000
vn 0.302643 0.191722 -0.933622
vn 0.865930 -0.000014 0.500165
vn 0.963120 0.220816 0.153751
vn -0.865930 0.000014 -0.500165
vn -0.963120 -0.220816 -0.153751
vn 0.866222 0.000011 -0.499660
vn 0.582135 0.241751 -0.776322
vn -0.866222 -0.000011 0.499660
vn -0.582135 -0.241751 0.776322
vn 0.000000 0.000000 1.000000
vn -0.303335 -0.187953 0.934164
vn 0.000000 0.000000 -1.000000
vn 0.303335 0.187953 -0.934164
vn 0.865930 0.000019 0.500165
vn 0.964151 0.216503 0.153425
vn -0.865930 -0.000019 -0.500165
vn -0.964151 -0.216503 -0.153425
vn 0.866213 -0.000012 -0.499674
vn 0.582500 0.236958 -0.777525
vn -0.866213 0.000012 0.499674
vn -0.582500 -0.236958 0.777525
vn 0.000000 0.000000 1.000000
vn -0.304804 -0.179769 0.935295
vn 0.000000 0.000000 -1.000000
vn 0.304804 0.179769 -0.935295
vn 0.865922 -0.000011 0.500179
vn 0.966341 0.207128 0.152589
vn -0.865922 0.000011 -0.500179
vn -0.966341 -0.207128 -0.152589
vn 0.866222 0.000011 -0.499660
vn 0.583423 0.226537 -0.779935
vn -0.866222 -0.000011 0.499660
vn -0.583423 -0.226537 0.779935
vn 0.000000 0.000000 1.000000
vn -0.285639 -0.277088 0.917405
vn 0.000000 0.000000 -1.000000
vn 0.285639 0.277088 -0.917405
vn 0.865930 -0.000003 0.500165
vn 0.934335 0.317763 0.161382
vn -0.865930 0.000003 -0.500165
vn -0.934335 -0.317763 -0.161382
vn 0.866213 0.000015 -0.499674
vn 0.568351 0.350153 -0.744560
vn -0.866213 -0.000015 0.499674
vn -0.568351 -0.350153 0.744560
vn 0.000000 0.000000 1.000000
vn -0.287945 -0.266268 0.919886
vn 0.000000 0.000000 -1.000000
vn 0.287945 0.266268 -0.919886
vn 0.865930 0.000029 0.500165
vn 0.938540 0.305569 0.160532
vn -0.865930 -0.000029 -0.500165
vn -0.938540 -0.305569 -0.160532
vn 0.866222 -0.000015 -0.499660
vn 0.570512 0.336501 -0.749188
vn -0.866222 0.000015 0.499660
vn -0.570512 -0.336501 0.749188
vn 0.000000 0.000000 1.000000
vn -0.300916 -0.200942 0.932240
vn 0.000000 0.000000 -1.000000
vn 0.300916 0.200942 -0.932240
vn 0.865930 -0.000002 0.500165
vn 0.960495 0.231352 0.154681
vn -0.865930 0.000002 -0.500165
vn -0.960495 -0.231352 -0.154681
vn 0.866222 0.000012 -0.499660
vn 0.581034 0.253503 -0.773392
vn -0.866222 -0.000012 0.499660
vn -0.581034 -0.253503 0.773392
vn 0.000000 0.000000 1.000000
vn -0.308487 -0.158854 0.937871
vn 0.000000 0.000000 -1.000000
vn 0.308487 0.158854 -0.937871
vn 0.865930 -0.000001 0.500165
vn 0.971509 0.183135 0.150437
vn -0.865930 0.000001 -0.500165
vn -0.971509 -0.183135 -0.150437
vn 0.866213 0.000008 -0.499674
vn 0.585341 0.199881 -0.785763
vn -0.866213 -0.000008 0.499674
vn -0.585341 -0.199881 0.785763
vn 0.000000 0.000000 1.000000
vn -0.285940 -0.275670 0.917739
vn 0.000000 0.000000 -1.000000
vn 0.285940 0.275670 -0.917739
vn 0.865930 -0.000003 0.500165
vn 0.934896 0.316166 0.161273
vn -0.865930 0.000003 -0.500165
vn -0.934896 -0.316166 -0.161273
vn 0.866213 0.000014 -0.499674
vn 0.568646 0.348366 -0.745173
vn -0.866213 -0.000014 0.499674
vn -0.568646 -0.348366 0.745173
vn 0.000000 0.000000 1.000000
vn -0.284957 -0.280264 0.916652
vn 0.000000 0.000000 -1.000000
vn 0.284957 0.280264 -0.916652
vn 0.865930 -0.000003 0.500165
vn 0.933068 0.321339 0.161633
vn -0.865930 0.000003 -0.500165
vn -0.933068 -0.321339 -0.161633
vn 0.866213 0.000015 -0.499674
vn 0.567686 0.354159 -0.743172
vn -0.866213 -0.000015 0.499674
vn -0.567686 -0.354159 0.743172
vn 0.000000 0.000000 1.000000
vn -0.298429 -0.214123 0.930103
vn 0.000000 0.000000 -1.000000
vn 0.298429 0.214123 -0.930103
vn 0.865930 -0.000016 0.500165
vn 0.956546 0.246434 0.155852
vn -0.865930 0.000016 -0.500165
vn -0.956546 -0.246434 -0.155852
vn 0.866236 -0.000008 -0.499635
vn 0.579268 0.270298 -0.769018
vn -0.866236 0.000008 0.499635
vn -0.579268 -0.270298 0.769018
vn 0.000000 0.000000 1.000000
vn -0.296525 -0.223968 0.928392
vn 0.000000 0.000000 -1.000000
vn 0.296525 0.223968 -0.928392
vn 0.865930 -0.000002 0.500165
vn 0.953437 0.257609 0.156831
vn -0.865930 0.000002 -0.500165
vn -0.953437 -0.257609 -0.156831
vn 0.866236 -0.000008 -0.499635
vn 0.577839 0.282829 -0.765578
vn -0.866236 0.000008 0.499635
vn -0.577839 -0.282829 0.765578
vn 0.000000 0.000000 1.000000
vn -0.302870 -0.190432 0.933812
vn 0.000000 0.000000 -1.000000
vn 0.302870 0.190432 -0.933812
vn 0.865930 0.000020 0.500165
vn 0.963468 0.219341 0.153682
vn -0.865930 -0.000020 -0.500165
vn -0.963468 -0.219341 -0.153682
vn 0.866222 -0.000010 -0.499660
vn 0.582238 0.240130 -0.776748
vn -0.866222 0.000010 0.499660
vn -0.582238 -0.240130 0.776748
vn 0.000000 0.000000 1.000000
vn -0.303873 -0.184895 0.934599
vn 0.000000 0.000000 -1.000000
vn 0.303873 0.184895 -0.934599
vn 0.865916 0.000002 0.500190
vn 0.964975 0.213003 0.153141
vn -0.865916 -0.000002 -0.500190
vn -0.964975 -0.213003 -0.153141
vn 0.866222 0.000011 -0.499660
vn 0.582884 0.233071 -0.778411
vn -0.866222 -0.000011 0.499660
vn -0.582884 -0.233071 0.778411
vn 0.000000 0.000000 1.000000
vn -0.305984 -0.173141 0.936160
vn 0.000000 0.000000 -1.000000
vn 0.305984 0.173141 -0.936160
vn 0.865907 -0.000008 0.500204
vn 0.968038 0.199539 0.151944
vn -0.865907 0.000008 -0.500204
vn -0.968038 -0.199539 -0.151944
vn 0.866222 0.000010 -0.499660
vn 0.584110 0.218078 -0.781830
vn -0.866222 -0.000010 0.499660
vn -0.584110 -0.218078 0.781830
vn 0.000000 0.000000 1.000000
vn -0.309131 -0.155070 0.938292
vn 0.000000 0.000000 -1.000000
vn 0.309131 0.155070 -0.938292
vn 0.865930 -0.000011 0.500165
vn 0.972380 0.178793 0.150031
vn -0.865930 0.000011 -0.500165
vn -0.972380 -0.178793 -0.150031
vn 0.866236 -0.000005 -0.499635
vn 0.585681 0.195061 -0.786720
vn -0.866236 0.000005 0.499635
vn -0.585681 -0.195061 0.786720
vn 0.000000 0.000000 1.000000
vn -0.298695 -0.212716 0.930340
vn 0.000000 0.000000 -1.000000
vn 0.298695 0.212716 -0.930340
vn 0.865930 -0.000002 0.500165
vn 0.956978 0.244791 0.155794
vn -0.865930 0.000002 -0.500165
vn -0.956978 -0.244791 -0.155794
vn 0.866213 0.000011 -0.499674
vn 0.579447 0.268501 -0.769511
vn -0.866213 -0.000011 0.499674
vn -0.579447 -0.268501 0.769511
vn 0.000000 0.000000 1.000000
vn -0.300181 -0.204970 0.931600
vn 0.000000 0.000000 -1.000000
vn 0.300181 0.204970 -0.931600
vn 0.865930 -0.000002 0.500165
vn 0.959317 0.235951 0.155044
vn -0.865930 0.000002 -0.500165
vn -0.959317 -0.235951 -0.155044
vn 0.866222 0.000012 -0.499660
vn 0.580485 0.258642 -0.772102
vn -0.866222 -0.000012 0.499660
vn -0.580485 -0.258642 0.772102
vn 0.000000 0.000000 1.000000
vn -0.292653 -0.243385 0.924726
vn 0.000000 0.000000 -1.000000
vn 0.292653 0.243385 -0.924726
vn 0.865916 -0.000014 0.500190
vn 0.946903 0.279682 0.158597
vn -0.865916 0.000014 -0.500190
vn -0.946903 -0.279682 -0.158597
vn 0.866222 0.000015 -0.499660
vn 0.574761 0.307490 -0.758354
vn -0.866222 -0.000015 0.499660
vn -0.574761 -0.307490 0.758354
vn 0.000000 0.000000 1.000000
vn -0.306535 -0.170001 0.936555
vn 0.000000 0.000000 -1.000000
vn 0.306535 0.170001 -0.936555
vn 0.865930 0.000017 0.500165
vn 0.968822 0.195934 0.151636
vn -0.865930 -0.000017 -0.500165
vn -0.968822 -0.195934 -0.151636
vn 0.866213 -0.000011 -0.499674
vn 0.584347 0.214088 -0.782755
vn -0.866213 0.000011 0.499674
vn -0.584347 -0.214088 0.782755
vn 0.000000 0.000000 1.000000
vn -0.299729 -0.207354 0.931218
vn 0.000000 0.000000 -1.000000
vn 0.299729 0.207354 -0.931218
vn 0.865930 -0.000002 0.500165
vn 0.958606 0.238673 0.155273
vn -0.865930 0.000002 -0.500165
vn -0.958606 -0.238673 -0.155273
vn 0.866236 -0.000008 -0.499635
vn 0.580174 0.261679 -0.771312
vn -0.866236 0.000008 0.499635
vn -0.580174 -0.261679 0.771312
vn 0.000000 0.000000 1.000000
vn -0.308073 -0.161259 0.937596
vn 0.000000 0.000000 -1.000000
vn 0.308073 0.161259 -0.937596
vn 0.865916 0.000001 0.500190
vn 0.970940 0.185900 0.150719
vn -0.865916 -0.000001 -0.500190
vn -0.970940 -0.185900 -0.150719
vn 0.866213 0.000008 -0.499674
vn 0.585141 0.202944 -0.785127
vn -0.866213 -0.000008 0.499674
vn -0.585141 -0.202944 0.785127
vn 0.000000 0.000000 1.000000
vn -0.307472 -0.164741 0.937188
vn 0.000000 0.000000 -1.000000
vn 0.307472 0.164741 -0.937188
vn 0.865930 -0.000001 0.500165
vn 0.970120 0.189922 0.150988
vn -0.865930 0.000001 -0.500165
vn -0.970120 -0.189922 -0.150988
vn 0.866236 -0.000006 -0.499635
vn 0.584858 0.207384 -0.784177
vn -0.866236 0.000006 0.499635
vn -0.584858 -0.207384 0.784177
vn 0.000000 0.000000 1.000000
vn -0.300807 -0.201603 0.932133
vn 0.000000 0.000000 -1.000000
vn 0.300807 0.201603 -0.932133
vn 0.865930 -0.000002 0.500165
vn 0.960306 0.232139 0.154672
vn -0.865930 0.000002 -0.500165
vn -0.960306 -0.232139 -0.154672
vn 0.866228 -0.000009 -0.499649
vn 0.580889 0.254357 -0.773221
vn -0.866228 0.000009 0.499649
vn -0.580889 -0.254357 0.773221
vn 0.000000 0.000000 1.000000
vn -0.300851 -0.201410 0.932160
vn 0.000000 0.000000 -1.000000
vn 0.300851 0.201410 -0.932160
vn 0.865916 0.000002 0.500190
vn 0.960357 0.231890 0.154733
vn -0.865916 -0.000002 -0.500190
vn -0.960357 -0.231890 -0.154733
vn 0.866213 0.000010 -0.499674
vn 0.580927 0.254097 -0.773277
vn -0.866213 -0.000010 0.499674
vn -0.580927 -0.254097 0.773277
vn 0.000000 0.000000 1.000000
vn -0.307242 -0.166028 0.937036
vn 0.000000 0.000000 -1.000000
vn 0.307242 0.166028 -0.937036
vn 0.865930 -0.000001 0.500165
vn 0.969804 0.191371 0.151184
vn -0.865930 0.000001 -0.500165
vn -0.969804 -0.191371 -0.151184
vn 0.866236 -0.000006 -0.499635
vn 0.584741 0.209027 -0.783828
vn -0.866236 0.000006 0.499635
vn -0.584741 -0.209027 0.783828
vn 0.000000 0.000000 1.000000
vn -0.305654 -0.175048 0.935913
vn 0.000000 0.000000 -1.000000
vn 0.305654 0.175048 -0.935913
vn 0.865930 0.000018 0.500165
vn 0.967555 0.201721 0.152137
vn -0.865930 -0.000018 -0.500165
vn -0.967555 -0.201721 -0.152137
vn 0.866222 -0.000009 -0.499660
vn 0.583869 0.220523 -0.781324
vn -0.866222 0.000009 0.499660
vn -0.583869 -0.220523 0.781324
vn 0.000000 0.000000 1.000000
vn -0.298066 -0.216008 0.929783
vn 0.000000 0.000000 -1.000000
vn 0.298066 0.216008 -0.929783
vn 0.865922 0.000011 0.500179
vn 0.955953 0.248548 0.156131
vn -0.865922 -0.000011 -0.500179
vn -0.955953 -0.248548 -0.156131
vn 0.866222 -0.000012 -0.499660
vn 0.578971 0.272706 -0.768390
vn -0.866222 0.000012 0.499660
vn -0.578971 -0.272706 0.768390
vn 0.000000 0.000000 1.000000
vn -0.302464 -0.192710 0.933477
vn 0.000000 0.000000 -1.000000
vn 0.302464 0.192710 -0.933477
vn 0.865930 -0.000002 0.500165
vn 0.962846 0.221972 0.153804
vn -0.865930 0.000002 -0.500165
vn -0.962846 -0.221972 -0.153804
vn 0.866213 -0.000012 -0.499674
vn 0.581957 0.243018 -0.776060
vn -0.866213 0.000012 0.499674
vn -0.581957 -0.243018 0.776060
vn 0.000000 0.000000 1.000000
vn -0.305396 -0.176458 0.935733
vn 0.000000 0.000000 -1.000000
vn 0.305396 0.176458 -0.935733
vn 0.865930 -0.000013 0.500165
vn 0.967200 0.203337 0.152242
vn -0.865930 0.000013 -0.500165
vn -0.967200 -0.203337 -0.152242
vn 0.866236 -0.000006 -0.499635
vn 0.583784 0.222304 -0.780883
vn -0.866236 0.000006 0.499635
vn -0.583784 -0.222304 0.780883
vn 0.000000 0.000000 1.000000
vn -0.290883 -0.252090 0.922951
vn 0.000000 0.000000 -1.000000
vn 0.290883 0.252090 -0.922951
vn 0.865930 -0.000002 0.500165
vn 0.943811 0.289576 0.159271
vn -0.865930 0.000002 -0.500165
vn -0.943811 -0.289576 -0.159271
vn 0.866236 -0.000009 -0.499635
vn 0.573188 0.318564 -0.754965
vn -0.866236 0.000009 0.499635
vn -0.573188 -0.318564 0.754965
vn 0.000000 0.000000 1.000000
vn -0.306836 -0.168316 0.936761
vn 0.000000 0.000000 -1.000000
vn 0.306836 0.168316 -0.936761
vn 0.865930 -0.000012 0.500165
vn 0.969246 0.194000 0.151412
vn -0.865930 0.000012 -0.500165
vn -0.969246 -0.194000 -0.151412
vn 0.866222 0.000010 -0.499660
vn 0.584562 0.211930 -0.783181
vn -0.866222 -0.000010 0.499660
vn -0.584562 -0.211930 0.783181
vn 0.000000 0.000000 1.000000
vn -0.306528 -0.170138 0.936533
vn 0.000000 0.000000 -1.000000
vn 0.306528 0.170138 -0.936533
vn 0.865907 -0.000008 0.500204
vn 0.968791 0.196090 0.151632
vn -0.865907 0.000008 -0.500204
vn -0.968791 -0.196090 -0.151632
vn 0.866222 0.000010 -0.499660
vn 0.584363 0.214261 -0.782695
vn -0.866222 -0.000010 0.499660
vn -0.584363 -0.214261 0.782695
vn 0.000000 0.000000 1.000000
vn -0.298584 -0.213406 0.930218
vn 0.000000 0.000000 -1.000000
vn 0.298584 0.213406 -0.930218
vn 0.865930 -0.000002 0.500165
vn 0.956770 0.245576 0.155835
vn -0.865930 0.000002 -0.500165
vn -0.956770 -0.245576 -0.155835
vn 0.866228 -0.000010 -0.499649
vn 0.579341 0.269372 -0.769288
vn -0.866228 0.000010 0.499649
vn -0.579341 -0.269372 0.769288
vn 0.000000 0.000000 1.000000
vn -0.305940 -0.173420 0.936123
vn 0.000000 0.000000 -1.000000
vn 0.305940 0.173420 -0.936123
vn 0.865930 -0.000001 0.500165
vn 0.967977 0.199879 0.151887
vn -0.865930 0.000001 -0.500165
vn -0.967977 -0.199879 -0.151887
vn 0.866236 -0.000006 -0.499635
vn 0.584062 0.218442 -0.781764
vn -0.866236 0.000006 0.499635
vn -0.584062 -0.218442 0.781764
vn 0.000000 0.000000 1.000000
vn -0.298727 -0.212608 0.930355
vn 0.000000 0.000000 -1.000000
vn 0.298727 0.212608 -0.930355
vn 0.865907 -0.000010 0.500204
vn 0.957006 0.244672 0.155803
vn -0.865907 0.000010 -0.500204
vn -0.957006 -0.244672 -0.155803
vn 0.866222 0.000013 -0.499660
vn 0.579467 0.268370 -0.769542
vn -0.866222 -0.000013 0.499660
vn -0.579467 -0.268370 0.769542
vn 0.000000 0.000000 1.000000
vn -0.301132 -0.199835 0.932408
vn 0.000000 0.000000 -1.000000
vn 0.301132 0.199835 -0.932408
vn 0.865930 0.000021 0.500165
vn 0.960811 0.230091 0.154597
vn -0.865930 -0.000021 -0.500165
vn -0.960811 -0.230091 -0.154597
vn 0.866222 -0.000011 -0.499660
vn 0.581116 0.252110 -0.773786
vn -0.866222 0.000011 0.499660
vn -0.581116 -0.252110 0.773786
vn 0.000000 0.000000 1.000000
vn -0.286567 -0.272748 0.918416
vn 0.000000 0.000000 -1.000000
vn 0.286567 0.272748 -0.918416
vn 0.865930 -0.000002 0.500165
vn 0.936044 0.312874 0.161034
vn -0.865930 0.000002 -0.500165
vn -0.936044 -0.312874 -0.161034
vn 0.866213 0.000014 -0.499674
vn 0.569241 0.344675 -0.746434
vn -0.866213 -0.000014 0.499674
vn -0.569241 -0.344675 0.746434
vn 0.000000 0.000000 1.000000
vn -0.302509 -0.192407 0.933524
vn 0.000000 0.000000 -1.000000
vn 0.302509 0.192407 -0.933524
vn 0.865922 -0.000012 0.500179
vn 0.962929 0.221632 0.153777
vn -0.865922 0.000012 -0.500179
vn -0.962929 -0.221632 -0.153777
vn 0.866236 -0.000007 -0.499635
vn 0.582042 0.242637 -0.776115
vn -0.866236 0.000007 0.499635
vn -0.582042 -0.242637 0.776115
vn 0.000000 0.000000 1.000000
vn -0.300772 -0.201813 0.932099
vn 0.000000 0.000000 -1.000000
vn 0.300772 0.201813 -0.932099
vn 0.865930 -0.000002 0.500165
vn 0.960245 0.232345 0.154744
vn -0.865930 0.000002 -0.500165
vn -0.960245 -0.232345 -0.154744
vn 0.866236 -0.000007 -0.499635
vn 0.580914 0.254605 -0.773120
vn -0.866236 0.000007 0.499635
vn -0.580914 -0.254605 0.773120
vn 0.000000 0.000000 1.000000
vn -0.292634 -0.243560 0.924686
vn 0.000000 0.000000 -1.000000
vn 0.292634 0.243560 -0.924686
vn 0.865930 -0.000002 0.500165
vn 0.946851 0.279869 0.158576
vn -0.865930 0.000002 -0.500165
vn -0.946851 -0.279869 -0.158576
vn 0.866236 -0.000009 -0.499635
vn 0.574697 0.307723 -0.758307
vn -0.866236 0.000009 0.499635
vn -0.574697 -0.307723 0.758307
vn 0.000000 0.000000 1.000000
vn -0.288777 -0.262347 0.920751
vn 0.000000 0.000000 -1.000000
vn 0.288777 0.262347 -0.920751
vn 0.865930 -0.000002 0.500165
vn 0.940034 0.301135 0.160167
vn -0.865930 0.000002 -0.500165
vn -0.940034 -0.301135 -0.160167
vn 0.866228 -0.000013 -0.499649
vn 0.571282 0.331519 -0.750820
vn -0.866228 0.000013 0.499649
vn -0.571282 -0.331519 0.750820
vn 0.000000 0.000000 1.000000
vn -0.298985 -0.211259 0.930579
vn 0.000000 0.000000 -1.000000
vn 0.298985 0.211259 -0.930579
vn 0.865930 -0.000016 0.500165
vn 0.957427 0.243132 0.155630
vn -0.865930 0.000016 -0.500165
vn -0.957427 -0.243132 -0.155630
vn 0.866222 0.000013 -0.499660
vn 0.579676 0.266636 -0.769988
vn -0.866222 -0.000013 0.499660
vn -0.579676 -0.266636 0.769988
vn 0.000000 0.000000 1.000000
vn -0.291171 -0.250772 0.923219
vn 0.000000 0.000000 -1.000000
vn 0.291171 0.250772 -0.923219
vn 0.865930 0.000027 0.500165
vn 0.944286 0.288047 0.159226
vn -0.865930 -0.000027 -0.500165
vn -0.944286 -0.288047 -0.159226
vn 0.866222 0.000015 -0.499660
vn 0.573435 0.316870 -0.755491
vn -0.866222 -0.000015 0.499660
vn -0.573435 -0.316870 0.755491
vn 0.000000 0.000000 1.000000
vn -0.294879 -0.232346 0.926856
vn 0.000000 0.000000 -1.000000
vn 0.294879 0.232346 -0.926856
vn 0.865930 0.000025 0.500165
vn 0.950679 0.267143 0.157618
vn -0.865930 -0.000025 -0.500165
vn -0.950679 -0.267143 -0.157618
vn 0.866213 -0.000015 -0.499674
vn 0.576508 0.293475 -0.762568
vn -0.866213 0.000015 0.499674
vn -0.576508 -0.293475 0.762568
vn 0.000000 0.000000 1.000000
vn -0.305549 -0.175587 0.935847
vn 0.000000 0.000000 -1.000000
vn 0.305549 0.175587 -0.935847
vn 0.865930 -0.000001 0.500165
vn 0.967422 0.202335 0.152170
vn -0.865930 0.000001 -0.500165
vn -0.967422 -0.202335 -0.152170
vn 0.866228 -0.000008 -0.499649
vn 0.583836 0.221200 -0.781157
vn -0.866228 0.000008 0.499649
vn -0.583836 -0.221200 0.781157
vn 0.000000 0.000000 1.000000
vn -0.299589 -0.208059 0.931106
vn 0.000000 0.000000 -1.000000
vn 0.299589 0.208059 -0.931106
vn 0.865930 -0.000015 0.500165
vn 0.958395 0.239482 0.155332
vn -0.865930 0.000015 -0.500165
vn -0.958395 -0.239482 -0.155332
vn 0.866222 0.000012 -0.499660
vn 0.580109 0.262563 -0.771061
vn -0.866222 -0.000012 0.499660
vn -0.580109 -0.262563 0.771061
vn 0.000000 0.000000 1.000000
vn -0.294545 -0.234064 0.926530
vn 0.000000 0.000000 -1.000000
vn 0.294545 0.234064 -0.926530
vn 0.865930 -0.000002 0.500165
vn 0.950110 0.269127 0.157677
vn -0.865930 0.000002 -0.500165
vn -0.950110 -0.269127 -0.157677
vn 0.866228 -0.000011 -0.499649
vn 0.576238 0.295664 -0.761926
vn -0.866228 0.000011 0.499649
vn -0.576238 -0.295664 0.761926
vn 0.000000 0.000000 1.000000
vn -0.298634 -0.213142 0.930262
vn 0.000000 0.000000 -1.000000
vn 0.298634 0.213142 -0.930262
vn 0.865930 -0.000002 0.500165
vn 0.956850 0.245275 0.155811
vn -0.865930 0.000002 -0.500165
vn -0.956850 -0.245275 -0.155811
vn 0.866228 -0.000010 -0.499649
vn 0.579378 0.269037 -0.769377
vn -0.866228 0.000010 0.499649
vn -0.579378 -0.269037 0.769377
vn 0.000000 0.000000 1.000000
vn -0.297806 -0.217377 0.929547
vn 0.000000 0.000000 -1.000000
vn 0.297806 0.217377 -0.929547
vn 0.865922 0.000011 0.500179
vn 0.955527 0.250113 0.156244
vn -0.865922 -0.000011 -0.500179
vn -0.955527 -0.250113 -0.156244
vn 0.866222 -0.000012 -0.499660
vn 0.578799 0.274430 -0.767906
vn -0.866222 0.000012 0.499660
vn -0.578799 -0.274430 0.767906
vn 0.000000 0.000000 1.000000
vn -0.307411 -0.165031 0.937157
vn 0.000000 0.000000 -1.000000
vn 0.307411 0.165031 -0.937157
vn 0.865930 -0.000012 0.500165
vn 0.970046 0.190231 0.151073
vn -0.865930 0.000012 -0.500165
vn -0.970046 -0.190231 -0.151073
vn 0.866222 0.000010 -0.499660
vn 0.584856 0.207746 -0.784082
vn -0.866222 -0.000010 0.499660
vn -0.584856 -0.207746 0.784082
vn 0.000000 0.000000 1.000000
vn -0.289333 -0.259605 0.921353
vn 0.000000 0.000000 -1.000000
vn 0.289333 0.259605 -0.921353
vn 0.865922 -0.000017 0.500179
vn 0.941057 0.298038 0.159956
vn -0.865922 0.000017 -0.500179
vn -0.941057 -0.298038 -0.159956
vn 0.866236 -0.000010 -0.499635
vn 0.571821 0.328069 -0.751925
vn -0.866236 0.000010 0.499635
vn -0.571821 -0.328069 0.751925
vn 0.000000 0.000000 1.000000
vn -0.290950 -0.251832 0.923000
vn 0.000000 0.000000 -1.000000
vn 0.290950 0.251832 -0.923000
vn 0.865922 -0.000017 0.500179
vn 0.943907 0.289283 0.159233
vn -0.865922 0.000017 -0.500179
vn -0.943907 -0.289283 -0.159233
vn 0.866236 -0.000009 -0.499635
vn 0.573227 0.318231 -0.755076
vn -0.866236 0.000009 0.499635
vn -0.573227 -0.318231 0.755076
vn 0.000000 0.000000 1.000000
vn -0.290075 -0.256038 0.922118
vn 0.000000 0.000000 -1.000000
vn 0.290075 0.256038 -0.922118
vn 0.865930 -0.000020 0.500165
vn 0.942377 0.294009 0.159639
vn -0.865930 0.000020 -0.500165
vn -0.942377 -0.294009 -0.159639
vn 0.866222 0.000016 -0.499660
vn 0.572509 0.323530 -0.753367
vn -0.866222 -0.000016 0.499660
vn -0.572509 -0.323530 0.753367
vn 0.000000 0.000000 1.000000
vn -0.304556 -0.181148 0.935110
vn 0.000000 0.000000 -1.000000
vn 0.304556 0.181148 -0.935110
vn 0.865930 -0.000002 0.500165
vn 0.965979 0.208708 0.152728
vn -0.865930 0.000002 -0.500165
vn -0.965979 -0.208708 -0.152728
vn 0.866213 0.000009 -0.499674
vn 0.583269 0.228286 -0.779540
vn -0.866213 -0.000009 0.499674
vn -0.583269 -0.228286 0.779540
vn 0.000000 0.000000 1.000000
vn -0.305950 -0.173349 0.936133
vn 0.000000 0.000000 -1.000000
vn 0.305950 0.173349 -0.936133
vn 0.865930 0.000018 0.500165
vn 0.967985 0.199773 0.151972
vn -0.865930 -0.000018 -0.500165
vn -0.967985 -0.199773 -0.151972
vn 0.866213 -0.000011 -0.499674
vn 0.584026 0.218351 -0.781816
vn -0.866213 0.000011 0.499674
vn -0.584026 -0.218351 0.781816
vn 0.000000 0.000000 1.000000
vn -0.294931 -0.232172 0.926883
vn 0.000000 0.000000 -1.000000
vn 0.294931 0.232172 -0.926883
vn 0.865930 -0.000002 0.500165
vn 0.950748 0.266938 0.157552
vn -0.865930 0.000002 -0.500165
vn -0.950748 -0.266938 -0.157552
vn 0.866222 0.000014 -0.499660
vn 0.576564 0.293253 -0.762612
vn -0.866222 -0.000014 0.499660
vn -0.576564 -0.293253 0.762612
vn 0.000000 0.000000 1.000000
vn -0.303596 -0.186479 0.934374
vn 0.000000 0.000000 -1.000000
vn 0.303596 0.186479 -0.934374
vn 0.865930 -0.000002 0.500165
vn 0.964556 0.214812 0.153255
vn -0.865930 0.000002 -0.500165
vn -0.964556 -0.214812 -0.153255
vn 0.866222 0.000011 -0.499660
vn 0.582730 0.235072 -0.777925
vn -0.866222 -0.000011 0.499660
vn -0.582730 -0.235072 0.777925
vn 0.000000 0.000000 1.000000
vn -0.297555 -0.218671 0.929324
vn 0.000000 0.000000 -1.000000
vn 0.297555 0.218671 -0.929324
vn 0.865916 0.000002 0.500190
vn 0.955120 0.251582 0.156374
vn -0.865916 -0.000002 -0.500190
vn -0.955120 -0.251582 -0.156374
vn 0.866222 0.000013 -0.499660
vn 0.578616 0.276089 -0.767449
vn -0.866222 -0.000013 0.499660
vn -0.578616 -0.276089 0.767449
vn 0.000000 0.000000 1.000000
vn -0.303764 -0.185568 0.934501
vn 0.000000 0.000000 -1.000000
vn 0.303764 0.185568 -0.934501
vn 0.865930 0.000019 0.500165
vn 0.964797 0.213773 0.153194
vn -0.865930 -0.000019 -0.500165
vn -0.964797 -0.213773 -0.153194
vn 0.866213 -0.000012 -0.499674
vn 0.582766 0.233920 -0.778245
vn -0.866213 0.000012 0.499674
vn -0.582766 -0.233920 0.778245
vn 0.000000 0.000000 1.000000
vn -0.302818 -0.190668 0.933781
vn 0.000000 0.000000 -1.000000
vn 0.302818 0.190668 -0.933781
vn 0.865922 -0.000012 0.500179
vn 0.963408 0.219611 0.153674
vn -0.865922 0.000012 -0.500179
vn -0.963408 -0.219611 -0.153674
vn 0.866236 -0.000007 -0.499635
vn 0.582266 0.240414 -0.776638
vn -0.866236 0.000007 0.499635
vn -0.582266 -0.240414 0.776638
vn 0.000000 0.000000 1.000000
vn -0.302376 -0.193175 0.933409
vn 0.000000 0.000000 -1.000000
vn 0.302376 0.193175 -0.933409
vn 0.865930 -0.000002 0.500165
vn 0.962714 0.222473 0.153908
vn -0.865930 0.000002 -0.500165
vn -0.962714 -0.222473 -0.153908
vn 0.866228 -0.000009 -0.499649
vn 0.581930 0.243608 -0.775895
vn -0.866228 0.000009 0.499649
vn -0.581930 -0.243608 0.775895
vn 0.000000 0.000000 1.000000
vn -0.295839 -0.227445 0.927765
vn 0.000000 0.000000 -1.000000
vn 0.295839 0.227445 -0.927765
vn 0.865930 -0.000002 0.500165
vn 0.952306 0.261566 0.157153
vn -0.865930 0.000002 -0.500165
vn -0.952306 -0.261566 -0.157153
vn 0.866213 0.000012 -0.499674
vn 0.577304 0.287243 -0.764338
vn -0.866213 -0.000012 0.499674
vn -0.577304 -0.287243 0.764338
vn 0.000000 0.000000 1.000000
vn -0.285216 -0.279077 0.916934
vn 0.000000 0.000000 -1.000000
vn 0.285216 0.279077 -0.916934
vn 0.865916 0.000002 0.500190
vn 0.933537 0.320008 0.161566
vn -0.865916 -0.000002 -0.500190
vn -0.933537 -0.320008 -0.161566
vn 0.866213 0.000015 -0.499674
vn 0.567934 0.352660 -0.743695
vn -0.866213 -0.000015 0.499674
vn -0.567934 -0.352660 0.743695
vn 0.000000 0.000000 1.000000
vn -0.299663 -0.207670 0.931169
vn 0.000000 0.000000 -1.000000
vn 0.299663 0.207670 -0.931169
vn 0.865930 -0.000002 0.500165
vn 0.958511 0.239067 0.155254
vn -0.865930 0.000002 -0.500165
vn -0.958511 -0.239067 -0.155254
vn 0.866236 -0.000008 -0.499635
vn 0.580118 0.262095 -0.771213
vn -0.866236 0.000008 0.499635
vn -0.580118 -0.262095 0.771213
vn 0.000000 0.000000 1.000000
vn -0.284650 -0.281678 0.916314
vn 0.000000 0.000000 -1.000000
vn 0.284650 0.281678 -0.916314
vn 0.865922 -0.000019 0.500179
vn 0.932492 0.322981 0.161683
vn -0.865922 0.000019 -0.500179
vn -0.932492 -0.322981 -0.161683
vn 0.866236 -0.000011 -0.499635
vn 0.567403 0.355951 -0.742531
vn -0.866236 0.000011 0.499635
vn -0.567403 -0.355951 0.742531
vn 0.000000 0.000000 1.000000
vn -0.298322 -0.214753 0.929992
vn 0.000000 0.000000 -1.000000
vn 0.298322 0.214753 -0.929992
vn 0.865916 0.000002 0.500190
vn 0.956346 0.247117 0.155997
vn -0.865916 -0.000002 -0.500190
vn -0.956346 -0.247117 -0.155997
vn 0.866222 0.000013 -0.499660
vn 0.579166 0.271099 -0.768812
vn -0.866222 -0.000013 0.499660
vn -0.579166 -0.271099 0.768812
vn 0.000000 0.000000 1.000000
vn -0.292820 -0.242653 0.924865
vn 0.000000 0.000000 -1.000000
vn 0.292820 0.242653 -0.924865
vn 0.865916 0.000002 0.500190
vn 0.947161 0.278845 0.158526
vn -0.865916 -0.000002 -0.500190
vn -0.947161 -0.278845 -0.158526
vn 0.866213 0.000012 -0.499674
vn 0.574840 0.306560 -0.758670
vn -0.866213 -0.000012 0.499674
vn -0.574840 -0.306560 0.758670
vn 0.000000 0.000000 1.000000
vn -0.296531 -0.223946 0.928395
vn 0.000000 0.000000 -1.000000
vn 0.296531 0.223946 -0.928395
vn 0.865916 0.000002 0.500190
vn 0.953438 0.257589 0.156859
vn -0.865916 -0.000002 -0.500190
vn -0.953438 -0.257589 -0.156859
vn 0.866213 0.000011 -0.499674
vn 0.577830 0.282790 -0.765599
vn -0.866213 -0.000011 0.499674
vn -0.577830 -0.282790 0.765599
vn 0.000000 0.000000 1.000000
vn -0.300333 -0.204090 0.931744
vn 0.000000 0.000000 -1.000000
vn 0.300333 0.204090 -0.931744
vn 0.865930 -0.000002 0.500165
vn 0.959574 0.234947 0.154976
vn -0.865930 0.000002 -0.500165
vn -0.959574 -0.234947 -0.154976
vn 0.866213 0.000010 -0.499674
vn 0.580595 0.257516 -0.772395
vn -0.866213 -0.000010 0.499674
vn -0.580595 -0.257516 0.772395
vn 0.000000 0.000000 1.000000
vn -0.294159 -0.235986 0.926164
vn 0.000000 0.000000 -1.000000
vn 0.294159 0.235986 -0.926164
vn 0.865930 0.000025 0.500165
vn 0.949454 0.271279 0.157938
vn -0.865930 -0.000025 -0.500165
vn -0.949454 -0.271279 -0.157938
vn 0.866222 -0.000013 -0.499660
vn 0.575932 0.298110 -0.761205
vn -0.866222 0.000013 0.499660
vn -0.575932 -0.298110 0.761205
vn 0.000000 0.000000 1.000000
vn -0.308268 -0.160111 0.937729
vn 0.000000 0.000000 -1.000000
vn 0.308268 0.160111 -0.937729
vn 0.865930 -0.000001 0.500165
vn 0.971219 0.184606 0.150515
vn -0.865930 0.000001 -0.500165
vn -0.971219 -0.184606 -0.150515
vn 0.866213 -0.000010 -0.499674
vn 0.585212 0.201487 -0.785449
vn -0.866213 0.000010 0.499674
vn -0.585212 -0.201487 0.785449
vn 0.000000 0.000000 1.000000
vn -0.294382 -0.234909 0.926368
vn 0.000000 0.000000 -1.000000
vn 0.294382 0.234909 -0.926368
vn 0.865930 -0.000018 0.500165
vn 0.949827 0.270092 0.157732
vn -0.865930 0.000018 -0.500165
vn -0.949827 -0.270092 -0.157732
vn 0.866236 -0.000009 -0.499635
vn 0.576135 0.296729 -0.761591
vn -0.866236 0.000009 0.499635
vn -0.576135 -0.296729 0.761591
vn 0.000000 0.000000 1.000000
vn -0.294015 -0.236690 0.926031
vn 0.000000 0.000000 -1.000000
vn 0.294015 0.236690 -0.926031
vn 0.865930 -0.000018 0.500165
vn 0.949222 0.272078 0.157958
vn -0.865930 0.000018 -0.500165
vn -0.949222 -0.272078 -0.157958
vn 0.866222 0.000014 -0.499660
vn 0.575870 0.298983 -0.760909
vn -0.866222 -0.000014 0.499660
vn -0.575870 -0.298983 0.760909
vn 0.000000 0.000000 1.000000
vn -0.292679 -0.243271 0.924748
vn 0.000000 0.000000 -1.000000
vn 0.292679 0.243271 -0.924748
vn 0.865930 -0.000002 0.500165
vn 0.946949 0.279542 0.158567
vn -0.865930 0.000002 -0.500165
vn -0.946949 -0.279542 -0.158567
vn 0.866213 0.000012 -0.499674
vn 0.574744 0.307351 -0.758423
vn -0.866213 -0.000012 0.499674
vn -0.574744 -0.307351 0.758423
vn 0.000000 0.000000 1.000000
vn -0.307718 -0.163268 0.937365
vn 0.000000 0.000000 -1.000000
vn 0.307718 0.163268 -0.937365
vn 0.865930 0.000017 0.500165
vn 0.970462 0.188207 0.150936
vn -0.865930 -0.000017 -0.500165
vn -0.970462 -0.188207 -0.150936
vn 0.866213 -0.000010 -0.499674
vn 0.584947 0.205508 -0.784604
vn -0.866213 0.000010 0.499674
vn -0.584947 -0.205508 0.784604
vn 0.000000 0.000000 1.000000
vn -0.306207 -0.171898 0.936316
vn 0.000000 0.000000 -1.000000
vn 0.306207 0.171898 -0.936316
vn 0.865930 -0.000001 0.500165
vn 0.968356 0.198105 0.151791
vn -0.865930 0.000001 -0.500165
vn -0.968356 -0.198105 -0.151791
vn 0.866236 -0.000006 -0.499635
vn 0.584227 0.216493 -0.782183
vn -0.866236 0.000006 0.499635
vn -0.584227 -0.216493 0.782183
vn 0.000000 0.000000 1.000000
vn -0.308626 -0.157999 0.937969
vn 0.000000 0.000000 -1.000000
vn 0.308626 0.157999 -0.937969
vn 0.865922 0.000008 0.500179
vn 0.971701 0.182162 0.150381
vn -0.865922 -0.000008 -0.500179
vn -0.971701 -0.182162 -0.150381
vn 0.866222 -0.000008 -0.499660
vn 0.585424 0.198795 -0.785977
vn -0.866222 0.000008 0.499660
vn -0.585424 -0.198795 0.785977
vn 0.000000 0.000000 1.000000
vn -0.294863 -0.232427 0.926841
vn 0.000000 0.000000 -1.000000
vn 0.294863 0.232427 -0.926841
vn 0.865930 0.000025 0.500165
vn 0.950652 0.267235 0.157625
vn -0.865930 -0.000025 -0.500165
vn -0.950652 -0.267235 -0.157625
vn 0.866213 -0.000015 -0.499674
vn 0.576495 0.293578 -0.762539
vn -0.866213 0.000015 0.499674
vn -0.576495 -0.293578 0.762539
vn 0.000000 0.000000 1.000000
vn -0.290154 -0.255744 0.922175
vn 0.000000 0.000000 -1.000000
vn 0.290154 0.255744 -0.922175
vn 0.865916 0.000002 0.500190
vn 0.942481 0.293675 0.159641
vn -0.865916 -0.000002 -0.500190
vn -0.942481 -0.293675 -0.159641
vn 0.866222 0.000016 -0.499660
vn 0.572530 0.323169 -0.753506
vn -0.866222 -0.000016 0.499660
vn -0.572530 -0.323169 0.753506
vn 0.000000 0.000000 1.000000
vn -0.307094 -0.166874 0.936935
vn 0.000000 0.000000 -1.000000
vn 0.307094 0.166874 -0.936935
vn 0.865930 -0.000001 0.500165
vn 0.969599 0.192342 0.151272
vn -0.865930 0.000001 -0.500165
vn -0.969599 -0.192342 -0.151272
vn 0.866222 0.000010 -0.499660
vn 0.584666 0.210105 -0.783595
vn -0.866222 -0.000010 0.499660
vn -0.584666 -0.210105 0.783595
vn 0.000000 0.000000 1.000000
vn -0.308424 -0.159210 0.937831
vn 0.000000 0.000000 -1.000000
vn 0.308424 0.159210 -0.937831
vn 0.865930 -0.000001 0.500165
vn 0.971426 0.183544 0.150476
vn -0.865930 0.000001 -0.500165
vn -0.971426 -0.183544 -0.150476
vn 0.866236 -0.000006 -0.499635
vn 0.585324 0.200344 -0.785658
vn -0.866236 0.000006 0.499635
vn -0.585324 -0.200344 0.785658
vn 0.000000 0.000000 1.000000
vn -0.285122 -0.279488 0.916838
vn 0.000000 0.000000 -1.000000
vn 0.285122 0.279488 -0.916838
vn 0.865930 -0.000003 0.500165
vn 0.933379 0.320466 0.161574
vn -0.865930 0.000003 -0.500165
vn -0.933379 -0.320466 -0.161574
vn 0.866222 0.000018 -0.499660
vn 0.567860 0.353195 -0.743497
vn -0.866222 -0.000018 0.499660
vn -0.567860 -0.353195 0.743497
vn 0.000000 0.000000 1.000000
vn -0.306410 -0.170804 0.936450
vn 0.000000 0.000000 -1.000000
vn 0.306410 0.170804 -0.936450
vn 0.865922 -0.000011 0.500179
vn 0.968634 0.196879 0.151612
vn -0.865922 0.000011 -0.500179
vn -0.968634 -0.196879 -0.151612
vn 0.866222 -0.000009 -0.499660
vn 0.584274 0.215115 -0.782527
vn -0.866222 0.000009 0.499660
vn -0.584274 -0.215115 0.782527
vn 0.000000 0.000000 1.000000
vn -0.305656 -0.175022 0.935918
vn 0.000000 0.000000 -1.000000
vn 0.305656 0.175022 -0.935918
vn 0.865930 -0.000001 0.500165
vn 0.967570 0.201716 0.152049
vn -0.865930 0.000001 -0.500165
vn -0.967570 -0.201716 -0.152049
vn 0.866222 -0.000009 -0.499660
vn 0.583873 0.220490 -0.781330
vn -0.866222 0.000009 0.499660
vn -0.583873 -0.220490 0.781330
vn 0.000000 0.000000 1.000000
vn -0.289396 -0.259361 0.921402
vn 0.000000 0.000000 -1.000000
vn 0.289396 0.259361 -0.921402
vn 0.865930 -0.000020 0.500165
vn 0.941151 0.297767 0.159907
vn -0.865930 0.000020 -0.500165
vn -0.941151 -0.297767 -0.159907
vn 0.866222 0.000016 -0.499660
vn 0.571885 0.327735 -0.752022
vn -0.866222 -0.000016 0.499660
vn -0.571885 -0.327735 0.752022
vn 0.000000 0.000000 1.000000
vn -0.286750 -0.271948 0.918596
vn 0.000000 0.000000 -1.000000
vn 0.286750 0.271948 -0.918596
vn 0.865930 -0.000021 0.500165
vn 0.936359 0.311977 0.160941
vn -0.865930 0.000021 -0.500165
vn -0.936359 -0.311977 -0.160941
vn 0.866222 0.000017 -0.499660
vn 0.569431 0.343651 -0.746761
vn -0.866222 -0.000017 0.499660
vn -0.569431 -0.343651 0.746761
vn 0.000000 0.000000 1.000000
vn -0.289938 -0.256707 0.921975
vn 0.000000 0.000000 -1.000000
vn 0.289938 0.256707 -0.921975
vn 0.865922 -0.000017 0.500179
vn 0.942130 0.294760 0.159709
vn -0.865922 0.000017 -0.500179
vn -0.942130 -0.294760 -0.159709
vn 0.866222 0.000016 -0.499660
vn 0.572360 0.324397 -0.753107
vn -0.866222 -0.000016 0.499660
vn -0.572360 -0.324397 0.753107
vn 0.000000 0.000000 1.000000
vn -0.301373 -0.198512 0.932613
vn 0.000000 0.000000 -1.000000
vn 0.301373 0.198512 -0.932613
vn 0.865930 0.000021 0.500165
vn 0.961191 0.228580 0.154476
vn -0.865930 -0.000021 -0.500165
vn -0.961191 -0.228580 -0.154476
vn 0.866213 -0.000012 -0.499674
vn 0.581272 0.250417 -0.774219
vn -0.866213 0.000012 0.499674
vn -0.581272 -0.250417 0.774219
vn 0.000000 0.000000 1.000000
vn -0.296272 -0.225285 0.928154
vn 0.000000 0.000000 -1.000000
vn 0.296272 0.225285 -0.928154
vn 0.865930 -0.000002 0.500165
vn 0.953011 0.259144 0.156891
vn -0.865930 0.000002 -0.500165
vn -0.953011 -0.259144 -0.156891
vn 0.866213 -0.000014 -0.499674
vn 0.577601 0.284497 -0.765139
vn -0.866213 0.000014 0.499674
vn -0.577601 -0.284497 0.765139
vn 0.000000 0.000000 1.000000
vn -0.305219 -0.177433 0.935606
vn 0.000000 0.000000 -1.000000
vn 0.305219 0.177433 -0.935606
vn 0.865930 -0.000002 0.500165
vn 0.966947 0.204451 0.152358
vn -0.865930 0.000002 -0.500165
vn -0.966947 -0.204451 -0.152358
vn 0.866228 -0.000008 -0.499649
vn 0.583652 0.223552 -0.780625
vn -0.866228 0.000008 0.499649
vn -0.583652 -0.223552 0.780625
vn 0.000000 0.000000 1.000000
vn -0.306520 -0.170107 0.936541
vn 0.000000 0.000000 -1.000000
vn 0.306520 0.170107 -0.936541
vn 0.865922 -0.000011 0.500179
vn 0.968803 0.196056 0.151602
vn -0.865922 0.000011 -0.500179
vn -0.968803 -0.196056 -0.151602
vn 0.866222 0.000010 -0.499660
vn 0.584397 0.214213 -0.782683
vn -0.866222 -0.000010 0.499660
vn -0.584397 -0.214213 0.782683
vn 0.000000 0.000000 1.000000
vn -0.302818 -0.190691 0.933776
vn 0.000000 0.000000 -1.000000
vn 0.302818 0.190691 -0.933776
vn 0.865930 0.000020 0.500165
vn 0.963396 0.219637 0.153713
vn -0.865930 -0.000020 -0.500165
vn -0.963396 -0.219637 -0.153713
vn 0.866222 -0.000010 -0.499660
vn 0.582211 0.240461 -0.776665
vn -0.866222 0.000010 0.499660
vn -0.582211 -0.240461 0.776665
vn 0.000000 0.000000 1.000000
vn -0.291103 -0.251002 0.923178
vn 0.000000 0.000000 -1.000000
vn 0.291103 0.251002 -0.923178
vn 0.865922 0.000013 0.500179
vn 0.944198 0.288316 0.159259
vn -0.865922 -0.000013 -0.500179
vn -0.944198 -0.288316 -0.159259
vn 0.866222 -0.000014 -0.499660
vn 0.573403 0.317157 -0.755394
vn -0.866222 0.000014 0.499660
vn -0.573403 -0.317157 0.755394
vn 0.000000 0.000000 1.000000
vn -0.308627 -0.157994 0.937970
vn 0.000000 0.000000 -1.000000
vn 0.308627 0.157994 -0.937970
vn 0.865930 -0.000001 0.500165
vn 0.971707 0.182148 0.150356
vn -0.865930 0.000001 -0.500165
vn -0.971707 -0.182148 -0.150356
vn 0.866213 0.000008 -0.499674
vn 0.585415 0.198789 -0.785985
vn -0.866213 -0.000008 0.499674
vn -0.585415 -0.198789 0.785985
vn 0.000000 0.000000 1.000000
vn -0.285458 -0.277853 0.917230
vn 0.000000 0.000000 -1.000000
vn 0.285458 0.277853 -0.917230
vn 0.865922 -0.000019 0.500179
vn 0.934028 0.318626 0.161461
vn -0.865922 0.000019 -0.500179
vn -0.934028 -0.318626 -0.161461
vn 0.866222 0.000017 -0.499660
vn 0.568210 0.351139 -0.744203
vn -0.866222 -0.000017 0.499660
vn -0.568210 -0.351139 0.744203
vn 0.000000 0.000000 1.000000
vn -0.306574 -0.169819 0.936576
vn 0.000000 0.000000 -1.000000
vn 0.306574 0.169819 -0.936576
vn 0.865930 -0.000001 0.500165
vn 0.968877 0.195749 0.151521
vn -0.865930 0.000001 -0.500165
vn -0.968877 -0.195749 -0.151521
vn 0.866222 -0.000009 -0.499660
vn 0.584372 0.213863 -0.782798
vn -0.866222 0.000009 0.499660
vn -0.584372 -0.213863 0.782798
vn 0.000000 0.000000 1.000000
vn -0.309546 -0.152630 0.938555
vn 0.000000 0.000000 -1.000000
vn 0.309546 0.152630 -0.938555
vn 0.865930 0.000015 0.500165
vn 0.972924 0.175989 0.149821
vn -0.865930 -0.000015 -0.500165
vn -0.972924 -0.175989 -0.149821
vn 0.866222 0.000009 -0.499660
vn 0.585868 0.191954 -0.787345
vn -0.866222 -0.000009 0.499660
vn -0.585868 -0.191954 0.787345
vn 0.000000 0.000000 1.000000
vn -0.300750 -0.201840 0.932100
vn 0.000000 0.000000 -1.000000
vn 0.300750 0.201840 -0.932100
vn 0.865930 -0.000002 0.500165
vn 0.960233 0.232378 0.154766
vn -0.865930 0.000002 -0.500165
vn -0.960233 -0.232378 -0.154766
vn 0.866213 0.000010 -0.499674
vn 0.580885 0.254653 -0.773127
vn -0.866213 -0.000010 0.499674
vn -0.580885 -0.254653 0.773127
vn 0.000000 0.000000 1.000000
vn -0.296489 -0.224193 0.928349
vn 0.000000 0.000000 -1.000000
vn 0.296489 0.224193 -0.928349
vn 0.865922 0.000011 0.500179
vn 0.953359 0.257876 0.156866
vn -0.865922 -0.000011 -0.500179
vn -0.953359 -0.257876 -0.156866
vn 0.866222 -0.000012 -0.499660
vn 0.577799 0.283100 -0.765508
vn -0.866222 0.000012 0.499660
vn -0.577799 -0.283100 0.765508
vn 0.000000 0.000000 1.000000
vn -0.308540 -0.158548 0.937905
vn 0.000000 0.000000 -1.000000
vn 0.308540 0.158548 -0.937905
vn 0.865930 -0.000001 0.500165
vn 0.971580 0.182783 0.150405
vn -0.865930 0.000001 -0.500165
vn -0.971580 -0.182783 -0.150405
vn 0.866213 0.000008 -0.499674
vn 0.585366 0.199492 -0.785844
vn -0.866213 -0.000008 0.499674
vn -0.585366 -0.199492 0.785844
vn 0.000000 0.000000 1.000000
vn -0.306700 -0.169092 0.936666
vn 0.000000 0.000000 -1.000000
vn 0.306700 0.169092 -0.936666
vn 0.865930 -0.000012 0.500165
vn 0.969055 0.194891 0.151491
vn -0.865930 0.000012 -0.500165
vn -0.969055 -0.194891 -0.151491
vn 0.866222 0.000010 -0.499660
vn 0.584490 0.212919 -0.782966
vn -0.866222 -0.000010 0.499660
vn -0.584490 -0.212919 0.782966
vn 0.000000 0.000000 1.000000
vn -0.304244 -0.182951 0.934861
vn 0.000000 0.000000 -1.000000
vn 0.304244 0.182951 -0.934861
vn 0.865930 -0.000002 0.500165
vn 0.965504 0.210772 0.152894
vn -0.865930 0.000002 -0.500165
vn -0.965504 -0.210772 -0.152894
vn 0.866213 0.000009 -0.499674
vn 0.583071 0.230579 -0.779013
vn -0.866213 -0.000009 0.499674
vn -0.583071 -0.230579 0.779013
vn 0.000000 0.000000 1.000000
vn -0.302178 -0.194227 0.933255
vn 0.000000 0.000000 -1.000000
vn 0.302178 0.194227 -0.933255
vn 0.865930 -0.000002 0.500165
vn 0.962420 0.223708 0.153958
vn -0.865930 0.000002 -0.500165
vn -0.962420 -0.223708 -0.153958
vn 0.866228 -0.000009 -0.499649
vn 0.581790 0.244960 -0.775574
vn -0.866228 0.000009 0.499649
vn -0.581790 -0.244960 0.775574
vn 0.000000 0.000000 1.000000
vn -0.299431 -0.208900 0.930968
vn 0.000000 0.000000 -1.000000
vn 0.299431 0.208900 -0.930968
vn 0.865930 0.000022 0.500165
vn 0.958134 0.240441 0.155457
vn -0.865930 -0.000022 -0.500165
vn -0.958134 -0.240441 -0.155457
vn 0.866222 0.000013 -0.499660
vn 0.579972 0.263649 -0.770793
vn -0.866222 -0.000013 0.499660
vn -0.579972 -0.263649 0.770793
vn 0.000000 0.000000 1.000000
vn -0.309277 -0.154224 0.938383
vn 0.000000 0.000000 -1.000000
vn 0.309277 0.154224 -0.938383
vn 0.865930 -0.000001 0.500165
vn 0.972571 0.177817 0.149954
vn -0.865930 0.000001 -0.500165
vn -0.972571 -0.177817 -0.149954
vn 0.866236 -0.000005 -0.499635
vn 0.585722 0.193995 -0.786954
vn -0.866236 0.000005 0.499635
vn -0.585722 -0.193995 0.786954
vn 0.000000 0.000000 1.000000
vn -0.308190 -0.160552 0.937679
vn 0.000000 0.000000 -1.000000
vn 0.308190 0.160552 -0.937679
vn 0.865930 -0.000001 0.500165
vn 0.971111 0.185085 0.150619
vn -0.865930 0.000001 -0.500165
vn -0.971111 -0.185085 -0.150619
vn 0.866222 0.000009 -0.499660
vn 0.585239 0.202040 -0.785287
vn -0.866222 -0.000009 0.499660
vn -0.585239 -0.202040 0.785287
vn 0.000000 0.000000 1.000000
vn -0.293747 -0.237977 0.925786
vn 0.000000 0.000000 -1.000000
vn 0.293747 0.237977 -0.925786
vn 0.865916 0.000002 0.500190
vn 0.948773 0.273540 0.158130
vn -0.865916 -0.000002 -0.500190
vn -0.948773 -0.273540 -0.158130
vn 0.866213 0.000012 -0.499674
vn 0.575629 0.300628 -0.760443
vn -0.866213 -0.000012 0.499674
vn -0.575629 -0.300628 0.760443
vn 0.000000 0.000000 1.000000
vn -0.301366 -0.198580 0.932601
vn 0.000000 0.000000 -1.000000
vn 0.301366 0.198580 -0.932601
vn 0.865916 0.000002 0.500190
vn 0.961173 0.228657 0.154476
vn -0.865916 -0.000002 -0.500190
vn -0.961173 -0.228657 -0.154476
vn 0.866213 0.000010 -0.499674
vn 0.581287 0.250496 -0.774182
vn -0.866213 -0.000010 0.499674
vn -0.581287 -0.250496 0.774182
vn 0.000000 0.000000 1.000000
vn -0.302369 -0.193176 0.933411
vn 0.000000 0.000000 -1.000000
vn 0.302369 0.193176 -0.933411
vn 0.865922 -0.000012 0.500179
vn 0.962714 0.222506 0.153859
vn -0.865922 0.000012 -0.500179
vn -0.962714 -0.222506 -0.153859
vn 0.866236 -0.000007 -0.499635
vn 0.581927 0.243631 -0.775890
vn -0.866236 0.000007 0.499635
vn -0.581927 -0.243631 0.775890
vn 0.000000 0.000000 1.000000
vn -0.296372 -0.224818 0.928235
vn 0.000000 0.000000 -1.000000
vn 0.296372 0.224818 -0.928235
vn 0.865922 -0.000015 0.500179
vn 0.953165 0.258576 0.156894
vn -0.865922 0.000015 -0.500179
vn -0.953165 -0.258576 -0.156894
vn 0.866222 0.000014 -0.499660
vn 0.577704 0.283906 -0.765281
vn -0.866222 -0.000014 0.499660
vn -0.577704 -0.283906 0.765281
vn 0.000000 0.000000 1.000000
vn -0.306483 -0.170376 0.936504
vn 0.000000 0.000000 -1.000000
vn 0.306483 0.170376 -0.936504
vn 0.865930 -0.000001 0.500165
vn 0.968737 0.196360 0.151627
vn -0.865930 0.000001 -0.500165
vn -0.968737 -0.196360 -0.151627
vn 0.866228 -0.000008 -0.499649
vn 0.584330 0.214557 -0.782639
vn -0.866228 0.000008 0.499649
vn -0.584330 -0.214557 0.782639
vn 0.000000 0.000000 1.000000
vn -0.308826 -0.156933 0.938082
vn 0.000000 0.000000 -1.000000
vn 0.308826 0.156933 -0.938082
vn 0.865907 -0.000007 0.500204
vn 0.971950 0.180932 0.150258
vn -0.865907 0.000007 -0.500204
vn -0.971950 -0.180932 -0.150258
vn 0.866222 0.000009 -0.499660
vn 0.585503 0.197441 -0.786259
vn -0.866222 -0.000009 0.499660
vn -0.585503 -0.197441 0.786259
vn 0.000000 0.000000 1.000000
vn -0.306042 -0.172817 0.936201
vn 0.000000 0.000000 -1.000000
vn 0.306042 0.172817 -0.936201
vn 0.865922 -0.000011 0.500179
vn 0.968125 0.199164 0.151878
vn -0.865922 0.000011 -0.500179
vn -0.968125 -0.199164 -0.151878
vn 0.866222 0.000010 -0.499660
vn 0.584140 0.217665 -0.781922
vn -0.866222 -0.000010 0.499660
vn -0.584140 -0.217665 0.781922
vn 0.000000 0.000000 1.000000
vn -0.304313 -0.182540 0.934919
vn 0.000000 0.000000 -1.000000
vn 0.304313 0.182540 -0.934919
vn 0.865930 -0.000002 0.500165
vn 0.965612 0.210302 0.152859
vn -0.865930 0.000002 -0.500165
vn -0.965612 -0.210302 -0.152859
vn 0.866236 -0.000007 -0.499635
vn 0.583154 0.230052 -0.779107
vn -0.866236 0.000007 0.499635
vn -0.583154 -0.230052 0.779107
vn 0.000000 0.000000 1.000000
vn -0.304058 -0.183933 0.934728
vn 0.000000 0.000000 -1.000000
vn 0.304058 0.183933 -0.934728
vn 0.865916 0.000002 0.500190
vn 0.965235 0.211900 0.153033
vn -0.865916 -0.000002 -0.500190
vn -0.965235 -0.211900 -0.153033
vn 0.866222 0.000011 -0.499660
vn 0.583006 0.231827 -0.778691
vn -0.866222 -0.000011 0.499660
vn -0.583006 -0.231827 0.778691
vn 0.000000 0.000000 1.000000
vn -0.286445 -0.273346 0.918276
vn 0.000000 0.000000 -1.000000
vn 0.286445 0.273346 -0.918276
vn 0.865930 -0.000002 0.500165
vn 0.935811 0.313547 0.161076
vn -0.865930 0.000002 -0.500165
vn -0.935811 -0.313547 -0.161076
vn 0.866213 0.000014 -0.499674
vn 0.569117 0.345428 -0.746181
vn -0.866213 -0.000014 0.499674
vn -0.569117 -0.345428 0.746181
vn 0.000000 0.000000 1.000000
vn -0.306249 -0.171725 0.936335
vn 0.000000 0.000000 -1.000000
vn 0.306249 0.171725 -0.936335
vn 0.865930 -0.000001 0.500165
vn 0.968405 0.197934 0.151704
vn -0.865930 0.000001 -0.500165
vn -0.968405 -0.197934 -0.151704
vn 0.866236 -0.000006 -0.499635
vn 0.584219 0.216279 -0.782247
vn -0.866236 0.000006 0.499635
vn -0.584219 -0.216279 0.782247
vn 0.000000 0.000000 1.000000
vn -0.297884 -0.216992 0.929613
vn 0.000000 0.000000 -1.000000
vn 0.297884 0.216992 -0.929613
vn 0.865930 0.000023 0.500165
vn 0.955648 0.249669 0.156214
vn -0.865930 -0.000023 -0.500165
vn -0.955648 -0.249669 -0.156214
vn 0.866213 -0.000014 -0.499674
vn 0.578817 0.273946 -0.768066
vn -0.866213 0.000014 0.499674
vn -0.578817 -0.273946 0.768066
vn 0.000000 0.000000 1.000000
vn -0.304160 -0.183393 0.934802
vn 0.000000 0.000000 -1.000000
vn 0.304160 0.183393 -0.934802
vn 0.865916 -0.000010 0.500190
vn 0.965381 0.211287 0.152961
vn -0.865916 0.000010 -0.500190
vn -0.965381 -0.211287 -0.152961
vn 0.866222 0.000011 -0.499660
vn 0.583062 0.231138 -0.778854
vn -0.866222 -0.000011 0.499660
vn -0.583062 -0.231138 0.778854
vn 0.000000 0.000000 1.000000
vn -0.300477 -0.203375 0.931854
vn 0.000000 0.000000 -1.000000
vn 0.300477 0.203375 -0.931854
vn 0.865930 -0.000002 0.500165
vn 0.959787 0.234130 0.154896
vn -0.865930 0.000002 -0.500165
vn -0.959787 -0.234130 -0.154896
vn 0.866222 0.000012 -0.499660
vn 0.580693 0.256612 -0.772623
vn -0.866222 -0.000012 0.499660
vn -0.580693 -0.256612 0.772623
vn 0.000000 0.000000 1.000000
vn -0.296691 -0.223102 0.928547
vn 0.000000 0.000000 -1.000000
vn 0.296691 0.223102 -0.928547
vn 0.865930 0.000024 0.500165
vn 0.953708 0.256628 0.156787
vn -0.865930 -0.000024 -0.500165
vn -0.953708 -0.256628 -0.156787
vn 0.866213 0.000011 -0.499674
vn 0.577959 0.281718 -0.765897
vn -0.866213 -0.000011 0.499674
vn -0.577959 -0.281718 0.765897
vn 0.000000 0.000000 1.000000
vn -0.307279 -0.165784 0.937068
vn 0.000000 0.000000 -1.000000
vn 0.307279 0.165784 -0.937068
vn 0.865922 -0.000010 0.500179
vn 0.969862 0.191091 0.151166
vn -0.865922 0.000010 -0.500179
vn -0.969862 -0.191091 -0.151166
vn 0.866222 0.000010 -0.499660
vn 0.584766 0.208718 -0.783891
vn -0.866222 -0.000010 0.499660
vn -0.584766 -0.208718 0.783891
vn 0.000000 0.000000 1.000000
vn -0.307001 -0.167376 0.936875
vn 0.000000 0.000000 -1.000000
vn 0.307001 0.167376 -0.936875
vn 0.865930 -0.000001 0.500165
vn 0.969475 0.192919 0.151329
vn -0.865930 0.000001 -0.500165
vn -0.969475 -0.192919 -0.151329
vn 0.866228 -0.000008 -0.499649
vn 0.584611 0.210739 -0.783466
vn -0.866228 0.000008 0.499649
vn -0.584611 -0.210739 0.783466
vn 0.000000 0.000000 1.000000
vn -0.309487 -0.152950 0.938522
vn 0.000000 0.000000 -1.000000
vn 0.309487 0.152950 -0.938522
vn 0.865930 0.000015 0.500165
vn 0.972852 0.176357 0.149860
vn -0.865930 -0.000015 -0.500165
vn -0.972852 -0.176357 -0.149860
vn 0.866213 -0.000009 -0.499674
vn 0.585785 0.192371 -0.787305
vn -0.866213 0.000009 0.499674
vn -0.585785 -0.192371 0.787305
vn 0.000000 0.000000 1.000000
vn -0.307459 -0.164783 0.937185
vn 0.000000 0.000000 -1.000000
vn 0.307459 0.164783 -0.937185
vn 0.865922 -0.000010 0.500179
vn 0.970109 0.189974 0.150989
vn -0.865922 0.000010 -0.500179
vn -0.970109 -0.189974 -0.150989
vn 0.866236 -0.000006 -0.499635
vn 0.584857 0.207438 -0.784163
vn -0.866236 0.000006 0.499635
vn -0.584857 -0.207438 0.784163
vn 0.000000 0.000000 1.000000
vn -0.304839 -0.179636 0.935310
vn 0.000000 0.000000 -1.000000
vn 0.304839 0.179636 -0.935310
vn 0.865922 0.000009 0.500179
vn 0.966372 0.206979 0.152596
vn -0.865922 -0.000009 -0.500179
vn -0.966372 -0.206979 -0.152596
vn 0.866222 -0.000009 -0.499660
vn 0.583405 0.226368 -0.779998
vn -0.866222 0.000009 0.499660
vn -0.583405 -0.226368 0.779998
vn 0.000000 0.000000 1.000000
vn -0.290471 -0.254091 0.922532
vn 0.000000 0.000000 -1.000000
vn 0.290471 0.254091 -0.922532
vn 0.865930 0.000027 0.500165
vn 0.943080 0.291806 0.159528
vn -0.865930 -0.000027 -0.500165
vn -0.943080 -0.291806 -0.159528
vn 0.866222 -0.000014 -0.499660
vn 0.572843 0.321072 -0.754164
vn -0.866222 0.000014 0.499660
vn -0.572843 -0.321072 0.754164
vn 0.000000 0.000000 1.000000
vn -0.305590 -0.175433 0.935862
vn 0.000000 0.000000 -1.000000
vn 0.305590 0.175433 -0.935862
vn 0.865922 -0.000011 0.500179
vn 0.967464 0.202162 0.152130
vn -0.865922 0.000011 -0.500179
vn -0.967464 -0.202162 -0.152130
vn 0.866236 -0.000006 -0.499635
vn 0.583879 0.220994 -0.781183
vn -0.866236 0.000006 0.499635
vn -0.583879 -0.220994 0.781183
vn 0.000000 0.000000 1.000000
vn -0.308249 -0.160206 0.937719
vn 0.000000 0.000000 -1.000000
vn 0.308249 0.160206 -0.937719
vn 0.865930 -0.000001 0.500165
vn 0.971196 0.184715 0.150527
vn -0.865930 0.000001 -0.500165
vn -0.971196 -0.184715 -0.150527
vn 0.866228 -0.000007 -0.499649
vn 0.585215 0.201614 -0.785414
vn -0.866228 0.000007 0.499649
vn -0.585215 -0.201614 0.785414
vn 0.000000 0.000000 1.000000
vn -0.304092 -0.183822 0.934739
vn 0.000000 0.000000 -1.000000
vn 0.304092 0.183822 -0.934739
vn 0.865930 0.000019 0.500165
vn 0.965267 0.211773 0.153007
vn -0.865930 -0.000019 -0.500165
vn -0.965267 -0.211773 -0.153007
vn 0.866213 -0.000011 -0.499674
vn 0.582949 0.231691 -0.778775
vn -0.866213 0.000011 0.499674
vn -0.582949 -0.231691 0.778775
vn 0.000000 0.000000 1.000000
vn -0.307787 -0.162938 0.937400
vn 0.000000 0.000000 -1.000000
vn 0.307787 0.162938 -0.937400
vn 0.865930 0.000017 0.500165
vn 0.970543 0.187828 0.150888
vn -0.865930 -0.000017 -0.500165
vn -0.970543 -0.187828 -0.150888
vn 0.866213 -0.000010 -0.499674
vn 0.584969 0.205085 -0.784699
vn -0.866213 0.000010 0.499674
vn -0.584969 -0.205085 0.784699
vn 0.000000 0.000000 1.000000
vn -0.308918 -0.156354 0.938149
vn 0.000000 0.000000 -1.000000
vn 0.308918 0.156354 -0.938149
vn 0.865930 -0.000001 0.500165
vn 0.972087 0.180263 0.150173
vn -0.865930 0.000001 -0.500165
vn -0.972087 -0.180263 -0.150173
vn 0.866213 0.000008 -0.499674
vn 0.585541 0.196697 -0.786417
vn -0.866213 -0.000008 0.499674
vn -0.585541 -0.196697 0.786417
vn 0.000000 0.000000 1.000000
vn -0.305153 -0.177808 0.935557
vn 0.000000 0.000000 -1.000000
vn 0.305153 0.177808 -0.935557
vn 0.865916 0.000001 0.500190
vn 0.966845 0.204884 0.152427
vn -0.865916 -0.000001 -0.500190
vn -0.966845 -0.204884 -0.152427
vn 0.866222 0.000010 -0.499660
vn 0.583625 0.224039 -0.780505
vn -0.866222 -0.000010 0.499660
vn -0.583625 -0.224039 0.780505
vn 0.000000 0.000000 1.000000
vn -0.306867 -0.168199 0.936772
vn 0.000000 0.000000 -1.000000
vn 0.306867 0.168199 -0.936772
vn 0.865922 0.000008 0.500179
vn 0.969270 0.193870 0.151426
vn -0.865922 -0.000008 -0.500179
vn -0.969270 -0.193870 -0.151426
vn 0.866222 0.000010 -0.499660
vn 0.584567 0.211778 -0.783219
vn -0.866222 -0.000010 0.499660
vn -0.584567 -0.211778 0.783219
vn 0.000000 0.000000 1.000000
vn -0.291693 -0.248179 0.923755
vn 0.000000 0.000000 -1.000000
vn 0.291693 0.248179 -0.923755
vn 0.865930 -0.000002 0.500165
vn 0.945217 0.285144 0.158925
vn -0.865930 0.000002 -0.500165
vn -0.945217 -0.285144 -0.158925
vn 0.866213 -0.000016 -0.499674
vn 0.573862 0.313579 -0.756539
vn -0.866213 0.000016 0.499674
vn -0.573862 -0.313579 0.756539
vn 0.000000 0.000000 1.000000
vn -0.285673 -0.276910 0.917448
vn 0.000000 0.000000 -1.000000
vn 0.285673 0.276910 -0.917448
vn 0.865930 -0.000003 0.500165
vn 0.934405 0.317563 0.161372
vn -0.865930 0.000003 -0.500165
vn -0.934405 -0.317563 -0.161372
vn 0.866213 0.000015 -0.499674
vn 0.568390 0.349931 -0.744635
vn -0.866213 -0.000015 0.499674
vn -0.568390 -0.349931 0.744635
vn 0.000000 0.000000 1.000000
vn -0.290989 -0.251644 0.923039
vn 0.000000 0.000000 -1.000000
vn 0.290989 0.251644 -0.923039
vn 0.865930 -0.000002 0.500165
vn 0.943978 0.289030 0.159272
vn -0.865930 0.000002 -0.500165
vn -0.943978 -0.289030 -0.159272
vn 0.866222 0.000016 -0.499660
vn 0.573304 0.317958 -0.755132
vn -0.866222 -0.000016 0.499660
vn -0.573304 -0.317958 0.755132
vn 0.000000 0.000000 1.000000
vn -0.301108 -0.200006 0.932380
vn 0.000000 0.000000 -1.000000
vn 0.301108 0.200006 -0.932380
vn 0.865930 -0.000002 0.500165
vn 0.960770 0.230315 0.154517
vn -0.865930 0.000002 -0.500165
vn -0.960770 -0.230315 -0.154517
vn 0.866228 -0.000009 -0.499649
vn 0.581088 0.252323 -0.773738
vn -0.866228 0.000009 0.499649
vn -0.581088 -0.252323 0.773738
vn 0.000000 0.000000 1.000000
vn -0.288240 -0.264850 0.920202
vn 0.000000 0.000000 -1.000000
vn 0.288240 0.264850 -0.920202
vn 0.865930 -0.000002 0.500165
vn 0.939086 0.303963 0.160388
vn -0.865930 0.000002 -0.500165
vn -0.939086 -0.303963 -0.160388
vn 0.866213 0.000014 -0.499674
vn 0.570807 0.334692 -0.749774
vn -0.866213 -0.000014 0.499674
vn -0.570807 -0.334692 0.749774
vn 0.000000 0.000000 1.000000
vn -0.294678 -0.233399 0.926655
vn 0.000000 0.000000 -1.000000
vn 0.294678 0.233399 -0.926655
vn 0.865930 -0.000002 0.500165
vn 0.950335 0.268334 0.157672
vn -0.865930 0.000002 -0.500165
vn -0.950335 -0.268334 -0.157672
vn 0.866222 0.000014 -0.499660
vn 0.576398 0.294799 -0.762141
vn -0.866222 -0.000014 0.499660
vn -0.576398 -0.294799 0.762141
vn 0.000000 0.000000 1.000000
vn -0.298607 -0.213183 0.930262
vn 0.000000 0.000000 -1.000000
vn 0.298607 0.213183 -0.930262
vn 0.865930 0.000022 0.500165
vn 0.956828 0.245328 0.155868
vn -0.865930 -0.000022 -0.500165
vn -0.956828 -0.245328 -0.155868
vn 0.866222 -0.000011 -0.499660
vn 0.579367 0.269111 -0.769359
vn -0.866222 0.000011 0.499660
vn -0.579367 -0.269111 0.769359
vn 0.000000 0.000000 1.000000
vn -0.295191 -0.230788 0.927146
vn 0.000000 0.000000 -1.000000
vn 0.295191 0.230788 -0.927146
vn 0.865930 -0.000002 0.500165
vn 0.951205 0.265403 0.157387
vn -0.865930 0.000002 -0.500165
vn -0.951205 -0.265403 -0.157387
vn 0.866228 -0.000011 -0.499649
vn 0.576760 0.291501 -0.763135
vn -0.866228 0.000011 0.499649
vn -0.576760 -0.291501 0.763135
vn 0.000000 0.000000 1.000000
vn -0.304523 -0.181340 0.935084
vn 0.000000 0.000000 -1.000000
vn 0.304523 0.181340 -0.935084
vn 0.865930 -0.000002 0.500165
vn 0.965929 0.208927 0.152746
vn -0.865930 0.000002 -0.500165
vn -0.965929 -0.208927 -0.152746
vn 0.866236 -0.000006 -0.499635
vn 0.583284 0.228524 -0.779459
vn -0.866236 0.000006 0.499635
vn -0.583284 -0.228524 0.779459
vn 0.000000 0.000000 1.000000
vn -0.303490 -0.187081 0.934288
vn 0.000000 0.000000 -1.000000
vn 0.303490 0.187081 -0.934288
vn 0.865916 0.000002 0.500190
vn 0.964388 0.215505 0.153343
vn -0.865916 -0.000002 -0.500190
vn -0.964388 -0.215505 -0.153343
vn 0.866222 0.000011 -0.499660
vn 0.582637 0.235853 -0.777758
vn -0.866222 -0.000011 0.499660
vn -0.582637 -0.235853 0.777758
vn 0.000000 0.000000 1.000000
vn -0.306970 -0.167642 0.936838
vn 0.000000 0.000000 -1.000000
vn 0.306970 0.167642 -0.936838
vn 0.865916 0.000001 0.500190
vn 0.969407 0.193227 0.151371
vn -0.865916 -0.000001 -0.500190
vn -0.969407 -0.193227 -0.151371
vn 0.866222 0.000010 -0.499660
vn 0.584590 0.211081 -0.783389
vn -0.866222 -0.000010 0.499660
vn -0.584590 -0.211081 0.783389
vn 0.000000 0.000000 1.000000
vn -0.309547 -0.152675 0.938547
vn 0.000000 0.000000 -1.000000
vn 0.309547 0.152675 -0.938547
vn 0.865930 -0.000001 0.500165
vn 0.972921 0.176037 0.149783
vn -0.865930 0.000001 -0.500165
vn -0.972921 -0.176037 -0.149783
vn 0.866236 -0.000005 -0.499635
vn 0.585860 0.192009 -0.787338
vn -0.866236 0.000005 0.499635
vn -0.585860 -0.192009 0.787338
vn 0.000000 0.000000 1.000000
vn -0.291569 -0.248796 0.923628
vn 0.000000 0.000000 -1.000000
vn 0.291569 0.248796 -0.923628
vn 0.865922 -0.000016 0.500179
vn 0.945000 0.285811 0.159022
vn -0.865922 0.000016 -0.500179
vn -0.945000 -0.285811 -0.159022
vn 0.866236 -0.000009 -0.499635
vn 0.573813 0.314349 -0.756256
vn -0.866236 0.000009 0.499635
vn -0.573813 -0.314349 0.756256
vn 0.000000 0.000000 1.000000
vn -0.286647 -0.272356 0.918507
vn 0.000000 0.000000 -1.000000
vn 0.286647 0.272356 -0.918507
vn 0.865930 -0.000002 0.500165
vn 0.936196 0.312432 0.161006
vn -0.865930 0.000002 -0.500165
vn -0.936196 -0.312432 -0.161006
vn 0.866222 0.000017 -0.499660
vn 0.569332 0.344195 -0.746586
vn -0.866222 -0.000017 0.499660
vn -0.569332 -0.344195 0.746586
vn 0.000000 0.000000 1.000000
vn -0.303696 -0.185918 0.934453
vn 0.000000 0.000000 -1.000000
vn 0.303696 0.185918 -0.934453
vn 0.865930 -0.000002 0.500165
vn 0.964710 0.214201 0.153145
vn -0.865930 0.000002 -0.500165
vn -0.964710 -0.214201 -0.153145
vn 0.866213 -0.000012 -0.499674
vn 0.582730 0.234368 -0.778137
vn -0.866213 0.000012 0.499674
vn -0.582730 -0.234368 0.778137
vn 0.000000 0.000000 1.000000
vn -0.304146 -0.183437 0.934797
vn 0.000000 0.000000 -1.000000
vn 0.304146 0.183437 -0.934797
vn 0.865922 0.000009 0.500179
vn 0.965367 0.211338 0.152977
vn -0.865922 -0.000009 -0.500179
vn -0.965367 -0.211338 -0.152977
vn 0.866222 -0.000010 -0.499660
vn 0.583034 0.231200 -0.778857
vn -0.866222 0.000010 0.499660
vn -0.583034 -0.231200 0.778857
vn 0.000000 0.000000 1.000000
vn -0.300038 -0.205705 0.931484
vn 0.000000 0.000000 -1.000000
vn 0.300038 0.205705 -0.931484
vn 0.865907 -0.000010 0.500204
vn 0.959092 0.236800 0.155141
vn -0.865907 0.000010 -0.500204
vn -0.959092 -0.236800 -0.155141
vn 0.866222 0.000012 -0.499660
vn 0.580416 0.259563 -0.771845
vn -0.866222 -0.000012 0.499660
vn -0.580416 -0.259563 0.771845
vn 0.000000 0.000000 1.000000
vn -0.304479 -0.181666 0.935035
vn 0.000000 0.000000 -1.000000
vn 0.304479 0.181666 -0.935035
vn 0.865930 -0.000002 0.500165
vn 0.965845 0.209300 0.152762
vn -0.865930 0.000002 -0.500165
vn -0.965845 -0.209300 -0.152762
vn 0.866228 -0.000008 -0.499649
vn 0.583205 0.228940 -0.779396
vn -0.866228 0.000008 0.499649
vn -0.583205 -0.228940 0.779396
vn 0.000000 0.000000 1.000000
vn -0.308875 -0.156608 0.938120
vn 0.000000 0.000000 -1.000000
vn 0.308875 0.156608 -0.938120
vn 0.865930 0.000016 0.500165
vn 0.972023 0.180560 0.150232
vn -0.865930 -0.000016 -0.500165
vn -0.972023 -0.180560 -0.150232
vn 0.866222 -0.000008 -0.499660
vn 0.585506 0.197033 -0.786359
vn -0.866222 0.000008 0.499660
vn -0.585506 -0.197033 0.786359
vn 0.000000 0.000000 1.000000
vn -0.297134 -0.220844 0.928945
vn 0.000000 0.000000 -1.000000
vn 0.297134 0.220844 -0.928945
vn 0.865930 0.000023 0.500165
vn 0.954431 0.254057 0.156575
vn -0.865930 -0.000023 -0.500165
vn -0.954431 -0.254057 -0.156575
vn 0.866222 -0.000012 -0.499660
vn 0.578274 0.278859 -0.766705
vn -0.866222 0.000012 0.499660
vn -0.578274 -0.278859 0.766705
vn 0.000000 0.000000 1.000000
vn -0.291696 -0.248140 0.923764
vn 0.000000 0.000000 -1.000000
vn 0.291696 0.248140 -0.923764
vn 0.865930 -0.000002 0.500165
vn 0.945233 0.285062 0.158982
vn -0.865930 0.000002 -0.500165
vn -0.945233 -0.285062 -0.158982
vn 0.866213 0.000013 -0.499674
vn 0.573897 0.313527 -0.756533
vn -0.866213 -0.000013 0.499674
vn -0.573897 -0.313527 0.756533
vn 0.000000 0.000000 1.000000
vn -0.295366 -0.229881 0.927315
vn 0.000000 0.000000 -1.000000
vn 0.295366 0.229881 -0.927315
vn 0.865930 0.000009 0.500165
vn 0.951500 0.264346 0.157383
vn -0.865930 -0.000009 -0.500165
vn -0.951500 -0.264346 -0.157383
vn 0.866222 -0.000012 -0.499660
vn 0.576932 0.290336 -0.763449
vn -0.866222 0.000012 0.499660
vn -0.576932 -0.290336 0.763449
vn 0.000000 0.000000 1.000000
vn -0.297638 -0.218292 0.929387
vn 0.000000 0.000000 -1.000000
vn 0.297638 0.218292 -0.929387
vn 0.865922 -0.000014 0.500179
vn 0.955247 0.251150 0.156288
vn -0.865922 0.000014 -0.500179
vn -0.955247 -0.251150 -0.156288
vn 0.866222 0.000013 -0.499660
vn 0.578690 0.275586 -0.767574
vn -0.866222 -0.000013 0.499660
vn -0.578690 -0.275586 0.767574
vn 0.000000 0.000000 1.000000
vn -0.299586 -0.208142 0.931088
vn 0.000000 0.000000 -1.000000
vn 0.299586 0.208142 -0.931088
vn 0.865930 -0.000002 0.500165
vn 0.958371 0.239571 0.155341
vn -0.865930 0.000002 -0.500165
vn -0.958371 -0.239571 -0.155341
vn 0.866213 0.000010 -0.499674
vn 0.580056 0.262670 -0.771064
vn -0.866213 -0.000010 0.499674
vn -0.580056 -0.262670 0.771064
vn 0.000000 0.000000 1.000000
vn -0.304082 -0.183772 0.934752
vn 0.000000 0.000000 -1.000000
vn 0.304082 0.183772 -0.934752
vn 0.865930 0.000019 0.500165
vn 0.965277 0.211717 0.153023
vn -0.865930 -0.000019 -0.500165
vn -0.965277 -0.211717 -0.153023
vn 0.866213 -0.000011 -0.499674
vn 0.582964 0.231634 -0.778780
vn -0.866213 0.000011 0.499674
vn -0.582964 -0.231634 0.778780
vn 0.000000 0.000000 1.000000
vn -0.302732 -0.191232 0.933693
vn 0.000000 0.000000 -1.000000
vn 0.302732 0.191232 -0.933693
vn 0.865930 0.000007 0.500165
vn 0.963250 0.220260 0.153737
vn -0.865930 -0.000007 -0.500165
vn -0.963250 -0.220260 -0.153737
vn 0.866222 -0.000010 -0.499660
vn 0.582165 0.241131 -0.776492
vn -0.866222 0.000010 0.499660
vn -0.582165 -0.241131 0.776492
vn 0.000000 0.000000 1.000000
vn -0.285325 -0.278584 0.917050
vn 0.000000 0.000000 -1.000000
vn 0.285325 0.278584 -0.917050
vn 0.865930 -0.000003 0.500165
vn 0.933736 0.319491 0.161439
vn -0.865930 0.000003 -0.500165
vn -0.933736 -0.319491 -0.161439
vn 0.866236 -0.000011 -0.499635
vn 0.568051 0.352046 -0.743896
vn -0.866236 0.000011 0.499635
vn -0.568051 -0.352046 0.743896
vn 0.000000 0.000000 1.000000
vn -0.295870 -0.227366 0.927774
vn 0.000000 0.000000 -1.000000
vn 0.295870 0.227366 -0.927774
vn 0.865922 0.000011 0.500179
vn 0.952328 0.261486 0.157151
vn -0.865922 -0.000011 -0.500179
vn -0.952328 -0.261486 -0.157151
vn 0.866222 -0.000012 -0.499660
vn 0.577316 0.287135 -0.764369
vn -0.866222 0.000012 0.499660
vn -0.577316 -0.287135 0.764369
vn 0.000000 0.000000 1.000000
vn -0.295854 -0.227422 0.927766
vn 0.000000 0.000000 -1.000000
vn 0.295854 0.227422 -0.927766
vn 0.865930 -0.000017 0.500165
vn 0.952316 0.261544 0.157125
vn -0.865930 0.000017 -0.500165
vn -0.952316 -0.261544 -0.157125
vn 0.866236 -0.000008 -0.499635
vn 0.577337 0.287203 -0.764328
vn -0.866236 0.000008 0.499635
vn -0.577337 -0.287203 0.764328
vn 0.000000 0.000000 1.000000
vn -0.289250 -0.260034 0.921258
vn 0.000000 0.000000 -1.000000
vn 0.289250 0.260034 -0.921258
vn 0.865916 -0.000015 0.500190
vn 0.940892 0.298534 0.160002
vn -0.865916 0.000015 -0.500190
vn -0.940892 -0.298534 -0.160002
vn 0.866222 0.000016 -0.499660
vn 0.571762 0.328589 -0.751743
vn -0.866222 -0.000016 0.499660
vn -0.571762 -0.328589 0.751743
vn 0.000000 0.000000 1.000000
vn -0.304926 -0.179149 0.935375
vn 0.000000 0.000000 -1.000000
vn 0.304926 0.179149 -0.935375
vn 0.865930 -0.000002 0.500165
vn 0.966507 0.206446 0.152459
vn -0.865930 0.000002 -0.500165
vn -0.966507 -0.206446 -0.152459
vn 0.866228 -0.000008 -0.499649
vn 0.583452 0.225746 -0.780143
vn -0.866228 0.000008 0.499649
vn -0.583452 -0.225746 0.780143
vn 0.000000 0.000000 1.000000
vn -0.294998 -0.231759 0.926965
vn 0.000000 0.000000 -1.000000
vn 0.294998 0.231759 -0.926965
vn 0.865930 -0.000002 0.500165
vn 0.950882 0.266471 0.157531
vn -0.865930 0.000002 -0.500165
vn -0.950882 -0.266471 -0.157531
vn 0.866228 -0.000011 -0.499649
vn 0.576626 0.292724 -0.762768
vn -0.866228 0.000011 0.499649
vn -0.576626 -0.292724 0.762768
vn 0.000000 0.000000 1.000000
vn -0.302488 -0.192519 0.933508
vn 0.000000 0.000000 -1.000000
vn 0.302488 0.192519 -0.933508
vn 0.865930 -0.000002 0.500165
vn 0.962896 0.221723 0.153853
vn -0.865930 0.000002 -0.500165
vn -0.962896 -0.221723 -0.153853
vn 0.866222 0.000011 -0.499660
vn 0.582047 0.242768 -0.776070
vn -0.866222 -0.000011 0.499660
vn -0.582047 -0.242768 0.776070
vn 0.000000 0.000000 1.000000
vn -0.304723 -0.180217 0.935236
vn 0.000000 0.000000 -1.000000
vn 0.304723 0.180217 -0.935236
vn 0.865930 0.000019 0.500165
vn 0.966217 0.207645 0.152668
vn -0.865930 -0.000019 -0.500165
vn -0.966217 -0.207645 -0.152668
vn 0.866213 -0.000011 -0.499674
vn 0.583339 0.227104 -0.779833
vn -0.866213 0.000011 0.499674
vn -0.583339 -0.227104 0.779833
vn 0.000000 0.000000 1.000000
vn -0.305104 -0.178088 0.935519
vn 0.000000 0.000000 -1.000000
vn 0.305104 0.178088 -0.935519
vn 0.865930 -0.000002 0.500165
vn 0.966781 0.205231 0.152366
vn -0.865930 0.000002 -0.500165
vn -0.966781 -0.205231 -0.152366
vn 0.866222 -0.000009 -0.499660
vn 0.583570 0.224400 -0.780443
vn -0.866222 0.000009 0.499660
vn -0.583570 -0.224400 0.780443
vn 0.000000 0.000000 1.000000
vn -0.305720 -0.174658 0.935965
vn 0.000000 0.000000 -1.000000
vn 0.305720 0.174658 -0.935965
vn 0.865930 0.000018 0.500165
vn 0.967654 0.201274 0.152102
vn -0.865930 -0.000018 -0.500165
vn -0.967654 -0.201274 -0.152102
vn 0.866213 -0.000011 -0.499674
vn 0.583897 0.220019 -0.781445
vn -0.866213 0.000011 0.499674
vn -0.583897 -0.220019 0.781445
vn 0.000000 0.000000 1.000000
vn -0.285644 -0.277040 0.917418
vn 0.000000 0.000000 -1.000000
vn 0.285644 0.277040 -0.917418
vn 0.865930 -0.000003 0.500165
vn 0.934348 0.317752 0.161330
vn -0.865930 0.000003 -0.500165
vn -0.934348 -0.317752 -0.161330
vn 0.866228 -0.000013 -0.499649
vn 0.568345 0.350111 -0.744585
vn -0.866228 0.000013 0.499649
vn -0.568345 -0.350111 0.744585
vn 0.000000 0.000000 1.000000
vn -0.302641 -0.191730 0.933621
vn 0.000000 0.000000 -1.000000
vn 0.302641 0.191730 -0.933621
vn 0.865922 -0.000012 0.500179
vn 0.963119 0.220857 0.153702
vn -0.865922 0.000012 -0.500179
vn -0.963119 -0.220857 -0.153702
vn 0.866236 -0.000007 -0.499635
vn 0.582116 0.241773 -0.776329
vn -0.866236 0.000007 0.499635
vn -0.582116 -0.241773 0.776329
vn 0.000000 0.000000 1.000000
vn -0.292225 -0.245559 0.924286
vn 0.000000 0.000000 -1.000000
vn 0.292225 0.245559 -0.924286
vn 0.865930 -0.000002 0.500165
vn 0.946148 0.282136 0.158755
vn -0.865930 0.000002 -0.500165
vn -0.946148 -0.282136 -0.158755
vn 0.866236 -0.000009 -0.499635
vn 0.574356 0.310263 -0.757531
vn -0.866236 0.000009 0.499635
vn -0.574356 -0.310263 0.757531
vn 0.000000 0.000000 1.000000
vn -0.308991 -0.155883 0.938203
vn 0.000000 0.000000 -1.000000
vn 0.308991 0.155883 -0.938203
vn 0.865930 0.000006 0.500165
vn 0.972189 0.179731 0.150150
vn -0.865930 -0.000006 -0.500165
vn -0.972189 -0.179731 -0.150150
vn 0.866222 -0.000008 -0.499660
vn 0.585591 0.196099 -0.786529
vn -0.866222 0.000008 0.499660
vn -0.585591 -0.196099 0.786529
vn 0.000000 0.000000 1.000000
vn -0.302602 -0.191882 0.933602
vn 0.000000 0.000000 -1.000000
vn 0.302602 0.191882 -0.933602
vn 0.865930 -0.000014 0.500165
vn 0.963075 0.221031 0.153724
vn -0.865930 0.000014 -0.500165
vn -0.963075 -0.221031 -0.153724
vn 0.866236 -0.000007 -0.499635
vn 0.582105 0.241970 -0.776276
vn -0.866236 0.000007 0.499635
vn -0.582105 -0.241970 0.776276
vn 0.000000 0.000000 1.000000
vn -0.296904 -0.221999 0.928743
vn 0.000000 0.000000 -1.000000
vn 0.296904 0.221999 -0.928743
vn 0.865930 -0.000002 0.500165
vn 0.954068 0.255404 0.156600
vn -0.865930 0.000002 -0.500165
vn -0.954068 -0.255404 -0.156600
vn 0.866213 -0.000014 -0.499674
vn 0.578097 0.280321 -0.766306
vn -0.866213 0.000014 0.499674
vn -0.578097 -0.280321 0.766306
vn 0.000000 0.000000 1.000000
vn -0.295441 -0.229575 0.927367
vn 0.000000 0.000000 -1.000000
vn 0.295441 0.229575 -0.927367
vn 0.865922 -0.000015 0.500179
vn 0.951609 0.263993 0.157313
vn -0.865922 0.000015 -0.500179
vn -0.951609 -0.263993 -0.157313
vn 0.866222 0.000014 -0.499660
vn 0.576998 0.289936 -0.763551
vn -0.866222 -0.000014 0.499660
vn -0.576998 -0.289936 0.763551
vn 0.000000 0.000000 1.000000
vn -0.294483 -0.234381 0.926469
vn 0.000000 0.000000 -1.000000
vn 0.294483 0.234381 -0.926469
vn 0.865930 -0.000002 0.500165
vn 0.950005 0.269449 0.157759
vn -0.865930 0.000002 -0.500165
vn -0.950005 -0.269449 -0.157759
vn 0.866213 0.000012 -0.499674
vn 0.576206 0.296052 -0.761801
vn -0.866213 -0.000012 0.499674
vn -0.576206 -0.296052 0.761801
vn 0.000000 0.000000 1.000000
vn -0.299836 -0.206783 0.931310
vn 0.000000 0.000000 -1.000000
vn 0.299836 0.206783 -0.931310
vn 0.865922 -0.000013 0.500179
vn 0.958777 0.238027 0.155211
vn -0.865922 0.000013 -0.500179
vn -0.958777 -0.238027 -0.155211
vn 0.866222 0.000012 -0.499660
vn 0.580274 0.260936 -0.771488
vn -0.866222 -0.000012 0.499660
vn -0.580274 -0.260936 0.771488
vn 0.000000 0.000000 1.000000
vn -0.308106 -0.161100 0.937613
vn 0.000000 0.000000 -1.000000
vn 0.308106 0.161100 -0.937613
vn 0.865930 0.000016 0.500165
vn 0.970978 0.185718 0.150697
vn -0.865930 -0.000016 -0.500165
vn -0.970978 -0.185718 -0.150697
vn 0.866222 -0.000008 -0.499660
vn 0.585160 0.202739 -0.785165
vn -0.866222 0.000008 0.499660
vn -0.585160 -0.202739 0.785165
vn 0.000000 0.000000 1.000000
vn -0.307572 -0.164115 0.937265
vn 0.000000 0.000000 -1.000000
vn 0.307572 0.164115 -0.937265
vn 0.865930 -0.000001 0.500165
vn 0.970265 0.189176 0.150991
vn -0.865930 0.000001 -0.500165
vn -0.970265 -0.189176 -0.150991
vn 0.866236 -0.000006 -0.499635
vn 0.584912 0.206592 -0.784346
vn -0.866236 0.000006 0.499635
vn -0.584912 -0.206592 0.784346
vn 0.000000 0.000000 1.000000
vn -0.306201 -0.171993 0.936301
vn 0.000000 0.000000 -1.000000
vn 0.306201 0.171993 -0.936301
vn 0.865930 -0.000001 0.500165
vn 0.968338 0.198242 0.151731
vn -0.865930 0.000001 -0.500165
vn -0.968338 -0.198242 -0.151731
vn 0.866228 -0.000008 -0.499649
vn 0.584158 0.216627 -0.782197
vn -0.866228 0.000008 0.499649
vn -0.584158 -0.216627 0.782197
vn 0.000000 0.000000 1.000000
vn -0.300178 -0.204935 0.931609
vn 0.000000 0.000000 -1.000000
vn 0.300178 0.204935 -0.931609
vn 0.865930 0.000008 0.500165
vn 0.959320 0.235921 0.155070
vn -0.865930 -0.000008 -0.500165
vn -0.959320 -0.235921 -0.155070
vn 0.866222 -0.000011 -0.499660
vn 0.580493 0.258590 -0.772114
vn -0.866222 0.000011 0.499660
vn -0.580493 -0.258590 0.772114
vn 0.000000 0.000000 1.000000
vn -0.296708 -0.223069 0.928550
vn 0.000000 0.000000 -1.000000
vn 0.296708 0.223069 -0.928550
vn 0.865930 -0.000002 0.500165
vn 0.953728 0.256585 0.156740
vn -0.865930 0.000002 -0.500165
vn -0.953728 -0.256585 -0.156740
vn 0.866228 -0.000010 -0.499649
vn 0.577958 0.281672 -0.765915
vn -0.866228 0.000010 0.499649
vn -0.577958 -0.281672 0.765915
vn 0.000000 0.000000 1.000000
vn -0.303619 -0.186359 0.934390
vn 0.000000 0.000000 -1.000000
vn 0.303619 0.186359 -0.934390
vn 0.865930 -0.000002 0.500165
vn 0.964591 0.214705 0.153185
vn -0.865930 0.000002 -0.500165
vn -0.964591 -0.214705 -0.153185
vn 0.866228 -0.000009 -0.499649
vn 0.582688 0.234935 -0.777997
vn -0.866228 0.000009 0.499649
vn -0.582688 -0.234935 0.777997
vn 0.000000 0.000000 1.000000
vn -0.286596 -0.272653 0.918435
vn 0.000000 0.000000 -1.000000
vn 0.286596 0.272653 -0.918435
vn 0.865922 -0.000018 0.500179
vn 0.936078 0.312808 0.160963
vn -0.865922 0.000018 -0.500179
vn -0.936078 -0.312808 -0.160963
vn 0.866236 -0.000010 -0.499635
vn 0.569247 0.344579 -0.746474
vn -0.866236 0.000010 0.499635
vn -0.569247 -0.344579 0.746474
vn 0.000000 0.000000 1.000000
vn -0.308857 -0.156715 0.938108
vn 0.000000 0.000000 -1.000000
vn 0.308857 0.156715 -0.938108
vn 0.865930 -0.000001 0.500165
vn 0.972008 0.180704 0.150152
vn -0.865930 0.000001 -0.500165
vn -0.972008 -0.180704 -0.150152
vn 0.866236 -0.000006 -0.499635
vn 0.585506 0.197174 -0.786324
vn -0.866236 0.000006 0.499635
vn -0.585506 -0.197174 0.786324
vn 0.000000 0.000000 1.000000
vn -0.292809 -0.242691 0.924859
vn 0.000000 0.000000 -1.000000
vn 0.292809 0.242691 -0.924859
vn 0.865922 -0.000016 0.500179
vn 0.947154 0.278883 0.158502
vn -0.865922 0.000016 -0.500179
vn -0.947154 -0.278883 -0.158502
vn 0.866222 0.000015 -0.499660
vn 0.574846 0.306621 -0.758641
vn -0.866222 -0.000015 0.499660
vn -0.574846 -0.306621 0.758641
vn 0.000000 0.000000 1.000000
vn -0.293175 -0.240872 0.925218
vn 0.000000 0.000000 -1.000000
vn 0.293175 0.240872 -0.925218
vn 0.865930 -0.000002 0.500165
vn 0.947784 0.276859 0.158289
vn -0.865930 0.000002 -0.500165
vn -0.947784 -0.276859 -0.158289
vn 0.866228 -0.000011 -0.499649
vn 0.575124 0.304315 -0.759358
vn -0.866228 0.000011 0.499649
vn -0.575124 -0.304315 0.759358
vn 0.000000 0.000000 1.000000
vn -0.307160 -0.166442 0.936990
vn 0.000000 0.000000 -1.000000
vn 0.307160 0.166442 -0.936990
vn 0.865916 0.000001 0.500190
vn 0.969696 0.191850 0.151271
vn -0.865916 -0.000001 -0.500190
vn -0.969696 -0.191850 -0.151271
vn 0.866222 0.000010 -0.499660
vn 0.584734 0.209544 -0.783695
vn -0.866222 -0.000010 0.499660
vn -0.584734 -0.209544 0.783695
vn 0.000000 0.000000 1.000000
vn -0.307661 -0.163684 0.937311
vn 0.000000 0.000000 -1.000000
vn 0.307661 0.163684 -0.937311
vn 0.865930 -0.000001 0.500165
vn 0.970371 0.188680 0.150930
vn -0.865930 0.000001 -0.500165
vn -0.970371 -0.188680 -0.150930
vn 0.866213 0.000008 -0.499674
vn 0.584929 0.206030 -0.784480
vn -0.866213 -0.000008 0.499674
vn -0.584929 -0.206030 0.784480
vn 0.000000 0.000000 1.000000
vn -0.307253 -0.165956 0.937045
vn 0.000000 0.000000 -1.000000
vn 0.307253 0.165956 -0.937045
vn 0.865930 -0.000001 0.500165
vn 0.969821 0.191289 0.151178
vn -0.865930 0.000001 -0.500165
vn -0.969821 -0.191289 -0.151178
vn 0.866222 0.000010 -0.499660
vn 0.584748 0.208937 -0.783846
vn -0.866222 -0.000010 0.499660
vn -0.584748 -0.208937 0.783846
vn 0.000000 0.000000 1.000000
vn -0.288392 -0.264095 0.920372
vn 0.000000 0.000000 -1.000000
vn 0.288392 0.264095 -0.920372
vn 0.865930 0.000011 0.500165
vn 0.939364 0.303123 0.160349
vn -0.865930 -0.000011 -0.500165
vn -0.939364 -0.303123 -0.160349
vn 0.866222 -0.000015 -0.499660
vn 0.570964 0.333738 -0.750079
vn -0.866222 0.000015 0.499660
vn -0.570964 -0.333738 0.750079
vn 0.000000 0.000000 1.000000
vn -0.306008 -0.173024 0.936174
vn 0.000000 0.000000 -1.000000
vn 0.306008 0.173024 -0.936174
vn 0.865922 -0.000011 0.500179
vn 0.968077 0.199430 0.151840
vn -0.865922 0.000011 -0.500179
vn -0.968077 -0.199430 -0.151840
vn 0.866236 -0.000006 -0.499635
vn 0.584101 0.217938 -0.781875
vn -0.866236 0.000006 0.499635
vn -0.584101 -0.217938 0.781875
vn 0.000000 0.000000 1.000000
vn -0.299969 -0.206123 0.931414
vn 0.000000 0.000000 -1.000000
vn 0.299969 0.206123 -0.931414
vn 0.865930 -0.000015 0.500165
vn 0.958977 0.237305 0.155077
vn -0.865930 0.000015 -0.500165
vn -0.958977 -0.237305 -0.155077
vn 0.866236 -0.000007 -0.499635
vn 0.580338 0.260104 -0.771721
vn -0.866236 0.000007 0.499635
vn -0.580338 -0.260104 0.771721
vn 0.000000 0.000000 1.000000
vn -0.308213 -0.160390 0.937699
vn 0.000000 0.000000 -1.000000
vn 0.308213 0.160390 -0.937699
vn 0.865930 0.000016 0.500165
vn 0.971143 0.184903 0.150640
vn -0.865930 -0.000016 -0.500165
vn -0.971143 -0.184903 -0.150640
vn 0.866222 -0.000008 -0.499660
vn 0.585228 0.201839 -0.785346
vn -0.866222 0.000008 0.499660
vn -0.585228 -0.201839 0.785346
vn 0.000000 0.000000 1.000000
vn -0.308148 -0.160826 0.937646
vn 0.000000 0.000000 -1.000000
vn 0.308148 0.160826 -0.937646
vn 0.865916 0.000001 0.500190
vn 0.971042 0.185403 0.150674
vn -0.865916 -0.000001 -0.500190
vn -0.971042 -0.185403 -0.150674
vn 0.866213 0.000008 -0.499674
vn 0.585177 0.202392 -0.785242
vn -0.866213 -0.000008 0.499674
vn -0.585177 -0.202392 0.785242
vn 0.000000 0.000000 1.000000
vn -0.305837 -0.174007 0.936048
vn 0.000000 0.000000 -1.000000
vn 0.305837 0.174007 -0.936048
vn 0.865930 -0.000001 0.500165
vn 0.967825 0.200524 0.152002
vn -0.865930 0.000001 -0.500165
vn -0.967825 -0.200524 -0.152002
vn 0.866222 0.000010 -0.499660
vn 0.583999 0.219194 -0.781601
vn -0.866222 -0.000010 0.499660
vn -0.583999 -0.219194 0.781601
vn 0.000000 0.000000 1.000000
vn -0.309464 -0.153137 0.938499
vn 0.000000 0.000000 -1.000000
vn 0.309464 0.153137 -0.938499
vn 0.865922 0.000007 0.500179
vn 0.972812 0.176576 0.149861
vn -0.865922 -0.000007 -0.500179
vn -0.972812 -0.176576 -0.149861
vn 0.866222 -0.000008 -0.499660
vn 0.585801 0.192602 -0.787236
vn -0.866222 0.000008 0.499660
vn -0.585801 -0.192602 0.787236
vn 0.000000 0.000000 1.000000
vn -0.286624 -0.272497 0.918473
vn 0.000000 0.000000 -1.000000
vn 0.286624 0.272497 -0.918473
vn 0.865907 -0.000013 0.500204
vn 0.936135 0.312596 0.161042
vn -0.865907 0.000013 -0.500204
vn -0.936135 -0.312596 -0.161042
vn 0.866222 0.000017 -0.499660
vn 0.569300 0.344369 -0.746530
vn -0.866222 -0.000017 0.499660
vn -0.569300 -0.344369 0.746530
vn 0.000000 0.000000 1.000000
vn -0.301227 -0.199380 0.932475
vn 0.000000 0.000000 -1.000000
vn 0.301227 0.199380 -0.932475
vn 0.865922 -0.000013 0.500179
vn 0.960952 0.229604 0.154444
vn -0.865922 0.000013 -0.500179
vn -0.960952 -0.229604 -0.154444
vn 0.866236 -0.000007 -0.499635
vn 0.581200 0.251518 -0.773916
vn -0.866236 0.000007 0.499635
vn -0.581200 -0.251518 0.773916
vn 0.000000 0.000000 1.000000
vn -0.294918 -0.232162 0.926890
vn 0.000000 0.000000 -1.000000
vn 0.294918 0.232162 -0.926890
vn 0.865930 -0.000002 0.500165
vn 0.950748 0.266928 0.157567
vn -0.865930 0.000002 -0.500165
vn -0.950748 -0.266928 -0.157567
vn 0.866213 0.000012 -0.499674
vn 0.576563 0.293235 -0.762620
vn -0.866213 -0.000012 0.499674
vn -0.576563 -0.293235 0.762620
vn 0.000000 0.000000 1.000000
vn -0.307007 -0.167340 0.936880
vn 0.000000 0.000000 -1.000000
vn 0.307007 0.167340 -0.936880
vn 0.865930 -0.000012 0.500165
vn 0.969485 0.192881 0.151312
vn -0.865930 0.000012 -0.500165
vn -0.969485 -0.192881 -0.151312
vn 0.866222 0.000010 -0.499660
vn 0.584651 0.210688 -0.783450
vn -0.866222 -0.000010 0.499660
vn -0.584651 -0.210688 0.783450
vn 0.000000 0.000000 1.000000
vn -0.288983 -0.261231 0.921003
vn 0.000000 0.000000 -1.000000
vn 0.288983 0.261231 -0.921003
vn 0.865930 -0.000002 0.500165
vn 0.940443 0.299917 0.160049
vn -0.865930 0.000002 -0.500165
vn -0.940443 -0.299917 -0.160049
vn 0.866236 -0.000010 -0.499635
vn 0.571525 0.330127 -0.751249
vn -0.866236 0.000010 0.499635
vn -0.571525 -0.330127 0.751249
vn 0.000000 0.000000 1.000000
vn -0.284977 -0.280165 0.916676
vn 0.000000 0.000000 -1.000000
vn 0.284977 0.280165 -0.916676
vn 0.865930 -0.000022 0.500165
vn 0.933103 0.321277 0.161557
vn -0.865930 0.000022 -0.500165
vn -0.933103 -0.321277 -0.161557
vn 0.866236 -0.000011 -0.499635
vn 0.567723 0.354043 -0.743199
vn -0.866236 0.000011 0.499635
vn -0.567723 -0.354043 0.743199
vn 0.000000 0.000000 1.000000
vn -0.294539 -0.234111 0.926520
vn 0.000000 0.000000 -1.000000
vn 0.294539 0.234111 -0.926520
vn 0.865922 -0.000015 0.500179
vn 0.950096 0.269149 0.157724
vn -0.865922 0.000015 -0.500179
vn -0.950096 -0.269149 -0.157724
vn 0.866222 0.000014 -0.499660
vn 0.576283 0.295702 -0.761878
vn -0.866222 -0.000014 0.499660
vn -0.576283 -0.295702 0.761878
vn 0.000000 0.000000 1.000000
vn -0.307083 -0.166964 0.936922
vn 0.000000 0.000000 -1.000000
vn 0.307083 0.166964 -0.936922
vn 0.865930 -0.000001 0.500165
vn 0.969578 0.192445 0.151276
vn -0.865930 0.000001 -0.500165
vn -0.969578 -0.192445 -0.151276
vn 0.866222 0.000010 -0.499660
vn 0.584655 0.210219 -0.783573
vn -0.866222 -0.000010 0.499660
vn -0.584655 -0.210219 0.783573
vn 0.000000 0.000000 1.000000
vn -0.297280 -0.220125 0.929069
vn 0.000000 0.000000 -1.000000
vn 0.297280 0.220125 -0.929069
vn 0.865930 -0.000016 0.500165
vn 0.954669 0.253238 0.156455
vn -0.865930 0.000016 -0.500165
vn -0.954669 -0.253238 -0.156455
vn 0.866222 0.000013 -0.499660
vn 0.578427 0.277920 -0.766931
vn -0.866222 -0.000013 0.499660
vn -0.578427 -0.277920 0.766931
vn 0.000000 0.000000 1.000000
vn -0.293707 -0.238194 0.925743
vn 0.000000 0.000000 -1.000000
vn 0.293707 0.238194 -0.925743
vn 0.865930 0.000025 0.500165
vn 0.948700 0.273786 0.158146
vn -0.865930 -0.000025 -0.500165
vn -0.948700 -0.273786 -0.158146
vn 0.866222 -0.000013 -0.499660
vn 0.575576 0.300919 -0.760369
vn -0.866222 0.000013 0.499660
vn -0.575576 -0.300919 0.760369
vn 0.000000 0.000000 1.000000
vn -0.305938 -0.173407 0.936126
vn 0.000000 0.000000 -1.000000
vn 0.305938 0.173407 -0.936126
vn 0.865930 0.000018 0.500165
vn 0.967970 0.199840 0.151979
vn -0.865930 -0.000018 -0.500165
vn -0.967970 -0.199840 -0.151979
vn 0.866222 -0.000009 -0.499660
vn 0.584057 0.218421 -0.781773
vn -0.866222 0.000009 0.499660
vn -0.584057 -0.218421 0.781773
vn 0.000000 0.000000 1.000000
vn -0.302456 -0.192758 0.933469
vn 0.000000 0.000000 -1.000000
vn 0.302456 0.192758 -0.933469
vn 0.865922 0.000009 0.500179
vn 0.962825 0.222005 0.153887
vn -0.865922 -0.000009 -0.500179
vn -0.962825 -0.222005 -0.153887
vn 0.866222 -0.000010 -0.499660
vn 0.581986 0.243073 -0.776020
vn -0.866222 0.000010 0.499660
vn -0.581986 -0.243073 0.776020
vn 0.000000 0.000000 1.000000
vn -0.299517 -0.208469 0.931037
vn 0.000000 0.000000 -1.000000
vn 0.299517 0.208469 -0.931037
vn 0.865930 -0.000002 0.500165
vn 0.958272 0.239979 0.155324
vn -0.865930 0.000002 -0.500165
vn -0.958272 -0.239979 -0.155324
vn 0.866236 -0.000008 -0.499635
vn 0.580009 0.263111 -0.770949
vn -0.866236 0.000008 0.499635
vn -0.580009 -0.263111 0.770949
vn 0.000000 0.000000 1.000000
vn -0.302233 -0.193934 0.933298
vn 0.000000 0.000000 -1.000000
vn 0.302233 0.193934 -0.933298
vn 0.865930 -0.000002 0.500165
vn 0.962501 0.223341 0.153985
vn -0.865930 0.000002 -0.500165
vn -0.962501 -0.223341 -0.153985
vn 0.866222 0.000012 -0.499660
vn 0.581878 0.244570 -0.775631
vn -0.866222 -0.000012 0.499660
vn -0.581878 -0.244570 0.775631
vn 0.000000 0.000000 1.000000
vn -0.293111 -0.241255 0.925139
vn 0.000000 0.000000 -1.000000
vn 0.293111 0.241255 -0.925139
vn 0.865930 -0.000002 0.500165
vn 0.947654 0.277292 0.158308
vn -0.865930 0.000002 -0.500165
vn -0.947654 -0.277292 -0.158308
vn 0.866228 -0.000011 -0.499649
vn 0.575053 0.304796 -0.759219
vn -0.866228 0.000011 0.499649
vn -0.575053 -0.304796 0.759219
vn 0.000000 0.000000 1.000000
vn -0.294481 -0.234415 0.926461
vn 0.000000 0.000000 -1.000000
vn 0.294481 0.234415 -0.926461
vn 0.865930 -0.000002 0.500165
vn 0.949993 0.269526 0.157702
vn -0.865930 0.000002 -0.500165
vn -0.949993 -0.269526 -0.157702
vn 0.866236 -0.000009 -0.499635
vn 0.576214 0.296101 -0.761775
vn -0.866236 0.000009 0.499635
vn -0.576214 -0.296101 0.761775
vn 0.000000 0.000000 1.000000
vn -0.288587 -0.263225 0.920560
vn 0.000000 0.000000 -1.000000
vn 0.288587 0.263225 -0.920560
vn 0.865930 -0.000002 0.500165
vn 0.939702 0.302127 0.160246
vn -0.865930 0.000002 -0.500165
vn -0.939702 -0.302127 -0.160246
vn 0.866213 0.000014 -0.499674
vn 0.571117 0.332633 -0.750454
vn -0.866213 -0.000014 0.499674
vn -0.571117 -0.332633 0.750454
vn 0.000000 0.000000 1.000000
vn -0.288262 -0.264804 0.920209
vn 0.000000 0.000000 -1.000000
vn 0.288262 0.264804 -0.920209
vn 0.865922 -0.000018 0.500179
vn 0.939105 0.303917 0.160360
vn -0.865922 0.000018 -0.500179
vn -0.939105 -0.303917 -0.160360
vn 0.866222 0.000017 -0.499660
vn 0.570844 0.334620 -0.749778
vn -0.866222 -0.000017 0.499660
vn -0.570844 -0.334620 0.749778
vn 0.000000 0.000000 1.000000
vn -0.300472 -0.203437 0.931842
vn 0.000000 0.000000 -1.000000
vn 0.300472 0.203437 -0.931842
vn 0.865922 0.000010 0.500179
vn 0.959764 0.234210 0.154917
vn -0.865922 -0.000010 -0.500179
vn -0.959764 -0.234210 -0.154917
vn 0.866222 -0.000011 -0.499660
vn 0.580679 0.256677 -0.772612
vn -0.866222 0.000011 0.499660
vn -0.580679 -0.256677 0.772612
vn 0.000000 0.000000 1.000000
vn -0.293355 -0.239961 0.925398
vn 0.000000 0.000000 -1.000000
vn 0.293355 0.239961 -0.925398
vn 0.865930 -0.000002 0.500165
vn 0.948100 0.275786 0.158267
vn -0.865930 0.000002 -0.500165
vn -0.948100 -0.275786 -0.158267
vn 0.866222 0.000015 -0.499660
vn 0.575308 0.303157 -0.759682
vn -0.866222 -0.000015 0.499660
vn -0.575308 -0.303157 0.759682
vn 0.000000 0.000000 1.000000
vn -0.302258 -0.193852 0.933307
vn 0.000000 0.000000 -1.000000
vn 0.302258 0.193852 -0.933307
vn 0.865930 -0.000002 0.500165
vn 0.962525 0.223247 0.153966
vn -0.865930 0.000002 -0.500165
vn -0.962525 -0.223247 -0.153966
vn 0.866213 0.000010 -0.499674
vn 0.581847 0.244468 -0.775687
vn -0.866213 -0.000010 0.499674
vn -0.581847 -0.244468 0.775687
vn 0.000000 0.000000 1.000000
vn -0.295824 -0.227523 0.927751
vn 0.000000 0.000000 -1.000000
vn 0.295824 0.227523 -0.927751
vn 0.865930 -0.000002 0.500165
vn 0.952280 0.261654 0.157160
vn -0.865930 0.000002 -0.500165
vn -0.952280 -0.261654 -0.157160
vn 0.866236 -0.000008 -0.499635
vn 0.577302 0.287352 -0.764298
vn -0.866236 0.000008 0.499635
vn -0.577302 -0.287352 0.764298
vn 0.000000 0.000000 1.000000
vn -0.306271 -0.171616 0.936347
vn 0.000000 0.000000 -1.000000
vn 0.306271 0.171616 -0.936347
vn 0.865930 -0.000001 0.500165
vn 0.968429 0.197781 0.151747
vn -0.865930 0.000001 -0.500165
vn -0.968429 -0.197781 -0.151747
vn 0.866222 0.000010 -0.499660
vn 0.584246 0.216130 -0.782269
vn -0.866222 -0.000010 0.499660
vn -0.584246 -0.216130 0.782269
vn 0.000000 0.000000 1.000000
vn -0.288204 -0.264970 0.920179
vn 0.000000 0.000000 -1.000000
vn 0.288204 0.264970 -0.920179
vn 0.865930 0.000029 0.500165
vn 0.939031 0.304105 0.160441
vn -0.865930 -0.000029 -0.500165
vn -0.939031 -0.304105 -0.160441
vn 0.866222 -0.000015 -0.499660
vn 0.570772 0.334866 -0.749723
vn -0.866222 0.000015 0.499660
vn -0.570772 -0.334866 0.749723
vn 0.000000 0.000000 1.000000
vn -0.300431 -0.203598 0.931820
vn 0.000000 0.000000 -1.000000
vn 0.300431 0.203598 -0.931820
vn 0.865930 -0.000002 0.500165
vn 0.959721 0.234418 0.154866
vn -0.865930 0.000002 -0.500165
vn -0.959721 -0.234418 -0.154866
vn 0.866228 -0.000009 -0.499649
vn 0.580637 0.256900 -0.772569
vn -0.866228 0.000009 0.499649
vn -0.580637 -0.256900 0.772569
vn 0.000000 0.000000 1.000000
vn -0.308780 -0.157116 0.938067
vn 0.000000 0.000000 -1.000000
vn 0.308780 0.157116 -0.938067
vn 0.865930 0.000016 0.500165
vn 0.971905 0.181143 0.150294
vn -0.865930 -0.000016 -0.500165
vn -0.971905 -0.181143 -0.150294
vn 0.866222 -0.000008 -0.499660
vn 0.585470 0.197682 -0.786223
vn -0.866222 0.000008 0.499660
vn -0.585470 -0.197682 0.786223
vn 0.000000 0.000000 1.000000
vn -0.297528 -0.218865 0.929288
vn 0.000000 0.000000 -1.000000
vn 0.297528 0.218865 -0.929288
vn 0.865930 -0.000016 0.500165
vn 0.955068 0.251838 0.156280
vn -0.865930 0.000016 -0.500165
vn -0.955068 -0.251838 -0.156280
vn 0.866222 -0.000012 -0.499660
vn 0.578581 0.276320 -0.767392
vn -0.866222 0.000012 0.499660
vn -0.578581 -0.276320 0.767392
vn 0.000000 0.000000 1.000000
vn -0.306943 -0.167747 0.936828
vn 0.000000 0.000000 -1.000000
vn 0.306943 0.167747 -0.936828
vn 0.865930 -0.000001 0.500165
vn 0.969386 0.193343 0.151359
vn -0.865930 0.000001 -0.500165
vn -0.969386 -0.193343 -0.151359
vn 0.866213 0.000008 -0.499674
vn 0.584574 0.211208 -0.783368
vn -0.866213 -0.000008 0.499674
vn -0.584574 -0.211208 0.783368
vn 0.000000 0.000000 1.000000
vn -0.307623 -0.163824 0.937299
vn 0.000000 0.000000 -1.000000
vn 0.307623 0.163824 -0.937299
vn 0.865930 0.000017 0.500165
vn 0.970329 0.188846 0.150992
vn -0.865930 -0.000017 -0.500165
vn -0.970329 -0.188846 -0.150992
vn 0.866213 -0.000010 -0.499674
vn 0.584898 0.206216 -0.784455
vn -0.866213 0.000010 0.499674
vn -0.584898 -0.206216 0.784455
vn 0.000000 0.000000 1.000000
vn -0.296973 -0.221641 0.928807
vn 0.000000 0.000000 -1.000000
vn 0.296973 0.221641 -0.928807
vn 0.865930 -0.000002 0.500165
vn 0.954182 0.254960 0.156624
vn -0.865930 0.000002 -0.500165
vn -0.954182 -0.254960 -0.156624
vn 0.866213 0.000011 -0.499674
vn 0.578176 0.279861 -0.766414
vn -0.866213 -0.000011 0.499674
vn -0.578176 -0.279861 0.766414
vn 0.000000 0.000000 1.000000
vn -0.303677 -0.186023 0.934439
vn 0.000000 0.000000 -1.000000
vn 0.303677 0.186023 -0.934439
vn 0.865930 -0.000002 0.500165
vn 0.964679 0.214290 0.153212
vn -0.865930 0.000002 -0.500165
vn -0.964679 -0.214290 -0.153212
vn 0.866213 0.000009 -0.499674
vn 0.582745 0.234497 -0.778087
vn -0.866213 -0.000009 0.499674
vn -0.582745 -0.234497 0.778087
vn 0.000000 0.000000 1.000000
vn -0.307145 -0.166561 0.936973
vn 0.000000 0.000000 -1.000000
vn 0.307145 0.166561 -0.936973
vn 0.865922 0.000008 0.500179
vn 0.969668 0.191987 0.151276
vn -0.865922 -0.000008 -0.500179
vn -0.969668 -0.191987 -0.151276
vn 0.866222 -0.000009 -0.499660
vn 0.584669 0.209712 -0.783698
vn -0.866222 0.000009 0.499660
vn -0.584669 -0.209712 0.783698
vn 0.000000 0.000000 1.000000
vn -0.307242 -0.166010 0.937039
vn 0.000000 0.000000 -1.000000
vn 0.307242 0.166010 -0.937039
vn 0.865930 -0.000001 0.500165
vn 0.969808 0.191351 0.151186
vn -0.865930 0.000001 -0.500165
vn -0.969808 -0.191351 -0.151186
vn 0.866236 -0.000006 -0.499635
vn 0.584768 0.208992 -0.783816
vn -0.866236 0.000006 0.499635
vn -0.584768 -0.208992 0.783816
vn 0.000000 0.000000 1.000000
vn -0.305359 -0.176680 0.935703
vn 0.000000 0.000000 -1.000000
vn 0.305359 0.176680 -0.935703
vn 0.865922 0.000008 0.500179
vn 0.967136 0.203592 0.152308
vn -0.865922 -0.000008 -0.500179
vn -0.967136 -0.203592 -0.152308
vn 0.866222 -0.000009 -0.499660
vn 0.583710 0.222604 -0.780852
vn -0.866222 0.000009 0.499660
vn -0.583710 -0.222604 0.780852
vn 0.000000 0.000000 1.000000
vn -0.290427 -0.254323 0.922481
vn 0.000000 0.000000 -1.000000
vn 0.290427 0.254323 -0.922481
vn 0.865916 -0.000015 0.500190
vn 0.942997 0.292075 0.159528
vn -0.865916 0.000015 -0.500190
vn -0.942997 -0.292075 -0.159528
vn 0.866222 0.000016 -0.499660
vn 0.572825 0.321359 -0.754056
vn -0.866222 -0.000016 0.499660
vn -0.572825 -0.321359 0.754056
vn 0.000000 0.000000 1.000000
vn -0.301716 -0.196696 0.932887
vn 0.000000 0.000000 -1.000000
vn 0.301716 0.196696 -0.932887
vn 0.865930 -0.000014 0.500165
vn 0.961719 0.226504 0.154247
vn -0.865930 0.000014 -0.500165
vn -0.961719 -0.226504 -0.154247
vn 0.866236 -0.000007 -0.499635
vn 0.581552 0.248091 -0.774757
vn -0.866236 0.000007 0.499635
vn -0.581552 -0.248091 0.774757
vn 0.000000 0.000000 1.000000
vn -0.299469 -0.208749 0.930990
vn 0.000000 0.000000 -1.000000
vn 0.299469 0.208749 -0.930990
vn 0.865930 -0.000002 0.500165
vn 0.958188 0.240264 0.155400
vn -0.865930 0.000002 -0.500165
vn -0.958188 -0.240264 -0.155400
vn 0.866213 0.000010 -0.499674
vn 0.579976 0.263444 -0.770860
vn -0.866213 -0.000010 0.499674
vn -0.579976 -0.263444 0.770860
vn 0.000000 0.000000 1.000000
vn -0.307830 -0.162623 0.937440
vn 0.000000 0.000000 -1.000000
vn 0.307830 0.162623 -0.937440
vn 0.865930 0.000017 0.500165
vn 0.970616 0.187467 0.150869
vn -0.865930 -0.000017 -0.500165
vn -0.970616 -0.187467 -0.150869
vn 0.866222 0.000009 -0.499660
vn 0.585041 0.204692 -0.784747
vn -0.866222 -0.000009 0.499660
vn -0.585041 -0.204692 0.784747
vn 0.000000 0.000000 1.000000
vn -0.307653 -0.163673 0.937316
vn 0.000000 0.000000 -1.000000
vn 0.307653 0.163673 -0.937316
vn 0.865930 -0.000001 0.500165
vn 0.970376 0.188695 0.150882
vn -0.865930 0.000001 -0.500165
vn -0.970376 -0.188695 -0.150882
vn 0.866222 -0.000009 -0.499660
vn 0.584921 0.206031 -0.784487
vn -0.866222 0.000009 0.499660
vn -0.584921 -0.206031 0.784487
vn 0.000000 0.000000 1.000000
vn -0.293596 -0.238871 0.925604
vn 0.000000 0.000000 -1.000000
vn 0.293596 0.238871 -0.925604
vn 0.865930 -0.000002 0.500165
vn 0.948479 0.274548 0.158146
vn -0.865930 0.000002 -0.500165
vn -0.948479 -0.274548 -0.158146
vn 0.866213 0.000012 -0.499674
vn 0.575467 0.301752 -0.760121
vn -0.866213 -0.000012 0.499674
vn -0.575467 -0.301752 0.760121
vn 0.000000 0.000000 1.000000
vn -0.288694 -0.262627 0.920697
vn 0.000000 0.000000 -1.000000
vn 0.288694 0.262627 -0.920697
vn 0.865930 -0.000002 0.500165
vn 0.939924 0.301453 0.160217
vn -0.865930 0.000002 -0.500165
vn -0.939924 -0.301453 -0.160217
vn 0.866236 -0.000010 -0.499635
vn 0.571276 0.331877 -0.750667
vn -0.866236 0.000010 0.499635
vn -0.571276 -0.331877 0.750667
vn 0.000000 0.000000 1.000000
vn -0.294126 -0.236153 0.926133
vn 0.000000 0.000000 -1.000000
vn 0.294126 0.236153 -0.926133
vn 0.865922 0.000012 0.500179
vn 0.949398 0.271474 0.157944
vn -0.865922 -0.000012 -0.500179
vn -0.949398 -0.271474 -0.157944
vn 0.866222 -0.000013 -0.499660
vn 0.575929 0.298304 -0.761131
vn -0.866222 0.000013 0.499660
vn -0.575929 -0.298304 0.761131
vn 0.000000 0.000000 1.000000
vn -0.299290 -0.209633 0.930849
vn 0.000000 0.000000 -1.000000
vn 0.299290 0.209633 -0.930849
vn 0.865916 0.000002 0.500190
vn 0.957912 0.241278 0.155527
vn -0.865916 -0.000002 -0.500190
vn -0.957912 -0.241278 -0.155527
vn 0.866222 0.000013 -0.499660
vn 0.579874 0.264583 -0.770546
vn -0.866222 -0.000013 0.499660
vn -0.579874 -0.264583 0.770546
vn 0.000000 0.000000 1.000000
vn -0.285804 -0.276281 0.917597
vn 0.000000 0.000000 -1.000000
vn 0.285804 0.276281 -0.917597
vn 0.865930 -0.000003 0.500165
vn 0.934653 0.316855 0.161326
vn -0.865930 0.000003 -0.500165
vn -0.934653 -0.316855 -0.161326
vn 0.866222 0.000017 -0.499660
vn 0.568557 0.349131 -0.744883
vn -0.866222 -0.000017 0.499660
vn -0.568557 -0.349131 0.744883
vn 0.000000 0.000000 1.000000
vn -0.297248 -0.220260 0.929047
vn 0.000000 0.000000 -1.000000
vn 0.297248 0.220260 -0.929047
vn 0.865930 -0.000002 0.500165
vn 0.954623 0.253388 0.156489
vn -0.865930 0.000002 -0.500165
vn -0.954623 -0.253388 -0.156489
vn 0.866213 0.000011 -0.499674
vn 0.578375 0.278101 -0.766904
vn -0.866213 -0.000011 0.499674
vn -0.578375 -0.278101 0.766904
vn 0.000000 0.000000 1.000000
vn -0.301750 -0.196472 0.932923
vn 0.000000 0.000000 -1.000000
vn 0.301750 0.196472 -0.932923
vn 0.865930 -0.000002 0.500165
vn 0.961780 0.226243 0.154248
vn -0.865930 0.000002 -0.500165
vn -0.961780 -0.226243 -0.154248
vn 0.866222 0.000012 -0.499660
vn 0.581583 0.247808 -0.774824
vn -0.866222 -0.000012 0.499660
vn -0.581583 -0.247808 0.774824
vn 0.000000 0.000000 1.000000
vn -0.301706 -0.196729 0.932883
vn 0.000000 0.000000 -1.000000
vn 0.301706 0.196729 -0.932883
vn 0.865916 0.000002 0.500190
vn 0.961702 0.226542 0.154301
vn -0.865916 -0.000002 -0.500190
vn -0.961702 -0.226542 -0.154301
vn 0.866213 0.000010 -0.499674
vn 0.581514 0.248140 -0.774769
vn -0.866213 -0.000010 0.499674
vn -0.581514 -0.248140 0.774769
vn 0.000000 0.000000 1.000000
vn -0.307264 -0.165902 0.937051
vn 0.000000 0.000000 -1.000000
vn 0.307264 0.165902 -0.937051
vn 0.865922 -0.000010 0.500179
vn 0.969839 0.191259 0.151105
vn -0.865922 0.000010 -0.500179
vn -0.969839 -0.191259 -0.151105
vn 0.866222 -0.000009 -0.499660
vn 0.584749 0.208858 -0.783866
vn -0.866222 0.000009 0.499660
vn -0.584749 -0.208858 0.783866
vn 0.000000 0.000000 1.000000
vn -0.296263 -0.225339 0.928143
vn 0.000000 0.000000 -1.000000
vn 0.296263 0.225339 -0.928143
vn 0.865930 -0.000002 0.500165
vn 0.952994 0.259205 0.156894
vn -0.865930 0.000002 -0.500165
vn -0.952994 -0.259205 -0.156894
vn 0.866222 -0.000012 -0.499660
vn 0.577627 0.284558 -0.765097
vn -0.866222 0.000012 0.499660
vn -0.577627 -0.284558 0.765097
vn 0.000000 0.000000 1.000000
vn -0.305199 -0.177595 0.935582
vn 0.000000 0.000000 -1.000000
vn 0.305199 0.177595 -0.935582
vn 0.865930 0.000018 0.500165
vn 0.966901 0.204641 0.152396
vn -0.865930 -0.000018 -0.500165
vn -0.966901 -0.204641 -0.152396
vn 0.866222 -0.000009 -0.499660
vn 0.583615 0.223769 -0.780590
vn -0.866222 0.000009 0.499660
vn -0.583615 -0.223769 0.780590
vn 0.000000 0.000000 1.000000
vn -0.288686 -0.262742 0.920667
vn 0.000000 0.000000 -1.000000
vn 0.288686 0.262742 -0.920667
vn 0.865930 -0.000002 0.500165
vn 0.939884 0.301582 0.160209
vn -0.865930 0.000002 -0.500165
vn -0.939884 -0.301582 -0.160209
vn 0.866222 0.000016 -0.499660
vn 0.571221 0.332035 -0.750640
vn -0.866222 -0.000016 0.499660
vn -0.571221 -0.332035 0.750640
vn 0.000000 0.000000 1.000000
vn -0.306971 -0.167600 0.936845
vn 0.000000 0.000000 -1.000000
vn 0.306971 0.167600 -0.936845
vn 0.865916 0.000001 0.500190
vn 0.969416 0.193179 0.151373
vn -0.865916 -0.000001 -0.500190
vn -0.969416 -0.193179 -0.151373
vn 0.866213 0.000008 -0.499674
vn 0.584586 0.211021 -0.783409
vn -0.866213 -0.000008 0.499674
vn -0.584586 -0.211021 0.783409
vn 0.000000 0.000000 1.000000
vn -0.309154 -0.154930 0.938307
vn 0.000000 0.000000 -1.000000
vn 0.309154 0.154930 -0.938307
vn 0.865930 0.000006 0.500165
vn 0.972407 0.178635 0.150050
vn -0.865930 -0.000006 -0.500165
vn -0.972407 -0.178635 -0.150050
vn 0.866222 -0.000008 -0.499660
vn 0.585666 0.194885 -0.786775
vn -0.866222 0.000008 0.499660
vn -0.585666 -0.194885 0.786775
vn 0.000000 0.000000 1.000000
vn -0.300805 -0.201612 0.932132
vn 0.000000 0.000000 -1.000000
vn 0.300805 0.201612 -0.932132
vn 0.865930 -0.000002 0.500165
vn 0.960302 0.232116 0.154730
vn -0.865930 0.000002 -0.500165
vn -0.960302 -0.232116 -0.154730
vn 0.866222 0.000012 -0.499660
vn 0.580918 0.254367 -0.773196
vn -0.866222 -0.000012 0.499660
vn -0.580918 -0.254367 0.773196
vn 0.000000 0.000000 1.000000
vn -0.300648 -0.202480 0.931994
vn 0.000000 0.000000 -1.000000
vn 0.300648 0.202480 -0.931994
vn 0.865930 -0.000002 0.500165
vn 0.960050 0.233108 0.154807
vn -0.865930 0.000002 -0.500165
vn -0.960050 -0.233108 -0.154807
vn 0.866222 0.000012 -0.499660
vn 0.580829 0.255456 -0.772903
vn -0.866222 -0.000012 0.499660
vn -0.580829 -0.255456 0.772903
vn 0.000000 0.000000 1.000000
vn -0.297289 -0.220022 0.929091
vn 0.000000 0.000000 -1.000000
vn 0.297289 0.220022 -0.929091
vn 0.865930 -0.000002 0.500165
vn 0.954698 0.253152 0.156418
vn -0.865930 0.000002 -0.500165
vn -0.954698 -0.253152 -0.156418
vn 0.866228 -0.000010 -0.499649
vn 0.578394 0.277813 -0.766994
vn -0.866228 0.000010 0.499649
vn -0.578394 -0.277813 0.766994
vn 0.000000 0.000000 1.000000
vn -0.285077 -0.279670 0.916796
vn 0.000000 0.000000 -1.000000
vn 0.285077 0.279670 -0.916796
vn 0.865930 -0.000003 0.500165
vn 0.933305 0.320671 0.161594
vn -0.865930 0.000003 -0.500165
vn -0.933305 -0.320671 -0.161594
vn 0.866236 -0.000011 -0.499635
vn 0.567850 0.353407 -0.743405
vn -0.866236 0.000011 0.499635
vn -0.567850 -0.353407 0.743405
vn 0.000000 0.000000 1.000000
vn -0.301061 -0.200299 0.932332
vn 0.000000 0.000000 -1.000000
vn 0.301061 0.200299 -0.932332
vn 0.865930 -0.000002 0.500165
vn 0.960686 0.230616 0.154592
vn -0.865930 0.000002 -0.500165
vn -0.960686 -0.230616 -0.154592
vn 0.866222 0.000012 -0.499660
vn 0.581101 0.252675 -0.773613
vn -0.866222 -0.000012 0.499660
vn -0.581101 -0.252675 0.773613
vn 0.000000 0.000000 1.000000
vn -0.302191 -0.194185 0.933259
vn 0.000000 0.000000 -1.000000
vn 0.302191 0.194185 -0.933259
vn 0.865922 -0.000012 0.500179
vn 0.962431 0.223629 0.154005
vn -0.865922 0.000012 -0.500179
vn -0.962431 -0.223629 -0.154005
vn 0.866222 0.000012 -0.499660
vn 0.581822 0.244904 -0.775568
vn -0.866222 -0.000012 0.499660
vn -0.581822 -0.244904 0.775568
vn 0.000000 0.000000 1.000000
vn -0.303198 -0.188703 0.934057
vn 0.000000 0.000000 -1.000000
vn 0.303198 0.188703 -0.934057
vn 0.865930 -0.000002 0.500165
vn 0.963952 0.217357 0.153467
vn -0.865930 0.000002 -0.500165
vn -0.963952 -0.217357 -0.153467
vn 0.866213 0.000009 -0.499674
vn 0.582442 0.237909 -0.777277
vn -0.866213 -0.000009 0.499674
vn -0.582442 -0.237909 0.777277
vn 0.000000 0.000000 1.000000
vn -0.305814 -0.174099 0.936038
vn 0.000000 0.000000 -1.000000
vn 0.305814 0.174099 -0.936038
vn 0.865930 -0.000001 0.500165
vn 0.967804 0.200659 0.151962
vn -0.865930 0.000001 -0.500165
vn -0.967804 -0.200659 -0.151962
vn 0.866222 -0.000009 -0.499660
vn 0.583966 0.219317 -0.781590
vn -0.866222 0.000009 0.499660
vn -0.583966 -0.219317 0.781590
vn 0.000000 0.000000 1.000000
vn -0.296334 -0.225024 0.928197
vn 0.000000 0.000000 -1.000000
vn 0.296334 0.225024 -0.928197
vn 0.865916 0.000002 0.500190
vn 0.953092 0.258814 0.156942
vn -0.865916 -0.000002 -0.500190
vn -0.953092 -0.258814 -0.156942
vn 0.866213 0.000011 -0.499674
vn 0.577661 0.284155 -0.765221
vn -0.866213 -0.000011 0.499674
vn -0.577661 -0.284155 0.765221
vn 0.000000 0.000000 1.000000
vn -0.302515 -0.192430 0.933518
vn 0.000000 0.000000 -1.000000
vn 0.302515 0.192430 -0.933518
vn 0.865930 -0.000002 0.500165
vn 0.962922 0.221621 0.153833
vn -0.865930 0.000002 -0.500165
vn -0.962922 -0.221621 -0.153833
vn 0.866213 0.000010 -0.499674
vn 0.582016 0.242657 -0.776128
vn -0.866213 -0.000010 0.499674
vn -0.582016 -0.242657 0.776128
vn 0.000000 0.000000 1.000000
vn -0.299351 -0.209359 0.930891
vn 0.000000 0.000000 -1.000000
vn 0.299351 0.209359 -0.930891
vn 0.865922 -0.000013 0.500179
vn 0.958003 0.240960 0.155460
vn -0.865922 0.000013 -0.500179
vn -0.958003 -0.240960 -0.155460
vn 0.866222 0.000013 -0.499660
vn 0.579906 0.264231 -0.770643
vn -0.866222 -0.000013 0.499660
vn -0.579906 -0.264231 0.770643
vn 0.000000 0.000000 1.000000
vn -0.306891 -0.168046 0.936792
vn 0.000000 0.000000 -1.000000
vn 0.306891 0.168046 -0.936792
vn 0.865930 -0.000012 0.500165
vn 0.969314 0.193690 0.151376
vn -0.865930 0.000012 -0.500165
vn -0.969314 -0.193690 -0.151376
vn 0.866222 0.000010 -0.499660
vn 0.584582 0.211584 -0.783260
vn -0.866222 -0.000010 0.499660
vn -0.584582 -0.211584 0.783260
vn 0.000000 0.000000 1.000000
vn -0.291476 -0.249309 0.923519
vn 0.000000 0.000000 -1.000000
vn 0.291476 0.249309 -0.923519
vn 0.865930 -0.000002 0.500165
vn 0.944816 0.286424 0.159007
vn -0.865930 0.000002 -0.500165
vn -0.944816 -0.286424 -0.159007
vn 0.866213 -0.000016 -0.499674
vn 0.573655 0.315007 -0.756103
vn -0.866213 0.000016 0.499674
vn -0.573655 -0.315007 0.756103
vn 0.000000 0.000000 1.000000
vn -0.293546 -0.239067 0.925569
vn 0.000000 0.000000 -1.000000
vn 0.293546 0.239067 -0.925569
vn 0.865930 0.000026 0.500165
vn 0.948403 0.274776 0.158207
vn -0.865930 -0.000026 -0.500165
vn -0.948403 -0.274776 -0.158207
vn 0.866222 0.000015 -0.499660
vn 0.575475 0.301999 -0.760017
vn -0.866222 -0.000015 0.499660
vn -0.575475 -0.301999 0.760017
vn 0.000000 0.000000 1.000000
vn -0.309455 -0.153148 0.938501
vn 0.000000 0.000000 -1.000000
vn 0.309455 0.153148 -0.938501
vn 0.865930 -0.000011 0.500165
vn 0.972815 0.176584 0.149833
vn -0.865930 0.000011 -0.500165
vn -0.972815 -0.176584 -0.149833
vn 0.866222 0.000009 -0.499660
vn 0.585831 0.192614 -0.787211
vn -0.866222 -0.000009 0.499660
vn -0.585831 -0.192614 0.787211
vn 0.000000 0.000000 1.000000
vn -0.303133 -0.189087 0.934000
vn 0.000000 0.000000 -1.000000
vn 0.303133 0.189087 -0.934000
vn 0.865930 0.000020 0.500165
vn 0.963842 0.217801 0.153530
vn -0.865930 -0.000020 -0.500165
vn -0.963842 -0.217801 -0.153530
vn 0.866222 -0.000010 -0.499660
vn 0.582405 0.238395 -0.777156
vn -0.866222 0.000010 0.499660
vn -0.582405 -0.238395 0.777156
vn 0.000000 0.000000 1.000000
vn -0.305282 -0.177187 0.935632
vn 0.000000 0.000000 -1.000000
vn 0.305282 0.177187 -0.935632
vn 0.865930 0.000018 0.500165
vn 0.967008 0.204172 0.152344
vn -0.865930 -0.000018 -0.500165
vn -0.967008 -0.204172 -0.152344
vn 0.866213 -0.000011 -0.499674
vn 0.583640 0.223237 -0.780724
vn -0.866213 0.000011 0.499674
vn -0.583640 -0.223237 0.780724
vn 0.000000 0.000000 1.000000
vn -0.293723 -0.238169 0.925744
vn 0.000000 0.000000 -1.000000
vn 0.293723 0.238169 -0.925744
vn 0.865930 -0.000002 0.500165
vn 0.948717 0.273751 0.158100
vn -0.865930 0.000002 -0.500165
vn -0.948717 -0.273751 -0.158100
vn 0.866213 0.000012 -0.499674
vn 0.575590 0.300866 -0.760378
vn -0.866213 -0.000012 0.499674
vn -0.575590 -0.300866 0.760378
vn 0.000000 0.000000 1.000000
vn -0.290142 -0.255813 0.922159
vn 0.000000 0.000000 -1.000000
vn 0.290142 0.255813 -0.922159
vn 0.865916 0.000002 0.500190
vn 0.942456 0.293753 0.159644
vn -0.865916 -0.000002 -0.500190
vn -0.942456 -0.293753 -0.159644
vn 0.866222 0.000016 -0.499660
vn 0.572516 0.323256 -0.753480
vn -0.866222 -0.000016 0.499660
vn -0.572516 -0.323256 0.753480
vn 0.000000 0.000000 1.000000
vn -0.308553 -0.158455 0.937916
vn 0.000000 0.000000 -1.000000
vn 0.308553 0.158455 -0.937916
vn 0.865922 -0.000010 0.500179
vn 0.971605 0.182704 0.150342
vn -0.865922 0.000010 -0.500179
vn -0.971605 -0.182704 -0.150342
vn 0.866236 -0.000006 -0.499635
vn 0.585369 0.199392 -0.785866
vn -0.866236 0.000006 0.499635
vn -0.585369 -0.199392 0.785866
vn 0.000000 0.000000 1.000000
vn -0.302591 -0.191961 0.933590
vn 0.000000 0.000000 -1.000000
vn 0.302591 0.191961 -0.933590
vn 0.865930 -0.000002 0.500165
vn 0.963051 0.221085 0.153798
vn -0.865930 0.000002 -0.500165
vn -0.963051 -0.221085 -0.153798
vn 0.866213 0.000010 -0.499674
vn 0.582076 0.242064 -0.776268
vn -0.866213 -0.000010 0.499674
vn -0.582076 -0.242064 0.776268
vn 0.000000 0.000000 1.000000
vn -0.302678 -0.191564 0.933643
vn 0.000000 0.000000 -1.000000
vn 0.302678 0.191564 -0.933643
vn 0.865930 -0.000002 0.500165
vn 0.963164 0.220630 0.153744
vn -0.865930 0.000002 -0.500165
vn -0.963164 -0.220630 -0.153744
vn 0.866222 0.000011 -0.499660
vn 0.582126 0.241562 -0.776388
vn -0.866222 -0.000011 0.499660
vn -0.582126 -0.241562 0.776388
vn 0.000000 0.000000 1.000000
vn -0.287307 -0.269331 0.919193
vn 0.000000 0.000000 -1.000000
vn 0.287307 0.269331 -0.919193
vn 0.865930 0.000029 0.500165
vn 0.937366 0.309025 0.160772
vn -0.865930 -0.000029 -0.500165
vn -0.937366 -0.309025 -0.160772
vn 0.866213 -0.000018 -0.499674
vn 0.569893 0.340357 -0.747916
vn -0.866213 0.000018 0.499674
vn -0.569893 -0.340357 0.747916
vn 0.000000 0.000000 1.000000
vn -0.296808 -0.222528 0.928648
vn 0.000000 0.000000 -1.000000
vn 0.296808 0.222528 -0.928648
vn 0.865930 -0.000002 0.500165
vn 0.953900 0.255969 0.156697
vn -0.865930 0.000002 -0.500165
vn -0.953900 -0.255969 -0.156697
vn 0.866236 -0.000008 -0.499635
vn 0.578077 0.280979 -0.766080
vn -0.866236 0.000008 0.499635
vn -0.578077 -0.280979 0.766080
vn 0.000000 0.000000 1.000000
vn -0.286586 -0.272654 0.918438
vn 0.000000 0.000000 -1.000000
vn 0.286586 0.272654 -0.918438
vn 0.865930 0.000030 0.500165
vn 0.936073 0.312774 0.161059
vn -0.865930 -0.000030 -0.500165
vn -0.936073 -0.312774 -0.161059
vn 0.866213 -0.000018 -0.499674
vn 0.569234 0.344563 -0.746491
vn -0.866213 0.000018 0.499674
vn -0.569234 -0.344563 0.746491
vn 0.000000 0.000000 1.000000
vn -0.304092 -0.183700 0.934763
vn 0.000000 0.000000 -1.000000
vn 0.304092 0.183700 -0.934763
vn 0.865930 0.000019 0.500165
vn 0.965296 0.211634 0.153020
vn -0.865930 -0.000019 -0.500165
vn -0.965296 -0.211634 -0.153020
vn 0.866222 -0.000010 -0.499660
vn 0.583010 0.231537 -0.778775
vn -0.866222 0.000010 0.499660
vn -0.583010 -0.231537 0.778775
vn 0.000000 0.000000 1.000000
vn -0.309042 -0.155604 0.938233
vn 0.000000 0.000000 -1.000000
vn 0.309042 0.155604 -0.938233
vn 0.865930 -0.000001 0.500165
vn 0.972258 0.179403 0.150099
vn -0.865930 0.000001 -0.500165
vn -0.972258 -0.179403 -0.150099
vn 0.866222 0.000009 -0.499660
vn 0.585638 0.195740 -0.786584
vn -0.866222 -0.000009 0.499660
vn -0.585638 -0.195740 0.786584
vn 0.000000 0.000000 1.000000
vn -0.300480 -0.203366 0.931855
vn 0.000000 0.000000 -1.000000
vn 0.300480 0.203366 -0.931855
vn 0.865922 -0.000013 0.500179
vn 0.959789 0.234120 0.154894
vn -0.865922 0.000013 -0.500179
vn -0.959789 -0.234120 -0.154894
vn 0.866236 -0.000007 -0.499635
vn 0.580693 0.256600 -0.772626
vn -0.866236 0.000007 0.499635
vn -0.580693 -0.256600 0.772626
vn 0.000000 0.000000 1.000000
vn -0.301876 -0.195939 0.932995
vn 0.000000 0.000000 -1.000000
vn 0.301876 0.195939 -0.932995
vn 0.865922 -0.000013 0.500179
vn 0.961937 0.225638 0.154156
vn -0.865922 0.000013 -0.500179
vn -0.961937 -0.225638 -0.154156
vn 0.866236 -0.000007 -0.499635
vn 0.581632 0.247119 -0.775007
vn -0.866236 0.000007 0.499635
vn -0.581632 -0.247119 0.775007
vn 0.000000 0.000000 1.000000
vn -0.300003 -0.205869 0.931459
vn 0.000000 0.000000 -1.000000
vn 0.300003 0.205869 -0.931459
vn 0.865930 0.000022 0.500165
vn 0.959042 0.236982 0.155171
vn -0.865930 -0.000022 -0.500165
vn -0.959042 -0.236982 -0.155171
vn 0.866222 -0.000011 -0.499660
vn 0.580346 0.259794 -0.771820
vn -0.866222 0.000011 0.499660
vn -0.580346 -0.259794 0.771820
vn 0.000000 0.000000 1.000000
vn -0.294745 -0.232960 0.926744
vn 0.000000 0.000000 -1.000000
vn 0.294745 0.232960 -0.926744
vn 0.865930 -0.000002 0.500165
vn 0.950478 0.267836 0.157655
vn -0.865930 0.000002 -0.500165
vn -0.950478 -0.267836 -0.157655
vn 0.866228 -0.000011 -0.499649
vn 0.576444 0.294256 -0.762316
vn -0.866228 0.000011 0.499649
vn -0.576444 -0.294256 0.762316
vn 0.000000 0.000000 1.000000
vn -0.300278 -0.204412 0.931691
vn 0.000000 0.000000 -1.000000
vn 0.300278 0.204412 -0.931691
vn 0.865930 -0.000002 0.500165
vn 0.959480 0.235315 0.155000
vn -0.865930 0.000002 -0.500165
vn -0.959480 -0.235315 -0.155000
vn 0.866222 0.000012 -0.499660
vn 0.580562 0.257935 -0.772281
vn -0.866222 -0.000012 0.499660
vn -0.580562 -0.257935 0.772281
vn 0.000000 0.000000 1.000000
vn -0.307861 -0.162451 0.937460
vn 0.000000 0.000000 -1.000000
vn 0.307861 0.162451 -0.937460
vn 0.865930 0.000017 0.500165
vn 0.970657 0.187270 0.150849
vn -0.865930 -0.000017 -0.500165
vn -0.970657 -0.187270 -0.150849
vn 0.866213 -0.000010 -0.499674
vn 0.585016 0.204468 -0.784824
vn -0.866213 0.000010 0.499674
vn -0.585016 -0.204468 0.784824
vn 0.000000 0.000000 1.000000
vn -0.303509 -0.186976 0.934303
vn 0.000000 0.000000 -1.000000
vn 0.303509 0.186976 -0.934303
vn 0.865930 -0.000002 0.500165
vn 0.964424 0.215411 0.153244
vn -0.865930 0.000002 -0.500165
vn -0.964424 -0.215411 -0.153244
vn 0.866236 -0.000007 -0.499635
vn 0.582655 0.235714 -0.777787
vn -0.866236 0.000007 0.499635
vn -0.582655 -0.235714 0.777787
vn 0.000000 0.000000 1.000000
vn -0.307211 -0.166219 0.937013
vn 0.000000 0.000000 -1.000000
vn 0.307211 0.166219 -0.937013
vn 0.865930 -0.000001 0.500165
vn 0.969759 0.191590 0.151201
vn -0.865930 0.000001 -0.500165
vn -0.969759 -0.191590 -0.151201
vn 0.866222 0.000010 -0.499660
vn 0.584723 0.209270 -0.783777
vn -0.866222 -0.000010 0.499660
vn -0.584723 -0.209270 0.783777
vn 0.000000 0.000000 1.000000
vn -0.300321 -0.204153 0.931734
vn 0.000000 0.000000 -1.000000
vn 0.300321 0.204153 -0.931734
vn 0.865930 -0.000002 0.500165
vn 0.959556 0.235019 0.154982
vn -0.865930 0.000002 -0.500165
vn -0.959556 -0.235019 -0.154982
vn 0.866222 0.000012 -0.499660
vn 0.580623 0.257590 -0.772350
vn -0.866222 -0.000012 0.499660
vn -0.580623 -0.257590 0.772350
vn 0.000000 0.000000 1.000000
vn -0.307157 -0.166542 0.936973
vn 0.000000 0.000000 -1.000000
vn 0.307157 0.166542 -0.936973
vn 0.865922 -0.000010 0.500179
vn 0.969684 0.191993 0.151166
vn -0.865922 0.000010 -0.500179
vn -0.969684 -0.191993 -0.151166
vn 0.866236 -0.000006 -0.499635
vn 0.584699 0.209678 -0.783685
vn -0.866236 0.000006 0.499635
vn -0.584699 -0.209678 0.783685
vn 0.000000 0.000000 1.000000
vn -0.307816 -0.162721 0.937428
vn 0.000000 0.000000 -1.000000
vn 0.307816 0.162721 -0.937428
vn 0.865916 -0.000009 0.500190
vn 0.970594 0.187582 0.150862
vn -0.865916 0.000009 -0.500190
vn -0.970594 -0.187582 -0.150862
vn 0.866222 0.000009 -0.499660
vn 0.585055 0.204802 -0.784708
vn -0.866222 -0.000009 0.499660
vn -0.585055 -0.204802 0.784708
vn 0.000000 0.000000 1.000000
vn -0.305816 -0.174132 0.936031
vn 0.000000 0.000000 -1.000000
vn 0.305816 0.174132 -0.936031
vn 0.865916 -0.000010 0.500190
vn 0.967789 0.200674 0.152031
vn -0.865916 0.000010 -0.500190
vn -0.967789 -0.200674 -0.152031
vn 0.866222 0.000010 -0.499660
vn 0.584010 0.219338 -0.781552
vn -0.866222 -0.000010 0.499660
vn -0.584010 -0.219338 0.781552
vn 0.000000 0.000000 1.000000
vn -0.292062 -0.246421 0.924109
vn 0.000000 0.000000 -1.000000
vn 0.292062 0.246421 -0.924109
vn 0.865930 0.000026 0.500165
vn 0.945839 0.283118 0.158848
vn -0.865930 -0.000026 -0.500165
vn -0.945839 -0.283118 -0.158848
vn 0.866213 -0.000016 -0.499674
vn 0.574163 0.311345 -0.757233
vn -0.866213 0.000016 0.499674
vn -0.574163 -0.311345 0.757233
vn 0.000000 0.000000 1.000000
vn -0.307577 -0.164098 0.937266
vn 0.000000 0.000000 -1.000000
vn 0.307577 0.164098 -0.937266
vn 0.865930 -0.000012 0.500165
vn 0.970271 0.189160 0.150972
vn -0.865930 0.000012 -0.500165
vn -0.970271 -0.189160 -0.150972
vn 0.866222 0.000010 -0.499660
vn 0.584936 0.206556 -0.784337
vn -0.866222 -0.000010 0.499660
vn -0.584936 -0.206556 0.784337
vn 0.000000 0.000000 1.000000
vn -0.297400 -0.219544 0.929168
vn 0.000000 0.000000 -1.000000
vn 0.297400 0.219544 -0.929168
vn 0.865930 -0.000002 0.500165
vn 0.954853 0.252571 0.156408
vn -0.865930 0.000002 -0.500165
vn -0.954853 -0.252571 -0.156408
vn 0.866213 0.000011 -0.499674
vn 0.578472 0.277185 -0.767163
vn -0.866213 -0.000011 0.499674
vn -0.578472 -0.277185 0.767163
vn 0.000000 0.000000 1.000000
vn -0.289253 -0.259964 0.921277
vn 0.000000 0.000000 -1.000000
vn 0.289253 0.259964 -0.921277
vn 0.865930 -0.000002 0.500165
vn 0.940922 0.298443 0.159992
vn -0.865930 0.000002 -0.500165
vn -0.940922 -0.298443 -0.159992
vn 0.866236 -0.000010 -0.499635
vn 0.571756 0.328525 -0.751776
vn -0.866236 0.000010 0.499635
vn -0.571756 -0.328525 0.751776
vn 0.000000 0.000000 1.000000
vn -0.289124 -0.260638 0.921127
vn 0.000000 0.000000 -1.000000
vn 0.289124 0.260638 -0.921127
vn 0.865922 -0.000017 0.500179
vn 0.940672 0.299211 0.160026
vn -0.865922 0.000017 -0.500179
vn -0.940672 -0.299211 -0.160026
vn 0.866236 -0.000010 -0.499635
vn 0.571648 0.329353 -0.751495
vn -0.866236 0.000010 0.499635
vn -0.571648 -0.329353 0.751495
vn 0.000000 0.000000 1.000000
vn -0.300147 -0.205178 0.931565
vn 0.000000 0.000000 -1.000000
vn 0.300147 0.205178 -0.931565
vn 0.865930 0.000021 0.500165
vn 0.959250 0.236192 0.155090
vn -0.865930 -0.000021 -0.500165
vn -0.959250 -0.236192 -0.155090
vn 0.866222 -0.000011 -0.499660
vn 0.580453 0.258893 -0.772042
vn -0.866222 0.000011 0.499660
vn -0.580453 -0.258893 0.772042
vn 0.000000 0.000000 1.000000
vn -0.294411 -0.234652 0.926424
vn 0.000000 0.000000 -1.000000
vn 0.294411 0.234652 -0.926424
vn 0.865930 0.000025 0.500165
vn 0.949903 0.269764 0.157836
vn -0.865930 -0.000025 -0.500165
vn -0.949903 -0.269764 -0.157836
vn 0.866213 -0.000015 -0.499674
vn 0.576145 0.296410 -0.761707
vn -0.866213 0.000015 0.499674
vn -0.576145 -0.296410 0.761707
vn 0.000000 0.000000 1.000000
vn -0.306072 -0.172719 0.936209
vn 0.000000 0.000000 -1.000000
vn 0.306072 0.172719 -0.936209
vn 0.865930 -0.000013 0.500165
vn 0.968156 0.199079 0.151792
vn -0.865930 0.000013 -0.500165
vn -0.968156 -0.199079 -0.151792
vn 0.866222 -0.000009 -0.499660
vn 0.584116 0.217541 -0.781975
vn -0.866222 0.000009 0.499660
vn -0.584116 -0.217541 0.781975
vn 0.000000 0.000000 1.000000
vn -0.307118 -0.166777 0.936944
vn 0.000000 0.000000 -1.000000
vn 0.307118 0.166777 -0.936944
vn 0.865930 -0.000001 0.500165
vn 0.969624 0.192230 0.151254
vn -0.865930 0.000001 -0.500165
vn -0.969624 -0.192230 -0.151254
vn 0.866222 0.000010 -0.499660
vn 0.584694 0.209966 -0.783611
vn -0.866222 -0.000010 0.499660
vn -0.584694 -0.209966 0.783611
vn 0.000000 0.000000 1.000000
vn -0.295912 -0.227200 0.927802
vn 0.000000 0.000000 -1.000000
vn 0.295912 0.227200 -0.927802
vn 0.865916 0.000002 0.500190
vn 0.952384 0.261290 0.157135
vn -0.865916 -0.000002 -0.500190
vn -0.952384 -0.261290 -0.157135
vn 0.866213 0.000012 -0.499674
vn 0.577328 0.286921 -0.764440
vn -0.866213 -0.000012 0.499674
vn -0.577328 -0.286921 0.764440
vn 0.000000 0.000000 1.000000
vn -0.286487 -0.273110 0.918333
vn 0.000000 0.000000 -1.000000
vn 0.286487 0.273110 -0.918333
vn 0.865930 -0.000002 0.500165
vn 0.935897 0.313325 0.161012
vn -0.865930 0.000002 -0.500165
vn -0.935897 -0.313325 -0.161012
vn 0.866228 -0.000013 -0.499649
vn 0.569150 0.345149 -0.746285
vn -0.866228 0.000013 0.499649
vn -0.569150 -0.345149 0.746285
vn 0.000000 0.000000 1.000000
vn -0.307502 -0.164484 0.937223
vn 0.000000 0.000000 -1.000000
vn 0.307502 0.164484 -0.937223
vn 0.865930 -0.000012 0.500165
vn 0.970177 0.189604 0.151021
vn -0.865930 0.000012 -0.500165
vn -0.970177 -0.189604 -0.151021
vn 0.866222 0.000010 -0.499660
vn 0.584907 0.207051 -0.784228
vn -0.866222 -0.000010 0.499660
vn -0.584907 -0.207051 0.784228
vn 0.000000 0.000000 1.000000
vn -0.300622 -0.202543 0.931988
vn 0.000000 0.000000 -1.000000
vn 0.300622 0.202543 -0.931988
vn 0.865930 -0.000002 0.500165
vn 0.960029 0.233181 0.154829
vn -0.865930 0.000002 -0.500165
vn -0.960029 -0.233181 -0.154829
vn 0.866222 0.000012 -0.499660
vn 0.580829 0.255541 -0.772876
vn -0.866222 -0.000012 0.499660
vn -0.580829 -0.255541 0.772876
vn 0.000000 0.000000 1.000000
vn -0.306637 -0.169519 0.936609
vn 0.000000 0.000000 -1.000000
vn 0.306637 0.169519 -0.936609
vn 0.865930 -0.000001 0.500165
vn 0.968950 0.195377 0.151535
vn -0.865930 0.000001 -0.500165
vn -0.968950 -0.195377 -0.151535
vn 0.866222 0.000010 -0.499660
vn 0.584444 0.213460 -0.782854
vn -0.866222 -0.000010 0.499660
vn -0.584444 -0.213460 0.782854
vn 0.000000 0.000000 1.000000
vn -0.301797 -0.196312 0.932941
vn 0.000000 0.000000 -1.000000
vn 0.301797 0.196312 -0.932941
vn 0.865930 -0.000014 0.500165
vn 0.961830 0.226065 0.154198
vn -0.865930 0.000014 -0.500165
vn -0.961830 -0.226065 -0.154198
vn 0.866222 0.000012 -0.499660
vn 0.581592 0.247598 -0.774884
vn -0.866222 -0.000012 0.499660
vn -0.581592 -0.247598 0.774884
vn 0.000000 0.000000 1.000000
vn -0.303137 -0.188988 0.934019
vn 0.000000 0.000000 -1.000000
vn 0.303137 0.188988 -0.934019
vn 0.865930 -0.000002 0.500165
vn 0.963873 0.217684 0.153504
vn -0.865930 0.000002 -0.500165
vn -0.963873 -0.217684 -0.153504
vn 0.866236 -0.000007 -0.499635
vn 0.582426 0.238284 -0.777174
vn -0.866236 0.000007 0.499635
vn -0.582426 -0.238284 0.777174
vn 0.000000 0.000000 1.000000
vn -0.308173 -0.160658 0.937666
vn 0.000000 0.000000 -1.000000
vn 0.308173 0.160658 -0.937666
vn 0.865930 0.000016 0.500165
vn 0.971081 0.185211 0.150661
vn -0.865930 -0.000016 -0.500165
vn -0.971081 -0.185211 -0.150661
vn 0.866213 -0.000010 -0.499674
vn 0.585167 0.202183 -0.785304
vn -0.866213 0.000010 0.499674
vn -0.585167 -0.202183 0.785304
vn 0.000000 0.000000 1.000000
vn -0.306814 -0.168445 0.936745
vn 0.000000 0.000000 -1.000000
vn 0.306814 0.168445 -0.936745
vn 0.865930 -0.000001 0.500165
vn 0.969213 0.194144 0.151439
vn -0.865930 0.000001 -0.500165
vn -0.969213 -0.194144 -0.151439
vn 0.866213 0.000008 -0.499674
vn 0.584514 0.212100 -0.783171
vn -0.866213 -0.000008 0.499674
vn -0.584514 -0.212100 0.783171
vn 0.000000 0.000000 1.000000
vn -0.302168 -0.194283 0.933246
vn 0.000000 0.000000 -1.000000
vn 0.302168 0.194283 -0.933246
vn 0.865922 -0.000012 0.500179
vn 0.962402 0.223746 0.154011
vn -0.865922 0.000012 -0.500179
vn -0.962402 -0.223746 -0.154011
vn 0.866222 0.000012 -0.499660
vn 0.581837 0.245015 -0.775521
vn -0.866222 -0.000012 0.499660
vn -0.581837 -0.245015 0.775521
vn 0.000000 0.000000 1.000000
vn -0.307783 -0.162933 0.937402
vn 0.000000 0.000000 -1.000000
vn 0.307783 0.162933 -0.937402
vn 0.865930 -0.000012 0.500165
vn 0.970550 0.187822 0.150847
vn -0.865930 0.000012 -0.500165
vn -0.970550 -0.187822 -0.150847
vn 0.866222 0.000010 -0.499660
vn 0.585034 0.205071 -0.784653
vn -0.866222 -0.000010 0.499660
vn -0.585034 -0.205071 0.784653
vn 0.000000 0.000000 1.000000
vn -0.298295 -0.214892 0.929969
vn 0.000000 0.000000 -1.000000
vn 0.298295 0.214892 -0.929969
vn 0.865930 -0.000002 0.500165
vn 0.956310 0.247270 0.155978
vn -0.865930 0.000002 -0.500165
vn -0.956310 -0.247270 -0.155978
vn 0.866213 0.000011 -0.499674
vn 0.579136 0.271265 -0.768776
vn -0.866213 -0.000011 0.499674
vn -0.579136 -0.271265 0.768776
vn 0.000000 0.000000 1.000000
vn -0.296363 -0.224798 0.928243
vn 0.000000 0.000000 -1.000000
vn 0.296363 0.224798 -0.928243
vn 0.865930 -0.000017 0.500165
vn 0.953170 0.258559 0.156893
vn -0.865930 0.000017 -0.500165
vn -0.953170 -0.258559 -0.156893
vn 0.866222 0.000014 -0.499660
vn 0.577739 0.283868 -0.765269
vn -0.866222 -0.000014 0.499660
vn -0.577739 -0.283868 0.765269
vn 0.000000 0.000000 1.000000
vn -0.287825 -0.266795 0.919770
vn 0.000000 0.000000 -1.000000
vn 0.287825 0.266795 -0.919770
vn 0.865930 0.000029 0.500165
vn 0.938337 0.306165 0.160586
vn -0.865930 -0.000029 -0.500165
vn -0.938337 -0.306165 -0.160586
vn 0.866222 0.000017 -0.499660
vn 0.570465 0.337147 -0.748934
vn -0.866222 -0.000017 0.499660
vn -0.570465 -0.337147 0.748934
vn 0.000000 0.000000 1.000000
vn -0.301814 -0.196213 0.932957
vn 0.000000 0.000000 -1.000000
vn 0.301814 0.196213 -0.932957
vn 0.865930 -0.000002 0.500165
vn 0.961859 0.225979 0.154148
vn -0.865930 0.000002 -0.500165
vn -0.961859 -0.225979 -0.154148
vn 0.866228 -0.000009 -0.499649
vn 0.581552 0.247490 -0.774949
vn -0.866228 0.000009 0.499649
vn -0.581552 -0.247490 0.774949
vn 0.000000 0.000000 1.000000
vn -0.309079 -0.155353 0.938262
vn 0.000000 0.000000 -1.000000
vn 0.309079 0.155353 -0.938262
vn 0.865930 0.000016 0.500165
vn 0.972308 0.179118 0.150111
vn -0.865930 -0.000016 -0.500165
vn -0.972308 -0.179118 -0.150111
vn 0.866213 -0.000010 -0.499674
vn 0.585599 0.195429 -0.786690
vn -0.866213 0.000010 0.499674
vn -0.585599 -0.195429 0.786690
vn 0.000000 0.000000 1.000000
vn -0.303953 -0.184569 0.934637
vn 0.000000 0.000000 -1.000000
vn 0.303953 0.184569 -0.934637
vn 0.865930 -0.000002 0.500165
vn 0.965073 0.212625 0.153053
vn -0.865930 0.000002 -0.500165
vn -0.965073 -0.212625 -0.153053
vn 0.866236 -0.000007 -0.499635
vn 0.582908 0.232649 -0.778519
vn -0.866236 0.000007 0.499635
vn -0.582908 -0.232649 0.778519
vn 0.000000 0.000000 1.000000
vn -0.297542 -0.218743 0.929312
vn 0.000000 0.000000 -1.000000
vn 0.297542 0.218743 -0.929312
vn 0.865930 -0.000002 0.500165
vn 0.955103 0.251659 0.156349
vn -0.865930 0.000002 -0.500165
vn -0.955103 -0.251659 -0.156349
vn 0.866222 0.000013 -0.499660
vn 0.578630 0.276164 -0.767411
vn -0.866222 -0.000013 0.499660
vn -0.578630 -0.276164 0.767411
vn 0.000000 0.000000 1.000000
vn -0.306327 -0.171260 0.936394
vn 0.000000 0.000000 -1.000000
vn 0.306327 0.171260 -0.936394
vn 0.865922 -0.000011 0.500179
vn 0.968517 0.197374 0.151717
vn -0.865922 0.000011 -0.500179
vn -0.968517 -0.197374 -0.151717
vn 0.866236 -0.000006 -0.499635
vn 0.584259 0.215692 -0.782380
vn -0.866236 0.000006 0.499635
vn -0.584259 -0.215692 0.782380
vn 0.000000 0.000000 1.000000
vn -0.291917 -0.247108 0.923971
vn 0.000000 0.000000 -1.000000
vn 0.291917 0.247108 -0.923971
vn 0.865930 -0.000002 0.500165
vn 0.945602 0.283892 0.158881
vn -0.865930 0.000002 -0.500165
vn -0.945602 -0.283892 -0.158881
vn 0.866228 -0.000012 -0.499649
vn 0.574072 0.312213 -0.756944
vn -0.866228 0.000012 0.499649
vn -0.574072 -0.312213 0.756944
vn 0.000000 0.000000 1.000000
vn -0.303267 -0.188305 0.934115
vn 0.000000 0.000000 -1.000000
vn 0.303267 0.188305 -0.934115
vn 0.865930 -0.000002 0.500165
vn 0.964062 0.216932 0.153375
vn -0.865930 0.000002 -0.500165
vn -0.964062 -0.216932 -0.153375
vn 0.866222 -0.000010 -0.499660
vn 0.582474 0.237416 -0.777404
vn -0.866222 0.000010 0.499660
vn -0.582474 -0.237416 0.777404
vn 0.000000 0.000000 1.000000
vn -0.297583 -0.218528 0.929349
vn 0.000000 0.000000 -1.000000
vn 0.297583 0.218528 -0.929349
vn 0.865930 -0.000002 0.500165
vn 0.955171 0.251414 0.156329
vn -0.865930 0.000002 -0.500165
vn -0.955171 -0.251414 -0.156329
vn 0.866236 -0.000008 -0.499635
vn 0.578637 0.275907 -0.767499
vn -0.866236 0.000008 0.499635
vn -0.578637 -0.275907 0.767499
vn 0.000000 0.000000 1.000000
vn -0.299868 -0.206582 0.931345
vn 0.000000 0.000000 -1.000000
vn 0.299868 0.206582 -0.931345
vn 0.865930 -0.000002 0.500165
vn 0.958836 0.237792 0.155207
vn -0.865930 0.000002 -0.500165
vn -0.958836 -0.237792 -0.155207
vn 0.866222 0.000012 -0.499660
vn 0.580280 0.260698 -0.771564
vn -0.866222 -0.000012 0.499660
vn -0.580280 -0.260698 0.771564
vn 0.000000 0.000000 1.000000
vn -0.305962 -0.173251 0.936147
vn 0.000000 0.000000 -1.000000
vn 0.305962 0.173251 -0.936147
vn 0.865930 -0.000013 0.500165
vn 0.968016 0.199662 0.151921
vn -0.865930 0.000013 -0.500165
vn -0.968016 -0.199662 -0.151921
vn 0.866236 -0.000006 -0.499635
vn 0.584101 0.218220 -0.781797
vn -0.866236 0.000006 0.499635
vn -0.584101 -0.218220 0.781797
vn 0.000000 0.000000 1.000000
vn -0.293847 -0.237530 0.925869
vn 0.000000 0.000000 -1.000000
vn 0.293847 0.237530 -0.925869
vn 0.865916 0.000002 0.500190
vn 0.948928 0.273031 0.158079
vn -0.865916 -0.000002 -0.500190
vn -0.948928 -0.273031 -0.158079
vn 0.866213 0.000012 -0.499674
vn 0.575697 0.300056 -0.760618
vn -0.866213 -0.000012 0.499674
vn -0.575697 -0.300056 0.760618
vn 0.000000 0.000000 1.000000
vn -0.306704 -0.169080 0.936667
vn 0.000000 0.000000 -1.000000
vn 0.306704 0.169080 -0.936667
vn 0.865922 -0.000011 0.500179
vn 0.969058 0.194877 0.151493
vn -0.865922 0.000011 -0.500179
vn -0.969058 -0.194877 -0.151493
vn 0.866222 0.000010 -0.499660
vn 0.584491 0.212903 -0.782971
vn -0.866222 -0.000010 0.499660
vn -0.584491 -0.212903 0.782971
vn 0.000000 0.000000 1.000000
vn -0.294870 -0.232404 0.926844
vn 0.000000 0.000000 -1.000000
vn 0.294870 0.232404 -0.926844
vn 0.865930 0.000025 0.500165
vn 0.950661 0.267208 0.157621
vn -0.865930 -0.000025 -0.500165
vn -0.950661 -0.267208 -0.157621
vn 0.866213 -0.000015 -0.499674
vn 0.576498 0.293547 -0.762548
vn -0.866213 0.000015 0.499674
vn -0.576498 -0.293547 0.762548
vn 0.000000 0.000000 1.000000
vn -0.296279 -0.225338 0.928139
vn 0.000000 0.000000 -1.000000
vn 0.296279 0.225338 -0.928139
vn 0.865930 -0.000002 0.500165
vn 0.952998 0.259166 0.156932
vn -0.865930 0.000002 -0.500165
vn -0.952998 -0.259166 -0.156932
vn 0.866222 0.000014 -0.499660
vn 0.577621 0.284563 -0.765100
vn -0.866222 -0.000014 0.499660
vn -0.577621 -0.284563 0.765100
vn 0.000000 0.000000 1.000000
vn -0.307646 -0.163696 0.937314
vn 0.000000 0.000000 -1.000000
vn 0.307646 0.163696 -0.937314
vn 0.865930 -0.000001 0.500165
vn 0.970369 0.188722 0.150888
vn -0.865930 0.000001 -0.500165
vn -0.970369 -0.188722 -0.150888
vn 0.866222 -0.000009 -0.499660
vn 0.584944 0.206048 -0.784464
vn -0.866222 0.000009 0.499660
vn -0.584944 -0.206048 0.784464
vn 0.000000 0.000000 1.000000
vn -0.298459 -0.214024 0.930116
vn 0.000000 0.000000 -1.000000
vn 0.298459 0.214024 -0.930116
vn 0.865922 -0.000014 0.500179
vn 0.956578 0.246281 0.155901
vn -0.865922 0.000014 -0.500179
vn -0.956578 -0.246281 -0.155901
vn 0.866236 -0.000008 -0.499635
vn 0.579270 0.270171 -0.769060
vn -0.866236 0.000008 0.499635
vn -0.579270 -0.270171 0.769060
vn 0.000000 0.000000 1.000000
vn -0.286935 -0.270954 0.918832
vn 0.000000 0.000000 -1.000000
vn 0.286935 0.270954 -0.918832
vn 0.865930 -0.000002 0.500165
vn 0.936735 0.310894 0.160850
vn -0.865930 0.000002 -0.500165
vn -0.936735 -0.310894 -0.160850
vn 0.866213 -0.000018 -0.499674
vn 0.569583 0.342421 -0.747210
vn -0.866213 0.000018 0.499674
vn -0.569583 -0.342421 0.747210
vn 0.000000 0.000000 1.000000
vn -0.289648 -0.258099 0.921677
vn 0.000000 0.000000 -1.000000
vn 0.289648 0.258099 -0.921677
vn 0.865930 0.000028 0.500165
vn 0.941609 0.296340 0.159860
vn -0.865930 -0.000028 -0.500165
vn -0.941609 -0.296340 -0.159860
vn 0.866222 -0.000014 -0.499660
vn 0.572076 0.326166 -0.752559
vn -0.866222 0.000014 0.499660
vn -0.572076 -0.326166 0.752559
vn 0.000000 0.000000 1.000000
vn -0.301177 -0.199595 0.932445
vn 0.000000 0.000000 -1.000000
vn 0.301177 0.199595 -0.932445
vn 0.865930 -0.000002 0.500165
vn 0.960888 0.229845 0.154486
vn -0.865930 0.000002 -0.500165
vn -0.960888 -0.229845 -0.154486
vn 0.866236 -0.000007 -0.499635
vn 0.581155 0.251811 -0.773854
vn -0.866236 0.000007 0.499635
vn -0.581155 -0.251811 0.773854
vn 0.000000 0.000000 1.000000
vn -0.298536 -0.213593 0.930191
vn 0.000000 0.000000 -1.000000
vn 0.298536 0.213593 -0.930191
vn 0.865930 -0.000002 0.500165
vn 0.956710 0.245824 0.155811
vn -0.865930 0.000002 -0.500165
vn -0.956710 -0.245824 -0.155811
vn 0.866236 -0.000008 -0.499635
vn 0.579339 0.269621 -0.769202
vn -0.866236 0.000008 0.499635
vn -0.579339 -0.269621 0.769202
vn 0.000000 0.000000 1.000000
vn -0.287046 -0.270548 0.918917
vn 0.000000 0.000000 -1.000000
vn 0.287046 0.270548 -0.918917
vn 0.865930 -0.000002 0.500165
vn 0.936898 0.310435 0.160789
vn -0.865930 0.000002 -0.500165
vn -0.936898 -0.310435 -0.160789
vn 0.866228 -0.000013 -0.499649
vn 0.569659 0.341906 -0.747388
vn -0.866228 0.000013 0.499649
vn -0.569659 -0.341906 0.747388
vn 0.000000 0.000000 1.000000
vn -0.308718 -0.157433 0.938034
vn 0.000000 0.000000 -1.000000
vn 0.308718 0.157433 -0.938034
vn 0.865930 -0.000001 0.500165
vn 0.971840 0.181531 0.150246
vn -0.865930 0.000001 -0.500165
vn -0.971840 -0.181531 -0.150246
vn 0.866236 -0.000006 -0.499635
vn 0.585458 0.198094 -0.786129
vn -0.866236 0.000006 0.499635
vn -0.585458 -0.198094 0.786129
vn 0.000000 0.000000 1.000000
vn -0.299144 -0.210484 0.930704
vn 0.000000 0.000000 -1.000000
vn 0.299144 0.210484 -0.930704
vn 0.865930 0.000022 0.500165
vn 0.957657 0.242248 0.155590
vn -0.865930 -0.000022 -0.500165
vn -0.957657 -0.242248 -0.155590
vn 0.866222 -0.000011 -0.499660
vn 0.579748 0.265650 -0.770274
vn -0.866222 0.000011 0.499660
vn -0.579748 -0.265650 0.770274
vn 0.000000 0.000000 1.000000
vn -0.294552 -0.233961 0.926554
vn 0.000000 0.000000 -1.000000
vn 0.294552 0.233961 -0.926554
vn 0.865930 0.000009 0.500165
vn 0.950137 0.268983 0.157756
vn -0.865930 -0.000009 -0.500165
vn -0.950137 -0.268983 -0.157756
vn 0.866222 0.000014 -0.499660
vn 0.576316 0.295518 -0.761925
vn -0.866222 -0.000014 0.499660
vn -0.576316 -0.295518 0.761925
vn 0.000000 0.000000 1.000000
vn -0.300257 -0.204600 0.931657
vn 0.000000 0.000000 -1.000000
vn 0.300257 0.204600 -0.931657
vn 0.865922 -0.000013 0.500179
vn 0.959428 0.235567 0.154937
vn -0.865922 0.000013 -0.500179
vn -0.959428 -0.235567 -0.154937
vn 0.866236 -0.000007 -0.499635
vn 0.580536 0.258165 -0.772224
vn -0.866236 0.000007 0.499635
vn -0.580536 -0.258165 0.772224
vn 0.000000 0.000000 1.000000
vn -0.302303 -0.193594 0.933346
vn 0.000000 0.000000 -1.000000
vn 0.302303 0.193594 -0.933346
vn 0.865916 -0.000011 0.500190
vn 0.962592 0.222961 0.153962
vn -0.865916 0.000011 -0.500190
vn -0.962592 -0.222961 -0.153962
vn 0.866222 0.000012 -0.499660
vn 0.581914 0.244134 -0.775741
vn -0.866222 -0.000012 0.499660
vn -0.581914 -0.244134 0.775741
vn 0.000000 0.000000 1.000000
vn -0.303350 -0.187840 0.934182
vn 0.000000 0.000000 -1.000000
vn 0.303350 0.187840 -0.934182
vn 0.865930 -0.000002 0.500165
vn 0.964187 0.216369 0.153388
vn -0.865930 0.000002 -0.500165
vn -0.964187 -0.216369 -0.153388
vn 0.866222 0.000011 -0.499660
vn 0.582554 0.236820 -0.777527
vn -0.866222 -0.000011 0.499660
vn -0.582554 -0.236820 0.777527
vn 0.000000 0.000000 1.000000
vn -0.301341 -0.198774 0.932568
vn 0.000000 0.000000 -1.000000
vn 0.301341 0.198774 -0.932568
vn 0.865930 0.000021 0.500165
vn 0.961119 0.228878 0.154482
vn -0.865930 -0.000021 -0.500165
vn -0.961119 -0.228878 -0.154482
vn 0.866222 -0.000011 -0.499660
vn 0.581265 0.250738 -0.774119
vn -0.866222 0.000011 0.499660
vn -0.581265 -0.250738 0.774119
vn 0.000000 0.000000 1.000000
vn -0.304618 -0.180822 0.935153
vn 0.000000 0.000000 -1.000000
vn 0.304618 0.180822 -0.935153
vn 0.865922 -0.000011 0.500179
vn 0.966065 0.208334 0.152691
vn -0.865922 0.000011 -0.500179
vn -0.966065 -0.208334 -0.152691
vn 0.866222 0.000011 -0.499660
vn 0.583312 0.227878 -0.779627
vn -0.866222 -0.000011 0.499660
vn -0.583312 -0.227878 0.779627
vn 0.000000 0.000000 1.000000
vn -0.305757 -0.174499 0.935982
vn 0.000000 0.000000 -1.000000
vn 0.305757 0.174499 -0.935982
vn 0.865930 0.000018 0.500165
vn 0.967696 0.201091 0.152076
vn -0.865930 -0.000018 -0.500165
vn -0.967696 -0.201091 -0.152076
vn 0.866222 0.000010 -0.499660
vn 0.583970 0.219805 -0.781450
vn -0.866222 -0.000010 0.499660
vn -0.583970 -0.219805 0.781450
vn 0.000000 0.000000 1.000000
vn -0.291517 -0.249085 0.923566
vn 0.000000 0.000000 -1.000000
vn 0.291517 0.249085 -0.923566
vn 0.865907 -0.000012 0.500204
vn 0.944891 0.286143 0.159070
vn -0.865907 0.000012 -0.500204
vn -0.944891 -0.286143 -0.159070
vn 0.866222 0.000015 -0.499660
vn 0.573758 0.314712 -0.756147
vn -0.866222 -0.000015 0.499660
vn -0.573758 -0.314712 0.756147
vn 0.000000 0.000000 1.000000
vn -0.298428 -0.214152 0.930097
vn 0.000000 0.000000 -1.000000
vn 0.298428 0.214152 -0.930097
vn 0.865916 0.000002 0.500190
vn 0.956530 0.246432 0.155952
vn -0.865916 -0.000002 -0.500190
vn -0.956530 -0.246432 -0.155952
vn 0.866213 0.000011 -0.499674
vn 0.579244 0.270327 -0.769025
vn -0.866213 -0.000011 0.499674
vn -0.579244 -0.270327 0.769025
vn 0.000000 0.000000 1.000000
vn -0.308081 -0.161252 0.937595
vn 0.000000 0.000000 -1.000000
vn 0.308081 0.161252 -0.937595
vn 0.865922 0.000008 0.500179
vn 0.970943 0.185893 0.150712
vn -0.865922 -0.000008 -0.500179
vn -0.970943 -0.185893 -0.150712
vn 0.866222 -0.000008 -0.499660
vn 0.585123 0.202946 -0.785140
vn -0.866222 0.000008 0.499660
vn -0.585123 -0.202946 0.785140
vn 0.000000 0.000000 1.000000
vn -0.308927 -0.156290 0.938156
vn 0.000000 0.000000 -1.000000
vn 0.308927 0.156290 -0.938156
vn 0.865930 -0.000001 0.500165
vn 0.972101 0.180190 0.150168
vn -0.865930 0.000001 -0.500165
vn -0.972101 -0.180190 -0.150168
vn 0.866222 0.000009 -0.499660
vn 0.585559 0.196625 -0.786422
vn -0.866222 -0.000009 0.499660
vn -0.585559 -0.196625 0.786422
vn 0.000000 0.000000 1.000000
vn -0.307690 -0.163430 0.937346
vn 0.000000 0.000000 -1.000000
vn 0.307690 0.163430 -0.937346
vn 0.865930 -0.000001 0.500165
vn 0.970429 0.188389 0.150920
vn -0.865930 0.000001 -0.500165
vn -0.970429 -0.188389 -0.150920
vn 0.866222 0.000010 -0.499660
vn 0.584972 0.205719 -0.784530
vn -0.866222 -0.000010 0.499660
vn -0.584972 -0.205719 0.784530
vn 0.000000 0.000000 1.000000
vn -0.298094 -0.215937 0.929791
vn 0.000000 0.000000 -1.000000
vn 0.298094 0.215937 -0.929791
vn 0.865930 -0.000016 0.500165
vn 0.955986 0.248466 0.156061
vn -0.865930 0.000016 -0.500165
vn -0.955986 -0.248466 -0.156061
vn 0.866222 0.000013 -0.499660
vn 0.579024 0.272589 -0.768392
vn -0.866222 -0.000013 0.499660
vn -0.579024 -0.272589 0.768392
vn 0.000000 0.000000 1.000000
vn -0.293580 -0.238789 0.925630
vn 0.000000 0.000000 -1.000000
vn 0.293580 0.238789 -0.925630
vn 0.865930 0.000026 0.500165
vn 0.948494 0.274462 0.158207
vn -0.865930 -0.000026 -0.500165
vn -0.948494 -0.274462 -0.158207
vn 0.866213 -0.000015 -0.499674
vn 0.575471 0.301667 -0.760151
vn -0.866213 0.000015 0.499674
vn -0.575471 -0.301667 0.760151
vn 0.000000 0.000000 1.000000
vn -0.301866 -0.195907 0.933005
vn 0.000000 0.000000 -1.000000
vn 0.301866 0.195907 -0.933005
vn 0.865916 0.000002 0.500190
vn 0.961937 0.225602 0.154212
vn -0.865916 -0.000002 -0.500190
vn -0.961937 -0.225602 -0.154212
vn 0.866213 0.000010 -0.499674
vn 0.581609 0.247090 -0.775034
vn -0.866213 -0.000010 0.499674
vn -0.581609 -0.247090 0.775034
vn 0.000000 0.000000 1.000000
vn -0.308702 -0.157652 0.938003
vn 0.000000 0.000000 -1.000000
vn 0.308702 0.157652 -0.938003
vn 0.865930 0.000016 0.500165
vn 0.971784 0.181759 0.150334
vn -0.865930 -0.000016 -0.500165
vn -0.971784 -0.181759 -0.150334
vn 0.866213 -0.000010 -0.499674
vn 0.585407 0.198353 -0.786101
vn -0.866213 0.000010 0.499674
vn -0.585407 -0.198353 0.786101
vn 0.000000 0.000000 1.000000
vn -0.300829 -0.201506 0.932146
vn 0.000000 0.000000 -1.000000
vn 0.300829 0.201506 -0.932146
vn 0.865930 -0.000002 0.500165
vn 0.960335 0.232029 0.154659
vn -0.865930 0.000002 -0.500165
vn -0.960335 -0.232029 -0.154659
vn 0.866213 -0.000013 -0.499674
vn 0.580891 0.254226 -0.773263
vn -0.866213 0.000013 0.499674
vn -0.580891 -0.254226 0.773263
vn 0.000000 0.000000 1.000000
vn -0.307210 -0.166243 0.937009
vn 0.000000 0.000000 -1.000000
vn 0.307210 0.166243 -0.937009
vn 0.865930 0.000017 0.500165
vn 0.969747 0.191621 0.151233
vn -0.865930 -0.000017 -0.500165
vn -0.969747 -0.191621 -0.151233
vn 0.866222 -0.000009 -0.499660
vn 0.584692 0.209303 -0.783790
vn -0.866222 0.000009 0.499660
vn -0.584692 -0.209303 0.783790
vn 0.000000 0.000000 1.000000
vn -0.308572 -0.158395 0.937920
vn 0.000000 0.000000 -1.000000
vn 0.308572 0.158395 -0.937920
vn 0.865930 -0.000001 0.500165
vn 0.971617 0.182608 0.150383
vn -0.865930 0.000001 -0.500165
vn -0.971617 -0.182608 -0.150383
vn 0.866213 0.000008 -0.499674
vn 0.585375 0.199295 -0.785886
vn -0.866213 -0.000008 0.499674
vn -0.585375 -0.199295 0.785886
vn 0.000000 0.000000 1.000000
vn -0.294117 -0.236212 0.926121
vn 0.000000 0.000000 -1.000000
vn 0.294117 0.236212 -0.926121
vn 0.865916 0.000002 0.500190
vn 0.949378 0.271535 0.157956
vn -0.865916 -0.000002 -0.500190
vn -0.949378 -0.271535 -0.157956
vn 0.866222 0.000014 -0.499660
vn 0.575920 0.298391 -0.761104
vn -0.866222 -0.000014 0.499660
vn -0.575920 -0.298391 0.761104
vn 0.000000 0.000000 1.000000
vn -0.309321 -0.154002 0.938405
vn 0.000000 0.000000 -1.000000
vn 0.309321 0.154002 -0.938405
vn 0.865930 -0.000001 0.500165
vn 0.972623 0.177562 0.149924
vn -0.865930 0.000001 -0.500165
vn -0.972623 -0.177562 -0.149924
vn 0.866213 0.000007 -0.499674
vn 0.585723 0.193703 -0.787024
vn -0.866213 -0.000007 0.499674
vn -0.585723 -0.193703 0.787024
vn 0.000000 0.000000 1.000000
vn -0.304525 -0.181354 0.935081
vn 0.000000 0.000000 -1.000000
vn 0.304525 0.181354 -0.935081
vn 0.865930 -0.000002 0.500165
vn 0.965926 0.208943 0.152742
vn -0.865930 0.000002 -0.500165
vn -0.965926 -0.208943 -0.152742
vn 0.866228 -0.000008 -0.499649
vn 0.583244 0.228546 -0.779483
vn -0.866228 0.000008 0.499649
vn -0.583244 -0.228546 0.779483
vn 0.000000 0.000000 1.000000
vn -0.303391 -0.187597 0.934217
vn 0.000000 0.000000 -1.000000
vn 0.303391 0.187597 -0.934217
vn 0.865930 -0.000014 0.500165
vn 0.964254 0.216095 0.153352
vn -0.865930 0.000014 -0.500165
vn -0.964254 -0.216095 -0.153352
vn 0.866222 0.000011 -0.499660
vn 0.582606 0.236496 -0.777586
vn -0.866222 -0.000011 0.499660
vn -0.582606 -0.236496 0.777586
vn 0.000000 0.000000 1.000000
vn -0.299132 -0.210476 0.930709
vn 0.000000 0.000000 -1.000000
vn 0.299132 0.210476 -0.930709
vn 0.865916 0.000002 0.500190
vn 0.957657 0.242240 0.155605
vn -0.865916 -0.000002 -0.500190
vn -0.957657 -0.242240 -0.155605
vn 0.866213 0.000011 -0.499674
vn 0.579748 0.265646 -0.770276
vn -0.866213 -0.000011 0.499674
vn -0.579748 -0.265646 0.770276
vn 0.000000 0.000000 1.000000
vn -0.288852 -0.261883 0.920859
vn 0.000000 0.000000 -1.000000
vn 0.288852 0.261883 -0.920859
vn 0.865930 -0.000002 0.500165
vn 0.940204 0.300613 0.160153
vn -0.865930 0.000002 -0.500165
vn -0.940204 -0.300613 -0.160153
vn 0.866213 0.000014 -0.499674
vn 0.571382 0.330942 -0.750999
vn -0.866213 -0.000014 0.499674
vn -0.571382 -0.330942 0.750999
vn 0.000000 0.000000 1.000000
vn -0.288920 -0.261564 0.920929
vn 0.000000 0.000000 -1.000000
vn 0.288920 0.261564 -0.920929
vn 0.865930 -0.000002 0.500165
vn 0.940324 0.300251 0.160125
vn -0.865930 0.000002 -0.500165
vn -0.940324 -0.300251 -0.160125
vn 0.866213 0.000014 -0.499674
vn 0.571442 0.330537 -0.751132
vn -0.866213 -0.000014 0.499674
vn -0.571442 -0.330537 0.751132
vn 0.000000 0.000000 1.000000
vn -0.307962 -0.161881 0.937526
vn 0.000000 0.000000 -1.000000
vn 0.307962 0.161881 -0.937526
vn 0.865916 0.000001 0.500190
vn 0.970792 0.186615 0.150788
vn -0.865916 -0.000001 -0.500190
vn -0.970792 -0.186615 -0.150788
vn 0.866213 0.000008 -0.499674
vn 0.585090 0.203738 -0.784959
vn -0.866213 -0.000008 0.499674
vn -0.585090 -0.203738 0.784959
vn 0.000000 0.000000 1.000000
vn -0.302453 -0.192703 0.933482
vn 0.000000 0.000000 -1.000000
vn 0.302453 0.192703 -0.933482
vn 0.865916 0.000002 0.500190
vn 0.962838 0.221938 0.153905
vn -0.865916 -0.000002 -0.500190
vn -0.962838 -0.221938 -0.153905
vn 0.866222 0.000011 -0.499660
vn 0.582002 0.243019 -0.776025
vn -0.866222 -0.000011 0.499660
vn -0.582002 -0.243019 0.776025
vn 0.000000 0.000000 1.000000
vn -0.301209 -0.199440 0.932468
vn 0.000000 0.000000 -1.000000
vn 0.301209 0.199440 -0.932468
vn 0.865930 -0.000002 0.500165
vn 0.960932 0.229635 0.154522
vn -0.865930 0.000002 -0.500165
vn -0.960932 -0.229635 -0.154522
vn 0.866228 -0.000009 -0.499649
vn 0.581179 0.251591 -0.773908
vn -0.866228 0.000009 0.499649
vn -0.581179 -0.251591 0.773908
vn 0.000000 0.000000 1.000000
vn -0.303818 -0.185286 0.934539
vn 0.000000 0.000000 -1.000000
vn 0.303818 0.185286 -0.934539
vn 0.865930 -0.000002 0.500165
vn 0.964879 0.213446 0.153130
vn -0.865930 0.000002 -0.500165
vn -0.964879 -0.213446 -0.153130
vn 0.866236 -0.000007 -0.499635
vn 0.582833 0.233564 -0.778301
vn -0.866236 0.000007 0.499635
vn -0.582833 -0.233564 0.778301
vn 0.000000 0.000000 1.000000
vn -0.304638 -0.180717 0.935167
vn 0.000000 0.000000 -1.000000
vn 0.304638 0.180717 -0.935167
vn 0.865930 -0.000002 0.500165
vn 0.966096 0.208243 0.152623
vn -0.865930 0.000002 -0.500165
vn -0.966096 -0.208243 -0.152623
vn 0.866228 -0.000008 -0.499649
vn 0.583293 0.227745 -0.779680
vn -0.866228 0.000008 0.499649
vn -0.583293 -0.227745 0.779680
vn 0.000000 0.000000 1.000000
vn -0.308479 -0.158897 0.937866
vn 0.000000 0.000000 -1.000000
vn 0.308479 0.158897 -0.937866
vn 0.865930 -0.000001 0.500165
vn 0.971503 0.183212 0.150385
vn -0.865930 0.000001 -0.500165
vn -0.971503 -0.183212 -0.150385
vn 0.866236 -0.000006 -0.499635
vn 0.585356 0.199942 -0.785737
vn -0.866236 0.000006 0.499635
vn -0.585356 -0.199942 0.785737
vn 0.000000 0.000000 1.000000
vn -0.304191 -0.183226 0.934824
vn 0.000000 0.000000 -1.000000
vn 0.304191 0.183226 -0.934824
vn 0.865930 -0.000013 0.500165
vn 0.965432 0.211091 0.152910
vn -0.865930 0.000013 -0.500165
vn -0.965432 -0.211091 -0.152910
vn 0.866222 0.000011 -0.499660
vn 0.583079 0.230925 -0.778905
vn -0.866222 -0.000011 0.499660
vn -0.583079 -0.230925 0.778905
vn 0.000000 0.000000 1.000000
vn -0.306470 -0.170458 0.936494
vn 0.000000 0.000000 -1.000000
vn 0.306470 0.170458 -0.936494
vn 0.865922 -0.000011 0.500179
vn 0.968718 0.196458 0.151625
vn -0.865922 0.000011 -0.500179
vn -0.968718 -0.196458 -0.151625
vn 0.866236 -0.000006 -0.499635
vn 0.584358 0.214656 -0.782591
vn -0.866236 0.000006 0.499635
vn -0.584358 -0.214656 0.782591
vn 0.000000 0.000000 1.000000
vn -0.306673 -0.169235 0.936649
vn 0.000000 0.000000 -1.000000
vn 0.306673 0.169235 -0.936649
vn 0.865930 -0.000001 0.500165
vn 0.969021 0.195079 0.151465
vn -0.865930 0.000001 -0.500165
vn -0.969021 -0.195079 -0.151465
vn 0.866228 -0.000008 -0.499649
vn 0.584425 0.213117 -0.782962
vn -0.866228 0.000008 0.499649
vn -0.584425 -0.213117 0.782962
vn 0.000000 0.000000 1.000000
vn -0.292309 -0.245137 0.924372
vn 0.000000 0.000000 -1.000000
vn 0.292309 0.245137 -0.924372
vn 0.865930 -0.000002 0.500165
vn 0.946296 0.281657 0.158721
vn -0.865930 0.000002 -0.500165
vn -0.946296 -0.281657 -0.158721
vn 0.866222 0.000015 -0.499660
vn 0.574430 0.309727 -0.757693
vn -0.866222 -0.000015 0.499660
vn -0.574430 -0.309727 0.757693
vn 0.000000 0.000000 1.000000
vn -0.299060 -0.210792 0.930661
vn 0.000000 0.000000 -1.000000
vn 0.299060 0.210792 -0.930661
vn 0.865930 -0.000016 0.500165
vn 0.957566 0.242601 0.155602
vn -0.865930 0.000016 -0.500165
vn -0.957566 -0.242601 -0.155602
vn 0.866222 0.000013 -0.499660
vn 0.579747 0.266046 -0.770138
vn -0.866222 -0.000013 0.499660
vn -0.579747 -0.266046 0.770138
vn 0.000000 0.000000 1.000000
vn -0.301547 -0.197616 0.932747
vn 0.000000 0.000000 -1.000000
vn 0.301547 0.197616 -0.932747
vn 0.865930 0.000021 0.500165
vn 0.961450 0.227556 0.154380
vn -0.865930 -0.000021 -0.500165
vn -0.961450 -0.227556 -0.154380
vn 0.866213 0.000010 -0.499674
vn 0.581404 0.249268 -0.774490
vn -0.866213 -0.000010 0.499674
vn -0.581404 -0.249268 0.774490
vn 0.000000 0.000000 1.000000
vn -0.298040 -0.216217 0.929743
vn 0.000000 0.000000 -1.000000
vn 0.298040 0.216217 -0.929743
vn 0.865930 -0.000002 0.500165
vn 0.955898 0.248781 0.156102
vn -0.865930 0.000002 -0.500165
vn -0.955898 -0.248781 -0.156102
vn 0.866228 -0.000010 -0.499649
vn 0.578949 0.272952 -0.768320
vn -0.866228 0.000010 0.499649
vn -0.578949 -0.272952 0.768320
vn 0.000000 0.000000 1.000000
vn -0.294918 -0.232083 0.926909
vn 0.000000 0.000000 -1.000000
vn 0.294918 0.232083 -0.926909
vn 0.865930 -0.000002 0.500165
vn 0.950770 0.266876 0.157523
vn -0.865930 0.000002 -0.500165
vn -0.950770 -0.266876 -0.157523
vn 0.866236 -0.000009 -0.499635
vn 0.576576 0.293165 -0.762637
vn -0.866236 0.000009 0.499635
vn -0.576576 -0.293165 0.762637
vn 0.000000 0.000000 1.000000
vn -0.286222 -0.274376 0.918039
vn 0.000000 0.000000 -1.000000
vn 0.286222 0.274376 -0.918039
vn 0.865930 -0.000002 0.500165
vn 0.935402 0.314751 0.161108
vn -0.865930 0.000002 -0.500165
vn -0.935402 -0.314751 -0.161108
vn 0.866222 -0.000015 -0.499660
vn 0.568892 0.346748 -0.745740
vn -0.866222 0.000015 0.499660
vn -0.568892 -0.346748 0.745740
vn 0.000000 0.000000 1.000000
vn -0.306076 -0.172649 0.936221
vn 0.000000 0.000000 -1.000000
vn 0.306076 0.172649 -0.936221
vn 0.865922 -0.000011 0.500179
vn 0.968168 0.198966 0.151865
vn -0.865922 0.000011 -0.500179
vn -0.968168 -0.198966 -0.151865
vn 0.866222 0.000010 -0.499660
vn 0.584130 0.217464 -0.781986
vn -0.866222 -0.000010 0.499660
vn -0.584130 -0.217464 0.781986
vn 0.000000 0.000000 1.000000
vn -0.287919 -0.266417 0.919850
vn 0.000000 0.000000 -1.000000
vn 0.287919 0.266417 -0.919850
vn 0.865930 0.000029 0.500165
vn 0.938484 0.305737 0.160539
vn -0.865930 -0.000029 -0.500165
vn -0.938484 -0.305737 -0.160539
vn 0.866222 -0.000015 -0.499660
vn 0.570480 0.336688 -0.749129
vn -0.866222 0.000015 0.499660
vn -0.570480 -0.336688 0.749129
vn 0.000000 0.000000 1.000000
vn -0.297515 -0.218856 0.929294
vn 0.000000 0.000000 -1.000000
vn 0.297515 0.218856 -0.929294
vn 0.865930 -0.000002 0.500165
vn 0.955067 0.251824 0.156309
vn -0.865930 0.000002 -0.500165
vn -0.955067 -0.251824 -0.156309
vn 0.866222 -0.000012 -0.499660
vn 0.578565 0.276331 -0.767400
vn -0.866222 0.000012 0.499660
vn -0.578565 -0.276331 0.767400
vn 0.000000 0.000000 1.000000
vn -0.301807 -0.196214 0.932959
vn 0.000000 0.000000 -1.000000
vn 0.301807 0.196214 -0.932959
vn 0.865930 0.000008 0.500165
vn 0.961851 0.225957 0.154230
vn -0.865930 -0.000008 -0.500165
vn -0.961851 -0.225957 -0.154230
vn 0.866222 -0.000010 -0.499660
vn 0.581582 0.247480 -0.774930
vn -0.866222 0.000010 0.499660
vn -0.581582 -0.247480 0.774930
vn 0.000000 0.000000 1.000000
vn -0.304712 -0.180253 0.935232
vn 0.000000 0.000000 -1.000000
vn 0.304712 0.180253 -0.935232
vn 0.865930 0.000019 0.500165
vn 0.966207 0.207686 0.152676
vn -0.865930 -0.000019 -0.500165
vn -0.966207 -0.207686 -0.152676
vn 0.866213 0.000009 -0.499674
vn 0.583365 0.227146 -0.779801
vn -0.866213 -0.000009 0.499674
vn -0.583365 -0.227146 0.779801
vn 0.000000 0.000000 1.000000
vn -0.301035 -0.200454 0.932307
vn 0.000000 0.000000 -1.000000
vn 0.301035 0.200454 -0.932307
vn 0.865930 -0.000002 0.500165
vn 0.960642 0.230793 0.154604
vn -0.865930 0.000002 -0.500165
vn -0.960642 -0.230793 -0.154604
vn 0.866236 -0.000007 -0.499635
vn 0.581056 0.252887 -0.773577
vn -0.866236 0.000007 0.499635
vn -0.581056 -0.252887 0.773577
vn 0.000000 0.000000 1.000000
vn -0.301064 -0.200265 0.932338
vn 0.000000 0.000000 -1.000000
vn 0.301064 0.200265 -0.932338
vn 0.865930 0.000021 0.500165
vn 0.960689 0.230581 0.154624
vn -0.865930 -0.000021 -0.500165
vn -0.960689 -0.230581 -0.154624
vn 0.866222 -0.000011 -0.499660
vn 0.581056 0.252652 -0.773654
vn -0.866222 0.000011 0.499660
vn -0.581056 -0.252652 0.773654
vn 0.000000 0.000000 1.000000
vn -0.298596 -0.213271 0.930245
vn 0.000000 0.000000 -1.000000
vn 0.298596 0.213271 -0.930245
vn 0.865930 -0.000002 0.500165
vn 0.956808 0.245422 0.155839
vn -0.865930 0.000002 -0.500165
vn -0.956808 -0.245422 -0.155839
vn 0.866222 0.000013 -0.499660
vn 0.579378 0.269215 -0.769314
vn -0.866222 -0.000013 0.499660
vn -0.579378 -0.269215 0.769314
vn 0.000000 0.000000 1.000000
vn -0.307237 -0.166028 0.937038
vn 0.000000 0.000000 -1.000000
vn 0.307237 0.166028 -0.937038
vn 0.865916 0.000001 0.500190
vn 0.969798 0.191375 0.151222
vn -0.865916 -0.000001 -0.500190
vn -0.969798 -0.191375 -0.151222
vn 0.866222 0.000010 -0.499660
vn 0.584768 0.209016 -0.783810
vn -0.866222 -0.000010 0.499660
vn -0.584768 -0.209016 0.783810
vn 0.000000 0.000000 1.000000
vn -0.301593 -0.197373 0.932784
vn 0.000000 0.000000 -1.000000
vn 0.301593 0.197373 -0.932784
vn 0.865930 -0.000002 0.500165
vn 0.961526 0.227273 0.154324
vn -0.865930 0.000002 -0.500165
vn -0.961526 -0.227273 -0.154324
vn 0.866222 0.000012 -0.499660
vn 0.581468 0.248952 -0.774544
vn -0.866222 -0.000012 0.499660
vn -0.581468 -0.248952 0.774544
vn 0.000000 0.000000 1.000000
vn -0.299929 -0.206306 0.931386
vn 0.000000 0.000000 -1.000000
vn 0.299929 0.206306 -0.931386
vn 0.865916 0.000002 0.500190
vn 0.958913 0.237481 0.155203
vn -0.865916 -0.000002 -0.500190
vn -0.958913 -0.237481 -0.155203
vn 0.866222 0.000012 -0.499660
vn 0.580335 0.260328 -0.771648
vn -0.866222 -0.000012 0.499660
vn -0.580335 -0.260328 0.771648
vn 0.000000 0.000000 1.000000
vn -0.291859 -0.247445 0.923899
vn 0.000000 0.000000 -1.000000
vn 0.291859 0.247445 -0.923899
vn 0.865930 -0.000002 0.500165
vn 0.945482 0.284312 0.158843
vn -0.865930 0.000002 -0.500165
vn -0.945482 -0.284312 -0.158843
vn 0.866236 -0.000009 -0.499635
vn 0.573999 0.312662 -0.756814
vn -0.866236 0.000009 0.499635
vn -0.573999 -0.312662 0.756814
vn 0.000000 0.000000 1.000000
vn -0.307486 -0.164590 0.937210
vn 0.000000 0.000000 -1.000000
vn 0.307486 0.164590 -0.937210
vn 0.865930 -0.000001 0.500165
vn 0.970150 0.189721 0.151043
vn -0.865930 0.000001 -0.500165
vn -0.970150 -0.189721 -0.151043
vn 0.866222 0.000010 -0.499660
vn 0.584872 0.207197 -0.784215
vn -0.866222 -0.000010 0.499660
vn -0.584872 -0.207197 0.784215
vn 0.000000 0.000000 1.000000
vn -0.301172 -0.199722 0.932420
vn 0.000000 0.000000 -1.000000
vn 0.301172 0.199722 -0.932420
vn 0.865922 -0.000013 0.500179
vn 0.960854 0.229961 0.154523
vn -0.865922 0.000013 -0.500179
vn -0.960854 -0.229961 -0.154523
vn 0.866222 0.000012 -0.499660
vn 0.581171 0.251939 -0.773801
vn -0.866222 -0.000012 0.499660
vn -0.581171 -0.251939 0.773801
vn 0.000000 0.000000 1.000000
vn -0.299716 -0.207374 0.931218
vn 0.000000 0.000000 -1.000000
vn 0.299716 0.207374 -0.931218
vn 0.865930 -0.000015 0.500165
vn 0.958600 0.238700 0.155271
vn -0.865930 0.000015 -0.500165
vn -0.958600 -0.238700 -0.155271
vn 0.866222 0.000012 -0.499660
vn 0.580201 0.261691 -0.771288
vn -0.866222 -0.000012 0.499660
vn -0.580201 -0.261691 0.771288
vn 0.000000 0.000000 1.000000
vn -0.306413 -0.170754 0.936458
vn 0.000000 0.000000 -1.000000
vn 0.306413 0.170754 -0.936458
vn 0.865916 0.000001 0.500190
vn 0.968637 0.196797 0.151701
vn -0.865916 -0.000001 -0.500190
vn -0.968637 -0.196797 -0.151701
vn 0.866213 0.000008 -0.499674
vn 0.584297 0.215040 -0.782531
vn -0.866213 -0.000008 0.499674
vn -0.584297 -0.215040 0.782531
vn 0.000000 0.000000 1.000000
vn -0.301413 -0.198334 0.932638
vn 0.000000 0.000000 -1.000000
vn 0.301413 0.198334 -0.932638
vn 0.865930 -0.000002 0.500165
vn 0.961250 0.228371 0.154419
vn -0.865930 0.000002 -0.500165
vn -0.961250 -0.228371 -0.154419
vn 0.866213 0.000010 -0.499674
vn 0.581316 0.250182 -0.774261
vn -0.866213 -0.000010 0.499674
vn -0.581316 -0.250182 0.774261
vn 0.000000 0.000000 1.000000
vn -0.306322 -0.171223 0.936403
vn 0.000000 0.000000 -1.000000
vn 0.306322 0.171223 -0.936403
vn 0.865922 0.000008 0.500179
vn 0.968519 0.197340 0.151751
vn -0.865922 -0.000008 -0.500179
vn -0.968519 -0.197340 -0.151751
vn 0.866222 -0.000009 -0.499660
vn 0.584267 0.215639 -0.782389
vn -0.866222 0.000009 0.499660
vn -0.584267 -0.215639 0.782389
vn 0.000000 0.000000 1.000000
vn -0.298141 -0.215609 0.929852
vn 0.000000 0.000000 -1.000000
vn 0.298141 0.215609 -0.929852
vn 0.865930 0.000023 0.500165
vn 0.956077 0.248093 0.156096
vn -0.865930 -0.000023 -0.500165
vn -0.956077 -0.248093 -0.156096
vn 0.866213 -0.000014 -0.499674
vn 0.579018 0.272189 -0.768539
vn -0.866213 0.000014 0.499674
vn -0.579018 -0.272189 0.768539
vn 0.000000 0.000000 1.000000
vn -0.309500 -0.152939 0.938520
vn 0.000000 0.000000 -1.000000
vn 0.309500 0.152939 -0.938520
vn 0.865930 -0.000001 0.500165
vn 0.972862 0.176340 0.149813
vn -0.865930 0.000001 -0.500165
vn -0.972862 -0.176340 -0.149813
vn 0.866222 0.000009 -0.499660
vn 0.585817 0.192358 -0.787284
vn -0.866222 -0.000009 0.499660
vn -0.585817 -0.192358 0.787284
vn 0.000000 0.000000 1.000000
vn -0.290436 -0.254296 0.922486
vn 0.000000 0.000000 -1.000000
vn 0.290436 0.254296 -0.922486
vn 0.865922 -0.000017 0.500179
vn 0.943014 0.292032 0.159506
vn -0.865922 0.000017 -0.500179
vn -0.943014 -0.292032 -0.159506
vn 0.866222 0.000016 -0.499660
vn 0.572804 0.321342 -0.754079
vn -0.866222 -0.000016 0.499660
vn -0.572804 -0.321342 0.754079
vn 0.000000 0.000000 1.000000
vn -0.300926 -0.200932 0.932239
vn 0.000000 0.000000 -1.000000
vn 0.300926 0.200932 -0.932239
vn 0.865930 -0.000015 0.500165
vn 0.960500 0.231345 0.154657
vn -0.865930 0.000015 -0.500165
vn -0.960500 -0.231345 -0.154657
vn 0.866222 0.000012 -0.499660
vn 0.581031 0.253488 -0.773400
vn -0.866222 -0.000012 0.499660
vn -0.581031 -0.253488 0.773400
vn 0.000000 0.000000 1.000000
vn -0.295307 -0.230187 0.927258
vn 0.000000 0.000000 -1.000000
vn 0.295307 0.230187 -0.927258
vn 0.865930 -0.000002 0.500165
vn 0.951405 0.264683 0.157392
vn -0.865930 0.000002 -0.500165
vn -0.951405 -0.264683 -0.157392
vn 0.866236 -0.000009 -0.499635
vn 0.576886 0.290736 -0.763332
vn -0.866236 0.000009 0.499635
vn -0.576886 -0.290736 0.763332
vn 0.000000 0.000000 1.000000
vn -0.303319 -0.187985 0.934162
vn 0.000000 0.000000 -1.000000
vn 0.303319 0.187985 -0.934162
vn 0.865922 0.000009 0.500179
vn 0.964141 0.216545 0.153430
vn -0.865922 -0.000009 -0.500179
vn -0.964141 -0.216545 -0.153430
vn 0.866222 -0.000010 -0.499660
vn 0.582538 0.236995 -0.777485
vn -0.866222 0.000010 0.499660
vn -0.582538 -0.236995 0.777485
vn 0.000000 0.000000 1.000000
vn -0.301539 -0.197642 0.932744
vn 0.000000 0.000000 -1.000000
vn 0.301539 0.197642 -0.932744
vn 0.865930 -0.000002 0.500165
vn 0.961448 0.227580 0.154354
vn -0.865930 0.000002 -0.500165
vn -0.961448 -0.227580 -0.154354
vn 0.866236 -0.000007 -0.499635
vn 0.581438 0.249296 -0.774456
vn -0.866236 0.000007 0.499635
vn -0.581438 -0.249296 0.774456
vn 0.000000 0.000000 1.000000
vn -0.299174 -0.210239 0.930749
vn 0.000000 0.000000 -1.000000
vn 0.299174 0.210239 -0.930749
vn 0.865930 -0.000002 0.500165
vn 0.957735 0.241965 0.155554
vn -0.865930 0.000002 -0.500165
vn -0.957735 -0.241965 -0.155554
vn 0.866222 0.000013 -0.499660
vn 0.579817 0.265339 -0.770329
vn -0.866222 -0.000013 0.499660
vn -0.579817 -0.265339 0.770329
vn 0.000000 0.000000 1.000000
vn -0.298814 -0.212172 0.930426
vn 0.000000 0.000000 -1.000000
vn 0.298814 0.212172 -0.930426
vn 0.865922 -0.000014 0.500179
vn 0.957147 0.244175 0.155717
vn -0.865922 0.000014 -0.500179
vn -0.957147 -0.244175 -0.155717
vn 0.866222 0.000013 -0.499660
vn 0.579549 0.267798 -0.769680
vn -0.866222 -0.000013 0.499660
vn -0.579549 -0.267798 0.769680
vn 0.000000 0.000000 1.000000
vn -0.300614 -0.202709 0.931955
vn 0.000000 0.000000 -1.000000
vn 0.300614 0.202709 -0.931955
vn 0.865922 -0.000013 0.500179
vn 0.959986 0.233407 0.154754
vn -0.865922 0.000013 -0.500179
vn -0.959986 -0.233407 -0.154754
vn 0.866222 -0.000011 -0.499660
vn 0.580769 0.255748 -0.772852
vn -0.866222 0.000011 0.499660
vn -0.580769 -0.255748 0.772852
vn 0.000000 0.000000 1.000000
vn -0.297427 -0.219379 0.929199
vn 0.000000 0.000000 -1.000000
vn 0.297427 0.219379 -0.929199
vn 0.865930 -0.000002 0.500165
vn 0.954904 0.252419 0.156343
vn -0.865930 0.000002 -0.500165
vn -0.954904 -0.252419 -0.156343
vn 0.866228 -0.000010 -0.499649
vn 0.578480 0.276990 -0.767227
vn -0.866228 0.000010 0.499649
vn -0.578480 -0.276990 0.767227
vn 0.000000 0.000000 1.000000
vn -0.309374 -0.153653 0.938445
vn 0.000000 0.000000 -1.000000
vn 0.309374 0.153653 -0.938445
vn 0.865930 -0.000001 0.500165
vn 0.972700 0.177161 0.149895
vn -0.865930 0.000001 -0.500165
vn -0.972700 -0.177161 -0.149895
vn 0.866222 0.000009 -0.499660
vn 0.585790 0.193256 -0.787085
vn -0.866222 -0.000009 0.499660
vn -0.585790 -0.193256 0.787085
vn 0.000000 0.000000 1.000000
vn -0.294488 -0.234311 0.926485
vn 0.000000 0.000000 -1.000000
vn 0.294488 0.234311 -0.926485
vn 0.865922 -0.000015 0.500179
vn 0.950026 0.269371 0.157763
vn -0.865922 0.000015 -0.500179
vn -0.950026 -0.269371 -0.157763
vn 0.866236 -0.000009 -0.499635
vn 0.576232 0.295979 -0.761809
vn -0.866236 0.000009 0.499635
vn -0.576232 -0.295979 0.761809
vn 0.000000 0.000000 1.000000
vn -0.289203 -0.260222 0.921220
vn 0.000000 0.000000 -1.000000
vn 0.289203 0.260222 -0.921220
vn 0.865916 0.000002 0.500190
vn 0.940820 0.298740 0.160041
vn -0.865916 -0.000002 -0.500190
vn -0.940820 -0.298740 -0.160041
vn 0.866213 0.000014 -0.499674
vn 0.571695 0.328837 -0.751685
vn -0.866213 -0.000014 0.499674
vn -0.571695 -0.328837 0.751685
vn 0.000000 0.000000 1.000000
vn -0.301047 -0.200368 0.932322
vn 0.000000 0.000000 -1.000000
vn 0.301047 0.200368 -0.932322
vn 0.865916 0.000002 0.500190
vn 0.960660 0.230699 0.154632
vn -0.865916 -0.000002 -0.500190
vn -0.960660 -0.230699 -0.154632
vn 0.866213 0.000010 -0.499674
vn 0.581057 0.252769 -0.773615
vn -0.866213 -0.000010 0.499674
vn -0.581057 -0.252769 0.773615
vn 0.000000 0.000000 1.000000
vn -0.308315 -0.159856 0.937757
vn 0.000000 0.000000 -1.000000
vn 0.308315 0.159856 -0.937757
vn 0.865922 -0.000010 0.500179
vn 0.971275 0.184286 0.150542
vn -0.865922 0.000010 -0.500179
vn -0.971275 -0.184286 -0.150542
vn 0.866236 -0.000006 -0.499635
vn 0.585270 0.201165 -0.785488
vn -0.866236 0.000006 0.499635
vn -0.585270 -0.201165 0.785488
vn 0.000000 0.000000 1.000000
vn -0.301831 -0.196089 0.932977
vn 0.000000 0.000000 -1.000000
vn 0.301831 0.196089 -0.932977
vn 0.865930 0.000020 0.500165
vn 0.961885 0.225810 0.154231
vn -0.865930 -0.000020 -0.500165
vn -0.961885 -0.225810 -0.154231
vn 0.866213 -0.000012 -0.499674
vn 0.581561 0.247327 -0.774994
vn -0.866213 0.000012 0.499674
vn -0.581561 -0.247327 0.774994
vn 0.000000 0.000000 1.000000
vn -0.307651 -0.163627 0.937324
vn 0.000000 0.000000 -1.000000
vn 0.307651 0.163627 -0.937324
vn 0.865930 0.000017 0.500165
vn 0.970375 0.188620 0.150979
vn -0.865930 -0.000017 -0.500165
vn -0.970375 -0.188620 -0.150979
vn 0.866213 -0.000010 -0.499674
vn 0.584919 0.205967 -0.784505
vn -0.866213 0.000010 0.499674
vn -0.584919 -0.205967 0.784505
vn 0.000000 0.000000 1.000000
vn -0.300695 -0.202208 0.932038
vn 0.000000 0.000000 -1.000000
vn 0.300695 0.202208 -0.932038
vn 0.865930 -0.000015 0.500165
vn 0.960131 0.232835 0.154715
vn -0.865930 0.000015 -0.500165
vn -0.960131 -0.232835 -0.154715
vn 0.866222 -0.000011 -0.499660
vn 0.580839 0.255114 -0.773009
vn -0.866222 0.000011 0.499660
vn -0.580839 -0.255114 0.773009
vn 0.000000 0.000000 1.000000
vn -0.296188 -0.225773 0.928062
vn 0.000000 0.000000 -1.000000
vn 0.296188 0.225773 -0.928062
vn 0.865930 -0.000002 0.500165
vn 0.952855 0.259663 0.156978
vn -0.865930 0.000002 -0.500165
vn -0.952855 -0.259663 -0.156978
vn 0.866213 0.000011 -0.499674
vn 0.577547 0.285109 -0.764952
vn -0.866213 -0.000011 0.499674
vn -0.577547 -0.285109 0.764952
vn 0.000000 0.000000 1.000000
vn -0.300136 -0.205143 0.931576
vn 0.000000 0.000000 -1.000000
vn 0.300136 0.205143 -0.931576
vn 0.865930 -0.000002 0.500165
vn 0.959263 0.236149 0.155074
vn -0.865930 0.000002 -0.500165
vn -0.959263 -0.236149 -0.155074
vn 0.866228 -0.000009 -0.499649
vn 0.580458 0.258857 -0.772050
vn -0.866228 0.000009 0.499649
vn -0.580458 -0.258857 0.772050
vn 0.000000 0.000000 1.000000
vn -0.304654 -0.180583 0.935187
vn 0.000000 0.000000 -1.000000
vn 0.304654 0.180583 -0.935187
vn 0.865907 -0.000008 0.500204
vn 0.966121 0.208065 0.152707
vn -0.865907 0.000008 -0.500204
vn -0.966121 -0.208065 -0.152707
vn 0.866222 0.000011 -0.499660
vn 0.583341 0.227576 -0.779694
vn -0.866222 -0.000011 0.499660
vn -0.583341 -0.227576 0.779694
vn 0.000000 0.000000 1.000000
vn -0.306249 -0.171706 0.936338
vn 0.000000 0.000000 -1.000000
vn 0.306249 0.171706 -0.936338
vn 0.865922 -0.000011 0.500179
vn 0.968406 0.197889 0.151754
vn -0.865922 0.000011 -0.500179
vn -0.968406 -0.197889 -0.151754
vn 0.866222 0.000010 -0.499660
vn 0.584241 0.216246 -0.782240
vn -0.866222 -0.000010 0.499660
vn -0.584241 -0.216246 0.782240
vn 0.000000 0.000000 1.000000
vn -0.302721 -0.191226 0.933698
vn 0.000000 0.000000 -1.000000
vn 0.302721 0.191226 -0.933698
vn 0.865930 0.000020 0.500165
vn 0.963248 0.220248 0.153764
vn -0.865930 -0.000020 -0.500165
vn -0.963248 -0.220248 -0.153764
vn 0.866222 -0.000010 -0.499660
vn 0.582148 0.241141 -0.776501
vn -0.866222 0.000010 0.499660
vn -0.582148 -0.241141 0.776501
vn 0.000000 0.000000 1.000000
vn -0.286787 -0.271669 0.918667
vn 0.000000 0.000000 -1.000000
vn 0.286787 0.271669 -0.918667
vn 0.865930 -0.000002 0.500165
vn 0.936462 0.311658 0.160958
vn -0.865930 0.000002 -0.500165
vn -0.936462 -0.311658 -0.160958
vn 0.866222 0.000017 -0.499660
vn 0.569474 0.343330 -0.746876
vn -0.866222 -0.000017 0.499660
vn -0.569474 -0.343330 0.746876
vn 0.000000 0.000000 1.000000
vn -0.308976 -0.155999 0.938189
vn 0.000000 0.000000 -1.000000
vn 0.308976 0.155999 -0.938189
vn 0.865907 -0.000007 0.500204
vn 0.972162 0.179860 0.150171
vn -0.865907 0.000007 -0.500204
vn -0.972162 -0.179860 -0.150171
vn 0.866222 0.000009 -0.499660
vn 0.585582 0.196255 -0.786497
vn -0.866222 -0.000009 0.499660
vn -0.585582 -0.196255 0.786497
vn 0.000000 0.000000 1.000000
vn -0.300532 -0.203100 0.931897
vn 0.000000 0.000000 -1.000000
vn 0.300532 0.203100 -0.931897
vn 0.865930 -0.000002 0.500165
vn 0.959868 0.233815 0.154866
vn -0.865930 0.000002 -0.500165
vn -0.959868 -0.233815 -0.154866
vn 0.866228 -0.000009 -0.499649
vn 0.580715 0.256250 -0.772726
vn -0.866228 0.000009 0.499649
vn -0.580715 -0.256250 0.772726
vn 0.000000 0.000000 1.000000
vn -0.302458 -0.192687 0.933483
vn 0.000000 0.000000 -1.000000
vn 0.302458 0.192687 -0.933483
vn 0.865922 -0.000012 0.500179
vn 0.962849 0.221915 0.153869
vn -0.865922 0.000012 -0.500179
vn -0.962849 -0.221915 -0.153869
vn 0.866222 0.000011 -0.499660
vn 0.582003 0.242997 -0.776031
vn -0.866222 -0.000011 0.499660
vn -0.582003 -0.242997 0.776031
vn 0.000000 0.000000 1.000000
vn -0.307987 -0.161728 0.937543
vn 0.000000 0.000000 -1.000000
vn 0.307987 0.161728 -0.937543
vn 0.865930 -0.000001 0.500165
vn 0.970834 0.186436 0.150741
vn -0.865930 0.000001 -0.500165
vn -0.970834 -0.186436 -0.150741
vn 0.866222 0.000009 -0.499660
vn 0.585116 0.203551 -0.784988
vn -0.866222 -0.000009 0.499660
vn -0.585116 -0.203551 0.784988
vn 0.000000 0.000000 1.000000
vn -0.308493 -0.158767 0.937883
vn 0.000000 0.000000 -1.000000
vn 0.308493 0.158767 -0.937883
vn 0.865922 -0.000010 0.500179
vn 0.971528 0.183040 0.150429
vn -0.865922 0.000010 -0.500179
vn -0.971528 -0.183040 -0.150429
vn 0.866236 -0.000006 -0.499635
vn 0.585389 0.199768 -0.785756
vn -0.866236 0.000006 0.499635
vn -0.585389 -0.199768 0.785756
vn 0.000000 0.000000 1.000000
vn -0.294093 -0.236238 0.926121
vn 0.000000 0.000000 -1.000000
vn 0.294093 0.236238 -0.926121
vn 0.865930 -0.000018 0.500165
vn 0.949372 0.271603 0.157877
vn -0.865930 0.000018 -0.500165
vn -0.949372 -0.271603 -0.157877
vn 0.866236 -0.000009 -0.499635
vn 0.575932 0.298427 -0.761081
vn -0.866236 0.000009 0.499635
vn -0.575932 -0.298427 0.761081
vn 0.000000 0.000000 1.000000
vn -0.304157 -0.183401 0.934801
vn 0.000000 0.000000 -1.000000
vn 0.304157 0.183401 -0.934801
vn 0.865922 -0.000012 0.500179
vn 0.965384 0.211287 0.152945
vn -0.865922 0.000012 -0.500179
vn -0.965384 -0.211287 -0.152945
vn 0.866222 0.000011 -0.499660
vn 0.583038 0.231163 -0.778865
vn -0.866222 -0.000011 0.499660
vn -0.583038 -0.231163 0.778865
vn 0.000000 0.000000 1.000000
vn -0.306335 -0.171178 0.936406
vn 0.000000 0.000000 -1.000000
vn 0.306335 0.171178 -0.936406
vn 0.865930 0.000018 0.500165
vn 0.968531 0.197284 0.151748
vn -0.865930 -0.000018 -0.500165
vn -0.968531 -0.197284 -0.151748
vn 0.866213 -0.000011 -0.499674
vn 0.584232 0.215585 -0.782429
vn -0.866213 0.000011 0.499674
vn -0.584232 -0.215585 0.782429
vn 0.000000 0.000000 1.000000
vn -0.293800 -0.237770 0.925822
vn 0.000000 0.000000 -1.000000
vn 0.293800 0.237770 -0.925822
vn 0.865930 -0.000002 0.500165
vn 0.948853 0.273299 0.158067
vn -0.865930 0.000002 -0.500165
vn -0.948853 -0.273299 -0.158067
vn 0.866222 0.000015 -0.499660
vn 0.575668 0.300372 -0.760515
vn -0.866222 -0.000015 0.499660
vn -0.575668 -0.300372 0.760515
vn 0.000000 0.000000 1.000000
vn -0.307781 -0.162922 0.937404
vn 0.000000 0.000000 -1.000000
vn 0.307781 0.162922 -0.937404
vn 0.865930 -0.000012 0.500165
vn 0.970556 0.187837 0.150793
vn -0.865930 0.000012 -0.500165
vn -0.970556 -0.187837 -0.150793
vn 0.866222 -0.000008 -0.499660
vn 0.585011 0.205062 -0.784673
vn -0.866222 0.000008 0.499660
vn -0.585011 -0.205062 0.784673
vn 0.000000 0.000000 1.000000
vn -0.288122 -0.265459 0.920064
vn 0.000000 0.000000 -1.000000
vn 0.288122 0.265459 -0.920064
vn 0.865930 -0.000002 0.500165
vn 0.938857 0.304650 0.160427
vn -0.865930 0.000002 -0.500165
vn -0.938857 -0.304650 -0.160427
vn 0.866236 -0.000010 -0.499635
vn 0.570693 0.335470 -0.749513
vn -0.866236 0.000010 0.499635
vn -0.570693 -0.335470 0.749513
vn 0.000000 0.000000 1.000000
vn -0.300787 -0.201648 0.932129
vn 0.000000 0.000000 -1.000000
vn 0.300787 0.201648 -0.932129
vn 0.865930 -0.000002 0.500165
vn 0.960290 0.232158 0.154746
vn -0.865930 0.000002 -0.500165
vn -0.960290 -0.232158 -0.154746
vn 0.866236 -0.000007 -0.499635
vn 0.580920 0.254417 -0.773178
vn -0.866236 0.000007 0.499635
vn -0.580920 -0.254417 0.773178
vn 0.000000 0.000000 1.000000
vn -0.304643 -0.180661 0.935176
vn 0.000000 0.000000 -1.000000
vn 0.304643 0.180661 -0.935176
vn 0.865930 -0.000002 0.500165
vn 0.966107 0.208149 0.152680
vn -0.865930 0.000002 -0.500165
vn -0.966107 -0.208149 -0.152680
vn 0.866222 0.000011 -0.499660
vn 0.583332 0.227673 -0.779672
vn -0.866222 -0.000011 0.499660
vn -0.583332 -0.227673 0.779672
vn 0.000000 0.000000 1.000000
vn -0.306046 -0.172842 0.936195
vn 0.000000 0.000000 -1.000000
vn 0.306046 0.172842 -0.936195
vn 0.865930 0.000018 0.500165
vn 0.968114 0.199192 0.151913
vn -0.865930 -0.000018 -0.500165
vn -0.968114 -0.199192 -0.151913
vn 0.866222 -0.000009 -0.499660
vn 0.584107 0.217699 -0.781938
vn -0.866222 0.000009 0.499660
vn -0.584107 -0.217699 0.781938
vn 0.000000 0.000000 1.000000
vn -0.305257 -0.177309 0.935617
vn 0.000000 0.000000 -1.000000
vn 0.305257 0.177309 -0.935617
vn 0.865930 -0.000002 0.500165
vn 0.966982 0.204308 0.152328
vn -0.865930 0.000002 -0.500165
vn -0.966982 -0.204308 -0.152328
vn 0.866222 0.000010 -0.499660
vn 0.583692 0.223385 -0.780643
vn -0.866222 -0.000010 0.499660
vn -0.583692 -0.223385 0.780643
vn 0.000000 0.000000 1.000000
vn -0.305679 -0.174850 0.935942
vn 0.000000 0.000000 -1.000000
vn 0.305679 0.174850 -0.935942
vn 0.865930 -0.000001 0.500165
vn 0.967610 0.201491 0.152097
vn -0.865930 0.000001 -0.500165
vn -0.967610 -0.201491 -0.152097
vn 0.866228 -0.000008 -0.499649
vn 0.583909 0.220262 -0.781368
vn -0.866228 0.000008 0.499649
vn -0.583909 -0.220262 0.781368
vn 0.000000 0.000000 1.000000
vn -0.308300 -0.159868 0.937760
vn 0.000000 0.000000 -1.000000
vn 0.308300 0.159868 -0.937760
vn 0.865930 -0.000012 0.500165
vn 0.971272 0.184304 0.150543
vn -0.865930 0.000012 -0.500165
vn -0.971272 -0.184304 -0.150543
vn 0.866222 0.000009 -0.499660
vn 0.585300 0.201171 -0.785464
vn -0.866222 -0.000009 0.499660
vn -0.585300 -0.201171 0.785464
vn 0.000000 0.000000 1.000000
vn -0.309420 -0.153423 0.938467
vn 0.000000 0.000000 -1.000000
vn 0.309420 0.153423 -0.938467
vn 0.865930 -0.000001 0.500165
vn 0.972753 0.176896 0.149862
vn -0.865930 0.000001 -0.500165
vn -0.972753 -0.176896 -0.149862
vn 0.866213 0.000007 -0.499674
vn 0.585767 0.192965 -0.787173
vn -0.866213 -0.000007 0.499674
vn -0.585767 -0.192965 0.787173
vn 0.000000 0.000000 1.000000
vn -0.309240 -0.154457 0.938357
vn 0.000000 0.000000 -1.000000
vn 0.309240 0.154457 -0.938357
vn 0.865930 -0.000001 0.500165
vn 0.972519 0.178084 0.149975
vn -0.865930 0.000001 -0.500165
vn -0.972519 -0.178084 -0.149975
vn 0.866222 0.000009 -0.499660
vn 0.585726 0.194278 -0.786881
vn -0.866222 -0.000009 0.499660
vn -0.585726 -0.194278 0.786881
vn 0.000000 0.000000 1.000000
vn -0.307726 -0.163262 0.937364
vn 0.000000 0.000000 -1.000000
vn 0.307726 0.163262 -0.937364
vn 0.865930 -0.000001 0.500165
vn 0.970474 0.188223 0.150839
vn -0.865930 0.000001 -0.500165
vn -0.970474 -0.188223 -0.150839
vn 0.866222 -0.000008 -0.499660
vn 0.584980 0.205494 -0.784583
vn -0.866222 0.000008 0.499660
vn -0.584980 -0.205494 0.784583
vn 0.000000 0.000000 1.000000
vn -0.303290 -0.188122 0.934144
vn 0.000000 0.000000 -1.000000
vn 0.303290 0.188122 -0.934144
vn 0.865930 0.000019 0.500165
vn 0.964102 0.216697 0.153457
vn -0.865930 -0.000019 -0.500165
vn -0.964102 -0.216697 -0.153457
vn 0.866222 -0.000010 -0.499660
vn 0.582500 0.237187 -0.777455
vn -0.866222 0.000010 0.499660
vn -0.582500 -0.237187 0.777455
vn 0.000000 0.000000 1.000000
vn -0.301909 -0.195651 0.933044
vn 0.000000 0.000000 -1.000000
vn 0.301909 0.195651 -0.933044
vn 0.865930 0.000020 0.500165
vn 0.962009 0.225310 0.154192
vn -0.865930 -0.000020 -0.500165
vn -0.962009 -0.225310 -0.154192
vn 0.866213 -0.000012 -0.499674
vn 0.581615 0.246770 -0.775131
vn -0.866213 0.000012 0.499674
vn -0.581615 -0.246770 0.775131
vn 0.000000 0.000000 1.000000
vn -0.305168 -0.177699 0.935572
vn 0.000000 0.000000 -1.000000
vn 0.305168 0.177699 -0.935572
vn 0.865930 -0.000002 0.500165
vn 0.966878 0.204756 0.152389
vn -0.865930 0.000002 -0.500165
vn -0.966878 -0.204756 -0.152389
vn 0.866222 0.000010 -0.499660
vn 0.583639 0.223901 -0.780534
vn -0.866222 -0.000010 0.499660
vn -0.583639 -0.223901 0.780534
vn 0.000000 0.000000 1.000000
vn -0.294565 -0.233971 0.926547
vn 0.000000 0.000000 -1.000000
vn 0.294565 0.233971 -0.926547
vn 0.865922 -0.000015 0.500179
vn 0.950143 0.268990 0.157714
vn -0.865922 0.000015 -0.500179
vn -0.950143 -0.268990 -0.157714
vn 0.866236 -0.000009 -0.499635
vn 0.576306 0.295525 -0.761929
vn -0.866236 0.000009 0.499635
vn -0.576306 -0.295525 0.761929
vn 0.000000 0.000000 1.000000
vn -0.301752 -0.196488 0.932919
vn 0.000000 0.000000 -1.000000
vn 0.301752 0.196488 -0.932919
vn 0.865930 -0.000002 0.500165
vn 0.961777 0.226262 0.154244
vn -0.865930 0.000002 -0.500165
vn -0.961777 -0.226262 -0.154244
vn 0.866222 0.000012 -0.499660
vn 0.581578 0.247827 -0.774822
vn -0.866222 -0.000012 0.499660
vn -0.581578 -0.247827 0.774822
vn 0.000000 0.000000 1.000000
vn -0.301641 -0.197146 0.932816
vn 0.000000 0.000000 -1.000000
vn 0.301641 0.197146 -0.932816
vn 0.865930 -0.000002 0.500165
vn 0.961593 0.227045 0.154239
vn -0.865930 0.000002 -0.500165
vn -0.961593 -0.227045 -0.154239
vn 0.866236 -0.000007 -0.499635
vn 0.581450 0.248688 -0.774642
vn -0.866236 0.000007 0.499635
vn -0.581450 -0.248688 0.774642
vn 0.000000 0.000000 1.000000
vn -0.306060 -0.172797 0.936199
vn 0.000000 0.000000 -1.000000
vn 0.306060 0.172797 -0.936199
vn 0.865922 -0.000011 0.500179
vn 0.968133 0.199140 0.151860
vn -0.865922 0.000011 -0.500179
vn -0.968133 -0.199140 -0.151860
vn 0.866222 0.000010 -0.499660
vn 0.584134 0.217635 -0.781935
vn -0.866222 -0.000010 0.499660
vn -0.584134 -0.217635 0.781935
vn 0.000000 0.000000 1.000000
vn -0.306404 -0.170767 0.936459
vn 0.000000 0.000000 -1.000000
vn 0.306404 0.170767 -0.936459
vn 0.865907 -0.000008 0.500204
vn 0.968632 0.196813 0.151711
vn -0.865907 0.000008 -0.500204
vn -0.968632 -0.196813 -0.151711
vn 0.866222 0.000010 -0.499660
vn 0.584312 0.215068 -0.782513
vn -0.866222 -0.000010 0.499660
vn -0.584312 -0.215068 0.782513
vn 0.000000 0.000000 1.000000
vn -0.296291 -0.225219 0.928164
vn 0.000000 0.000000 -1.000000
vn 0.296291 0.225219 -0.928164
vn 0.865930 -0.000002 0.500165
vn 0.953034 0.259032 0.156933
vn -0.865930 0.000002 -0.500165
vn -0.953034 -0.259032 -0.156933
vn 0.866228 -0.000011 -0.499649
vn 0.577634 0.284406 -0.765148
vn -0.866228 0.000011 0.499649
vn -0.577634 -0.284406 0.765148
vn 0.000000 0.000000 1.000000
vn -0.304922 -0.179143 0.935377
vn 0.000000 0.000000 -1.000000
vn 0.304922 0.179143 -0.935377
vn 0.865930 -0.000002 0.500165
vn 0.966505 0.206410 0.152521
vn -0.865930 0.000002 -0.500165
vn -0.966505 -0.206410 -0.152521
vn 0.866222 0.000011 -0.499660
vn 0.583509 0.225723 -0.780107
vn -0.866222 -0.000011 0.499660
vn -0.583509 -0.225723 0.780107
vn 0.000000 0.000000 1.000000
vn -0.308061 -0.161298 0.937593
vn 0.000000 0.000000 -1.000000
vn 0.308061 0.161298 -0.937593
vn 0.865930 -0.000001 0.500165
vn 0.970936 0.185942 0.150697
vn -0.865930 0.000001 -0.500165
vn -0.970936 -0.185942 -0.150697
vn 0.866222 0.000009 -0.499660
vn 0.585176 0.202991 -0.785088
vn -0.866222 -0.000009 0.499660
vn -0.585176 -0.202991 0.785088
vn 0.000000 0.000000 1.000000
vn -0.307323 -0.165622 0.937082
vn 0.000000 0.000000 -1.000000
vn 0.307323 0.165622 -0.937082
vn 0.865930 -0.000001 0.500165
vn 0.969905 0.190905 0.151131
vn -0.865930 0.000001 -0.500165
vn -0.969905 -0.190905 -0.151131
vn 0.866213 0.000008 -0.499674
vn 0.584760 0.208499 -0.783954
vn -0.866213 -0.000008 0.499674
vn -0.584760 -0.208499 0.783954
vn 0.000000 0.000000 1.000000
vn -0.290249 -0.255246 0.922283
vn 0.000000 0.000000 -1.000000
vn 0.290249 0.255246 -0.922283
vn 0.865930 -0.000020 0.500165
vn 0.942666 0.293152 0.159506
vn -0.865930 0.000020 -0.500165
vn -0.942666 -0.293152 -0.159506
vn 0.866236 -0.000010 -0.499635
vn 0.572631 0.322537 -0.753700
vn -0.866236 0.000010 0.499635
vn -0.572631 -0.322537 0.753700
vn 0.000000 0.000000 1.000000
vn -0.289837 -0.257225 0.921862
vn 0.000000 0.000000 -1.000000
vn 0.289837 0.257225 -0.921862
vn 0.865922 -0.000017 0.500179
vn 0.941941 0.295345 0.159746
vn -0.865922 0.000017 -0.500179
vn -0.941941 -0.295345 -0.159746
vn 0.866236 -0.000010 -0.499635
vn 0.572261 0.325050 -0.752901
vn -0.866236 0.000010 0.499635
vn -0.572261 -0.325050 0.752901
vn 0.000000 0.000000 1.000000
vn -0.299867 -0.206609 0.931339
vn 0.000000 0.000000 -1.000000
vn 0.299867 0.206609 -0.931339
vn 0.865930 0.000022 0.500165
vn 0.958822 0.237827 0.155238
vn -0.865930 -0.000022 -0.500165
vn -0.958822 -0.237827 -0.155238
vn 0.866213 -0.000013 -0.499674
vn 0.580236 0.260726 -0.771588
vn -0.866213 0.000013 0.499674
vn -0.580236 -0.260726 0.771588
vn 0.000000 0.000000 1.000000
vn -0.289061 -0.260940 0.921061
vn 0.000000 0.000000 -1.000000
vn 0.289061 0.260940 -0.921061
vn 0.865922 -0.000017 0.500179
vn 0.940560 0.299546 0.160061
vn -0.865922 0.000017 -0.500179
vn -0.940560 -0.299546 -0.160061
vn 0.866222 0.000016 -0.499660
vn 0.571565 0.329756 -0.751381
vn -0.866222 -0.000016 0.499660
vn -0.571565 -0.329756 0.751381
vn 0.000000 0.000000 1.000000
vn -0.290803 -0.252562 0.922847
vn 0.000000 0.000000 -1.000000
vn 0.290803 0.252562 -0.922847
vn 0.865930 -0.000019 0.500165
vn 0.943647 0.290075 0.159333
vn -0.865930 0.000019 -0.500165
vn -0.943647 -0.290075 -0.159333
vn 0.866236 -0.000009 -0.499635
vn 0.573138 0.319121 -0.754768
vn -0.866236 0.000009 0.499635
vn -0.573138 -0.319121 0.754768
vn 0.000000 0.000000 1.000000
vn -0.293098 -0.241353 0.925117
vn 0.000000 0.000000 -1.000000
vn 0.293098 0.241353 -0.925117
vn 0.865922 -0.000016 0.500179
vn 0.947623 0.277371 0.158354
vn -0.865922 0.000016 -0.500179
vn -0.947623 -0.277371 -0.158354
vn 0.866222 0.000015 -0.499660
vn 0.575087 0.304897 -0.759153
vn -0.866222 -0.000015 0.499660
vn -0.575087 -0.304897 0.759153
vn 0.000000 0.000000 1.000000
vn -0.307065 -0.167097 0.936905
vn 0.000000 0.000000 -1.000000
vn 0.307065 0.167097 -0.936905
vn 0.865930 -0.000001 0.500165
vn 0.969549 0.192625 0.151227
vn -0.865930 0.000001 -0.500165
vn -0.969549 -0.192625 -0.151227
vn 0.866236 -0.000006 -0.499635
vn 0.584622 0.210396 -0.783550
vn -0.866236 0.000006 0.499635
vn -0.584622 -0.210396 0.783550
vn 0.000000 0.000000 1.000000
vn -0.306778 -0.168727 0.936706
vn 0.000000 0.000000 -1.000000
vn 0.306778 0.168727 -0.936706
vn 0.865922 -0.000011 0.500179
vn 0.969146 0.194467 0.151452
vn -0.865922 0.000011 -0.500179
vn -0.969146 -0.194467 -0.151452
vn 0.866222 0.000010 -0.499660
vn 0.584492 0.212463 -0.783089
vn -0.866222 -0.000010 0.499660
vn -0.584492 -0.212463 0.783089
vn 0.000000 0.000000 1.000000
vn -0.296077 -0.226277 0.927975
vn 0.000000 0.000000 -1.000000
vn 0.296077 0.226277 -0.927975
vn 0.865930 0.000024 0.500165
vn 0.952682 0.260242 0.157069
vn -0.865930 -0.000024 -0.500165
vn -0.952682 -0.260242 -0.157069
vn 0.866222 -0.000012 -0.499660
vn 0.577461 0.285770 -0.764770
vn -0.866222 0.000012 0.499660
vn -0.577461 -0.285770 0.764770
vn 0.000000 0.000000 1.000000
vn -0.298126 -0.215757 0.929822
vn 0.000000 0.000000 -1.000000
vn 0.298126 0.215757 -0.929822
vn 0.865930 0.000023 0.500165
vn 0.956034 0.248261 0.156094
vn -0.865930 -0.000023 -0.500165
vn -0.956034 -0.248261 -0.156094
vn 0.866222 -0.000012 -0.499660
vn 0.579000 0.272383 -0.768483
vn -0.866222 0.000012 0.499660
vn -0.579000 -0.272383 0.768483
vn 0.000000 0.000000 1.000000
vn -0.305062 -0.178403 0.935473
vn 0.000000 0.000000 -1.000000
vn 0.305062 0.178403 -0.935473
vn 0.865930 -0.000002 0.500165
vn 0.966699 0.205562 0.152437
vn -0.865930 0.000002 -0.500165
vn -0.966699 -0.205562 -0.152437
vn 0.866222 0.000011 -0.499660
vn 0.583556 0.224792 -0.780340
vn -0.866222 -0.000011 0.499660
vn -0.583556 -0.224792 0.780340
vn 0.000000 0.000000 1.000000
vn -0.301196 -0.199509 0.932458
vn 0.000000 0.000000 -1.000000
vn 0.301196 0.199509 -0.932458
vn 0.865930 0.000021 0.500165
vn 0.960906 0.229718 0.154562
vn -0.865930 -0.000021 -0.500165
vn -0.960906 -0.229718 -0.154562
vn 0.866213 -0.000013 -0.499674
vn 0.581144 0.251683 -0.773904
vn -0.866213 0.000013 0.499674
vn -0.581144 -0.251683 0.773904
vn 0.000000 0.000000 1.000000
vn -0.286926 -0.271046 0.918808
vn 0.000000 0.000000 -1.000000
vn 0.286926 0.271046 -0.918808
vn 0.865930 -0.000002 0.500165
vn 0.936706 0.310955 0.160900
vn -0.865930 0.000002 -0.500165
vn -0.936706 -0.310955 -0.160900
vn 0.866222 0.000017 -0.499660
vn 0.569596 0.342539 -0.747146
vn -0.866222 -0.000017 0.499660
vn -0.569596 -0.342539 0.747146
vn 0.000000 0.000000 1.000000
vn -0.297090 -0.221094 0.928900
vn 0.000000 0.000000 -1.000000
vn 0.297090 0.221094 -0.928900
vn 0.865930 0.000023 0.500165
vn 0.954352 0.254342 0.156593
vn -0.865930 -0.000023 -0.500165
vn -0.954352 -0.254342 -0.156593
vn 0.866213 -0.000014 -0.499674
vn 0.578224 0.279166 -0.766631
vn -0.866213 0.000014 0.499674
vn -0.578224 -0.279166 0.766631
vn 0.000000 0.000000 1.000000
vn -0.308637 -0.158031 0.937960
vn 0.000000 0.000000 -1.000000
vn 0.308637 0.158031 -0.937960
vn 0.865930 -0.000001 0.500165
vn 0.971702 0.182189 0.150341
vn -0.865930 0.000001 -0.500165
vn -0.971702 -0.182189 -0.150341
vn 0.866222 0.000009 -0.499660
vn 0.585415 0.198839 -0.785972
vn -0.866222 -0.000009 0.499660
vn -0.585415 -0.198839 0.785972
vn 0.000000 0.000000 1.000000
vn -0.308311 -0.159834 0.937762
vn 0.000000 0.000000 -1.000000
vn 0.308311 0.159834 -0.937762
vn 0.865922 -0.000010 0.500179
vn 0.971283 0.184292 0.150482
vn -0.865922 0.000010 -0.500179
vn -0.971283 -0.184292 -0.150482
vn 0.866222 -0.000008 -0.499660
vn 0.585274 0.201131 -0.785494
vn -0.866222 0.000008 0.499660
vn -0.585274 -0.201131 0.785494
vn 0.000000 0.000000 1.000000
vn -0.288900 -0.261750 0.920882
vn 0.000000 0.000000 -1.000000
vn 0.288900 0.261750 -0.920882
vn 0.865930 -0.000002 0.500165
vn 0.940258 0.300461 0.160119
vn -0.865930 0.000002 -0.500165
vn -0.940258 -0.300461 -0.160119
vn 0.866213 0.000014 -0.499674
vn 0.571397 0.330765 -0.751066
vn -0.866213 -0.000014 0.499674
vn -0.571397 -0.330765 0.751066
vn 0.000000 0.000000 1.000000
vn -0.307771 -0.162991 0.937396
vn 0.000000 0.000000 -1.000000
vn 0.307771 0.162991 -0.937396
vn 0.865930 -0.000001 0.500165
vn 0.970535 0.187885 0.150870
vn -0.865930 0.000001 -0.500165
vn -0.970535 -0.187885 -0.150870
vn 0.866228 -0.000007 -0.499649
vn 0.584995 0.205150 -0.784662
vn -0.866228 0.000007 0.499649
vn -0.584995 -0.205150 0.784662
vn 0.000000 0.000000 1.000000
vn -0.292762 -0.242905 0.924818
vn 0.000000 0.000000 -1.000000
vn 0.292762 0.242905 -0.924818
vn 0.865930 -0.000002 0.500165
vn 0.947079 0.279126 0.158524
vn -0.865930 0.000002 -0.500165
vn -0.947079 -0.279126 -0.158524
vn 0.866213 0.000012 -0.499674
vn 0.574801 0.306883 -0.758569
vn -0.866213 -0.000012 0.499674
vn -0.574801 -0.306883 0.758569
vn 0.000000 0.000000 1.000000
vn -0.301429 -0.198257 0.932649
vn 0.000000 0.000000 -1.000000
vn 0.301429 0.198257 -0.932649
vn 0.865930 -0.000015 0.500165
vn 0.961275 0.228321 0.154339
vn -0.865930 0.000015 -0.500165
vn -0.961275 -0.228321 -0.154339
vn 0.866236 -0.000007 -0.499635
vn 0.581342 0.250090 -0.774271
vn -0.866236 0.000007 0.499635
vn -0.581342 -0.250090 0.774271
vn 0.000000 0.000000 1.000000
vn -0.308991 -0.155883 0.938203
vn 0.000000 0.000000 -1.000000
vn 0.308991 0.155883 -0.938203
vn 0.865930 -0.000001 0.500165
vn 0.972193 0.179723 0.150131
vn -0.865930 0.000001 -0.500165
vn -0.972193 -0.179723 -0.150131
vn 0.866213 0.000008 -0.499674
vn 0.585582 0.196101 -0.786536
vn -0.866213 -0.000008 0.499674
vn -0.585582 -0.196101 0.786536
vn 0.000000 0.000000 1.000000
vn -0.302630 -0.191809 0.933608
vn 0.000000 0.000000 -1.000000
vn 0.302630 0.191809 -0.933608
vn 0.865930 -0.000002 0.500165
vn 0.963095 0.220911 0.153771
vn -0.865930 0.000002 -0.500165
vn -0.963095 -0.220911 -0.153771
vn 0.866236 -0.000007 -0.499635
vn 0.582123 0.241861 -0.776296
vn -0.866236 0.000007 0.499635
vn -0.582123 -0.241861 0.776296
vn 0.000000 0.000000 1.000000
vn -0.300161 -0.204990 0.931602
vn 0.000000 0.000000 -1.000000
vn 0.300161 0.204990 -0.931602
vn 0.865916 0.000002 0.500190
vn 0.959301 0.235979 0.155096
vn -0.865916 -0.000002 -0.500190
vn -0.959301 -0.235979 -0.155096
vn 0.866222 0.000012 -0.499660
vn 0.580491 0.258673 -0.772087
vn -0.866222 -0.000012 0.499660
vn -0.580491 -0.258673 0.772087
vn 0.000000 0.000000 1.000000
vn -0.296329 -0.225013 0.928201
vn 0.000000 0.000000 -1.000000
vn 0.296329 0.225013 -0.928201
vn 0.865916 0.000002 0.500190
vn 0.953094 0.258803 0.156949
vn -0.865916 -0.000002 -0.500190
vn -0.953094 -0.258803 -0.156949
vn 0.866222 0.000014 -0.499660
vn 0.577677 0.284156 -0.765209
vn -0.866222 -0.000014 0.499660
vn -0.577677 -0.284156 0.765209
vn 0.000000 0.000000 1.000000
vn -0.307725 -0.163210 0.937373
vn 0.000000 0.000000 -1.000000
vn 0.307725 0.163210 -0.937373
vn 0.865930 0.000017 0.500165
vn 0.970475 0.188141 0.150934
vn -0.865930 -0.000017 -0.500165
vn -0.970475 -0.188141 -0.150934
vn 0.866213 -0.000010 -0.499674
vn 0.584954 0.205436 -0.784618
vn -0.866213 0.000010 0.499674
vn -0.584954 -0.205436 0.784618
vn 0.000000 0.000000 1.000000
vn -0.301390 -0.198411 0.932629
vn 0.000000 0.000000 -1.000000
vn 0.301390 0.198411 -0.932629
vn 0.865930 -0.000002 0.500165
vn 0.961226 0.228459 0.154436
vn -0.865930 0.000002 -0.500165
vn -0.961226 -0.228459 -0.154436
vn 0.866213 0.000010 -0.499674
vn 0.581312 0.250284 -0.774232
vn -0.866213 -0.000010 0.499674
vn -0.581312 -0.250284 0.774232
vn 0.000000 0.000000 1.000000
vn -0.299257 -0.209794 0.930823
vn 0.000000 0.000000 -1.000000
vn 0.299257 0.209794 -0.930823
vn 0.865916 0.000002 0.500190
vn 0.957863 0.241462 0.155546
vn -0.865916 -0.000002 -0.500190
vn -0.957863 -0.241462 -0.155546
vn 0.866213 0.000011 -0.499674
vn 0.579843 0.264779 -0.770503
vn -0.866213 -0.000011 0.499674
vn -0.579843 -0.264779 0.770503
vn 0.000000 0.000000 1.000000
vn -0.292231 -0.245596 0.924275
vn 0.000000 0.000000 -1.000000
vn 0.292231 0.245596 -0.924275
vn 0.865930 -0.000002 0.500165
vn 0.946135 0.282216 0.158688
vn -0.865930 0.000002 -0.500165
vn -0.946135 -0.282216 -0.158688
vn 0.866228 -0.000012 -0.499649
vn 0.574313 0.310307 -0.757545
vn -0.866228 0.000012 0.499649
vn -0.574313 -0.310307 0.757545
vn 0.000000 0.000000 1.000000
vn -0.303610 -0.186412 0.934383
vn 0.000000 0.000000 -1.000000
vn 0.303610 0.186412 -0.934383
vn 0.865930 0.000019 0.500165
vn 0.964569 0.214739 0.153278
vn -0.865930 -0.000019 -0.500165
vn -0.964569 -0.214739 -0.153278
vn 0.866213 -0.000012 -0.499674
vn 0.582674 0.234995 -0.777990
vn -0.866213 0.000012 0.499674
vn -0.582674 -0.234995 0.777990
vn 0.000000 0.000000 1.000000
vn -0.306400 -0.170874 0.936441
vn 0.000000 0.000000 -1.000000
vn 0.306400 0.170874 -0.936441
vn 0.865930 0.000017 0.500165
vn 0.968609 0.196934 0.151705
vn -0.865930 -0.000017 -0.500165
vn -0.968609 -0.196934 -0.151705
vn 0.866222 -0.000009 -0.499660
vn 0.584266 0.215202 -0.782509
vn -0.866222 0.000009 0.499660
vn -0.584266 -0.215202 0.782509
vn 0.000000 0.000000 1.000000
vn -0.289391 -0.259320 0.921415
vn 0.000000 0.000000 -1.000000
vn 0.289391 0.259320 -0.921415
vn 0.865930 -0.000002 0.500165
vn 0.941162 0.297715 0.159934
vn -0.865930 0.000002 -0.500165
vn -0.941162 -0.297715 -0.159934
vn 0.866213 0.000013 -0.499674
vn 0.571865 0.327696 -0.752054
vn -0.866213 -0.000013 0.499674
vn -0.571865 -0.327696 0.752054
vn 0.000000 0.000000 1.000000
vn -0.306664 -0.169303 0.936640
vn 0.000000 0.000000 -1.000000
vn 0.306664 0.169303 -0.936640
vn 0.865930 -0.000001 0.500165
vn 0.969002 0.195129 0.151526
vn -0.865930 0.000001 -0.500165
vn -0.969002 -0.195129 -0.151526
vn 0.866222 0.000010 -0.499660
vn 0.584447 0.213201 -0.782922
vn -0.866222 -0.000010 0.499660
vn -0.584447 -0.213201 0.782922
vn 0.000000 0.000000 1.000000
vn -0.288669 -0.262829 0.920647
vn 0.000000 0.000000 -1.000000
vn 0.288669 0.262829 -0.920647
vn 0.865930 -0.000002 0.500165
vn 0.939847 0.301722 0.160160
vn -0.865930 0.000002 -0.500165
vn -0.939847 -0.301722 -0.160160
vn 0.866236 -0.000010 -0.499635
vn 0.571184 0.332160 -0.750612
vn -0.866236 0.000010 0.499635
vn -0.571184 -0.332160 0.750612
vn 0.000000 0.000000 1.000000
vn -0.294305 -0.235333 0.926285
vn 0.000000 0.000000 -1.000000
vn 0.294305 0.235333 -0.926285
vn 0.865930 -0.000002 0.500165
vn 0.949686 0.270530 0.157832
vn -0.865930 0.000002 -0.500165
vn -0.949686 -0.270530 -0.157832
vn 0.866213 0.000012 -0.499674
vn 0.576046 0.297258 -0.761452
vn -0.866213 -0.000012 0.499674
vn -0.576046 -0.297258 0.761452
vn 0.000000 0.000000 1.000000
vn -0.308292 -0.159929 0.937752
vn 0.000000 0.000000 -1.000000
vn 0.308292 0.159929 -0.937752
vn 0.865930 0.000016 0.500165
vn 0.971251 0.184373 0.150593
vn -0.865930 -0.000016 -0.500165
vn -0.971251 -0.184373 -0.150593
vn 0.866213 -0.000010 -0.499674
vn 0.585231 0.201256 -0.785494
vn -0.866213 0.000010 0.499674
vn -0.585231 -0.201256 0.785494
vn 0.000000 0.000000 1.000000
vn -0.297595 -0.218537 0.929343
vn 0.000000 0.000000 -1.000000
vn 0.297595 0.218537 -0.929343
vn 0.865930 0.000023 0.500165
vn 0.955165 0.251428 0.156347
vn -0.865930 -0.000023 -0.500165
vn -0.955165 -0.251428 -0.156347
vn 0.866222 0.000013 -0.499660
vn 0.578653 0.275896 -0.767491
vn -0.866222 -0.000013 0.499660
vn -0.578653 -0.275896 0.767491
vn 0.000000 0.000000 1.000000
vn -0.308473 -0.158952 0.937859
vn 0.000000 0.000000 -1.000000
vn 0.308473 0.158952 -0.937859
vn 0.865930 -0.000001 0.500165
vn 0.971487 0.183248 0.150445
vn -0.865930 0.000001 -0.500165
vn -0.971487 -0.183248 -0.150445
vn 0.866213 0.000008 -0.499674
vn 0.585331 0.200006 -0.785738
vn -0.866213 -0.000008 0.499674
vn -0.585331 -0.200006 0.785738
vn 0.000000 0.000000 1.000000
vn -0.289934 -0.256748 0.921964
vn 0.000000 0.000000 -1.000000
vn 0.289934 0.256748 -0.921964
vn 0.865930 0.000028 0.500165
vn 0.942109 0.294812 0.159739
vn -0.865930 -0.000028 -0.500165
vn -0.942109 -0.294812 -0.159739
vn 0.866222 0.000016 -0.499660
vn 0.572350 0.324447 -0.753093
vn -0.866222 -0.000016 0.499660
vn -0.572350 -0.324447 0.753093
vn 0.000000 0.000000 1.000000
vn -0.305415 -0.176377 0.935742
vn 0.000000 0.000000 -1.000000
vn 0.305415 0.176377 -0.935742
vn 0.865930 -0.000002 0.500165
vn 0.967221 0.203240 0.152243
vn -0.865930 0.000002 -0.500165
vn -0.967221 -0.203240 -0.152243
vn 0.866213 0.000009 -0.499674
vn 0.583754 0.222204 -0.780933
vn -0.866213 -0.000009 0.499674
vn -0.583754 -0.222204 0.780933
vn 0.000000 0.000000 1.000000
vn -0.305422 -0.176297 0.935755
vn 0.000000 0.000000 -1.000000
vn 0.305422 0.176297 -0.935755
vn 0.865930 -0.000002 0.500165
vn 0.967240 0.203149 0.152243
vn -0.865930 0.000002 -0.500165
vn -0.967240 -0.203149 -0.152243
vn 0.866213 0.000009 -0.499674
vn 0.583766 0.222105 -0.780953
vn -0.866213 -0.000009 0.499674
vn -0.583766 -0.222105 0.780953
vn 0.000000 0.000000 1.000000
vn -0.293460 -0.239494 0.925486
vn 0.000000 0.000000 -1.000000
vn 0.293460 0.239494 -0.925486
vn 0.865930 0.000026 0.500165
vn 0.948256 0.275261 0.158245
vn -0.865930 -0.000026 -0.500165
vn -0.948256 -0.275261 -0.158245
vn 0.866213 -0.000015 -0.499674
vn 0.575342 0.302553 -0.759896
vn -0.866213 0.000015 0.499674
vn -0.575342 -0.302553 0.759896
vn 0.000000 0.000000 1.000000
vn -0.291041 -0.251441 0.923078
vn 0.000000 0.000000 -1.000000
vn 0.291041 0.251441 -0.923078
vn 0.865922 -0.000017 0.500179
vn 0.944053 0.288799 0.159243
vn -0.865922 0.000017 -0.500179
vn -0.944053 -0.288799 -0.159243
vn 0.866222 0.000016 -0.499660
vn 0.573311 0.317716 -0.755229
vn -0.866222 -0.000016 0.499660
vn -0.573311 -0.317716 0.755229
vn 0.000000 0.000000 1.000000
vn -0.286958 -0.270876 0.918848
vn 0.000000 0.000000 -1.000000
vn 0.286958 0.270876 -0.918848
vn 0.865930 0.000030 0.500165
vn 0.936764 0.310769 0.160922
vn -0.865930 -0.000030 -0.500165
vn -0.936764 -0.310769 -0.160922
vn 0.866213 -0.000018 -0.499674
vn 0.569596 0.342319 -0.747247
vn -0.866213 0.000018 0.499674
vn -0.569596 -0.342319 0.747247
vn 0.000000 0.000000 1.000000
vn -0.308113 -0.160972 0.937632
vn 0.000000 0.000000 -1.000000
vn 0.308113 0.160972 -0.937632
vn 0.865922 0.000008 0.500179
vn 0.971007 0.185576 0.150691
vn -0.865922 -0.000008 -0.500179
vn -0.971007 -0.185576 -0.150691
vn 0.866222 -0.000008 -0.499660
vn 0.585179 0.202580 -0.785192
vn -0.866222 0.000008 0.499660
vn -0.585179 -0.202580 0.785192
vn 0.000000 0.000000 1.000000
vn -0.308421 -0.159238 0.937827
vn 0.000000 0.000000 -1.000000
vn 0.308421 0.159238 -0.937827
vn 0.865916 0.000001 0.500190
vn 0.971414 0.183579 0.150509
vn -0.865916 -0.000001 -0.500190
vn -0.971414 -0.183579 -0.150509
vn 0.866222 0.000009 -0.499660
vn 0.585321 0.200378 -0.785651
vn -0.866222 -0.000009 0.499660
vn -0.585321 -0.200378 0.785651
vn 0.000000 0.000000 1.000000
vn -0.307261 -0.165914 0.937050
vn 0.000000 0.000000 -1.000000
vn 0.307261 0.165914 -0.937050
vn 0.865930 -0.000001 0.500165
vn 0.969832 0.191241 0.151174
vn -0.865930 0.000001 -0.500165
vn -0.969832 -0.191241 -0.151174
vn 0.866222 0.000010 -0.499660
vn 0.584752 0.208883 -0.783858
vn -0.866222 -0.000010 0.499660
vn -0.584752 -0.208883 0.783858
vn 0.000000 0.000000 1.000000
vn -0.305926 -0.173466 0.936119
vn 0.000000 0.000000 -1.000000
vn 0.305926 0.173466 -0.936119
vn 0.865930 -0.000001 0.500165
vn 0.967964 0.199932 0.151898
vn -0.865930 0.000001 -0.500165
vn -0.967964 -0.199932 -0.151898
vn 0.866236 -0.000006 -0.499635
vn 0.584037 0.218516 -0.781762
vn -0.866236 0.000006 0.499635
vn -0.584037 -0.218516 0.781762
vn 0.000000 0.000000 1.000000
vn -0.300610 -0.202631 0.931973
vn 0.000000 0.000000 -1.000000
vn 0.300610 0.202631 -0.931973
vn 0.865930 0.000021 0.500165
vn 0.959997 0.233286 0.154865
vn -0.865930 -0.000021 -0.500165
vn -0.959997 -0.233286 -0.154865
vn 0.866213 -0.000013 -0.499674
vn 0.580753 0.255662 -0.772892
vn -0.866213 0.000013 0.499674
vn -0.580753 -0.255662 0.772892
vn 0.000000 0.000000 1.000000
vn -0.301147 -0.199741 0.932424
vn 0.000000 0.000000 -1.000000
vn 0.301147 0.199741 -0.932424
vn 0.865922 -0.000013 0.500179
vn 0.960844 0.229979 0.154559
vn -0.865922 0.000013 -0.500179
vn -0.960844 -0.229979 -0.154559
vn 0.866236 -0.000007 -0.499635
vn 0.581156 0.251986 -0.773796
vn -0.866236 0.000007 0.499635
vn -0.581156 -0.251986 0.773796
vn 0.000000 0.000000 1.000000
vn -0.287398 -0.268813 0.919316
vn 0.000000 0.000000 -1.000000
vn 0.287398 0.268813 -0.919316
vn 0.865930 -0.000002 0.500165
vn 0.937565 0.308478 0.160666
vn -0.865930 0.000002 -0.500165
vn -0.937565 -0.308478 -0.160666
vn 0.866236 -0.000010 -0.499635
vn 0.570023 0.339733 -0.748101
vn -0.866236 0.000010 0.499635
vn -0.570023 -0.339733 0.748101
vn 0.000000 0.000000 1.000000
vn -0.295460 -0.229485 0.927383
vn 0.000000 0.000000 -1.000000
vn 0.295460 0.229485 -0.927383
vn 0.865930 -0.000017 0.500165
vn 0.951640 0.263890 0.157298
vn -0.865930 0.000017 -0.500165
vn -0.951640 -0.263890 -0.157298
vn 0.866236 -0.000008 -0.499635
vn 0.577012 0.289821 -0.763585
vn -0.866236 0.000008 0.499635
vn -0.577012 -0.289821 0.763585
vn 0.000000 0.000000 1.000000
vn -0.300988 -0.200611 0.932288
vn 0.000000 0.000000 -1.000000
vn 0.300988 0.200611 -0.932288
vn 0.865916 0.000002 0.500190
vn 0.960586 0.230978 0.154671
vn -0.865916 -0.000002 -0.500190
vn -0.960586 -0.230978 -0.154671
vn 0.866213 0.000010 -0.499674
vn 0.581035 0.253084 -0.773529
vn -0.866213 -0.000010 0.499674
vn -0.581035 -0.253084 0.773529
vn 0.000000 0.000000 1.000000
vn -0.307342 -0.165451 0.937106
vn 0.000000 0.000000 -1.000000
vn 0.307342 0.165451 -0.937106
vn 0.865930 0.000017 0.500165
vn 0.969938 0.190712 0.151157
vn -0.865930 -0.000017 -0.500165
vn -0.969938 -0.190712 -0.151157
vn 0.866222 -0.000009 -0.499660
vn 0.584766 0.208296 -0.784004
vn -0.866222 0.000009 0.499660
vn -0.584766 -0.208296 0.784004
vn 0.000000 0.000000 1.000000
vn -0.285276 -0.278782 0.917005
vn 0.000000 0.000000 -1.000000
vn 0.285276 0.278782 -0.917005
vn 0.865930 -0.000003 0.500165
vn 0.933661 0.319670 0.161516
vn -0.865930 0.000003 -0.500165
vn -0.933661 -0.319670 -0.161516
vn 0.866228 -0.000014 -0.499649
vn 0.567998 0.352290 -0.743821
vn -0.866228 0.000014 0.499649
vn -0.567998 -0.352290 0.743821
vn 0.000000 0.000000 1.000000
vn -0.307431 -0.164931 0.937168
vn 0.000000 0.000000 -1.000000
vn 0.307431 0.164931 -0.937168
vn 0.865907 -0.000008 0.500204
vn 0.970064 0.190120 0.151098
vn -0.865907 0.000008 -0.500204
vn -0.970064 -0.190120 -0.151098
vn 0.866222 0.000010 -0.499660
vn 0.584864 0.207617 -0.784111
vn -0.866222 -0.000010 0.499660
vn -0.584864 -0.207617 0.784111
vn 0.000000 0.000000 1.000000
vn -0.296064 -0.226376 0.927955
vn 0.000000 0.000000 -1.000000
vn 0.296064 0.226376 -0.927955
vn 0.865916 0.000002 0.500190
vn 0.952651 0.260353 0.157071
vn -0.865916 -0.000002 -0.500190
vn -0.952651 -0.260353 -0.157071
vn 0.866213 0.000011 -0.499674
vn 0.577459 0.285877 -0.764732
vn -0.866213 -0.000011 0.499674
vn -0.577459 -0.285877 0.764732
vn 0.000000 0.000000 1.000000
vn -0.299819 -0.206839 0.931303
vn 0.000000 0.000000 -1.000000
vn 0.299819 0.206839 -0.931303
vn 0.865930 0.000008 0.500165
vn 0.958754 0.238094 0.155250
vn -0.865930 -0.000008 -0.500165
vn -0.958754 -0.238094 -0.155250
vn 0.866222 -0.000011 -0.499660
vn 0.580244 0.261014 -0.771485
vn -0.866222 0.000011 0.499660
vn -0.580244 -0.261014 0.771485
vn 0.000000 0.000000 1.000000
vn -0.291972 -0.246810 0.924033
vn 0.000000 0.000000 -1.000000
vn 0.291972 0.246810 -0.924033
vn 0.865916 -0.000014 0.500190
vn 0.945700 0.283565 0.158879
vn -0.865916 0.000014 -0.500190
vn -0.945700 -0.283565 -0.158879
vn 0.866222 0.000015 -0.499660
vn 0.574162 0.311831 -0.757033
vn -0.866222 -0.000015 0.499660
vn -0.574162 -0.311831 0.757033
vn 0.000000 0.000000 1.000000
vn -0.287307 -0.269241 0.919219
vn 0.000000 0.000000 -1.000000
vn 0.287307 0.269241 -0.919219
vn 0.865922 0.000014 0.500179
vn 0.937396 0.308933 0.160777
vn -0.865922 -0.000014 -0.500179
vn -0.937396 -0.308933 -0.160777
vn 0.866222 -0.000015 -0.499660
vn 0.569956 0.340245 -0.747919
vn -0.866222 0.000015 0.499660
vn -0.569956 -0.340245 0.747919
vn 0.000000 0.000000 1.000000
vn -0.308360 -0.159590 0.937787
vn 0.000000 0.000000 -1.000000
vn 0.308360 0.159590 -0.937787
vn 0.865922 0.000008 0.500179
vn 0.971332 0.183985 0.150547
vn -0.865922 -0.000008 -0.500179
vn -0.971332 -0.183985 -0.150547
vn 0.866222 -0.000008 -0.499660
vn 0.585266 0.200831 -0.785577
vn -0.866222 0.000008 0.499660
vn -0.585266 -0.200831 0.785577
vn 0.000000 0.000000 1.000000
vn -0.297964 -0.216648 0.929667
vn 0.000000 0.000000 -1.000000
vn 0.297964 0.216648 -0.929667
vn 0.865922 -0.000014 0.500179
vn 0.955764 0.249272 0.156135
vn -0.865922 0.000014 -0.500179
vn -0.955764 -0.249272 -0.156135
vn 0.866236 -0.000008 -0.499635
vn 0.578896 0.273508 -0.768162
vn -0.866236 0.000008 0.499635
vn -0.578896 -0.273508 0.768162
vn 0.000000 0.000000 1.000000
vn -0.296120 -0.226005 0.928027
vn 0.000000 0.000000 -1.000000
vn 0.296120 0.226005 -0.928027
vn 0.865930 0.000024 0.500165
vn 0.952769 0.259933 0.157056
vn -0.865930 -0.000024 -0.500165
vn -0.952769 -0.259933 -0.157056
vn 0.866222 -0.000012 -0.499660
vn 0.577509 0.285428 -0.764862
vn -0.866222 0.000012 0.499660
vn -0.577509 -0.285428 0.764862
vn 0.000000 0.000000 1.000000
vn -0.298606 -0.213212 0.930255
vn 0.000000 0.000000 -1.000000
vn 0.298606 0.213212 -0.930255
vn 0.865930 0.000008 0.500165
vn 0.956821 0.245365 0.155852
vn -0.865930 -0.000008 -0.500165
vn -0.956821 -0.245365 -0.155852
vn 0.866222 -0.000011 -0.499660
vn 0.579385 0.269129 -0.769339
vn -0.866222 0.000011 0.499660
vn -0.579385 -0.269129 0.769339
vn 0.000000 0.000000 1.000000
vn -0.305033 -0.178480 0.935468
vn 0.000000 0.000000 -1.000000
vn 0.305033 0.178480 -0.935468
vn 0.865930 -0.000002 0.500165
vn 0.966679 0.205680 0.152406
vn -0.865930 0.000002 -0.500165
vn -0.966679 -0.205680 -0.152406
vn 0.866228 -0.000008 -0.499649
vn 0.583528 0.224897 -0.780331
vn -0.866228 0.000008 0.499649
vn -0.583528 -0.224897 0.780331
vn 0.000000 0.000000 1.000000
vn -0.298348 -0.214566 0.930027
vn 0.000000 0.000000 -1.000000
vn 0.298348 0.214566 -0.930027
vn 0.865930 -0.000002 0.500165
vn 0.956409 0.246934 0.155903
vn -0.865930 0.000002 -0.500165
vn -0.956409 -0.246934 -0.155903
vn 0.866222 -0.000012 -0.499660
vn 0.579171 0.270869 -0.768889
vn -0.866222 0.000012 0.499660
vn -0.579171 -0.270869 0.768889
vn 0.000000 0.000000 1.000000
vn -0.304077 -0.183809 0.934747
vn 0.000000 0.000000 -1.000000
vn 0.304077 0.183809 -0.934747
vn 0.865916 0.000002 0.500190
vn 0.965268 0.211759 0.153025
vn -0.865916 -0.000002 -0.500190
vn -0.965268 -0.211759 -0.153025
vn 0.866222 0.000011 -0.499660
vn 0.582998 0.231685 -0.778740
vn -0.866222 -0.000011 0.499660
vn -0.582998 -0.231685 0.778740
vn 0.000000 0.000000 1.000000
vn -0.307171 -0.166458 0.936983
vn 0.000000 0.000000 -1.000000
vn 0.307171 0.166458 -0.936983
vn 0.865930 -0.000001 0.500165
vn 0.969701 0.191865 0.151224
vn -0.865930 0.000001 -0.500165
vn -0.969701 -0.191865 -0.151224
vn 0.866213 0.000008 -0.499674
vn 0.584688 0.209566 -0.783723
vn -0.866213 -0.000008 0.499674
vn -0.584688 -0.209566 0.783723
vn 0.000000 0.000000 1.000000
vn -0.309493 -0.152980 0.938516
vn 0.000000 0.000000 -1.000000
vn 0.309493 0.152980 -0.938516
vn 0.865930 -0.000001 0.500165
vn 0.972857 0.176412 0.149761
vn -0.865930 0.000001 -0.500165
vn -0.972857 -0.176412 -0.149761
vn 0.866236 -0.000005 -0.499635
vn 0.585797 0.192419 -0.787285
vn -0.866236 0.000005 0.499635
vn -0.585797 -0.192419 0.787285
vn 0.000000 0.000000 1.000000
vn -0.296736 -0.222899 0.928582
vn 0.000000 0.000000 -1.000000
vn 0.296736 0.222899 -0.928582
vn 0.865930 0.000024 0.500165
vn 0.953775 0.256397 0.156763
vn -0.865930 -0.000024 -0.500165
vn -0.953775 -0.256397 -0.156763
vn 0.866222 -0.000012 -0.499660
vn 0.577971 0.281474 -0.765978
vn -0.866222 0.000012 0.499660
vn -0.577971 -0.281474 0.765978
vn 0.000000 0.000000 1.000000
vn -0.307049 -0.167092 0.936910
vn 0.000000 0.000000 -1.000000
vn 0.307049 0.167092 -0.936910
vn 0.865930 -0.000001 0.500165
vn 0.969544 0.192592 0.151302
vn -0.865930 0.000001 -0.500165
vn -0.969544 -0.192592 -0.151302
vn 0.866222 0.000010 -0.499660
vn 0.584650 0.210385 -0.783532
vn -0.866222 -0.000010 0.499660
vn -0.584650 -0.210385 0.783532
vn 0.000000 0.000000 1.000000
vn -0.306624 -0.169582 0.936602
vn 0.000000 0.000000 -1.000000
vn 0.306624 0.169582 -0.936602
vn 0.865916 0.000001 0.500190
vn 0.968929 0.195452 0.151577
vn -0.865916 -0.000001 -0.500190
vn -0.968929 -0.195452 -0.151577
vn 0.866222 0.000010 -0.499660
vn 0.584416 0.213554 -0.782849
vn -0.866222 -0.000010 0.499660
vn -0.584416 -0.213554 0.782849
vn 0.000000 0.000000 1.000000
vn -0.308841 -0.156769 0.938105
vn 0.000000 0.000000 -1.000000
vn 0.308841 0.156769 -0.938105
vn 0.865930 0.000016 0.500165
vn 0.971985 0.180744 0.150256
vn -0.865930 -0.000016 -0.500165
vn -0.971985 -0.180744 -0.150256
vn 0.866213 -0.000010 -0.499674
vn 0.585485 0.197231 -0.786325
vn -0.866213 0.000010 0.499674
vn -0.585485 -0.197231 0.786325
vn 0.000000 0.000000 1.000000
vn -0.295367 -0.229826 0.927329
vn 0.000000 0.000000 -1.000000
vn 0.295367 0.229826 -0.927329
vn 0.865930 -0.000017 0.500165
vn 0.951523 0.264279 0.157358
vn -0.865930 0.000017 -0.500165
vn -0.951523 -0.264279 -0.157358
vn 0.866236 -0.000008 -0.499635
vn 0.576972 0.290265 -0.763446
vn -0.866236 0.000008 0.499635
vn -0.576972 -0.290265 0.763446
vn 0.000000 0.000000 1.000000
vn -0.290954 -0.251819 0.923002
vn 0.000000 0.000000 -1.000000
vn 0.290954 0.251819 -0.923002
vn 0.865930 -0.000002 0.500165
vn 0.943915 0.289228 0.159285
vn -0.865930 0.000002 -0.500165
vn -0.943915 -0.289228 -0.159285
vn 0.866236 -0.000009 -0.499635
vn 0.573248 0.318199 -0.755074
vn -0.866236 0.000009 0.499635
vn -0.573248 -0.318199 0.755074
vn 0.000000 0.000000 1.000000
vn -0.295185 -0.230811 0.927142
vn 0.000000 0.000000 -1.000000
vn 0.295185 0.230811 -0.927142
vn 0.865922 -0.000015 0.500179
vn 0.951198 0.265399 0.157438
vn -0.865922 0.000015 -0.500179
vn -0.951198 -0.265399 -0.157438
vn 0.866222 0.000014 -0.499660
vn 0.576812 0.291512 -0.763092
vn -0.866222 -0.000014 0.499660
vn -0.576812 -0.291512 0.763092
vn 0.000000 0.000000 1.000000
vn -0.301237 -0.199303 0.932488
vn 0.000000 0.000000 -1.000000
vn 0.301237 0.199303 -0.932488
vn 0.865930 -0.000002 0.500165
vn 0.960972 0.229479 0.154507
vn -0.865930 0.000002 -0.500165
vn -0.960972 -0.229479 -0.154507
vn 0.866222 0.000012 -0.499660
vn 0.581206 0.251426 -0.773941
vn -0.866222 -0.000012 0.499660
vn -0.581206 -0.251426 0.773941
vn 0.000000 0.000000 1.000000
vn -0.293924 -0.237133 0.925946
vn 0.000000 0.000000 -1.000000
vn 0.293924 0.237133 -0.925946
vn 0.865930 -0.000002 0.500165
vn 0.949068 0.272614 0.157960
vn -0.865930 0.000002 -0.500165
vn -0.949068 -0.272614 -0.157960
vn 0.866213 -0.000015 -0.499674
vn 0.575737 0.299558 -0.760784
vn -0.866213 0.000015 0.499674
vn -0.575737 -0.299558 0.760784
vn 0.000000 0.000000 1.000000
vn -0.297210 -0.220489 0.929005
vn 0.000000 0.000000 -1.000000
vn 0.297210 0.220489 -0.929005
vn 0.865922 0.000011 0.500179
vn 0.954546 0.253658 0.156526
vn -0.865922 -0.000011 -0.500179
vn -0.954546 -0.253658 -0.156526
vn 0.866222 -0.000012 -0.499660
vn 0.578347 0.278388 -0.766821
vn -0.866222 0.000012 0.499660
vn -0.578347 -0.278388 0.766821
vn 0.000000 0.000000 1.000000
vn -0.298276 -0.214933 0.929965
vn 0.000000 0.000000 -1.000000
vn 0.298276 0.214933 -0.929965
vn 0.865930 -0.000016 0.500165
vn 0.956296 0.247322 0.155981
vn -0.865930 0.000016 -0.500165
vn -0.956296 -0.247322 -0.155981
vn 0.866236 -0.000008 -0.499635
vn 0.579172 0.271315 -0.768732
vn -0.866236 0.000008 0.499635
vn -0.579172 -0.271315 0.768732
vn 0.000000 0.000000 1.000000
vn -0.302038 -0.195001 0.933138
vn 0.000000 0.000000 -1.000000
vn 0.302038 0.195001 -0.933138
vn 0.865930 -0.000014 0.500165
vn 0.962203 0.224598 0.154016
vn -0.865930 0.000014 -0.500165
vn -0.962203 -0.224598 -0.154016
vn 0.866222 -0.000010 -0.499660
vn 0.581724 0.245933 -0.775316
vn -0.866222 0.000010 0.499660
vn -0.581724 -0.245933 0.775316
vn 0.000000 0.000000 1.000000
vn -0.306825 -0.168407 0.936748
vn 0.000000 0.000000 -1.000000
vn 0.306825 0.168407 -0.936748
vn 0.865916 0.000001 0.500190
vn 0.969217 0.194105 0.151462
vn -0.865916 -0.000001 -0.500190
vn -0.969217 -0.194105 -0.151462
vn 0.866213 0.000008 -0.499674
vn 0.584515 0.212051 -0.783184
vn -0.866213 -0.000008 0.499674
vn -0.584515 -0.212051 0.783184
vn 0.000000 0.000000 1.000000
vn -0.290072 -0.256079 0.922107
vn 0.000000 0.000000 -1.000000
vn 0.290072 0.256079 -0.922107
vn 0.865916 0.000002 0.500190
vn 0.942355 0.294055 0.159683
vn -0.865916 -0.000002 -0.500190
vn -0.942355 -0.294055 -0.159683
vn 0.866213 0.000013 -0.499674
vn 0.572464 0.323587 -0.753376
vn -0.866213 -0.000013 0.499674
vn -0.572464 -0.323587 0.753376
vn 0.000000 0.000000 1.000000
vn -0.289408 -0.259235 0.921434
vn 0.000000 0.000000 -1.000000
vn 0.289408 0.259235 -0.921434
vn 0.865916 -0.000015 0.500190
vn 0.941187 0.297631 0.159945
vn -0.865916 0.000015 -0.500190
vn -0.941187 -0.297631 -0.159945
vn 0.866222 0.000016 -0.499660
vn 0.571917 0.327581 -0.752065
vn -0.866222 -0.000016 0.499660
vn -0.571917 -0.327581 0.752065
vn 0.000000 0.000000 1.000000
vn -0.284851 -0.280810 0.916518
vn 0.000000 0.000000 -1.000000
vn 0.284851 0.280810 -0.916518
vn 0.865930 -0.000003 0.500165
vn 0.932852 0.321952 0.161662
vn -0.865930 0.000003 -0.500165
vn -0.932852 -0.321952 -0.161662
vn 0.866213 0.000015 -0.499674
vn 0.567565 0.354842 -0.742939
vn -0.866213 -0.000015 0.499674
vn -0.567565 -0.354842 0.742939
vn 0.000000 0.000000 1.000000
vn -0.297332 -0.219875 0.929112
vn 0.000000 0.000000 -1.000000
vn 0.297332 0.219875 -0.929112
vn 0.865930 -0.000002 0.500165
vn 0.954747 0.252949 0.156443
vn -0.865930 0.000002 -0.500165
vn -0.954747 -0.252949 -0.156443
vn 0.866213 0.000011 -0.499674
vn 0.578426 0.277608 -0.767044
vn -0.866213 -0.000011 0.499674
vn -0.578426 -0.277608 0.767044
vn 0.000000 0.000000 1.000000
vn -0.302823 -0.190737 0.933765
vn 0.000000 0.000000 -1.000000
vn 0.302823 0.190737 -0.933765
vn 0.865930 -0.000002 0.500165
vn 0.963392 0.219684 0.153670
vn -0.865930 0.000002 -0.500165
vn -0.963392 -0.219684 -0.153670
vn 0.866213 0.000009 -0.499674
vn 0.582213 0.240501 -0.776651
vn -0.866213 -0.000009 0.499674
vn -0.582213 -0.240501 0.776651
vn 0.000000 0.000000 1.000000
vn -0.309170 -0.154831 0.938318
vn 0.000000 0.000000 -1.000000
vn 0.309170 0.154831 -0.938318
vn 0.865930 -0.000001 0.500165
vn 0.972433 0.178514 0.150022
vn -0.865930 0.000001 -0.500165
vn -0.972433 -0.178514 -0.150022
vn 0.866222 0.000009 -0.499660
vn 0.585677 0.194769 -0.786796
vn -0.866222 -0.000009 0.499660
vn -0.585677 -0.194769 0.786796
vn 0.000000 0.000000 1.000000
vn -0.292527 -0.244091 0.924580
vn 0.000000 0.000000 -1.000000
vn 0.292527 0.244091 -0.924580
vn 0.865930 -0.000002 0.500165
vn 0.946665 0.280472 0.158623
vn -0.865930 0.000002 -0.500165
vn -0.946665 -0.280472 -0.158623
vn 0.866222 0.000015 -0.499660
vn 0.574606 0.308398 -0.758102
vn -0.866222 -0.000015 0.499660
vn -0.574606 -0.308398 0.758102
vn 0.000000 0.000000 1.000000
vn -0.285077 -0.279767 0.916767
vn 0.000000 0.000000 -1.000000
vn 0.285077 0.279767 -0.916767
vn 0.865930 -0.000003 0.500165
vn 0.933270 0.320778 0.161579
vn -0.865930 0.000003 -0.500165
vn -0.933270 -0.320778 -0.161579
vn 0.866222 0.000018 -0.499660
vn 0.567794 0.353539 -0.743384
vn -0.866222 -0.000018 0.499660
vn -0.567794 -0.353539 0.743384
vn 0.000000 0.000000 1.000000
vn -0.301585 -0.197423 0.932776
vn 0.000000 0.000000 -1.000000
vn 0.301585 0.197423 -0.932776
vn 0.865922 -0.000013 0.500179
vn 0.961511 0.227330 0.154327
vn -0.865922 0.000013 -0.500179
vn -0.961511 -0.227330 -0.154327
vn 0.866222 0.000012 -0.499660
vn 0.581437 0.249031 -0.774541
vn -0.866222 -0.000012 0.499660
vn -0.581437 -0.249031 0.774541
vn 0.000000 0.000000 1.000000
vn -0.291887 -0.247239 0.923945
vn 0.000000 0.000000 -1.000000
vn 0.291887 0.247239 -0.923945
vn 0.865930 -0.000002 0.500165
vn 0.945555 0.284040 0.158896
vn -0.865930 0.000002 -0.500165
vn -0.945555 -0.284040 -0.158896
vn 0.866213 0.000013 -0.499674
vn 0.574051 0.312380 -0.756891
vn -0.866213 -0.000013 0.499674
vn -0.574051 -0.312380 0.756891
vn 0.000000 0.000000 1.000000
vn -0.300478 -0.203419 0.931844
vn 0.000000 0.000000 -1.000000
vn 0.300478 0.203419 -0.931844
vn 0.865930 -0.000002 0.500165
vn 0.959775 0.234180 0.154890
vn -0.865930 0.000002 -0.500165
vn -0.959775 -0.234180 -0.154890
vn 0.866228 -0.000009 -0.499649
vn 0.580671 0.256655 -0.772625
vn -0.866228 0.000009 0.499649
vn -0.580671 -0.256655 0.772625
vn 0.000000 0.000000 1.000000
vn -0.300878 -0.201185 0.932200
vn 0.000000 0.000000 -1.000000
vn 0.300878 0.201185 -0.932200
vn 0.865922 -0.000013 0.500179
vn 0.960426 0.231634 0.154688
vn -0.865922 0.000013 -0.500179
vn -0.960426 -0.231634 -0.154688
vn 0.866222 0.000012 -0.499660
vn 0.581000 0.253810 -0.773317
vn -0.866222 -0.000012 0.499660
vn -0.581000 -0.253810 0.773317
vn 0.000000 0.000000 1.000000
vn -0.307062 -0.167031 0.936917
vn 0.000000 0.000000 -1.000000
vn 0.307062 0.167031 -0.936917
vn 0.865930 -0.000001 0.500165
vn 0.969563 0.192550 0.151236
vn -0.865930 0.000001 -0.500165
vn -0.969563 -0.192550 -0.151236
vn 0.866228 -0.000008 -0.499649
vn 0.584624 0.210308 -0.783572
vn -0.866228 0.000008 0.499649
vn -0.584624 -0.210308 0.783572
vn 0.000000 0.000000 1.000000
vn -0.297888 -0.216952 0.929620
vn 0.000000 0.000000 -1.000000
vn 0.297888 0.216952 -0.929620
vn 0.865930 0.000009 0.500165
vn 0.955661 0.249629 0.156200
vn -0.865930 -0.000009 -0.500165
vn -0.955661 -0.249629 -0.156200
vn 0.866222 -0.000012 -0.499660
vn 0.578860 0.273890 -0.768053
vn -0.866222 0.000012 0.499660
vn -0.578860 -0.273890 0.768053
vn 0.000000 0.000000 1.000000
vn -0.305895 -0.173700 0.936086
vn 0.000000 0.000000 -1.000000
vn 0.305895 0.173700 -0.936086
vn 0.865930 -0.000013 0.500165
vn 0.967908 0.200204 0.151896
vn -0.865930 0.000013 -0.500165
vn -0.967908 -0.200204 -0.151896
vn 0.866236 -0.000006 -0.499635
vn 0.584032 0.218797 -0.781687
vn -0.866236 0.000006 0.499635
vn -0.584032 -0.218797 0.781687
vn 0.000000 0.000000 1.000000
vn -0.300755 -0.201961 0.932072
vn 0.000000 0.000000 -1.000000
vn 0.300755 0.201961 -0.932072
vn 0.865930 -0.000002 0.500165
vn 0.960204 0.232514 0.154746
vn -0.865930 0.000002 -0.500165
vn -0.960204 -0.232514 -0.154746
vn 0.866228 -0.000009 -0.499649
vn 0.580854 0.254796 -0.773102
vn -0.866228 0.000009 0.499649
vn -0.580854 -0.254796 0.773102
vn 0.000000 0.000000 1.000000
vn -0.306885 -0.168028 0.936797
vn 0.000000 0.000000 -1.000000
vn 0.306885 0.168028 -0.936797
vn 0.865916 0.000001 0.500190
vn 0.969309 0.193670 0.151430
vn -0.865916 -0.000001 -0.500190
vn -0.969309 -0.193670 -0.151430
vn 0.866213 0.000008 -0.499674
vn 0.584553 0.211569 -0.783285
vn -0.866213 -0.000008 0.499674
vn -0.584553 -0.211569 0.783285
vn 0.000000 0.000000 1.000000
vn -0.302827 -0.190683 0.933775
vn 0.000000 0.000000 -1.000000
vn 0.302827 0.190683 -0.933775
vn 0.865922 0.000009 0.500179
vn 0.963400 0.219632 0.153695
vn -0.865922 -0.000009 -0.500179
vn -0.963400 -0.219632 -0.153695
vn 0.866222 -0.000010 -0.499660
vn 0.582232 0.240433 -0.776658
vn -0.866222 0.000010 0.499660
vn -0.582232 -0.240433 0.776658
vn 0.000000 0.000000 1.000000
vn -0.304175 -0.183342 0.934807
vn 0.000000 0.000000 -1.000000
vn 0.304175 0.183342 -0.934807
vn 0.865930 -0.000002 0.500165
vn 0.965403 0.211250 0.152875
vn -0.865930 0.000002 -0.500165
vn -0.965403 -0.211250 -0.152875
vn 0.866236 -0.000007 -0.499635
vn 0.583022 0.231096 -0.778896
vn -0.866236 0.000007 0.499635
vn -0.583022 -0.231096 0.778896
vn 0.000000 0.000000 1.000000
vn -0.287802 -0.266900 0.919747
vn 0.000000 0.000000 -1.000000
vn 0.287802 0.266900 -0.919747
vn 0.865916 0.000002 0.500190
vn 0.938296 0.306284 0.160594
vn -0.865916 -0.000002 -0.500190
vn -0.938296 -0.306284 -0.160594
vn 0.866222 0.000017 -0.499660
vn 0.570444 0.337280 -0.748890
vn -0.866222 -0.000017 0.499660
vn -0.570444 -0.337280 0.748890
vn 0.000000 0.000000 1.000000
vn -0.305944 -0.173407 0.936124
vn 0.000000 0.000000 -1.000000
vn 0.305944 0.173407 -0.936124
vn 0.865930 -0.000001 0.500165
vn 0.967977 0.199835 0.151940
vn -0.865930 0.000001 -0.500165
vn -0.967977 -0.199835 -0.151940
vn 0.866213 0.000009 -0.499674
vn 0.584045 0.218420 -0.781783
vn -0.866213 -0.000009 0.499674
vn -0.584045 -0.218420 0.781783
vn 0.000000 0.000000 1.000000
vn -0.302761 -0.191052 0.933721
vn 0.000000 0.000000 -1.000000
vn 0.302761 0.191052 -0.933721
vn 0.865930 0.000020 0.500165
vn 0.963298 0.220049 0.153738
vn -0.865930 -0.000020 -0.500165
vn -0.963298 -0.220049 -0.153738
vn 0.866222 0.000011 -0.499660
vn 0.582215 0.240898 -0.776527
vn -0.866222 -0.000011 0.499660
vn -0.582215 -0.240898 0.776527
vn 0.000000 0.000000 1.000000
vn -0.290467 -0.254131 0.922522
vn 0.000000 0.000000 -1.000000
vn 0.290467 0.254131 -0.922522
vn 0.865916 0.000002 0.500190
vn 0.943066 0.291852 0.159526
vn -0.865916 -0.000002 -0.500190
vn -0.943066 -0.291852 -0.159526
vn 0.866222 0.000016 -0.499660
vn 0.572860 0.321116 -0.754133
vn -0.866222 -0.000016 0.499660
vn -0.572860 -0.321116 0.754133
vn 0.000000 0.000000 1.000000
vn -0.297509 -0.218978 0.929267
vn 0.000000 0.000000 -1.000000
vn 0.297509 0.218978 -0.929267
vn 0.865930 -0.000002 0.500165
vn 0.955032 0.251926 0.156357
vn -0.865930 0.000002 -0.500165
vn -0.955032 -0.251926 -0.156357
vn 0.866222 0.000013 -0.499660
vn 0.578565 0.276475 -0.767349
vn -0.866222 -0.000013 0.499660
vn -0.578565 -0.276475 0.767349
vn 0.000000 0.000000 1.000000
vn -0.302861 -0.190526 0.933796
vn 0.000000 0.000000 -1.000000
vn 0.302861 0.190526 -0.933796
vn 0.865930 -0.000002 0.500165
vn 0.963450 0.219442 0.153650
vn -0.865930 0.000002 -0.500165
vn -0.963450 -0.219442 -0.153650
vn 0.866222 0.000011 -0.499660
vn 0.582273 0.240227 -0.776691
vn -0.866222 -0.000011 0.499660
vn -0.582273 -0.240227 0.776691
vn 0.000000 0.000000 1.000000
vn -0.304272 -0.182778 0.934886
vn 0.000000 0.000000 -1.000000
vn 0.304272 0.182778 -0.934886
vn 0.865930 -0.000002 0.500165
vn 0.965550 0.210574 0.152881
vn -0.865930 0.000002 -0.500165
vn -0.965550 -0.210574 -0.152881
vn 0.866213 0.000009 -0.499674
vn 0.583092 0.230360 -0.779063
vn -0.866213 -0.000009 0.499674
vn -0.583092 -0.230360 0.779063
vn 0.000000 0.000000 1.000000
vn -0.287502 -0.268369 0.919413
vn 0.000000 0.000000 -1.000000
vn 0.287502 0.268369 -0.919413
vn 0.865922 -0.000018 0.500179
vn 0.937742 0.307935 0.160672
vn -0.865922 0.000018 -0.500179
vn -0.937742 -0.307935 -0.160672
vn 0.866236 -0.000010 -0.499635
vn 0.570125 0.339152 -0.748287
vn -0.866236 0.000010 0.499635
vn -0.570125 -0.339152 0.748287
vn 0.000000 0.000000 1.000000
vn -0.300324 -0.204144 0.931736
vn 0.000000 0.000000 -1.000000
vn 0.300324 0.204144 -0.931736
vn 0.865930 0.000021 0.500165
vn 0.959552 0.235013 0.155012
vn -0.865930 -0.000021 -0.500165
vn -0.959552 -0.235013 -0.155012
vn 0.866222 -0.000011 -0.499660
vn 0.580597 0.257583 -0.772372
vn -0.866222 0.000011 0.499660
vn -0.580597 -0.257583 0.772372
vn 0.000000 0.000000 1.000000
vn -0.303745 -0.185694 0.934482
vn 0.000000 0.000000 -1.000000
vn 0.303745 0.185694 -0.934482
vn 0.865922 -0.000012 0.500179
vn 0.964770 0.213913 0.153170
vn -0.865922 0.000012 -0.500179
vn -0.964770 -0.213913 -0.153170
vn 0.866236 -0.000007 -0.499635
vn 0.582788 0.234084 -0.778179
vn -0.866236 0.000007 0.499635
vn -0.582788 -0.234084 0.778179
vn 0.000000 0.000000 1.000000
vn -0.307228 -0.166129 0.937023
vn 0.000000 0.000000 -1.000000
vn 0.307228 0.166129 -0.937023
vn 0.865922 -0.000010 0.500179
vn 0.969780 0.191487 0.151191
vn -0.865922 0.000010 -0.500179
vn -0.969780 -0.191487 -0.151191
vn 0.866222 0.000010 -0.499660
vn 0.584730 0.209155 -0.783801
vn -0.866222 -0.000010 0.499660
vn -0.584730 -0.209155 0.783801
vn 0.000000 0.000000 1.000000
vn -0.297752 -0.217711 0.929487
vn 0.000000 0.000000 -1.000000
vn 0.297752 0.217711 -0.929487
vn 0.865922 -0.000014 0.500179
vn 0.955430 0.250488 0.156233
vn -0.865922 0.000014 -0.500179
vn -0.955430 -0.250488 -0.156233
vn 0.866222 0.000013 -0.499660
vn 0.578773 0.274847 -0.767777
vn -0.866222 -0.000013 0.499660
vn -0.578773 -0.274847 0.767777
vn 0.000000 0.000000 1.000000
vn -0.304891 -0.179344 0.935349
vn 0.000000 0.000000 -1.000000
vn 0.304891 0.179344 -0.935349
vn 0.865930 -0.000013 0.500165
vn 0.966458 0.206673 0.152464
vn -0.865930 0.000013 -0.500165
vn -0.966458 -0.206673 -0.152464
vn 0.866222 -0.000009 -0.499660
vn 0.583459 0.225981 -0.780069
vn -0.866222 0.000009 0.499660
vn -0.583459 -0.225981 0.780069
vn 0.000000 0.000000 1.000000
vn -0.296250 -0.225383 0.928137
vn 0.000000 0.000000 -1.000000
vn 0.296250 0.225383 -0.928137
vn 0.865930 -0.000002 0.500165
vn 0.952979 0.259256 0.156902
vn -0.865930 0.000002 -0.500165
vn -0.952979 -0.259256 -0.156902
vn 0.866213 -0.000014 -0.499674
vn 0.577588 0.284622 -0.765103
vn -0.866213 0.000014 0.499674
vn -0.577588 -0.284622 0.765103
vn 0.000000 0.000000 1.000000
vn -0.296726 -0.222984 0.928565
vn 0.000000 0.000000 -1.000000
vn 0.296726 0.222984 -0.928565
vn 0.865907 -0.000011 0.500204
vn 0.953749 0.256499 0.156754
vn -0.865907 0.000011 -0.500204
vn -0.953749 -0.256499 -0.156754
vn 0.866222 0.000013 -0.499660
vn 0.578006 0.281557 -0.765921
vn -0.866222 -0.000013 0.499660
vn -0.578006 -0.281557 0.765921
vn 0.000000 0.000000 1.000000
vn -0.308964 -0.156021 0.938189
vn 0.000000 0.000000 -1.000000
vn 0.308964 0.156021 -0.938189
vn 0.865930 0.000016 0.500165
vn 0.972156 0.179885 0.150183
vn -0.865930 -0.000016 -0.500165
vn -0.972156 -0.179885 -0.150183
vn 0.866213 -0.000010 -0.499674
vn 0.585547 0.196280 -0.786517
vn -0.866213 0.000010 0.499674
vn -0.585547 -0.196280 0.786517
vn 0.000000 0.000000 1.000000
vn -0.303093 -0.189220 0.933986
vn 0.000000 0.000000 -1.000000
vn 0.303093 0.189220 -0.933986
vn 0.865930 -0.000002 0.500165
vn 0.963811 0.217980 0.153473
vn -0.865930 0.000002 -0.500165
vn -0.963811 -0.217980 -0.153473
vn 0.866236 -0.000007 -0.499635
vn 0.582383 0.238591 -0.777113
vn -0.866236 0.000007 0.499635
vn -0.582383 -0.238591 0.777113
vn 0.000000 0.000000 1.000000
vn -0.308433 -0.159199 0.937830
vn 0.000000 0.000000 -1.000000
vn 0.308433 0.159199 -0.937830
vn 0.865922 -0.000010 0.500179
vn 0.971434 0.183557 0.150410
vn -0.865922 0.000010 -0.500179
vn -0.971434 -0.183557 -0.150410
vn 0.866236 -0.000006 -0.499635
vn 0.585304 0.200336 -0.785675
vn -0.866236 0.000006 0.499635
vn -0.585304 -0.200336 0.785675
vn 0.000000 0.000000 1.000000
vn -0.307698 -0.163441 0.937342
vn 0.000000 0.000000 -1.000000
vn 0.307698 0.163441 -0.937342
vn 0.865930 -0.000001 0.500165
vn 0.970432 0.188428 0.150854
vn -0.865930 0.000001 -0.500165
vn -0.970432 -0.188428 -0.150854
vn 0.866222 -0.000009 -0.499660
vn 0.584939 0.205734 -0.784551
vn -0.866222 0.000009 0.499660
vn -0.584939 -0.205734 0.784551
vn 0.000000 0.000000 1.000000
vn -0.308748 -0.157320 0.938043
vn 0.000000 0.000000 -1.000000
vn 0.308748 0.157320 -0.938043
vn 0.865922 -0.000010 0.500179
vn 0.971864 0.181373 0.150280
vn -0.865922 0.000010 -0.500179
vn -0.971864 -0.181373 -0.150280
vn 0.866222 0.000009 -0.499660
vn 0.585479 0.197937 -0.786153
vn -0.866222 -0.000009 0.499660
vn -0.585479 -0.197937 0.786153
vn 0.000000 0.000000 1.000000
vn -0.306766 -0.168691 0.936716
vn 0.000000 0.000000 -1.000000
vn 0.306766 0.168691 -0.936716
vn 0.865930 0.000017 0.500165
vn 0.969146 0.194431 0.151501
vn -0.865930 -0.000017 -0.500165
vn -0.969146 -0.194431 -0.151501
vn 0.866213 -0.000010 -0.499674
vn 0.584467 0.212418 -0.783120
vn -0.866213 0.000010 0.499674
vn -0.584467 -0.212418 0.783120
vn 0.000000 0.000000 1.000000
vn -0.295025 -0.231588 0.926999
vn 0.000000 0.000000 -1.000000
vn 0.295025 0.231588 -0.926999
vn 0.865916 0.000002 0.500190
vn 0.950931 0.266282 0.157555
vn -0.865916 -0.000002 -0.500190
vn -0.950931 -0.266282 -0.157555
vn 0.866222 0.000014 -0.499660
vn 0.576668 0.292519 -0.762815
vn -0.866222 -0.000014 0.499660
vn -0.576668 -0.292519 0.762815
vn 0.000000 0.000000 1.000000
vn -0.307270 -0.165884 0.937053
vn 0.000000 0.000000 -1.000000
vn 0.307270 0.165884 -0.937053
vn 0.865930 -0.000012 0.500165
vn 0.969845 0.191237 0.151095
vn -0.865930 0.000012 -0.500165
vn -0.969845 -0.191237 -0.151095
vn 0.866236 -0.000006 -0.499635
vn 0.584758 0.208840 -0.783864
vn -0.866236 0.000006 0.499635
vn -0.584758 -0.208840 0.783864
vn 0.000000 0.000000 1.000000
vn -0.286365 -0.273741 0.918184
vn 0.000000 0.000000 -1.000000
vn 0.286365 0.273741 -0.918184
vn 0.865930 -0.000002 0.500165
vn 0.935657 0.313992 0.161104
vn -0.865930 0.000002 -0.500165
vn -0.935657 -0.313992 -0.161104
vn 0.866236 -0.000010 -0.499635
vn 0.569044 0.345937 -0.746000
vn -0.866236 0.000010 0.499635
vn -0.569044 -0.345937 0.746000
vn 0.000000 0.000000 1.000000
vn -0.293265 -0.240512 0.925283
vn 0.000000 0.000000 -1.000000
vn 0.293265 0.240512 -0.925283
vn 0.865930 -0.000002 0.500165
vn 0.947914 0.276411 0.158292
vn -0.865930 0.000002 -0.500165
vn -0.947914 -0.276411 -0.158292
vn 0.866228 -0.000011 -0.499649
vn 0.575194 0.303837 -0.759496
vn -0.866228 0.000011 0.499649
vn -0.575194 -0.303837 0.759496
vn 0.000000 0.000000 1.000000
vn -0.305511 -0.175827 0.935814
vn 0.000000 0.000000 -1.000000
vn 0.305511 0.175827 -0.935814
vn 0.865930 -0.000001 0.500165
vn 0.967361 0.202610 0.152189
vn -0.865930 0.000001 -0.500165
vn -0.967361 -0.202610 -0.152189
vn 0.866222 0.000010 -0.499660
vn 0.583821 0.221513 -0.781079
vn -0.866222 -0.000010 0.499660
vn -0.583821 -0.221513 0.781079
vn 0.000000 0.000000 1.000000
vn -0.299667 -0.207633 0.931176
vn 0.000000 0.000000 -1.000000
vn 0.299667 0.207633 -0.931176
vn 0.865930 0.000008 0.500165
vn 0.958516 0.239000 0.155327
vn -0.865930 -0.000008 -0.500165
vn -0.958516 -0.239000 -0.155327
vn 0.866222 -0.000011 -0.499660
vn 0.580140 0.262026 -0.771220
vn -0.866222 0.000011 0.499660
vn -0.580140 -0.262026 0.771220
vn 0.000000 0.000000 1.000000
vn -0.296643 -0.223316 0.928511
vn 0.000000 0.000000 -1.000000
vn 0.296643 0.223316 -0.928511
vn 0.865930 -0.000017 0.500165
vn 0.953646 0.256873 0.156768
vn -0.865930 0.000017 -0.500165
vn -0.953646 -0.256873 -0.156768
vn 0.866236 -0.000008 -0.499635
vn 0.577966 0.281987 -0.765793
vn -0.866236 0.000008 0.499635
vn -0.577966 -0.281987 0.765793
vn 0.000000 0.000000 1.000000
vn -0.307218 -0.166142 0.937024
vn 0.000000 0.000000 -1.000000
vn 0.307218 0.166142 -0.937024
vn 0.865930 -0.000001 0.500165
vn 0.969776 0.191502 0.151200
vn -0.865930 0.000001 -0.500165
vn -0.969776 -0.191502 -0.151200
vn 0.866222 0.000010 -0.499660
vn 0.584757 0.209160 -0.783780
vn -0.866222 -0.000010 0.499660
vn -0.584757 -0.209160 0.783780
vn 0.000000 0.000000 1.000000
vn -0.304848 -0.179546 0.935324
vn 0.000000 0.000000 -1.000000
vn 0.304848 0.179546 -0.935324
vn 0.865930 -0.000002 0.500165
vn 0.966402 0.206901 0.152506
vn -0.865930 0.000002 -0.500165
vn -0.966402 -0.206901 -0.152506
vn 0.866222 -0.000009 -0.499660
vn 0.583418 0.226256 -0.780021
vn -0.866222 0.000009 0.499660
vn -0.583418 -0.226256 0.780021
vn 0.000000 0.000000 1.000000
vn -0.296888 -0.222156 0.928711
vn 0.000000 0.000000 -1.000000
vn 0.296888 0.222156 -0.928711
vn 0.865930 0.000023 0.500165
vn 0.954014 0.255551 0.156686
vn -0.865930 -0.000023 -0.500165
vn -0.954014 -0.255551 -0.156686
vn 0.866222 -0.000012 -0.499660
vn 0.578101 0.280509 -0.766234
vn -0.866222 0.000012 0.499660
vn -0.578101 -0.280509 0.766234
vn 0.000000 0.000000 1.000000
vn -0.291511 -0.249163 0.923547
vn 0.000000 0.000000 -1.000000
vn 0.291511 0.249163 -0.923547
vn 0.865930 -0.000002 0.500165
vn 0.944872 0.286219 0.159044
vn -0.865930 0.000002 -0.500165
vn -0.944872 -0.286219 -0.159044
vn 0.866236 -0.000009 -0.499635
vn 0.573715 0.314826 -0.756132
vn -0.866236 0.000009 0.499635
vn -0.573715 -0.314826 0.756132
vn 0.000000 0.000000 1.000000
vn -0.301571 -0.197490 0.932766
vn 0.000000 0.000000 -1.000000
vn 0.301571 0.197490 -0.932766
vn 0.865930 -0.000002 0.500165
vn 0.961492 0.227407 0.154335
vn -0.865930 0.000002 -0.500165
vn -0.961492 -0.227407 -0.154335
vn 0.866222 0.000012 -0.499660
vn 0.581454 0.249102 -0.774506
vn -0.866222 -0.000012 0.499660
vn -0.581454 -0.249102 0.774506
vn 0.000000 0.000000 1.000000
vn -0.309051 -0.155541 0.938240
vn 0.000000 0.000000 -1.000000
vn 0.309051 0.155541 -0.938240
vn 0.865930 -0.000001 0.500165
vn 0.972272 0.179330 0.150094
vn -0.865930 0.000001 -0.500165
vn -0.972272 -0.179330 -0.150094
vn 0.866213 0.000008 -0.499674
vn 0.585608 0.195665 -0.786625
vn -0.866213 -0.000008 0.499674
vn -0.585608 -0.195665 0.786625
vn 0.000000 0.000000 1.000000
vn -0.293183 -0.240872 0.925216
vn 0.000000 0.000000 -1.000000
vn 0.293183 0.240872 -0.925216
vn 0.865930 -0.000018 0.500165
vn 0.947789 0.276824 0.158320
vn -0.865930 0.000018 -0.500165
vn -0.947789 -0.276824 -0.158320
vn 0.866222 0.000015 -0.499660
vn 0.575174 0.304290 -0.759330
vn -0.866222 -0.000015 0.499660
vn -0.575174 -0.304290 0.759330
vn 0.000000 0.000000 1.000000
vn -0.307780 -0.162962 0.937398
vn 0.000000 0.000000 -1.000000
vn 0.307780 0.162962 -0.937398
vn 0.865930 -0.000001 0.500165
vn 0.970542 0.187851 0.150862
vn -0.865930 0.000001 -0.500165
vn -0.970542 -0.187851 -0.150862
vn 0.866236 -0.000006 -0.499635
vn 0.585031 0.205107 -0.784646
vn -0.866236 0.000006 0.499635
vn -0.585031 -0.205107 0.784646
vn 0.000000 0.000000 1.000000
vn -0.305060 -0.178390 0.935476
vn 0.000000 0.000000 -1.000000
vn 0.305060 0.178390 -0.935476
vn 0.865930 -0.000002 0.500165
vn 0.966702 0.205547 0.152441
vn -0.865930 0.000002 -0.500165
vn -0.966702 -0.205547 -0.152441
vn 0.866222 0.000011 -0.499660
vn 0.583584 0.224762 -0.780328
vn -0.866222 -0.000011 0.499660
vn -0.583584 -0.224762 0.780328
vn 0.000000 0.000000 1.000000
vn -0.307694 -0.163435 0.937344
vn 0.000000 0.000000 -1.000000
vn 0.307694 0.163435 -0.937344
vn 0.865930 0.000017 0.500165
vn 0.970423 0.188399 0.150948
vn -0.865930 -0.000017 -0.500165
vn -0.970423 -0.188399 -0.150948
vn 0.866213 -0.000010 -0.499674
vn 0.584930 0.205720 -0.784561
vn -0.866213 0.000010 0.499674
vn -0.584930 -0.205720 0.784561
vn 0.000000 0.000000 1.000000
vn -0.291734 -0.247982 0.923794
vn 0.000000 0.000000 -1.000000
vn 0.291734 0.247982 -0.923794
vn 0.865916 0.000002 0.500190
vn 0.945283 0.284888 0.158994
vn -0.865916 -0.000002 -0.500190
vn -0.945283 -0.284888 -0.158994
vn 0.866222 0.000015 -0.499660
vn 0.573932 0.313336 -0.756586
vn -0.866222 -0.000015 0.499660
vn -0.573932 -0.313336 0.756586
vn 0.000000 0.000000 1.000000
vn -0.299872 -0.206545 0.931352
vn 0.000000 0.000000 -1.000000
vn 0.299872 0.206545 -0.931352
vn 0.865916 0.000002 0.500190
vn 0.958840 0.237755 0.155239
vn -0.865916 -0.000002 -0.500190
vn -0.958840 -0.237755 -0.155239
vn 0.866222 0.000012 -0.499660
vn 0.580311 0.260637 -0.771562
vn -0.866222 -0.000012 0.499660
vn -0.580311 -0.260637 0.771562
vn 0.000000 0.000000 1.000000
vn -0.289308 -0.259748 0.921321
vn 0.000000 0.000000 -1.000000
vn 0.289308 0.259748 -0.921321
vn 0.865930 0.000028 0.500165
vn 0.940997 0.298204 0.159994
vn -0.865930 -0.000028 -0.500165
vn -0.940997 -0.298204 -0.159994
vn 0.866213 -0.000017 -0.499674
vn 0.571755 0.328240 -0.751901
vn -0.866213 0.000017 0.499674
vn -0.571755 -0.328240 0.751901
vn 0.000000 0.000000 1.000000
vn -0.306056 -0.172772 0.936205
vn 0.000000 0.000000 -1.000000
vn 0.306056 0.172772 -0.936205
vn 0.865930 -0.000001 0.500165
vn 0.968137 0.199107 0.151876
vn -0.865930 0.000001 -0.500165
vn -0.968137 -0.199107 -0.151876
vn 0.866213 0.000008 -0.499674
vn 0.584106 0.217611 -0.781963
vn -0.866213 -0.000008 0.499674
vn -0.584106 -0.217611 0.781963
vn 0.000000 0.000000 1.000000
vn -0.307328 -0.165516 0.937099
vn 0.000000 0.000000 -1.000000
vn 0.307328 0.165516 -0.937099
vn 0.865922 -0.000010 0.500179
vn 0.969928 0.190784 0.151135
vn -0.865922 0.000010 -0.500179
vn -0.969928 -0.190784 -0.151135
vn 0.866222 0.000010 -0.499660
vn 0.584789 0.208377 -0.783965
vn -0.866222 -0.000010 0.499660
vn -0.584789 -0.208377 0.783965
vn 0.000000 0.000000 1.000000
vn -0.292967 -0.241879 0.925022
vn 0.000000 0.000000 -1.000000
vn 0.292967 0.241879 -0.925022
vn 0.865930 0.000026 0.500165
vn 0.947429 0.277968 0.158469
vn -0.865930 -0.000026 -0.500165
vn -0.947429 -0.277968 -0.158469
vn 0.866222 -0.000013 -0.499660
vn 0.574960 0.305598 -0.758967
vn -0.866222 0.000013 0.499660
vn -0.574960 -0.305598 0.758967
vn 0.000000 0.000000 1.000000
vn -0.304490 -0.181588 0.935046
vn 0.000000 0.000000 -1.000000
vn 0.304490 0.181588 -0.935046
vn 0.865930 -0.000013 0.500165
vn 0.965867 0.209214 0.152743
vn -0.865930 0.000013 -0.500165
vn -0.965867 -0.209214 -0.152743
vn 0.866222 0.000011 -0.499660
vn 0.583251 0.228836 -0.779392
vn -0.866222 -0.000011 0.499660
vn -0.583251 -0.228836 0.779392
vn 0.000000 0.000000 1.000000
vn -0.306876 -0.168113 0.936784
vn 0.000000 0.000000 -1.000000
vn 0.306876 0.168113 -0.936784
vn 0.865930 -0.000001 0.500165
vn 0.969299 0.193792 0.151343
vn -0.865930 0.000001 -0.500165
vn -0.969299 -0.193792 -0.151343
vn 0.866222 -0.000009 -0.499660
vn 0.584527 0.211688 -0.783273
vn -0.866222 0.000009 0.499660
vn -0.584527 -0.211688 0.783273
vn 0.000000 0.000000 1.000000
vn -0.285678 -0.276894 0.917452
vn 0.000000 0.000000 -1.000000
vn 0.285678 0.276894 -0.917452
vn 0.865930 0.000030 0.500165
vn 0.934404 0.317551 0.161401
vn -0.865930 -0.000030 -0.500165
vn -0.934404 -0.317551 -0.161401
vn 0.866222 -0.000016 -0.499660
vn 0.568401 0.349908 -0.744637
vn -0.866222 0.000016 0.499660
vn -0.568401 -0.349908 0.744637
vn 0.000000 0.000000 1.000000
vn -0.309225 -0.154555 0.938346
vn 0.000000 0.000000 -1.000000
vn 0.309225 0.154555 -0.938346
vn 0.865930 -0.000001 0.500165
vn 0.972497 0.178197 0.149984
vn -0.865930 0.000001 -0.500165
vn -0.972497 -0.178197 -0.149984
vn 0.866222 0.000009 -0.499660
vn 0.585718 0.194403 -0.786856
vn -0.866222 -0.000009 0.499660
vn -0.585718 -0.194403 0.786856
vn 0.000000 0.000000 1.000000
vn -0.304158 -0.183358 0.934809
vn 0.000000 0.000000 -1.000000
vn 0.304158 0.183358 -0.934809
vn 0.865930 -0.000002 0.500165
vn 0.965394 0.211238 0.152949
vn -0.865930 0.000002 -0.500165
vn -0.965394 -0.211238 -0.152949
vn 0.866236 -0.000007 -0.499635
vn 0.583071 0.231096 -0.778860
vn -0.866236 0.000007 0.499635
vn -0.583071 -0.231096 0.778860
vn 0.000000 0.000000 1.000000
vn -0.297401 -0.219493 0.929180
vn 0.000000 0.000000 -1.000000
vn 0.297401 0.219493 -0.929180
vn 0.865930 0.000009 0.500165
vn 0.954862 0.252524 0.156431
vn -0.865930 -0.000009 -0.500165
vn -0.954862 -0.252524 -0.156431
vn 0.866222 -0.000012 -0.499660
vn 0.578493 0.277122 -0.767170
vn -0.866222 0.000012 0.499660
vn -0.578493 -0.277122 0.767170
vn 0.000000 0.000000 1.000000
vn -0.286146 -0.274757 0.917948
vn 0.000000 0.000000 -1.000000
vn 0.286146 0.274757 -0.917948
vn 0.865930 0.000030 0.500165
vn 0.935250 0.315143 0.161218
vn -0.865930 -0.000030 -0.500165
vn -0.935250 -0.315143 -0.161218
vn 0.866222 -0.000015 -0.499660
vn 0.568811 0.347227 -0.745579
vn -0.866222 0.000015 0.499660
vn -0.568811 -0.347227 0.745579
vn 0.000000 0.000000 1.000000
vn -0.306394 -0.170818 0.936453
vn 0.000000 0.000000 -1.000000
vn 0.306394 0.170818 -0.936453
vn 0.865930 -0.000001 0.500165
vn 0.968625 0.196867 0.151685
vn -0.865930 0.000001 -0.500165
vn -0.968625 -0.196867 -0.151685
vn 0.866222 0.000010 -0.499660
vn 0.584331 0.215119 -0.782484
vn -0.866222 -0.000010 0.499660
vn -0.584331 -0.215119 0.782484
vn 0.000000 0.000000 1.000000
vn -0.309470 -0.153066 0.938509
vn 0.000000 0.000000 -1.000000
vn 0.309470 0.153066 -0.938509
vn 0.865916 -0.000008 0.500190
vn 0.972828 0.176494 0.149855
vn -0.865916 0.000008 -0.500190
vn -0.972828 -0.176494 -0.149855
vn 0.866222 0.000009 -0.499660
vn 0.585836 0.192510 -0.787233
vn -0.866222 -0.000009 0.499660
vn -0.585836 -0.192510 0.787233
vn 0.000000 0.000000 1.000000
vn -0.297506 -0.219038 0.929254
vn 0.000000 0.000000 -1.000000
vn 0.297506 0.219038 -0.929254
vn 0.865930 -0.000002 0.500165
vn 0.955014 0.251995 0.156353
vn -0.865930 0.000002 -0.500165
vn -0.955014 -0.251995 -0.156353
vn 0.866222 0.000013 -0.499660
vn 0.578576 0.276532 -0.767320
vn -0.866222 -0.000013 0.499660
vn -0.578576 -0.276532 0.767320
vn 0.000000 0.000000 1.000000
vn -0.296797 -0.222539 0.928648
vn 0.000000 0.000000 -1.000000
vn 0.296797 0.222539 -0.928648
vn 0.865922 -0.000014 0.500179
vn 0.953895 0.255983 0.156707
vn -0.865922 0.000014 -0.500179
vn -0.953895 -0.255983 -0.156707
vn 0.866236 -0.000008 -0.499635
vn 0.578055 0.281014 -0.766083
vn -0.866236 0.000008 0.499635
vn -0.578055 -0.281014 0.766083
vn 0.000000 0.000000 1.000000
vn -0.302930 -0.190081 0.933864
vn 0.000000 0.000000 -1.000000
vn 0.302930 0.190081 -0.933864
vn 0.865930 0.000020 0.500165
vn 0.963565 0.218939 0.153652
vn -0.865930 -0.000020 -0.500165
vn -0.963565 -0.218939 -0.153652
vn 0.866213 -0.000012 -0.499674
vn 0.582268 0.239675 -0.776865
vn -0.866213 0.000012 0.499674
vn -0.582268 -0.239675 0.776865
vn 0.000000 0.000000 1.000000
vn -0.304290 -0.182656 0.934903
vn 0.000000 0.000000 -1.000000
vn 0.304290 0.182656 -0.934903
vn 0.865930 -0.000002 0.500165
vn 0.965581 0.210434 0.152873
vn -0.865930 0.000002 -0.500165
vn -0.965581 -0.210434 -0.152873
vn 0.866228 -0.000008 -0.499649
vn 0.583107 0.230205 -0.779097
vn -0.866228 0.000008 0.499649
vn -0.583107 -0.230205 0.779097
vn 0.000000 0.000000 1.000000
vn -0.306318 -0.171330 0.936384
vn 0.000000 0.000000 -1.000000
vn 0.306318 0.171330 -0.936384
vn 0.865930 -0.000001 0.500165
vn 0.968500 0.197453 0.151721
vn -0.865930 0.000001 -0.500165
vn -0.968500 -0.197453 -0.151721
vn 0.866222 0.000010 -0.499660
vn 0.584275 0.215767 -0.782347
vn -0.866222 -0.000010 0.499660
vn -0.584275 -0.215767 0.782347
vn 0.000000 0.000000 1.000000
vn -0.288064 -0.265713 0.920008
vn 0.000000 0.000000 -1.000000
vn 0.288064 0.265713 -0.920008
vn 0.865930 -0.000002 0.500165
vn 0.938759 0.304937 0.160452
vn -0.865930 0.000002 -0.500165
vn -0.938759 -0.304937 -0.160452
vn 0.866213 0.000014 -0.499674
vn 0.570636 0.335781 -0.749417
vn -0.866213 -0.000014 0.499674
vn -0.570636 -0.335781 0.749417
vn 0.000000 0.000000 1.000000
vn -0.305899 -0.173686 0.936087
vn 0.000000 0.000000 -1.000000
vn 0.305899 0.173686 -0.936087
vn 0.865930 -0.000001 0.500165
vn 0.967907 0.200156 0.151963
vn -0.865930 0.000001 -0.500165
vn -0.967907 -0.200156 -0.151963
vn 0.866213 0.000009 -0.499674
vn 0.584015 0.218775 -0.781706
vn -0.866213 -0.000009 0.499674
vn -0.584015 -0.218775 0.781706
vn 0.000000 0.000000 1.000000
vn -0.304908 -0.179287 0.935354
vn 0.000000 0.000000 -1.000000
vn 0.304908 0.179287 -0.935354
vn 0.865930 0.000018 0.500165
vn 0.966464 0.206579 0.152554
vn -0.865930 -0.000018 -0.500165
vn -0.966464 -0.206579 -0.152554
vn 0.866222 -0.000009 -0.499660
vn 0.583461 0.225908 -0.780089
vn -0.866222 0.000009 0.499660
vn -0.583461 -0.225908 0.780089
vn 0.000000 0.000000 1.000000
vn -0.300264 -0.204529 0.931670
vn 0.000000 0.000000 -1.000000
vn 0.300264 0.204529 -0.931670
vn 0.865916 0.000002 0.500190
vn 0.959441 0.235452 0.155034
vn -0.865916 -0.000002 -0.500190
vn -0.959441 -0.235452 -0.155034
vn 0.866213 0.000010 -0.499674
vn 0.580531 0.258070 -0.772259
vn -0.866213 -0.000010 0.499674
vn -0.580531 -0.258070 0.772259
vn 0.000000 0.000000 1.000000
vn -0.305586 -0.175466 0.935857
vn 0.000000 0.000000 -1.000000
vn 0.305586 0.175466 -0.935857
vn 0.865930 -0.000001 0.500165
vn 0.967455 0.202196 0.152141
vn -0.865930 0.000001 -0.500165
vn -0.967455 -0.202196 -0.152141
vn 0.866228 -0.000008 -0.499649
vn 0.583839 0.221041 -0.781199
vn -0.866228 0.000008 0.499649
vn -0.583839 -0.221041 0.781199
vn 0.000000 0.000000 1.000000
vn -0.299413 -0.209030 0.930945
vn 0.000000 0.000000 -1.000000
vn 0.299413 0.209030 -0.930945
vn 0.865916 -0.000012 0.500190
vn 0.958097 0.240594 0.155447
vn -0.865916 0.000012 -0.500190
vn -0.958097 -0.240594 -0.155447
vn 0.866222 0.000013 -0.499660
vn 0.579975 0.263796 -0.770740
vn -0.866222 -0.000013 0.499660
vn -0.579975 -0.263796 0.770740
vn 0.000000 0.000000 1.000000
vn -0.294264 -0.235418 0.926276
vn 0.000000 0.000000 -1.000000
vn 0.294264 0.235418 -0.926276
vn 0.865930 -0.000002 0.500165
vn 0.949652 0.270629 0.157866
vn -0.865930 0.000002 -0.500165
vn -0.949652 -0.270629 -0.157866
vn 0.866222 0.000014 -0.499660
vn 0.576055 0.297387 -0.761394
vn -0.866222 -0.000014 0.499660
vn -0.576055 -0.297387 0.761394
vn 0.000000 0.000000 1.000000
vn -0.308107 -0.161012 0.937628
vn 0.000000 0.000000 -1.000000
vn 0.308107 0.161012 -0.937628
vn 0.865930 0.000006 0.500165
vn 0.970998 0.185621 0.150690
vn -0.865930 -0.000006 -0.500165
vn -0.970998 -0.185621 -0.150690
vn 0.866222 -0.000008 -0.499660
vn 0.585176 0.202631 -0.785181
vn -0.866222 0.000008 0.499660
vn -0.585176 -0.202631 0.785181
vn 0.000000 0.000000 1.000000
vn -0.304031 -0.184086 0.934707
vn 0.000000 0.000000 -1.000000
vn 0.304031 0.184086 -0.934707
vn 0.865930 -0.000002 0.500165
vn 0.965200 0.212072 0.153016
vn -0.865930 0.000002 -0.500165
vn -0.965200 -0.212072 -0.153016
vn 0.866213 0.000009 -0.499674
vn 0.582954 0.232028 -0.778670
vn -0.866213 -0.000009 0.499674
vn -0.582954 -0.232028 0.778670
vn 0.000000 0.000000 1.000000
vn -0.306956 -0.167613 0.936848
vn 0.000000 0.000000 -1.000000
vn 0.306956 0.167613 -0.936848
vn 0.865930 -0.000001 0.500165
vn 0.969416 0.193191 0.151357
vn -0.865930 0.000001 -0.500165
vn -0.969416 -0.193191 -0.151357
vn 0.866222 0.000010 -0.499660
vn 0.584604 0.211050 -0.783388
vn -0.866222 -0.000010 0.499660
vn -0.584604 -0.211050 0.783388
vn 0.000000 0.000000 1.000000
vn -0.285581 -0.277347 0.917345
vn 0.000000 0.000000 -1.000000
vn 0.285581 0.277347 -0.917345
vn 0.865930 0.000030 0.500165
vn 0.934224 0.318061 0.161437
vn -0.865930 -0.000030 -0.500165
vn -0.934224 -0.318061 -0.161437
vn 0.866222 -0.000016 -0.499660
vn 0.568307 0.350480 -0.744440
vn -0.866222 0.000016 0.499660
vn -0.568307 -0.350480 0.744440
vn 0.000000 0.000000 1.000000
vn -0.287668 -0.267564 0.919596
vn 0.000000 0.000000 -1.000000
vn 0.287668 0.267564 -0.919596
vn 0.865930 -0.000002 0.500165
vn 0.938050 0.307027 0.160610
vn -0.865930 0.000002 -0.500165
vn -0.938050 -0.307027 -0.160610
vn 0.866222 0.000017 -0.499660
vn 0.570310 0.338117 -0.748614
vn -0.866222 -0.000017 0.499660
vn -0.570310 -0.338117 0.748614
f 1//1 3//1 2//1
f 1//2 4//2 3//2
f 2//3 3//3 1//3
f 3//4 4//4 1//4
f 5//5 7//5 6//5
f 5//6 8//6 7//6
f 6//7 7//7 5//7
f 7//8 8//8 5//8
f 9//9 11//9 10//9
f 9//10 12//10 11//10
f 10//11 11//11 9//11
f 11//12 12//12 9//12
f 13//13 15//13 14//13
f 13//14 16//14 15//14
f 14//15 15//15 13//15
f 15//16 16//16 13//16
f 17//17 19//17 18//17
f 17//18 20//18 19//18
f 18//19 19//19 17//19
f 19//20 20//20 17//20
f 21//21 23//21 22//21
f 21//22 24//22 23//22
f 22//23 23//23 21//23
f 23//24 24//24 21//24
f 25//25 27//25 26//25
f 25//26 28//26 27//26
f 26//27 27//27 25//27
f 27//28 28//28 25//28
f 29//29 31//29 30//29
f 29//30 32//30 31//30
f 30//31 31//31 29//31
f 31//32 32//32 29//32
f 33//33 35//33 34//33
f 33//34 36//34 35//34
f 34//35 35//35 33//35
f 35//36 36//36 33//36
f 37//37 39//37 38//37
f 37//38 40//38 39//38
f 38//39 39//39 37//39
f 39//40 40//40 37//40
f 41//41 43//41 42//41
f 41//42 44//42 43//42
f 42//43 43//43 41//43
f 43//44 44//44 41//44
f 45//45 47//45 46//45
f 45//46 48//46 47//46
f 46//47 47//47 45//47
f 47//48 48//48 45//48
f 49//49 51//49 50//49
f 49//50 52//50 51//50
f 50//51 51//51 49//51
f 51//52 52//52 49//52
f 53//53 55//53 54//53
f 53//54 56//54 55//54
f 54//55 55//55 53//55
f 55//56 56//56 53//56
f 57//57 59//57 58//57
f 57//58 60//58 59//58
f 58//59 59//59 57//59
f 59//60 60//60 57//60
f 61//61 63//61 62//61
f 61//62 64//62 63//62
f 62//63 63//63 61//63
f 63//64 64//64 61//64
f 65//65 67//65 66//65
f 65//66 68//66 67//66
f 66//67 67//67 65//67
f 67//68 68//68 65//68
f 69//69 71//69 70//69
f 69//70 72//70 71//70
f 70//71 71//71 69//71
f 71//72 72//72 69//72
f 73//73 75//73 74//73
f 73//74 76//74 75//74
f 74//75 75//75 73//75
f 75//76 76//76 73//76
f 77//77 79//77 78//77
f 77//78 80//78 79//78
f 78//79 79//79 77//79
f 79//80 80//80 77//80
f 81//81 83//81 82//81
f 81//82 84//82 83//82
f 82//83 83//83 81//83
f 83//84 84//84 81//84
f 85//85 87//85 86//85
f 85//86 88//86 87//86
f 86//87 87//87 85//87
f 87//88 88//88 85//88
f 89//89 91//89 90//89
f 89//90 92//90 91//90
f 90//91 91//91 89//91
f 91//92 92//92 89//92
f 93//93 95//93 94//93
f 93//94 96//94 95//94
f 94//95 95//95 93//95
f 95//96 96//96 93//96
f 97//97 99//97 98//97
f 97//98 100//98 99//98
f 98//99 99//99 97//99
f 99//100 100//100 97//100
f 101//101 103//101 102//101
f 101//102 104//102 103//102
f 102//103 103//103 101//103
f 103//104 104//104 101//104
f 105//105 107//105 106//105
f 105//106 108//106 107//106
f 106//107 107//107 105//107
f 107//108 108//108 105//108
f 109//109 111//109 110//109
f 109//110 112//110 111//110
f 110//111 111//111 109//111
f 111//112 112//112 109//112
f 113//113 115//113 114//113
f 113//114 116//114 115//114
f 114//115 115//115 113//115
f 115//116 116//116 113//116
f 117//117 119//117 118//117
f 117//118 120//118 119//118
f 118//119 119//119 117//119
f 119//120 120//120 117//120
f 121//121 123//121 122//121
f 121//122 124//122 123//122
f 122//123 123//123 121//123
f 123//124 124//124 121//124
f 125//125 127//125 126//125
f 125//126 128//126 127//126
f 126//127 127//127 125//127
f 127//128 128//128 125//128
f 129//129 131//129 130//129
f 129//130 132//130 131//130
f 130//131 131//131 129//131
f 131//132 132//132 129//132
f 133//133 135//133 134//133
f 133//134 136//134 135//134
f 134//135 135//135 133//135
f 135//136 136//136 133//136
f 137//137 139//137 138//137
f 137//138 140//138 139//138
f 138//139 139//139 137//139
f 139//140 140//140 137//140
f 141//141 143//141 142//141
f 141//142 144//142 143//142
f 142//143 143//143 141//143
f 143//144 144//144 141//144
f 145//145 147//145 146//145
f 145//146 148//146 147//146
f 146//147 147//147 145//147
f 147//148 148//148 145//148
f 149//149 151//149 150//149
f 149//150 152//150 151//150
f 150//151 151//151 149//151
f 151//152 152//152 149//152
f 153//153 155//153 154//153
f 153//154 156//154 155//154
f 154//155 155//155 153//155
f 155//156 156//156 153//156
f 157//157 159//157 158//157
f 157//158 160//158 159//158
f 158//159 159//159 157//159
f 159//160 160//160 157//160
f 161//161 163//161 162//161
f 161//162 164//162 163//162
f 162//163 163//163 161//163
f 163//164 164//164 161//164
f 165//165 167//165 166//165
f 165//166 168//166 167//166
f 166//167 167//167 165//167
f 167//168 168//168 165//168
f 169//169 171//169 170//169
f 169//170 172//170 171//170
f 170//171 171//171 169//171
f 171//172 172//172 169//172
f 173//173 175//173 174//173
f 173//174 176//174 175//174
f 174//175 175//175 173//175
f 175//176 176//176 173//176
f 177//177 179//177 178//177
f 177//178 180//178 179//178
f 178//179 179//179 177//179
f 179//180 180//180 177//180
f 181//181 183//181 182//181
f 181//182 184//182 183//182
f 182//183 183//183 181//183
f 183//184 184//184 181//184
f 185//185 187//185 186//185
f 185//186 188//186 187//186
f 186//187 187//187 185//187
f 187//188 188//188 185//188
f 189//189 191//189 190//189
f 189//190 192//190 191//190
f 190//191 191//191 189//191
f 191//192 192//192 189//192
f 193//193 195//193 194//193
f 193//194 196//194 195//194
f 194//195 195//195 193//195
f 195//196 196//196 193//196
f 197//197 199//197 198//197
f 197//198 200//198 199//198
f 198//199 199//199 197//199
f 199//200 200//200 197//200
f 201//201 203//201 202//201
f 201//202 204//202 203//202
f 202//203 203//203 201//203
f 203//204 204//204 201//204
f 205//205 207//205 206//205
f 205//206 208//206 207//206
f 206//207 207//207 205//207
f 207//208 208//208 205//208
f 209//209 211//209 210//209
f 209//210 212//210 211//210
f 210//211 211//211 209//211
f 211//212 212//212 209//212
f 213//213 215//213 214//213
f 213//214 216//214 215//214
f 214//215 215//215 213//215
f 215//216 216//216 213//216
f 217//217 219//217 218//217
f 217//218 220//218 219//218
f 218//219 219//219 217//219
f 219//220 220//220 217//220
f 221//221 223//221 222//221
f 221//222 224//222 223//222
f 222//223 223//223 221//223
f 223//224 224//224 221//224
f 225//225 227//225 226//225
f 225//226 228//226 227//226
f 226//227 227//227 225//227
f 227//228 228//228 225//228
f 229//229 231//229 230//229
f 229//230 232//230 231//230
f 230//231 231//231 229//231
f 231//232 232//232 229//232
f 233//233 235//233 234//233
f 233//234 236//234 235//234
f 234//235 235//235 233//235
f 235//236 236//236 233//236
f 237//237 239//237 238//237
f 237//238 240//238 239//238
f 238//239 239//239 237//239
f 239//240 240//240 237//240
f 241//241 243//241 242//241
f 241//242 244//242 243//242
f 242//243 243//243 241//243
f 243//244 244//244 241//244
f 245//245 247//245 246//245
f 245//246 248//246 247//246
f 246//247 247//247 245//247
f 247//248 248//248 245//248
f 249//249 251//249 250//249
f 249//250 252//250 251//250
f 250//251 251//251 249//251
f 251//252 252//252 249//252
f 253//253 255//253 254//253
f 253//254 256//254 255//254
f 254//255 255//255 253//255
f 255//256 256//256 253//256
f 257//257 259//257 258//257
f 257//258 260//258 259//258
f 258//259 259//259 257//259
f 259//260 260//260 257//260
f 261//261 263//261 262//261
f 261//262 264//262 263//262
f 262//263 263//263 261//263
f 263//264 264//264 261//264
f 265//265 267//265 266//265
f 265//266 268//266 267//266
f 266//267 267//267 265//267
f 267//268 268//268 265//268
f 269//269 271//269 270//269
f 269//270 272//270 271//270
f 270//271 271//271 269//271
f 271//272 272//272 269//272
f 273//273 275//273 274//273
f 273//274 276//274 275//274
f 274//275 275//275 273//275
f 275//276 276//276 273//276
f 277//277 279//277 278//277
f 277//278 280//278 279//278
f 278//279 279//279 277//279
f 279//280 280//280 277//280
f 281//281 283//281 282//281
f 281//282 284//282 283//282
f 282//283 283//283 281//283
f 283//284 284//284 281//284
f 285//285 287//285 286//285
f 285//286 288//286 287//286
f 286//287 287//287 285//287
f 287//288 288//288 285//288
f 289//289 291//289 290//289
f 289//290 292//290 291//290
f 290//291 291//291 289//291
f 291//292 292//292 289//292
f 293//293 295//293 294//293
f 293//294 296//294 295//294
f 294//295 295//295 293//295
f 295//296 296//296 293//296
f 297//297 299//297 298//297
f 297//298 300//298 299//298
f 298//299 299//299 297//299
f 299//300 300//300 297//300
f 301//301 303//301 302//301
f 301//302 304//302 303//302
f 302//303 303//303 301//303
f 303//304 304//304 301//304
f 305//305 307//305 306//305
f 305//306 308//306 307//306
f 306//307 307//307 305//307
f 307//308 308//308 305//308
f 309//309 311//309 310//309
f 309//310 312//310 311//310
f 310//311 311//311 309//311
f 311//312 312//312 309//312
f 313//313 315//313 314//313
f 313//314 316//314 315//314
f 314//315 315//315 313//315
f 315//316 316//316 313//316
f 317//317 319//317 318//317
f 317//318 320//318 319//318
f 318//319 319//319 317//319
f 319//320 320//320 317//320
f 321//321 323//321 322//321
f 321//322 324//322 323//322
f 322//323 323//323 321//323
f 323//324 324//324 321//324
f 325//325 327//325 326//325
f 325//326 328//326 327//326
f 326//327 327//327 325//327
f 327//328 328//328 325//328
f 329//329 331//329 330//329
f 329//330 332//330 331//330
f 330//331 331//331 329//331
f 331//332 332//332 329//332
f 333//333 335//333 334//333
f 333//334 336//334 335//334
f 334//335 335//335 333//335
f 335//336 336//336 333//336
f 337//337 339//337 338//337
f 337//338 340//338 339//338
f 338//339 339//339 337//339
f 339//340 340//340 337//340
f 341//341 343//341 342//341
f 341//342 344//342 343//342
f 342//343 343//343 341//343
f 343//344 344//344 341//344
f 345//345 347//345 346//345
f 345//346 348//346 347//346
f 346//347 347//347 345//347
f 347//348 348//348 345//348
f 349//349 351//349 350//349
f 349//350 352//350 351//350
f 350//351 351//351 349//351
f 351//352 352//352 349//352
f 353//353 355//353 354//353
f 353//354 356//354 355//354
f 354//355 355//355 353//355
f 355//356 356//356 353//356
f 357//357 359//357 358//357
f 357//358 360//358 359//358
f 358//359 359//359 357//359
f 359//360 360//360 357//360
f 361//361 363//361 362//361
f 361//362 364//362 363//362
f 362//363 363//363 361//363
f 363//364 364//364 361//364
f 365//365 367//365 366//365
f 365//366 368//366 367//366
f 366//367 367//367 365//367
f 367//368 368//368 365//368
f 369//369 371//369 370//369
f 369//370 372//370 371//370
f 370//371 371//371 369//371
f 371//372 372//372 369//372
f 373//373 375//373 374//373
f 373//374 376//374 375//374
f 374//375 375//375 373//375
f 375//376 376//376 373//376
f 377//377 379//377 378//377
f 377//378 380//378 379//378
f 378//379 379//379 377//379
f 379//380 380//380 377//380
f 381//381 383//381 382//381
f 381//382 384//382 383//382
f 382//383 383//383 381//383
f 383//384 384//384 381//384
f 385//385 387//385 386//385
f 385//386 388//386 387//386
f 386//387 387//387 385//387
f 387//388 388//388 385//388
f 389//389 391//389 390//389
f 389//390 392//390 391//390
f 390//391 391//391 389//391
f 391//392 392//392 389//392
f 393//393 395//393 394//393
f 393//394 396//394 395//394
f 394//395 395//395 393//395
f 395//396 396//396 393//396
f 397//397 399//397 398//397
f 397//398 400//398 399//398
f 398//399 399//399 397//399
f 399//400 400//400 397//400
f 401//401 403//401 402//401
f 401//402 404//402 403//402
f 402//403 403//403 401//403
f 403//404 404//404 401//404
f 405//405 407//405 406//405
f 405//406 408//406 407//406
f 406//407 407//407 405//407
f 407//408 408//408 405//408
f 409//409 411//409 410//409
f 409//410 412//410 411//410
f 410//411 411//411 409//411
f 411//412 412//412 409//412
f 413//413 415//413 414//413
f 413//414 416//414 415//414
f 414//415 415//415 413//415
f 415//416 416//416 413//416
f 417//417 419//417 418//417
f 417//418 420//418 419//418
f 418//419 419//419 417//419
f 419//420 420//420 417//420
f 421//421 423//421 422//421
f 421//422 424//422 423//422
f 422//423 423//423 421//423
f 423//424 424//424 421//424
f 425//425 427//425 426//425
f 425//426 428//426 427//426
f 426//427 427//427 425//427
f 427//428 428//428 425//428
f 429//429 431//429 430//429
f 429//430 432//430 431//430
f 430//431 431//431 429//431
f 431//432 432//432 429//432
f 433//433 435//433 434//433
f 433//434 436//434 435//434
f 434//435 435//435 433//435
f 435//436 436//436 433//436
f 437//437 439//437 438//437
f 437//438 440//438 439//438
f 438//439 439//439 437//439
f 439//440 440//440 437//440
f 441//441 443//441 442//441
f 441//442 444//442 443//442
f 442//443 443//443 441//443
f 443//444 444//444 441//444
f 445//445 447//445 446//445
f 445//446 448//446 447//446
f 446//447 447//447 445//447
f 447//448 448//448 445//448
f 449//449 451//449 450//449
f 449//450 452//450 451//450
f 450//451 451//451 449//451
f 451//452 452//452 449//452
f 453//453 455//453 454//453
f 453//454 456//454 455//454
f 454//455 455//455 453//455
f 455//456 456//456 453//456
f 457//457 459//457 458//457
f 457//458 460//458 459//458
f 458//459 459//459 457//459
f 459//460 460//460 457//460
f 461//461 463//461 462//461
f 461//462 464//462 463//462
f 462//463 463//463 461//463
f 463//464 464//464 461//464
f 465//465 467//465 466//465
f 465//466 468//466 467//466
f 466//467 467//467 465//467
f 467//468 468//468 465//468
f 469//469 471//469 470//469
f 469//470 472//470 471//470
f 470//471 471//471 469//471
f 471//472 472//472 469//472
f 473//473 475//473 474//473
f 473//474 476//474 475//474
f 474//475 475//475 473//475
f 475//476 476//476 473//476
f 477//477 479//477 478//477
f 477//478 480//478 479//478
f 478//479 479//479 477//479
f 479//480 480//480 477//480
f 481//481 483//481 482//481
f 481//482 484//482 483//482
f 482//483 483//483 481//483
f 483//484 484//484 481//484
f 485//485 487//485 486//485
f 485//486 488//486 487//486
f 486//487 487//487 485//487
f 487//488 488//488 485//488
f 489//489 491//489 490//489
f 489//490 492//490 491//490
f 490//491 491//491 489//491
f 491//492 492//492 489//492
f 493//493 495//493 494//493
f 493//494 496//494 495//494
f 494//495 495//495 493//495
f 495//496 496//496 493//496
f 497//497 499//497 498//497
f 497//498 500//498 499//498
f 498//499 499//499 497//499
f 499//500 500//500 497//500
f 501//501 503//501 502//501
f 501//502 504//502 503//502
f 502//503 503//503 501//503
f 503//504 504//504 501//504
f 505//505 507//505 506//505
f 505//506 508//506 507//506
f 506//507 507//507 505//507
f 507//508 508//508 505//508
f 509//509 511//509 510//509
f 509//510 512//510 511//510
f 510//511 511//511 509//511
f 511//512 512//512 509//512
f 513//513 515//513 514//513
f 513//514 516//514 515//514
f 514//515 515//515 513//515
f 515//516 516//516 513//516
f 517//517 519//517 518//517
f 517//518 520//518 519//518
f 518//519 519//519 517//519
f 519//520 520//520 517//520
f 521//521 523//521 522//521
f 521//522 524//522 523//522
f 522//523 523//523 521//523
f 523//524 524//524 521//524
f 525//525 527//525 526//525
f 525//526 528//526 527//526
f 526//527 527//527 525//527
f 527//528 528//528 525//528
f 529//529 531//529 530//529
f 529//530 532//530 531//530
f 530//531 531//531 529//531
f 531//532 532//532 529//532
f 533//533 535//533 534//533
f 533//534 536//534 535//534
f 534//535 535//535 533//535
f 535//536 536//536 533//536
f 537//537 539//537 538//537
f 537//538 540//538 539//538
f 538//539 539//539 537//539
f 539//540 540//540 537//540
f 541//541 543//541 542//541
f 541//542 544//542 543//542
f 542//543 543//543 541//543
f 543//544 544//544 541//544
f 545//545 547//545 546//545
f 545//546 548//546 547//546
f 546//547 547//547 545//547
f 547//548 548//548 545//548
f 549//549 551//549 550//549
f 549//550 552//550 551//550
f 550//551 551//551 549//551
f 551//552 552//552 549//552
f 553//553 555//553 554//553
f 553//554 556//554 555//554
f 554//555 555//555 553//555
f 555//556 556//556 553//556
f 557//557 559//557 558//557
f 557//558 560//558 559//558
f 558//559 559//559 557//559
f 559//560 560//560 557//560
f 561//561 563//561 562//561
f 561//562 564//562 563//562
f 562//563 563//563 561//563
f 563//564 564//564 561//564
f 565//565 567//565 566//565
f 565//566 568//566 567//566
f 566//567 567//567 565//567
f 567//568 568//568 565//568
f 569//569 571//569 570//569
f 569//570 572//570 571//570
f 570//571 571//571 569//571
f 571//572 572//572 569//572
f 573//573 575//573 574//573
f 573//574 576//574 575//574
f 574//575 575//575 573//575
f 575//576 576//576 573//576
f 577//577 579//577 578//577
f 577//578 580//578 579//578
f 578//579 579//579 577//579
f 579//580 580//580 577//580
f 581//581 583//581 582//581
f 581//582 584//582 583//582
f 582//583 583//583 581//583
f 583//584 584//584 581//584
f 585//585 587//585 586//585
f 585//586 588//586 587//586
f 586//587 587//587 585//587
f 587//588 588//588 585//588
f 589//589 591//589 590//589
f 589//590 592//590 591//590
f 590//591 591//591 589//591
f 591//592 592//592 589//592
f 593//593 595//593 594//593
f 593//594 596//594 595//594
f 594//595 595//595 593//595
f 595//596 596//596 593//596
f 597//597 599//597 598//597
f 597//598 600//598 599//598
f 598//599 599//599 597//599
f 599//600 600//600 597//600
f 601//601 603//601 602//601
f 601//602 604//602 603//602
f 602//603 603//603 601//603
f 603//604 604//604 601//604
f 605//605 607//605 606//605
f 605//606 608//606 607//606
f 606//607 607//607 605//607
f 607//608 608//608 605//608
f 609//609 611//609 610//609
f 609//610 612//610 611//610
f 610//611 611//611 609//611
f 611//612 612//612 609//612
f 613//613 615//613 614//613
f 613//614 616//614 615//614
f 614//615 615//615 613//615
f 615//616 616//616 613//616
f 617//617 619//617 618//617
f 617//618 620//618 619//618
f 618//619 619//619 617//619
f 619//620 620//620 617//620
f 621//621 623//621 622//621
f 621//622 624//622 623//622
f 622//623 623//623 621//623
f 623//624 624//624 621//624
f 625//625 627//625 626//625
f 625//626 628//626 627//626
f 626//627 627//627 625//627
f 627//628 628//628 625//628
f 629//629 631//629 630//629
f 629//630 632//630 631//630
f 630//631 631//631 629//631
f 631//632 632//632 629//632
f 633//633 635//633 634//633
f 633//634 636//634 635//634
f 634//635 635//635 633//635
f 635//636 636//636 633//636
f 637//637 639//637 638//637
f 637//638 640//638 639//638
f 638//639 639//639 637//639
f 639//640 640//640 637//640
f 641//641 643//641 642//641
f 641//642 644//642 643//642
f 642//643 643//643 641//643
f 643//644 644//644 641//644
f 645//645 647//645 646//645
f 645//646 648//646 647//646
f 646//647 647//647 645//647
f 647//648 648//648 645//648
f 649//649 651//649 650//649
f 649//650 652//650 651//650
f 650//651 651//651 649//651
f 651//652 652//652 649//652
f 653//653 655//653 654//653
f 653//654 656//654 655//654
f 654//655 655//655 653//655
f 655//656 656//656 653//656
f 657//657 659//657 658//657
f 657//658 660//658 659//658
f 658//659 659//659 657//659
f 659//660 660//660 657//660
f 661//661 663//661 662//661
f 661//662 664//662 663//662
f 662//663 663//663 661//663
f 663//664 664//664 661//664
f 665//665 667//665 666//665
f 665//666 668//666 667//666
f 666//667 667//667 665//667
f 667//668 668//668 665//668
f 669//669 671//669 670//669
f 669//670 672//670 671//670
f 670//671 671//671 669//671
f 671//672 672//672 669//672
f 673//673 675//673 674//673
f 673//674 676//674 675//674
f 674//675 675//675 673//675
f 675//676 676//676 673//676
f 677//677 679//677 678//677
f 677//678 680//678 679//678
f 678//679 679//679 677//679
f 679//680 680//680 677//680
f 681//681 683//681 682//681
f 681//682 684//682 683//682
f 682//683 683//683 681//683
f 683//684 684//684 681//684
f 685//685 687//685 686//685
f 685//686 688//686 687//686
f 686//687 687//687 685//687
f 687//688 688//688 685//688
f 689//689 691//689 690//689
f 689//690 692//690 691//690
f 690//691 691//691 689//691
f 691//692 692//692 689//692
f 693//693 695//693 694//693
f 693//694 696//694 695//694
f 694//695 695//695 693//695
f 695//696 696//696 693//696
f 697//697 699//697 698//697
f 697//698 700//698 699//698
f 698//699 699//699 697//699
f 699//700 700//700 697//700
f 701//701 703//701 702//701
f 701//702 704//702 703//702
f 702//703 703//703 701//703
f 703//704 704//704 701//704
f 705//705 707//705 706//705
f 705//706 708//706 707//706
f 706//707 707//707 705//707
f 707//708 708//708 705//708
f 709//709 711//709 710//709
f 709//710 712//710 711//710
f 710//711 711//711 709//711
f 711//712 712//712 709//712
f 713//713 715//713 714//713
f 713//714 716//714 715//714
f 714//715 715//715 713//715
f 715//716 716//716 713//716
f 717//717 719//717 718//717
f 717//718 720//718 719//718
f 718//719 719//719 717//719
f 719//720 720//720 717//720
f 721//721 723//721 722//721
f 721//722 724//722 723//722
f 722//723 723//723 721//723
f 723//724 724//724 721//724
f 725//725 727//725 726//725
f 725//726 728//726 727//726
f 726//727 727//727 725//727
f 727//728 728//728 725//728
f 729//729 731//729 730//729
f 729//730 732//730 731//730
f 730//731 731//731 729//731
f 731//732 732//732 729//732
f 733//733 735//733 734//733
f 733//734 736//734 735//734
f 734//735 735//735 733//735
f 735//736 736//736 733//736
f 737//737 739//737 738//737
f 737//738 740//738 739//738
f 738//739 739//739 737//739
f 739//740 740//740 737//740
f 741//741 743//741 742//741
f 741//742 744//742 743//742
f 742//743 743//743 741//743
f 743//744 744//744 741//744
f 745//745 747//745 746//745
f 745//746 748//746 747//746
f 746//747 747//747 745//747
f 747//748 748//748 745//748
f 749//749 751//749 750//749
f 749//750 752//750 751//750
f 750//751 751//751 749//751
f 751//752 752//752 749//752
f 753//753 755//753 754//753
f 753//754 756//754 755//754
f 754//755 755//755 753//755
f 755//756 756//756 753//756
f 757//757 759//757 758//757
f 757//758 760//758 759//758
f 758//759 759//759 757//759
f 759//760 760//760 757//760
f 761//761 763//761 762//761
f 761//762 764//762 763//762
f 762//763 763//763 761//763
f 763//764 764//764 761//764
f 765//765 767//765 766//765
f 765//766 768//766 767//766
f 766//767 767//767 765//767
f 767//768 768//768 765//768
f 769//769 771//769 770//769
f 769//770 772//770 771//770
f 770//771 771//771 769//771
f 771//772 772//772 769//772
f 773//773 775//773 774//773
f 773//774 776//774 775//774
f 774//775 775//775 773//775
f 775//776 776//776 773//776
f 777//777 779//777 778//777
f 777//778 780//778 779//778
f 778//779 779//779 777//779
f 779//780 780//780 777//780
f 781//781 783//781 782//781
f 781//782 784//782 783//782
f 782//783 783//783 781//783
f 783//784 784//784 781//784
f 785//785 787//785 786//785
f 785//786 788//786 787//786
f 786//787 787//787 785//787
f 787//788 788//788 785//788
f 789//789 791//789 790//789
f 789//790 792//790 791//790
f 790//791 791//791 789//791
f 791//792 792//792 789//792
f 793//793 795//793 794//793
f 793//794 796//794 795//794
f 794//795 795//795 793//795
f 795//796 796//796 793//796
f 797//797 799//797 798//797
f 797//798 800//798 799//798
f 798//799 799//799 797//799
f 799//800 800//800 797//800
f 801//801 803//801 802//801
f 801//802 804//802 803//802
f 802//803 803//803 801//803
f 803//804 804//804 801//804
f 805//805 807//805 806//805
f 805//806 808//806 807//806
f 806//807 807//807 805//807
f 807//808 808//808 805//808
f 809//809 811//809 810//809
f 809//810 812//810 811//810
f 810//811 811//811 809//811
f 811//812 812//812 809//812
f 813//813 815//813 814//813
f 813//814 816//814 815//814
f 814//815 815//815 813//815
f 815//816 816//816 813//816
f 817//817 819//817 818//817
f 817//818 820//818 819//818
f 818//819 819//819 817//819
f 819//820 820//820 817//820
f 821//821 823//821 822//821
f 821//822 824//822 823//822
f 822//823 823//823 821//823
f 823//824 824//824 821//824
f 825//825 827//825 826//825
f 825//826 828//826 827//826
f 826//827 827//827 825//827
f 827//828 828//828 825//828
f 829//829 831//829 830//829
f 829//830 832//830 831//830
f 830//831 831//831 829//831
f 831//832 832//832 829//832
f 833//833 835//833 834//833
f 833//834 836//834 835//834
f 834//835 835//835 833//835
f 835//836 836//836 833//836
f 837//837 839//837 838//837
f 837//838 840//838 839//838
f 838//839 839//839 837//839
f 839//840 840//840 837//840
f 841//841 843//841 842//841
f 841//842 844//842 843//842
f 842//843 843//843 841//843
f 843//844 844//844 841//844
f 845//845 847//845 846//845
f 845//846 848//846 847//846
f 846//847 847//847 845//847
f 847//848 848//848 845//848
f 849//849 851//849 850//849
f 849//850 852//850 851//850
f 850//851 851//851 849//851
f 851//852 852//852 849//852
f 853//853 855//853 854//853
f 853//854 856//854 855//854
f 854//855 855//855 853//855
f 855//856 856//856 853//856
f 857//857 859//857 858//857
f 857//858 860//858 859//858
f 858//859 859//859 857//859
f 859//860 860//860 857//860
f 861//861 863//861 862//861
f 861//862 864//862 863//862
f 862//863 863//863 861//863
f 863//864 864//864 861//864
f 865//865 867//865 866//865
f 865//866 868//866 867//866
f 866//867 867//867 865//867
f 867//868 868//868 865//868
f 869//869 871//869 870//869
f 869//870 872//870 871//870
f 870//871 871//871 869//871
f 871//872 872//872 869//872
f 873//873 875//873 874//873
f 873//874 876//874 875//874
f 874//875 875//875 873//875
f 875//876 876//876 873//876
f 877//877 879//877 878//877
f 877//878 880//878 879//878
f 878//879 879//879 877//879
f 879//880 880//880 877//880
f 881//881 883//881 882//881
f 881//882 884//882 883//882
f 882//883 883//883 881//883
f 883//884 884//884 881//884
f 885//885 887//885 886//885
f 885//886 888//886 887//886
f 886//887 887//887 885//887
f 887//888 888//888 885//888
f 889//889 891//889 890//889
f 889//890 892//890 891//890
f 890//891 891//891 889//891
f 891//892 892//892 889//892
f 893//893 895//893 894//893
f 893//894 896//894 895//894
f 894//895 895//895 893//895
f 895//896 896//896 893//896
f 897//897 899//897 898//897
f 897//898 900//898 899//898
f 898//899 899//899 897//899
f 899//900 900//900 897//900
f 901//901 903//901 902//901
f 901//902 904//902 903//902
f 902//903 903//903 901//903
f 903//904 904//904 901//904
f 905//905 907//905 906//905
f 905//906 908//906 907//906
f 906//907 907//907 905//907
f 907//908 908//908 905//908
f 909//909 911//909 910//909
f 909//910 912//910 911//910
f 910//911 911//911 909//911
f 911//912 912//912 909//912
f 913//913 915//913 914//913
f 913//914 916//914 915//914
f 914//915 915//915 913//915
f 915//916 916//916 913//916
f 917//917 919//917 918//917
f 917//918 920//918 919//918
f 918//919 919//919 917//919
f 919//920 920//920 917//920
f 921//921 923//921 922//921
f 921//922 924//922 923//922
f 922//923 923//923 921//923
f 923//924 924//924 921//924
f 925//925 927//925 926//925
f 925//926 928//926 927//926
f 926//927 927//927 925//927
f 927//928 928//928 925//928
f 929//929 931//929 930//929
f 929//930 932//930 931//930
f 930//931 931//931 929//931
f 931//932 932//932 929//932
f 933//933 935//933 934//933
f 933//934 936//934 935//934
f 934//935 935//935 933//935
f 935//936 936//936 933//936
f 937//937 939//937 938//937
f 937//938 940//938 939//938
f 938//939 939//939 937//939
f 939//940 940//940 937//940
f 941//941 943//941 942//941
f 941//942 944//942 943//942
f 942//943 943//943 941//943
f 943//944 944//944 941//944
f 945//945 947//945 946//945
f 945//946 948//946 947//946
f 946//947 947//947 945//947
f 947//948 948//948 945//948
f 949//949 951//949 950//949
f 949//950 952//950 951//950
f 950//951 951//951 949//951
f 951//952 952//952 949//952
f 953//953 955//953 954//953
f 953//954 956//954 955//954
f 954//955 955//955 953//955
f 955//956 956//956 953//956
f 957//957 959//957 958//957
f 957//958 960//958 959//958
f 958//959 959//959 957//959
f 959//960 960//960 957//960
f 961//961 963//961 962//961
f 961//962 964//962 963//962
f 962//963 963//963 961//963
f 963//964 964//964 961//964
f 965//965 967//965 966//965
f 965//966 968//966 967//966
f 966//967 967//967 965//967
f 967//968 968//968 965//968
f 969//969 971//969 970//969
f 969//970 972//970 971//970
f 970//971 971//971 969//971
f 971//972 972//972 969//972
f 973//973 975//973 974//973
f 973//974 976//974 975//974
f 974//975 975//975 973//975
f 975//976 976//976 973//976
f 977//977 979//977 978//977
f 977//978 980//978 979//978
f 978//979 979//979 977//979
f 979//980 980//980 977//980
f 981//981 983//981 982//981
f 981//982 984//982 983//982
f 982//983 983//983 981//983
f 983//984 984//984 981//984
f 985//985 987//985 986//985
f 985//986 988//986 987//986
f 986//987 987//987 985//987
f 987//988 988//988 985//988
f 989//989 991//989 990//989
f 989//990 992//990 991//990
f 990//991 991//991 989//991
f 991//992 992//992 989//992
f 993//993 995//993 994//993
f 993//994 996//994 995//994
f 994//995 995//995 993//995
f 995//996 996//996 993//996
f 997//997 999//997 998//997
f 997//998 1000//998 999//998
f 998//999 999//999 997//999
f 999//1000 1000//1000 997//1000
f 1001//1001 1003//1001 1002//1001
f 1001//1002 1004//1002 1003//1002
f 1002//1003 1003//1003 1001//1003
f 1003//1004 1004//1004 1001//1004
f 1005//1005 1007//1005 1006//1005
f 1005//1006 1008//1006 1007//1006
f 1006//1007 1007//1007 1005//1007
f 1007//1008 1008//1008 1005//1008
f 1009//1009 1011//1009 1010//1009
f 1009//1010 1012//1010 1011//1010
f 1010//1011 1011//1011 1009//1011
f 1011//1012 1012//1012 1009//1012
f 1013//1013 1015//1013 1014//1013
f 1013//1014 1016//1014 1015//1014
f 1014//1015 1015//1015 1013//1015
f 1015//1016 1016//1016 1013//1016
f 1017//1017 1019//1017 1018//1017
f 1017//1018 1020//1018 1019//1018
f 1018//1019 1019//1019 1017//1019
f 1019//1020 1020//1020 1017//1020
f 1021//1021 1023//1021 1022//1021
f 1021//1022 1024//1022 1023//1022
f 1022//1023 1023//1023 1021//1023
f 1023//1024 1024//1024 1021//1024
f 1025//1025 1027//1025 1026//1025
f 1025//1026 1028//1026 1027//1026
f 1026//1027 1027//1027 1025//1027
f 1027//1028 1028//1028 1025//1028
f 1029//1029 1031//1029 1030//1029
f 1029//1030 1032//1030 1031//1030
f 1030//1031 1031//1031 1029//1031
f 1031//1032 1032//1032 1029//1032
f 1033//1033 1035//1033 1034//1033
f 1033//1034 1036//1034 1035//1034
f 1034//1035 1035//1035 1033//1035
f 1035//1036 1036//1036 1033//1036
f 1037//1037 1039//1037 1038//1037
f 1037//1038 1040//1038 1039//1038
f 1038//1039 1039//1039 1037//1039
f 1039//1040 1040//1040 1037//1040
f 1041//1041 1043//1041 1042//1041
f 1041//1042 1044//1042 1043//1042
f 1042//1043 1043//1043 1041//1043
f 1043//1044 1044//1044 1041//1044
f 1045//1045 1047//1045 1046//1045
f 1045//1046 1048//1046 1047//1046
f 1046//1047 1047//1047 1045//1047
f 1047//1048 1048//1048 1045//1048
f 1049//1049 1051//1049 1050//1049
f 1049//1050 1052//1050 1051//1050
f 1050//1051 1051//1051 1049//1051
f 1051//1052 1052//1052 1049//1052
f 1053//1053 1055//1053 1054//1053
f 1053//1054 1056//1054 1055//1054
f 1054//1055 1055//1055 1053//1055
f 1055//1056 1056//1056 1053//1056
f 1057//1057 1059//1057 1058//1057
f 1057//1058 1060//1058 1059//1058
f 1058//1059 1059//1059 1057//1059
f 1059//1060 1060//1060 1057//1060
f 1061//1061 1063//1061 1062//1061
f 1061//1062 1064//1062 1063//1062
f 1062//1063 1063//1063 1061//1063
f 1063//1064 1064//1064 1061//1064
f 1065//1065 1067//1065 1066//1065
f 1065//1066 1068//1066 1067//1066
f 1066//1067 1067//1067 1065//1067
f 1067//1068 1068//1068 1065//1068
f 1069//1069 1071//1069 1070//1069
f 1069//1070 1072//1070 1071//1070
f 1070//1071 1071//1071 1069//1071
f 1071//1072 1072//1072 1069//1072
f 1073//1073 1075//1073 1074//1073
f 1073//1074 1076//1074 1075//1074
f 1074//1075 1075//1075 1073//1075
f 1075//1076 1076//1076 1073//1076
f 1077//1077 1079//1077 1078//1077
f 1077//1078 1080//1078 1079//1078
f 1078//1079 1079//1079 1077//1079
f 1079//1080 1080//1080 1077//1080
f 1081//1081 1083//1081 1082//1081
f 1081//1082 1084//1082 1083//1082
f 1082//1083 1083//1083 1081//1083
f 1083//1084 1084//1084 1081//1084
f 1085//1085 1087//1085 1086//1085
f 1085//1086 1088//1086 1087//1086
f 1086//1087 1087//1087 1085//1087
f 1087//1088 1088//1088 1085//1088
f 1089//1089 1091//1089 1090//1089
f 1089//1090 1092//1090 1091//1090
f 1090//1091 1091//1091 1089//1091
f 1091//1092 1092//1092 1089//1092
f 1093//1093 1095//1093 1094//1093
f 1093//1094 1096//1094 1095//1094
f 1094//1095 1095//1095 1093//1095
f 1095//1096 1096//1096 1093//1096
f 1097//1097 1099//1097 1098//1097
f 1097//1098 1100//1098 1099//1098
f 1098//1099 1099//1099 1097//1099
f 1099//1100 1100//1100 1097//1100
f 1101//1101 1103//1101 1102//1101
f 1101//1102 1104//1102 1103//1102
f 1102//1103 1103//1103 1101//1103
f 1103//1104 1104//1104 1101//1104
f 1105//1105 1107//1105 1106//1105
f 1105//1106 1108//1106 1107//1106
f 1106//1107 1107//1107 1105//1107
f 1107//1108 1108//1108 1105//1108
f 1109//1109 1111//1109 1110//1109
f 1109//1110 1112//1110 1111//1110
f 1110//1111 1111//1111 1109//1111
f 1111//1112 1112//1112 1109//1112
f 1113//1113 1115//1113 1114//1113
f 1113//1114 1116//1114 1115//1114
f 1114//1115 1115//1115 1113//1115
f 1115//1116 1116//1116 1113//1116
f 1117//1117 1119//1117 1118//1117
f 1117//1118 1120//1118 1119//1118
f 1118//1119 1119//1119 1117//1119
f 1119//1120 1120//1120 1117//1120
f 1121//1121 1123//1121 1122//1121
f 1121//1122 1124//1122 1123//1122
f 1122//1123 1123//1123 1121//1123
f 1123//1124 1124//1124 1121//1124
f 1125//1125 1127//1125 1126//1125
f 1125//1126 1128//1126 1127//1126
f 1126//1127 1127//1127 1125//1127
f 1127//1128 1128//1128 1125//1128
f 1129//1129 1131//1129 1130//1129
f 1129//1130 1132//1130 1131//1130
f 1130//1131 1131//1131 1129//1131
f 1131//1132 1132//1132 1129//1132
f 1133//1133 1135//1133 1134//1133
f 1133//1134 1136//1134 1135//1134
f 1134//1135 1135//1135 1133//1135
f 1135//1136 1136//1136 1133//1136
f 1137//1137 1139//1137 1138//1137
f 1137//1138 1140//1138 1139//1138
f 1138//1139 1139//1139 1137//1139
f 1139//1140 1140//1140 1137//1140
f 1141//1141 1143//1141 1142//1141
f 1141//1142 1144//1142 1143//1142
f 1142//1143 1143//1143 1141//1143
f 1143//1144 1144//1144 1141//1144
f 1145//1145 1147//1145 1146//1145
f 1145//1146 1148//1146 1147//1146
f 1146//1147 1147//1147 1145//1147
f 1147//1148 1148//1148 1145//1148
f 1149//1149 1151//1149 1150//1149
f 1149//1150 1152//1150 1151//1150
f 1150//1151 1151//1151 1149//1151
f 1151//1152 1152//1152 1149//1152
f 1153//1153 1155//1153 1154//1153
f 1153//1154 1156//1154 1155//1154
f 1154//1155 1155//1155 1153//1155
f 1155//1156 1156//1156 1153//1156
f 1157//1157 1159//1157 1158//1157
f 1157//1158 1160//1158 1159//1158
f 1158//1159 1159//1159 1157//1159
f 1159//1160 1160//1160 1157//1160
f 1161//1161 1163//1161 1162//1161
f 1161//1162 1164//1162 1163//1162
f 1162//1163 1163//1163 1161//1163
f 1163//1164 1164//1164 1161//1164
f 1165//1165 1167//1165 1166//1165
f 1165//1166 1168//1166 1167//1166
f 1166//1167 1167//1167 1165//1167
f 1167//1168 1168//1168 1165//1168
f 1169//1169 1171//1169 1170//1169
f 1169//1170 1172//1170 1171//1170
f 1170//1171 1171//1171 1169//1171
f 1171//1172 1172//1172 1169//1172
f 1173//1173 1175//1173 1174//1173
f 1173//1174 1176//1174 1175//1174
f 1174//1175 1175//1175 1173//1175
f 1175//1176 1176//1176 1173//1176
f 1177//1177 1179//1177 1178//1177
f 1177//1178 1180//1178 1179//1178
f 1178//1179 1179//1179 1177//1179
f 1179//1180 1180//1180 1177//1180
f 1181//1181 1183//1181 1182//1181
f 1181//1182 1184//1182 1183//1182
f 1182//1183 1183//1183 1181//1183
f 1183//1184 1184//1184 1181//1184
f 1185//1185 1187//1185 1186//1185
f 1185//1186 1188//1186 1187//1186
f 1186//1187 1187//1187 1185//1187
f 1187//1188 1188//1188 1185//1188
f 1189//1189 1191//1189 1190//1189
f 1189//1190 1192//1190 1191//1190
f 1190//1191 1191//1191 1189//1191
f 1191//1192 1192//1192 1189//1192
f 1193//1193 1195//1193 1194//1193
f 1193//1194 1196//1194 1195//1194
f 1194//1195 1195//1195 1193//1195
f 1195//1196 1196//1196 1193//1196
f 1197//1197 1199//1197 1198//1197
f 1197//1198 1200//1198 1199//1198
f 1198//1199 1199//1199 1197//1199
f 1199//1200 1200//1200 1197//1200
f 1201//1201 1203//1201 1202//1201
f 1201//1202 1204//1202 1203//1202
f 1202//1203 1203//1203 1201//1203
f 1203//1204 1204//1204 1201//1204
f 1205//1205 1207//1205 1206//1205
f 1205//1206 1208//1206 1207//1206
f 1206//1207 1207//1207 1205//1207
f 1207//1208 1208//1208 1205//1208
f 1209//1209 1211//1209 1210//1209
f 1209//1210 1212//1210 1211//1210
f 1210//1211 1211//1211 1209//1211
f 1211//1212 1212//1212 1209//1212
f 1213//1213 1215//1213 1214//1213
f 1213//1214 1216//1214 1215//1214
f 1214//1215 1215//1215 1213//1215
f 1215//1216 1216//1216 1213//1216
f 1217//1217 1219//1217 1218//1217
f 1217//1218 1220//1218 1219//1218
f 1218//1219 1219//1219 1217//1219
f 1219//1220 1220//1220 1217//1220
f 1221//1221 1223//1221 1222//1221
f 1221//1222 1224//1222 1223//1222
f 1222//1223 1223//1223 1221//1223
f 1223//1224 1224//1224 1221//1224
f 1225//1225 1227//1225 1226//1225
f 1225//1226 1228//1226 1227//1226
f 1226//1227 1227//1227 1225//1227
f 1227//1228 1228//1228 1225//1228
f 1229//1229 1231//1229 1230//1229
f 1229//1230 1232//1230 1231//1230
f 1230//1231 1231//1231 1229//1231
f 1231//1232 1232//1232 1229//1232
f 1233//1233 1235//1233 1234//1233
f 1233//1234 1236//1234 1235//1234
f 1234//1235 1235//1235 1233//1235
f 1235//1236 1236//1236 1233//1236
f 1237//1237 1239//1237 1238//1237
f 1237//1238 1240//1238 1239//1238
f 1238//1239 1239//1239 1237//1239
f 1239//1240 1240//1240 1237//1240
f 1241//1241 1243//1241 1242//1241
f 1241//1242 1244//1242 1243//1242
f 1242//1243 1243//1243 1241//1243
f 1243//1244 1244//1244 1241//1244
f 1245//1245 1247//1245 1246//1245
f 1245//1246 1248//1246 1247//1246
f 1246//1247 1247//1247 1245//1247
f 1247//1248 1248//1248 1245//1248
f 1249//1249 1251//1249 1250//1249
f 1249//1250 1252//1250 1251//1250
f 1250//1251 1251//1251 1249//1251
f 1251//1252 1252//1252 1249//1252
f 1253//1253 1255//1253 1254//1253
f 1253//1254 1256//1254 1255//1254
f 1254//1255 1255//1255 1253//1255
f 1255//1256 1256//1256 1253//1256
f 1257//1257 1259//1257 1258//1257
f 1257//1258 1260//1258 1259//1258
f 1258//1259 1259//1259 1257//1259
f 1259//1260 1260//1260 1257//1260
f 1261//1261 1263//1261 1262//1261
f 1261//1262 1264//1262 1263//1262
f 1262//1263 1263//1263 1261//1263
f 1263//1264 1264//1264 1261//1264
f 1265//1265 1267//1265 1266//1265
f 1265//1266 1268//1266 1267//1266
f 1266//1267 1267//1267 1265//1267
f 1267//1268 1268//1268 1265//1268
f 1269//1269 1271//1269 1270//1269
f 1269//1270 1272//1270 1271//1270
f 1270//1271 1271//1271 1269//1271
f 1271//1272 1272//1272 1269//1272
f 1273//1273 1275//1273 1274//1273
f 1273//1274 1276//1274 1275//1274
f 1274//1275 1275//1275 1273//1275
f 1275//1276 1276//1276 1273//1276
f 1277//1277 1279//1277 1278//1277
f 1277//1278 1280//1278 1279//1278
f 1278//1279 1279//1279 1277//1279
f 1279//1280 1280//1280 1277//1280
f 1281//1281 1283//1281 1282//1281
f 1281//1282 1284//1282 1283//1282
f 1282//1283 1283//1283 1281//1283
f 1283//1284 1284//1284 1281//1284
f 1285//1285 1287//1285 1286//1285
f 1285//1286 1288//1286 1287//1286
f 1286//1287 1287//1287 1285//1287
f 1287//1288 1288//1288 1285//1288
f 1289//1289 1291//1289 1290//1289
f 1289//1290 1292//1290 1291//1290
f 1290//1291 1291//1291 1289//1291
f 1291//1292 1292//1292 1289//1292
f 1293//1293 1295//1293 1294//1293
f 1293//1294 1296//1294 1295//1294
f 1294//1295 1295//1295 1293//1295
f 1295//1296 1296//1296 1293//1296
f 1297//1297 1299//1297 1298//1297
f 1297//1298 1300//1298 1299//1298
f 1298//1299 1299//1299 1297//1299
f 1299//1300 1300//1300 1297//1300
f 1301//1301 1303//1301 1302//1301
f 1301//1302 1304//1302 1303//1302
f 1302//1303 1303//1303 1301//1303
f 1303//1304 1304//1304 1301//1304
f 1305//1305 1307//1305 1306//1305
f 1305//1306 1308//1306 1307//1306
f 1306//1307 1307//1307 1305//1307
f 1307//1308 1308//1308 1305//1308
f 1309//1309 1311//1309 1310//1309
f 1309//1310 1312//1310 1311//1310
f 1310//1311 1311//1311 1309//1311
f 1311//1312 1312//1312 1309//1312
f 1313//1313 1315//1313 1314//1313
f 1313//1314 1316//1314 1315//1314
f 1314//1315 1315//1315 1313//1315
f 1315//1316 1316//1316 1313//1316
f 1317//1317 1319//1317 1318//1317
f 1317//1318 1320//1318 1319//1318
f 1318//1319 1319//1319 1317//1319
f 1319//1320 1320//1320 1317//1320
f 1321//1321 1323//1321 1322//1321
f 1321//1322 1324//1322 1323//1322
f 1322//1323 1323//1323 1321//1323
f 1323//1324 1324//1324 1321//1324
f 1325//1325 1327//1325 1326//1325
f 1325//1326 1328//1326 1327//1326
f 1326//1327 1327//1327 1325//1327
f 1327//1328 1328//1328 1325//1328
f 1329//1329 1331//1329 1330//1329
f 1329//1330 1332//1330 1331//1330
f 1330//1331 1331//1331 1329//1331
f 1331//1332 1332//1332 1329//1332
f 1333//1333 1335//1333 1334//1333
f 1333//1334 1336//1334 1335//1334
f 1334//1335 1335//1335 1333//1335
f 1335//1336 1336//1336 1333//1336
f 1337//1337 1339//1337 1338//1337
f 1337//1338 1340//1338 1339//1338
f 1338//1339 1339//1339 1337//1339
f 1339//1340 1340//1340 1337//1340
f 1341//1341 1343//1341 1342//1341
f 1341//1342 1344//1342 1343//1342
f 1342//1343 1343//1343 1341//1343
f 1343//1344 1344//1344 1341//1344
f 1345//1345 1347//1345 1346//1345
f 1345//1346 1348//1346 1347//1346
f 1346//1347 1347//1347 1345//1347
f 1347//1348 1348//1348 1345//1348
f 1349//1349 1351//1349 1350//1349
f 1349//1350 1352//1350 1351//1350
f 1350//1351 1351//1351 1349//1351
f 1351//1352 1352//1352 1349//1352
f 1353//1353 1355//1353 1354//1353
f 1353//1354 1356//1354 1355//1354
f 1354//1355 1355//1355 1353//1355
f 1355//1356 1356//1356 1353//1356
f 1357//1357 1359//1357 1358//1357
f 1357//1358 1360//1358 1359//1358
f 1358//1359 1359//1359 1357//1359
f 1359//1360 1360//1360 1357//1360
f 1361//1361 1363//1361 1362//1361
f 1361//1362 1364//1362 1363//1362
f 1362//1363 1363//1363 1361//1363
f 1363//1364 1364//1364 1361//1364
f 1365//1365 1367//1365 1366//1365
f 1365//1366 1368//1366 1367//1366
f 1366//1367 1367//1367 1365//1367
f 1367//1368 1368//1368 1365//1368
f 1369//1369 1371//1369 1370//1369
f 1369//1370 1372//1370 1371//1370
f 1370//1371 1371//1371 1369//1371
f 1371//1372 1372//1372 1369//1372
f 1373//1373 1375//1373 1374//1373
f 1373//1374 1376//1374 1375//1374
f 1374//1375 1375//1375 1373//1375
f 1375//1376 1376//1376 1373//1376
f 1377//1377 1379//1377 1378//1377
f 1377//1378 1380//1378 1379//1378
f 1378//1379 1379//1379 1377//1379
f 1379//1380 1380//1380 1377//1380
f 1381//1381 1383//1381 1382//1381
f 1381//1382 1384//1382 1383//1382
f 1382//1383 1383//1383 1381//1383
f 1383//1384 1384//1384 1381//1384
f 1385//1385 1387//1385 1386//1385
f 1385//1386 1388//1386 1387//1386
f 1386//1387 1387//1387 1385//1387
f 1387//1388 1388//1388 1385//1388
f 1389//1389 1391//1389 1390//1389
f 1389//1390 1392//1390 1391//1390
f 1390//1391 1391//1391 1389//1391
f 1391//1392 1392//1392 1389//1392
f 1393//1393 1395//1393 1394//1393
f 1393//1394 1396//1394 1395//1394
f 1394//1395 1395//1395 1393//1395
f 1395//1396 1396//1396 1393//1396
f 1397//1397 1399//1397 1398//1397
f 1397//1398 1400//1398 1399//1398
f 1398//1399 1399//1399 1397//1399
f 1399//1400 1400//1400 1397//1400
f 1401//1401 1403//1401 1402//1401
f 1401//1402 1404//1402 1403//1402
f 1402//1403 1403//1403 1401//1403
f 1403//1404 1404//1404 1401//1404
f 1405//1405 1407//1405 1406//1405
f 1405//1406 1408//1406 1407//1406
f 1406//1407 1407//1407 1405//1407
f 1407//1408 1408//1408 1405//1408
f 1409//1409 1411//1409 1410//1409
f 1409//1410 1412//1410 1411//1410
f 1410//1411 1411//1411 1409//1411
f 1411//1412 1412//1412 1409//1412
f 1413//1413 1415//1413 1414//1413
f 1413//1414 1416//1414 1415//1414
f 1414//1415 1415//1415 1413//1415
f 1415//1416 1416//1416 1413//1416
f 1417//1417 1419//1417 1418//1417
f 1417//1418 1420//1418 1419//1418
f 1418//1419 1419//1419 1417//1419
f 1419//1420 1420//1420 1417//1420
f 1421//1421 1423//1421 1422//1421
f 1421//1422 1424//1422 1423//1422
f 1422//1423 1423//1423 1421//1423
f 1423//1424 1424//1424 1421//1424
f 1425//1425 1427//1425 1426//1425
f 1425//1426 1428//1426 1427//1426
f 1426//1427 1427//1427 1425//1427
f 1427//1428 1428//1428 1425//1428
f 1429//1429 1431//1429 1430//1429
f 1429//1430 1432//1430 1431//1430
f 1430//1431 1431//1431 1429//1431
f 1431//1432 1432//1432 1429//1432
f 1433//1433 1435//1433 1434//1433
f 1433//1434 1436//1434 1435//1434
f 1434//1435 1435//1435 1433//1435
f 1435//1436 1436//1436 1433//1436
f 1437//1437 1439//1437 1438//1437
f 1437//1438 1440//1438 1439//1438
f 1438//1439 1439//1439 1437//1439
f 1439//1440 1440//1440 1437//1440
f 1441//1441 1443//1441 1442//1441
f 1441//1442 1444//1442 1443//1442
f 1442//1443 1443//1443 1441//1443
f 1443//1444 1444//1444 1441//1444
f 1445//1445 1447//1445 1446//1445
f 1445//1446 1448//1446 1447//1446
f 1446//1447 1447//1447 1445//1447
f 1447//1448 1448//1448 1445//1448
f 1449//1449 1451//1449 1450//1449
f 1449//1450 1452//1450 1451//1450
f 1450//1451 1451//1451 1449//1451
f 1451//1452 1452//1452 1449//1452
f 1453//1453 1455//1453 1454//1453
f 1453//1454 1456//1454 1455//1454
f 1454//1455 1455//1455 1453//1455
f 1455//1456 1456//1456 1453//1456
f 1457//1457 1459//1457 1458//1457
f 1457//1458 1460//1458 1459//1458
f 1458//1459 1459//1459 1457//1459
f 1459//1460 1460//1460 1457//1460
f 1461//1461 1463//1461 1462//1461
f 1461//1462 1464//1462 1463//1462
f 1462//1463 1463//1463 1461//1463
f 1463//1464 1464//1464 1461//1464
f 1465//1465 1467//1465 1466//1465
f 1465//1466 1468//1466 1467//1466
f 1466//1467 1467//1467 1465//1467
f 1467//1468 1468//1468 1465//1468
f 1469//1469 1471//1469 1470//1469
f 1469//1470 1472//1470 1471//1470
f 1470//1471 1471//1471 1469//1471
f 1471//1472 1472//1472 1469//1472
f 1473//1473 1475//1473 1474//1473
f 1473//1474 1476//1474 1475//1474
f 1474//1475 1475//1475 1473//1475
f 1475//1476 1476//1476 1473//1476
f 1477//1477 1479//1477 1478//1477
f 1477//1478 1480//1478 1479//1478
f 1478//1479 1479//1479 1477//1479
f 1479//1480 1480//1480 1477//1480
f 1481//1481 1483//1481 1482//1481
f 1481//1482 1484//1482 1483//1482
f 1482//1483 1483//1483 1481//1483
f 1483//1484 1484//1484 1481//1484
f 1485//1485 1487//1485 1486//1485
f 1485//1486 1488//1486 1487//1486
f 1486//1487 1487//1487 1485//1487
f 1487//1488 1488//1488 1485//1488
f 1489//1489 1491//1489 1490//1489
f 1489//1490 1492//1490 1491//1490
f 1490//1491 1491//1491 1489//1491
f 1491//1492 1492//1492 1489//1492
f 1493//1493 1495//1493 1494//1493
f 1493//1494 1496//1494 1495//1494
f 1494//1495 1495//1495 1493//1495
f 1495//1496 1496//1496 1493//1496
f 1497//1497 1499//1497 1498//1497
f 1497//1498 1500//1498 1499//1498
f 1498//1499 1499//1499 1497//1499
f 1499//1500 1500//1500 1497//1500
f 1501//1501 1503//1501 1502//1501
f 1501//1502 1504//1502 1503//1502
f 1502//1503 1503//1503 1501//1503
f 1503//1504 1504//1504 1501//1504
f 1505//1505 1507//1505 1506//1505
f 1505//1506 1508//1506 1507//1506
f 1506//1507 1507//1507 1505//1507
f 1507//1508 1508//1508 1505//1508
f 1509//1509 1511//1509 1510//1509
f 1509//1510 1512//1510 1511//1510
f 1510//1511 1511//1511 1509//1511
f 1511//1512 1512//1512 1509//1512
f 1513//1513 1515//1513 1514//1513
f 1513//1514 1516//1514 1515//1514
f 1514//1515 1515//1515 1513//1515
f 1515//1516 1516//1516 1513//1516
f 1517//1517 1519//1517 1518//1517
f 1517//1518 1520//1518 1519//1518
f 1518//1519 1519//1519 1517//1519
f 1519//1520 1520//1520 1517//1520
f 1521//1521 1523//1521 1522//1521
f 1521//1522 1524//1522 1523//1522
f 1522//1523 1523//1523 1521//1523
f 1523//1524 1524//1524 1521//1524
f 1525//1525 1527//1525 1526//1525
f 1525//1526 1528//1526 1527//1526
f 1526//1527 1527//1527 1525//1527
f 1527//1528 1528//1528 1525//1528
f 1529//1529 1531//1529 1530//1529
f 1529//1530 1532//1530 1531//1530
f 1530//1531 1531//1531 1529//1531
f 1531//1532 1532//1532 1529//1532
f 1533//1533 1535//1533 1534//1533
f 1533//1534 1536//1534 1535//1534
f 1534//1535 1535//1535 1533//1535
f 1535//1536 1536//1536 1533//1536
f 1537//1537 1539//1537 1538//1537
f 1537//1538 1540//1538 1539//1538
f 1538//1539 1539//1539 1537//1539
f 1539//1540 1540//1540 1537//1540
f 1541//1541 1543//1541 1542//1541
f 1541//1542 1544//1542 1543//1542
f 1542//1543 1543//1543 1541//1543
f 1543//1544 1544//1544 1541//1544
f 1545//1545 1547//1545 1546//1545
f 1545//1546 1548//1546 1547//1546
f 1546//1547 1547//1547 1545//1547
f 1547//1548 1548//1548 1545//1548
f 1549//1549 1551//1549 1550//1549
f 1549//1550 1552//1550 1551//1550
f 1550//1551 1551//1551 1549//1551
f 1551//1552 1552//1552 1549//1552
f 1553//1553 1555//1553 1554//1553
f 1553//1554 1556//1554 1555//1554
f 1554//1555 1555//1555 1553//1555
f 1555//1556 1556//1556 1553//1556
f 1557//1557 1559//1557 1558//1557
f 1557//1558 1560//1558 1559//1558
f 1558//1559 1559//1559 1557//1559
f 1559//1560 1560//1560 1557//1560
f 1561//1561 1563//1561 1562//1561
f 1561//1562 1564//1562 1563//1562
f 1562//1563 1563//1563 1561//1563
f 1563//1564 1564//1564 1561//1564
f 1565//1565 1567//1565 1566//1565
f 1565//1566 1568//1566 1567//1566
f 1566//1567 1567//1567 1565//1567
f 1567//1568 1568//1568 1565//1568
f 1569//1569 1571//1569 1570//1569
f 1569//1570 1572//1570 1571//1570
f 1570//1571 1571//1571 1569//1571
f 1571//1572 1572//1572 1569//1572
f 1573//1573 1575//1573 1574//1573
f 1573//1574 1576//1574 1575//1574
f 1574//1575 1575//1575 1573//1575
f 1575//1576 1576//1576 1573//1576
f 1577//1577 1579//1577 1578//1577
f 1577//1578 1580//1578 1579//1578
f 1578//1579 1579//1579 1577//1579
f 1579//1580 1580//1580 1577//1580
f 1581//1581 1583//1581 1582//1581
f 1581//1582 1584//1582 1583//1582
f 1582//1583 1583//1583 1581//1583
f 1583//1584 1584//1584 1581//1584
f 1585//1585 1587//1585 1586//1585
f 1585//1586 1588//1586 1587//1586
f 1586//1587 1587//1587 1585//1587
f 1587//1588 1588//1588 1585//1588
f 1589//1589 1591//1589 1590//1589
f 1589//1590 1592//1590 1591//1590
f 1590//1591 1591//1591 1589//1591
f 1591//1592 1592//1592 1589//1592
f 1593//1593 1595//1593 1594//1593
f 1593//1594 1596//1594 1595//1594
f 1594//1595 1595//1595 1593//1595
f 1595//1596 1596//1596 1593//1596
f 1597//1597 1599//1597 1598//1597
f 1597//1598 1600//1598 1599//1598
f 1598//1599 1599//1599 1597//1599
f 1599//1600 1600//1600 1597//1600
f 1601//1601 1603//1601 1602//1601
f 1601//1602 1604//1602 1603//1602
f 1602//1603 1603//1603 1601//1603
f 1603//1604 1604//1604 1601//1604
f 1605//1605 1607//1605 1606//1605
f 1605//1606 1608//1606 1607//1606
f 1606//1607 1607//1607 1605//1607
f 1607//1608 1608//1608 1605//1608
f 1609//1609 1611//1609 1610//1609
f 1609//1610 1612//1610 1611//1610
f 1610//1611 1611//1611 1609//1611
f 1611//1612 1612//1612 1609//1612
f 1613//1613 1615//1613 1614//1613
f 1613//1614 1616//1614 1615//1614
f 1614//1615 1615//1615 1613//1615
f 1615//1616 1616//1616 1613//1616
f 1617//1617 1619//1617 1618//1617
f 1617//1618 1620//1618 1619//1618
f 1618//1619 1619//1619 1617//1619
f 1619//1620 1620//1620 1617//1620
f 1621//1621 1623//1621 1622//1621
f 1621//1622 1624//1622 1623//1622
f 1622//1623 1623//1623 1621//1623
f 1623//1624 1624//1624 1621//1624
f 1625//1625 1627//1625 1626//1625
f 1625//1626 1628//1626 1627//1626
f 1626//1627 1627//1627 1625//1627
f 1627//1628 1628//1628 1625//1628
f 1629//1629 1631//1629 1630//1629
f 1629//1630 1632//1630 1631//1630
f 1630//1631 1631//1631 1629//1631
f 1631//1632 1632//1632 1629//1632
f 1633//1633 1635//1633 1634//1633
f 1633//1634 1636//1634 1635//1634
f 1634//1635 1635//1635 1633//1635
f 1635//1636 1636//1636 1633//1636
f 1637//1637 1639//1637 1638//1637
f 1637//1638 1640//1638 1639//1638
f 1638//1639 1639//1639 1637//1639
f 1639//1640 1640//1640 1637//1640
f 1641//1641 1643//1641 1642//1641
f 1641//1642 1644//1642 1643//1642
f 1642//1643 1643//1643 1641//1643
f 1643//1644 1644//1644 1641//1644
f 1645//1645 1647//1645 1646//1645
f 1645//1646 1648//1646 1647//1646
f 1646//1647 1647//1647 1645//1647
f 1647//1648 1648//1648 1645//1648
f 1649//1649 1651//1649 1650//1649
f 1649//1650 1652//1650 1651//1650
f 1650//1651 1651//1651 1649//1651
f 1651//1652 1652//1652 1649//1652
f 1653//1653 1655//1653 1654//1653
f 1653//1654 1656//1654 1655//1654
f 1654//1655 1655//1655 1653//1655
f 1655//1656 1656//1656 1653//1656
f 1657//1657 1659//1657 1658//1657
f 1657//1658 1660//1658 1659//1658
f 1658//1659 1659//1659 1657//1659
f 1659//1660 1660//1660 1657//1660
f 1661//1661 1663//1661 1662//1661
f 1661//1662 1664//1662 1663//1662
f 1662//1663 1663//1663 1661//1663
f 1663//1664 1664//1664 1661//1664
f 1665//1665 1667//1665 1666//1665
f 1665//1666 1668//1666 1667//1666
f 1666//1667 1667//1667 1665//1667
f 1667//1668 1668//1668 1665//1668
f 1669//1669 1671//1669 1670//1669
f 1669//1670 1672//1670 1671//1670
f 1670//1671 1671//1671 1669//1671
f 1671//1672 1672//1672 1669//1672
f 1673//1673 1675//1673 1674//1673
f 1673//1674 1676//1674 1675//1674
f 1674//1675 1675//1675 1673//1675
f 1675//1676 1676//1676 1673//1676
f 1677//1677 1679//1677 1678//1677
f 1677//1678 1680//1678 1679//1678
f 1678//1679 1679//1679 1677//1679
f 1679//1680 1680//1680 1677//1680
f 1681//1681 1683//1681 1682//1681
f 1681//1682 1684//1682 1683//1682
f 1682//1683 1683//1683 1681//1683
f 1683//1684 1684//1684 1681//1684
f 1685//1685 1687//1685 1686//1685
f 1685//1686 1688//1686 1687//1686
f 1686//1687 1687//1687 1685//1687
f 1687//1688 1688//1688 1685//1688
f 1689//1689 1691//1689 1690//1689
f 1689//1690 1692//1690 1691//1690
f 1690//1691 1691//1691 1689//1691
f 1691//1692 1692//1692 1689//1692
f 1693//1693 1695//1693 1694//1693
f 1693//1694 1696//1694 1695//1694
f 1694//1695 1695//1695 1693//1695
f 1695//1696 1696//1696 1693//1696
f 1697//1697 1699//1697 1698//1697
f 1697//1698 1700//1698 1699//1698
f 1698//1699 1699//1699 1697//1699
f 1699//1700 1700//1700 1697//1700
f 1701//1701 1703//1701 1702//1701
f 1701//1702 1704//1702 1703//1702
f 1702//1703 1703//1703 1701//1703
f 1703//1704 1704//1704 1701//1704
f 1705//1705 1707//1705 1706//1705
f 1705//1706 1708//1706 1707//1706
f 1706//1707 1707//1707 1705//1707
f 1707//1708 1708//1708 1705//1708
f 1709//1709 1711//1709 1710//1709
f 1709//1710 1712//1710 1711//1710
f 1710//1711 1711//1711 1709//1711
f 1711//1712 1712//1712 1709//1712
f 1713//1713 1715//1713 1714//1713
f 1713//1714 1716//1714 1715//1714
f 1714//1715 1715//1715 1713//1715
f 1715//1716 1716//1716 1713//1716
f 1717//1717 1719//1717 1718//1717
f 1717//1718 1720//1718 1719//1718
f 1718//1719 1719//1719 1717//1719
f 1719//1720 1720//1720 1717//1720
f 1721//1721 1723//1721 1722//1721
f 1721//1722 1724//1722 1723//1722
f 1722//1723 1723//1723 1721//1723
f 1723//1724 1724//1724 1721//1724
f 1725//1725 1727//1725 1726//1725
f 1725//1726 1728//1726 1727//1726
f 1726//1727 1727//1727 1725//1727
f 1727//1728 1728//1728 1725//1728
f 1729//1729 1731//1729 1730//1729
f 1729//1730 1732//1730 1731//1730
f 1730//1731 1731//1731 1729//1731
f 1731//1732 1732//1732 1729//1732
f 1733//1733 1735//1733 1734//1733
f 1733//1734 1736//1734 1735//1734
f 1734//1735 1735//1735 1733//1735
f 1735//1736 1736//1736 1733//1736
f 1737//1737 1739//1737 1738//1737
f 1737//1738 1740//1738 1739//1738
f 1738//1739 1739//1739 1737//1739
f 1739//1740 1740//1740 1737//1740
f 1741//1741 1743//1741 1742//1741
f 1741//1742 1744//1742 1743//1742
f 1742//1743 1743//1743 1741//1743
f 1743//1744 1744//1744 1741//1744
f 1745//1745 1747//1745 1746//1745
f 1745//1746 1748//1746 1747//1746
f 1746//1747 1747//1747 1745//1747
f 1747//1748 1748//1748 1745//1748
f 1749//1749 1751//1749 1750//1749
f 1749//1750 1752//1750 1751//1750
f 1750//1751 1751//1751 1749//1751
f 1751//1752 1752//1752 1749//1752
f 1753//1753 1755//1753 1754//1753
f 1753//1754 1756//1754 1755//1754
f 1754//1755 1755//1755 1753//1755
f 1755//1756 1756//1756 1753//1756
f 1757//1757 1759//1757 1758//1757
f 1757//1758 1760//1758 1759//1758
f 1758//1759 1759//1759 1757//1759
f 1759//1760 1760//1760 1757//1760
f 1761//1761 1763//1761 1762//1761
f 1761//1762 1764//1762 1763//1762
f 1762//1763 1763//1763 1761//1763
f 1763//1764 1764//1764 1761//1764
f 1765//1765 1767//1765 1766//1765
f 1765//1766 1768//1766 1767//1766
f 1766//1767 1767//1767 1765//1767
f 1767//1768 1768//1768 1765//1768
f 1769//1769 1771//1769 1770//1769
f 1769//1770 1772//1770 1771//1770
f 1770//1771 1771//1771 1769//1771
f 1771//1772 1772//1772 1769//1772
f 1773//1773 1775//1773 1774//1773
f 1773//1774 1776//1774 1775//1774
f 1774//1775 1775//1775 1773//1775
f 1775//1776 1776//1776 1773//1776
f 1777//1777 1779//1777 1778//1777
f 1777//1778 1780//1778 1779//1778
f 1778//1779 1779//1779 1777//1779
f 1779//1780 1780//1780 1777//1780
f 1781//1781 1783//1781 1782//1781
f 1781//1782 1784//1782 1783//1782
f 1782//1783 1783//1783 1781//1783
f 1783//1784 1784//1784 1781//1784
f 1785//1785 1787//1785 1786//1785
f 1785//1786 1788//1786 1787//1786
f 1786//1787 1787//1787 1785//1787
f 1787//1788 1788//1788 1785//1788
f 1789//1789 1791//1789 1790//1789
f 1789//1790 1792//1790 1791//1790
f 1790//1791 1791//1791 1789//1791
f 1791//1792 1792//1792 1789//1792
f 1793//1793 1795//1793 1794//1793
f 1793//1794 1796//1794 1795//1794
f 1794//1795 1795//1795 1793//1795
f 1795//1796 1796//1796 1793//1796
f 1797//1797 1799//1797 1798//1797
f 1797//1798 1800//1798 1799//1798
f 1798//1799 1799//1799 1797//1799
f 1799//1800 1800//1800 1797//1800
f 1801//1801 1803//1801 1802//1801
f 1801//1802 1804//1802 1803//1802
f 1802//1803 1803//1803 1801//1803
f 1803//1804 1804//1804 1801//1804
f 1805//1805 1807//1805 1806//1805
f 1805//1806 1808//1806 1807//1806
f 1806//1807 1807//1807 1805//1807
f 1807//1808 1808//1808 1805//1808
f 1809//1809 1811//1809 1810//1809
f 1809//1810 1812//1810 1811//1810
f 1810//1811 1811//1811 1809//1811
f 1811//1812 1812//1812 1809//1812
f 1813//1813 1815//1813 1814//1813
f 1813//1814 1816//1814 1815//1814
f 1814//1815 1815//1815 1813//1815
f 1815//1816 1816//1816 1813//1816
f 1817//1817 1819//1817 1818//1817
f 1817//1818 1820//1818 1819//1818
f 1818//1819 1819//1819 1817//1819
f 1819//1820 1820//1820 1817//1820
f 1821//1821 1823//1821 1822//1821
f 1821//1822 1824//1822 1823//1822
f 1822//1823 1823//1823 1821//1823
f 1823//1824 1824//1824 1821//1824
f 1825//1825 1827//1825 1826//1825
f 1825//1826 1828//1826 1827//1826
f 1826//1827 1827//1827 1825//1827
f 1827//1828 1828//1828 1825//1828
f 1829//1829 1831//1829 1830//1829
f 1829//1830 1832//1830 1831//1830
f 1830//1831 1831//1831 1829//1831
f 1831//1832 1832//1832 1829//1832
f 1833//1833 1835//1833 1834//1833
f 1833//1834 1836//1834 1835//1834
f 1834//1835 1835//1835 1833//1835
f 1835//1836 1836//1836 1833//1836
f 1837//1837 1839//1837 1838//1837
f 1837//1838 1840//1838 1839//1838
f 1838//1839 1839//1839 1837//1839
f 1839//1840 1840//1840 1837//1840
f 1841//1841 1843//1841 1842//1841
f 1841//1842 1844//1842 1843//1842
f 1842//1843 1843//1843 1841//1843
f 1843//1844 1844//1844 1841//1844
f 1845//1845 1847//1845 1846//1845
f 1845//1846 1848//1846 1847//1846
f 1846//1847 1847//1847 1845//1847
f 1847//1848 1848//1848 1845//1848
f 1849//1849 1851//1849 1850//1849
f 1849//1850 1852//1850 1851//1850
f 1850//1851 1851//1851 1849//1851
f 1851//1852 1852//1852 1849//1852
f 1853//1853 1855//1853 1854//1853
f 1853//1854 1856//1854 1855//1854
f 1854//1855 1855//1855 1853//1855
f 1855//1856 1856//1856 1853//1856
f 1857//1857 1859//1857 1858//1857
f 1857//1858 1860//1858 1859//1858
f 1858//1859 1859//1859 1857//1859
f 1859//1860 1860//1860 1857//1860
f 1861//1861 1863//1861 1862//1861
f 1861//1862 1864//1862 1863//1862
f 1862//1863 1863//1863 1861//1863
f 1863//1864 1864//1864 1861//1864
f 1865//1865 1867//1865 1866//1865
f 1865//1866 1868//1866 1867//1866
f 1866//1867 1867//1867 1865//1867
f 1867//1868 1868//1868 1865//1868
f 1869//1869 1871//1869 1870//1869
f 1869//1870 1872//1870 1871//1870
f 1870//1871 1871//1871 1869//1871
f 1871//1872 1872//1872 1869//1872
f 1873//1873 1875//1873 1874//1873
f 1873//1874 1876//1874 1875//1874
f 1874//1875 1875//1875 1873//1875
f 1875//1876 1876//1876 1873//1876
f 1877//1877 1879//1877 1878//1877
f 1877//1878 1880//1878 1879//1878
f 1878//1879 1879//1879 1877//1879
f 1879//1880 1880//1880 1877//1880
f 1881//1881 1883//1881 1882//1881
f 1881//1882 1884//1882 1883//1882
f 1882//1883 1883//1883 1881//1883
f 1883//1884 1884//1884 1881//1884
f 1885//1885 1887//1885 1886//1885
f 1885//1886 1888//1886 1887//1886
f 1886//1887 1887//1887 1885//1887
f 1887//1888 1888//1888 1885//1888
f 1889//1889 1891//1889 1890//1889
f 1889//1890 1892//1890 1891//1890
f 1890//1891 1891//1891 1889//1891
f 1891//1892 1892//1892 1889//1892
f 1893//1893 1895//1893 1894//1893
f 1893//1894 1896//1894 1895//1894
f 1894//1895 1895//1895 1893//1895
f 1895//1896 1896//1896 1893//1896
f 1897//1897 1899//1897 1898//1897
f 1897//1898 1900//1898 1899//1898
f 1898//1899 1899//1899 1897//1899
f 1899//1900 1900//1900 1897//1900
f 1901//1901 1903//1901 1902//1901
f 1901//1902 1904//1902 1903//1902
f 1902//1903 1903//1903 1901//1903
f 1903//1904 1904//1904 1901//1904
f 1905//1905 1907//1905 1906//1905
f 1905//1906 1908//1906 1907//1906
f 1906//1907 1907//1907 1905//1907
f 1907//1908 1908//1908 1905//1908
f 1909//1909 1911//1909 1910//1909
f 1909//1910 1912//1910 1911//1910
f 1910//1911 1911//1911 1909//1911
f 1911//1912 1912//1912 1909//1912
f 1913//1913 1915//1913 1914//1913
f 1913//1914 1916//1914 1915//1914
f 1914//1915 1915//1915 1913//1915
f 1915//1916 1916//1916 1913//1916
f 1917//1917 1919//1917 1918//1917
f 1917//1918 1920//1918 1919//1918
f 1918//1919 1919//1919 1917//1919
f 1919//1920 1920//1920 1917//1920
f 1921//1921 1923//1921 1922//1921
f 1921//1922 1924//1922 1923//1922
f 1922//1923 1923//1923 1921//1923
f 1923//1924 1924//1924 1921//1924
f 1925//1925 1927//1925 1926//1925
f 1925//1926 1928//1926 1927//1926
f 1926//1927 1927//1927 1925//1927
f 1927//1928 1928//1928 1925//1928
f 1929//1929 1931//1929 1930//1929
f 1929//1930 1932//1930 1931//1930
f 1930//1931 1931//1931 1929//1931
f 1931//1932 1932//1932 1929//1932
f 1933//1933 1935//1933 1934//1933
f 1933//1934 1936//1934 1935//1934
f 1934//1935 1935//1935 1933//1935
f 1935//1936 1936//1936 1933//1936
f 1937//1937 1939//1937 1938//1937
f 1937//1938 1940//1938 1939//1938
f 1938//1939 1939//1939 1937//1939
f 1939//1940 1940//1940 1937//1940
f 1941//1941 1943//1941 1942//1941
f 1941//1942 1944//1942 1943//1942
f 1942//1943 1943//1943 1941//1943
f 1943//1944 1944//1944 1941//1944
f 1945//1945 1947//1945 1946//1945
f 1945//1946 1948//1946 1947//1946
f 1946//1947 1947//1947 1945//1947
f 1947//1948 1948//1948 1945//1948
f 1949//1949 1951//1949 1950//1949
f 1949//1950 1952//1950 1951//1950
f 1950//1951 1951//1951 1949//1951
f 1951//1952 1952//1952 1949//1952
f 1953//1953 1955//1953 1954//1953
f 1953//1954 1956//1954 1955//1954
f 1954//1955 1955//1955 1953//1955
f 1955//1956 1956//1956 1953//1956
f 1957//1957 1959//1957 1958//1957
f 1957//1958 1960//1958 1959//1958
f 1958//1959 1959//1959 1957//1959
f 1959//1960 1960//1960 1957//1960
f 1961//1961 1963//1961 1962//1961
f 1961//1962 1964//1962 1963//1962
f 1962//1963 1963//1963 1961//1963
f 1963//1964 1964//1964 1961//1964
f 1965//1965 1967//1965 1966//1965
f 1965//1966 1968//1966 1967//1966
f 1966//1967 1967//1967 1965//1967
f 1967//1968 1968//1968 1965//1968
f 1969//1969 1971//1969 1970//1969
f 1969//1970 1972//1970 1971//1970
f 1970//1971 1971//1971 1969//1971
f 1971//1972 1972//1972 1969//1972
f 1973//1973 1975//1973 1974//1973
f 1973//1974 1976//1974 1975//1974
f 1974//1975 1975//1975 1973//1975
f 1975//1976 1976//1976 1973//1976
f 1977//1977 1979//1977 1978//1977
f 1977//1978 1980//1978 1979//1978
f 1978//1979 1979//1979 1977//1979
f 1979//1980 1980//1980 1977//1980
f 1981//1981 1983//1981 1982//1981
f 1981//1982 1984//1982 1983//1982
f 1982//1983 1983//1983 1981//1983
f 1983//1984 1984//1984 1981//1984
f 1985//1985 1987//1985 1986//1985
f 1985//1986 1988//1986 1987//1986
f 1986//1987 1987//1987 1985//1987
f 1987//1988 1988//1988 1985//1988
f 1989//1989 1991//1989 1990//1989
f 1989//1990 1992//1990 1991//1990
f 1990//1991 1991//1991 1989//1991
f 1991//1992 1992//1992 1989//1992
f 1993//1993 1995//1993 1994//1993
f 1993//1994 1996//1994 1995//1994
f 1994//1995 1995//1995 1993//1995
f 1995//1996 1996//1996 1993//1996
f 1997//1997 1999//1997 1998//1997
f 1997//1998 2000//1998 1999//1998
f 1998//1999 1999//1999 1997//1999
f 1999//2000 2000//2000 1997//2000
f 2001//2001 2003//2001 2002//2001
f 2001//2002 2004//2002 2003//2002
f 2002//2003 2003//2003 2001//2003
f 2003//2004 2004//2004 2001//2004
f 2005//2005 2007//2005 2006//2005
f 2005//2006 2008//2006 2007//2006
f 2006//2007 2007//2007 2005//2007
f 2007//2008 2008//2008 2005//2008
f 2009//2009 2011//2009 2010//2009
f 2009//2010 2012//2010 2011//2010
f 2010//2011 2011//2011 2009//2011
f 2011//2012 2012//2012 2009//2012
f 2013//2013 2015//2013 2014//2013
f 2013//2014 2016//2014 2015//2014
f 2014//2015 2015//2015 2013//2015
f 2015//2016 2016//2016 2013//2016
f 2017//2017 2019//2017 2018//2017
f 2017//2018 2020//2018 2019//2018
f 2018//2019 2019//2019 2017//2019
f 2019//2020 2020//2020 2017//2020
f 2021//2021 2023//2021 2022//2021
f 2021//2022 2024//2022 2023//2022
f 2022//2023 2023//2023 2021//2023
f 2023//2024 2024//2024 2021//2024
f 2025//2025 2027//2025 2026//2025
f 2025//2026 2028//2026 2027//2026
f 2026//2027 2027//2027 2025//2027
f 2027//2028 2028//2028 2025//2028
f 2029//2029 2031//2029 2030//2029
f 2029//2030 2032//2030 2031//2030
f 2030//2031 2031//2031 2029//2031
f 2031//2032 2032//2032 2029//2032
f 2033//2033 2035//2033 2034//2033
f 2033//2034 2036//2034 2035//2034
f 2034//2035 2035//2035 2033//2035
f 2035//2036 2036//2036 2033//2036
f 2037//2037 2039//2037 2038//2037
f 2037//2038 2040//2038 2039//2038
f 2038//2039 2039//2039 2037//2039
f 2039//2040 2040//2040 2037//2040
f 2041//2041 2043//2041 2042//2041
f 2041//2042 2044//2042 2043//2042
f 2042//2043 2043//2043 2041//2043
f 2043//2044 2044//2044 2041//2044
f 2045//2045 2047//2045 2046//2045
f 2045//2046 2048//2046 2047//2046
f 2046//2047 2047//2047 2045//2047
f 2047//2048 2048//2048 2045//2048
f 2049//2049 2051//2049 2050//2049
f 2049//2050 2052//2050 2051//2050
f 2050//2051 2051//2051 2049//2051
f 2051//2052 2052//2052 2049//2052
f 2053//2053 2055//2053 2054//2053
f 2053//2054 2056//2054 2055//2054
f 2054//2055 2055//2055 2053//2055
f 2055//2056 2056//2056 2053//2056
f 2057//2057 2059//2057 2058//2057
f 2057//2058 2060//2058 2059//2058
f 2058//2059 2059//2059 2057//2059
f 2059//2060 2060//2060 2057//2060
f 2061//2061 2063//2061 2062//2061
f 2061//2062 2064//2062 2063//2062
f 2062//2063 2063//2063 2061//2063
f 2063//2064 2064//2064 2061//2064
f 2065//2065 2067//2065 2066//2065
f 2065//2066 2068//2066 2067//2066
f 2066//2067 2067//2067 2065//2067
f 2067//2068 2068//2068 2065//2068
f 2069//2069 2071//2069 2070//2069
f 2069//2070 2072//2070 2071//2070
f 2070//2071 2071//2071 2069//2071
f 2071//2072 2072//2072 2069//2072
f 2073//2073 2075//2073 2074//2073
f 2073//2074 2076//2074 2075//2074
f 2074//2075 2075//2075 2073//2075
f 2075//2076 2076//2076 2073//2076
f 2077//2077 2079//2077 2078//2077
f 2077//2078 2080//2078 2079//2078
f 2078//2079 2079//2079 2077//2079
f 2079//2080 2080//2080 2077//2080
f 2081//2081 2083//2081 2082//2081
f 2081//2082 2084//2082 2083//2082
f 2082//2083 2083//2083 2081//2083
f 2083//2084 2084//2084 2081//2084
f 2085//2085 2087//2085 2086//2085
f 2085//2086 2088//2086 2087//2086
f 2086//2087 2087//2087 2085//2087
f 2087//2088 2088//2088 2085//2088
f 2089//2089 2091//2089 2090//2089
f 2089//2090 2092//2090 2091//2090
f 2090//2091 2091//2091 2089//2091
f 2091//2092 2092//2092 2089//2092
f 2093//2093 2095//2093 2094//2093
f 2093//2094 2096//2094 2095//2094
f 2094//2095 2095//2095 2093//2095
f 2095//2096 2096//2096 2093//2096
f 2097//2097 2099//2097 2098//2097
f 2097//2098 2100//2098 2099//2098
f 2098//2099 2099//2099 2097//2099
f 2099//2100 2100//2100 2097//2100
f 2101//2101 2103//2101 2102//2101
f 2101//2102 2104//2102 2103//2102
f 2102//2103 2103//2103 2101//2103
f 2103//2104 2104//2104 2101//2104
f 2105//2105 2107//2105 2106//2105
f 2105//2106 2108//2106 2107//2106
f 2106//2107 2107//2107 2105//2107
f 2107//2108 2108//2108 2105//2108
f 2109//2109 2111//2109 2110//2109
f 2109//2110 2112//2110 2111//2110
f 2110//2111 2111//2111 2109//2111
f 2111//2112 2112//2112 2109//2112
f 2113//2113 2115//2113 2114//2113
f 2113//2114 2116//2114 2115//2114
f 2114//2115 2115//2115 2113//2115
f 2115//2116 2116//2116 2113//2116
f 2117//2117 2119//2117 2118//2117
f 2117//2118 2120//2118 2119//2118
f 2118//2119 2119//2119 2117//2119
f 2119//2120 2120//2120 2117//2120
f 2121//2121 2123//2121 2122//2121
f 2121//2122 2124//2122 2123//2122
f 2122//2123 2123//2123 2121//2123
f 2123//2124 2124//2124 2121//2124
f 2125//2125 2127//2125 2126//2125
f 2125//2126 2128//2126 2127//2126
f 2126//2127 2127//2127 2125//2127
f 2127//2128 2128//2128 2125//2128
f 2129//2129 2131//2129 2130//2129
f 2129//2130 2132//2130 2131//2130
f 2130//2131 2131//2131 2129//2131
f 2131//2132 2132//2132 2129//2132
f 2133//2133 2135//2133 2134//2133
f 2133//2134 2136//2134 2135//2134
f 2134//2135 2135//2135 2133//2135
f 2135//2136 2136//2136 2133//2136
f 2137//2137 2139//2137 2138//2137
f 2137//2138 2140//2138 2139//2138
f 2138//2139 2139//2139 2137//2139
f 2139//2140 2140//2140 2137//2140
f 2141//2141 2143//2141 2142//2141
f 2141//2142 2144//2142 2143//2142
f 2142//2143 2143//2143 2141//2143
f 2143//2144 2144//2144 2141//2144
f 2145//2145 2147//2145 2146//2145
f 2145//2146 2148//2146 2147//2146
f 2146//2147 2147//2147 2145//2147
f 2147//2148 2148//2148 2145//2148
f 2149//2149 2151//2149 2150//2149
f 2149//2150 2152//2150 2151//2150
f 2150//2151 2151//2151 2149//2151
f 2151//2152 2152//2152 2149//2152
f 2153//2153 2155//2153 2154//2153
f 2153//2154 2156//2154 2155//2154
f 2154//2155 2155//2155 2153//2155
f 2155//2156 2156//2156 2153//2156
f 2157//2157 2159//2157 2158//2157
f 2157//2158 2160//2158 2159//2158
f 2158//2159 2159//2159 2157//2159
f 2159//2160 2160//2160 2157//2160
f 2161//2161 2163//2161 2162//2161
f 2161//2162 2164//2162 2163//2162
f 2162//2163 2163//2163 2161//2163
f 2163//2164 2164//2164 2161//2164
f 2165//2165 2167//2165 2166//2165
f 2165//2166 2168//2166 2167//2166
f 2166//2167 2167//2167 2165//2167
f 2167//2168 2168//2168 2165//2168
f 2169//2169 2171//2169 2170//2169
f 2169//2170 2172//2170 2171//2170
f 2170//2171 2171//2171 2169//2171
f 2171//2172 2172//2172 2169//2172
f 2173//2173 2175//2173 2174//2173
f 2173//2174 2176//2174 2175//2174
f 2174//2175 2175//2175 2173//2175
f 2175//2176 2176//2176 2173//2176
f 2177//2177 2179//2177 2178//2177
f 2177//2178 2180//2178 2179//2178
f 2178//2179 2179//2179 2177//2179
f 2179//2180 2180//2180 2177//2180
f 2181//2181 2183//2181 2182//2181
f 2181//2182 2184//2182 2183//2182
f 2182//2183 2183//2183 2181//2183
f 2183//2184 2184//2184 2181//2184
f 2185//2185 2187//2185 2186//2185
f 2185//2186 2188//2186 2187//2186
f 2186//2187 2187//2187 2185//2187
f 2187//2188 2188//2188 2185//2188
f 2189//2189 2191//2189 2190//2189
f 2189//2190 2192//2190 2191//2190
f 2190//2191 2191//2191 2189//2191
f 2191//2192 2192//2192 2189//2192
f 2193//2193 2195//2193 2194//2193
f 2193//2194 2196//2194 2195//2194
f 2194//2195 2195//2195 2193//2195
f 2195//2196 2196//2196 2193//2196
f 2197//2197 2199//2197 2198//2197
f 2197//2198 2200//2198 2199//2198
f 2198//2199 2199//2199 2197//2199
f 2199//2200 2200//2200 2197//2200
f 2201//2201 2203//2201 2202//2201
f 2201//2202 2204//2202 2203//2202
f 2202//2203 2203//2203 2201//2203
f 2203//2204 2204//2204 2201//2204
f 2205//2205 2207//2205 2206//2205
f 2205//2206 2208//2206 2207//2206
f 2206//2207 2207//2207 2205//2207
f 2207//2208 2208//2208 2205//2208
f 2209//2209 2211//2209 2210//2209
f 2209//2210 2212//2210 2211//2210
f 2210//2211 2211//2211 2209//2211
f 2211//2212 2212//2212 2209//2212
f 2213//2213 2215//2213 2214//2213
f 2213//2214 2216//2214 2215//2214
f 2214//2215 2215//2215 2213//2215
f 2215//2216 2216//2216 2213//2216
f 2217//2217 2219//2217 2218//2217
f 2217//2218 2220//2218 2219//2218
f 2218//2219 2219//2219 2217//2219
f 2219//2220 2220//2220 2217//2220
f 2221//2221 2223//2221 2222//2221
f 2221//2222 2224//2222 2223//2222
f 2222//2223 2223//2223 2221//2223
f 2223//2224 2224//2224 2221//2224
f 2225//2225 2227//2225 2226//2225
f 2225//2226 2228//2226 2227//2226
f 2226//2227 2227//2227 2225//2227
f 2227//2228 2228//2228 2225//2228
f 2229//2229 2231//2229 2230//2229
f 2229//2230 2232//2230 2231//2230
f 2230//2231 2231//2231 2229//2231
f 2231//2232 2232//2232 2229//2232
f 2233//2233 2235//2233 2234//2233
f 2233//2234 2236//2234 2235//2234
f 2234//2235 2235//2235 2233//2235
f 2235//2236 2236//2236 2233//2236
f 2237//2237 2239//2237 2238//2237
f 2237//2238 2240//2238 2239//2238
f 2238//2239 2239//2239 2237//2239
f 2239//2240 2240//2240 2237//2240
f 2241//2241 2243//2241 2242//2241
f 2241//2242 2244//2242 2243//2242
f 2242//2243 2243//2243 2241//2243
f 2243//2244 2244//2244 2241//2244
f 2245//2245 2247//2245 2246//2245
f 2245//2246 2248//2246 2247//2246
f 2246//2247 2247//2247 2245//2247
f 2247//2248 2248//2248 2245//2248
f 2249//2249 2251//2249 2250//2249
f 2249//2250 2252//2250 2251//2250
f 2250//2251 2251//2251 2249//2251
f 2251//2252 2252//2252 2249//2252
f 2253//2253 2255//2253 2254//2253
f 2253//2254 2256//2254 2255//2254
f 2254//2255 2255//2255 2253//2255
f 2255//2256 2256//2256 2253//2256
f 2257//2257 2259//2257 2258//2257
f 2257//2258 2260//2258 2259//2258
f 2258//2259 2259//2259 2257//2259
f 2259//2260 2260//2260 2257//2260
f 2261//2261 2263//2261 2262//2261
f 2261//2262 2264//2262 2263//2262
f 2262//2263 2263//2263 2261//2263
f 2263//2264 2264//2264 2261//2264
f 2265//2265 2267//2265 2266//2265
f 2265//2266 2268//2266 2267//2266
f 2266//2267 2267//2267 2265//2267
f 2267//2268 2268//2268 2265//2268
f 2269//2269 2271//2269 2270//2269
f 2269//2270 2272//2270 2271//2270
f 2270//2271 2271//2271 2269//2271
f 2271//2272 2272//2272 2269//2272
f 2273//2273 2275//2273 2274//2273
f 2273//2274 2276//2274 2275//2274
f 2274//2275 2275//2275 2273//2275
f 2275//2276 2276//2276 2273//2276
f 2277//2277 2279//2277 2278//2277
f 2277//2278 2280//2278 2279//2278
f 2278//2279 2279//2279 2277//2279
f 2279//2280 2280//2280 2277//2280
f 2281//2281 2283//2281 2282//2281
f 2281//2282 2284//2282 2283//2282
f 2282//2283 2283//2283 2281//2283
f 2283//2284 2284//2284 2281//2284
f 2285//2285 2287//2285 2286//2285
f 2285//2286 2288//2286 2287//2286
f 2286//2287 2287//2287 2285//2287
f 2287//2288 2288//2288 2285//2288
f 2289//2289 2291//2289 2290//2289
f 2289//2290 2292//2290 2291//2290
f 2290//2291 2291//2291 2289//2291
f 2291//2292 2292//2292 2289//2292
f 2293//2293 2295//2293 2294//2293
f 2293//2294 2296//2294 2295//2294
f 2294//2295 2295//2295 2293//2295
f 2295//2296 2296//2296 2293//2296
f 2297//2297 2299//2297 2298//2297
f 2297//2298 2300//2298 2299//2298
f 2298//2299 2299//2299 2297//2299
f 2299//2300 2300//2300 2297//2300
f 2301//2301 2303//2301 2302//2301
f 2301//2302 2304//2302 2303//2302
f 2302//2303 2303//2303 2301//2303
f 2303//2304 2304//2304 2301//2304
f 2305//2305 2307//2305 2306//2305
f 2305//2306 2308//2306 2307//2306
f 2306//2307 2307//2307 2305//2307
f 2307//2308 2308//2308 2305//2308
f 2309//2309 2311//2309 2310//2309
f 2309//2310 2312//2310 2311//2310
f 2310//2311 2311//2311 2309//2311
f 2311//2312 2312//2312 2309//2312
f 2313//2313 2315//2313 2314//2313
f 2313//2314 2316//2314 2315//2314
f 2314//2315 2315//2315 2313//2315
f 2315//2316 2316//2316 2313//2316
f 2317//2317 2319//2317 2318//2317
f 2317//2318 2320//2318 2319//2318
f 2318//2319 2319//2319 2317//2319
f 2319//2320 2320//2320 2317//2320
f 2321//2321 2323//2321 2322//2321
f 2321//2322 2324//2322 2323//2322
f 2322//2323 2323//2323 2321//2323
f 2323//2324 2324//2324 2321//2324
f 2325//2325 2327//2325 2326//2325
f 2325//2326 2328//2326 2327//2326
f 2326//2327 2327//2327 2325//2327
f 2327//2328 2328//2328 2325//2328
f 2329//2329 2331//2329 2330//2329
f 2329//2330 2332//2330 2331//2330
f 2330//2331 2331//2331 2329//2331
f 2331//2332 2332//2332 2329//2332
f 2333//2333 2335//2333 2334//2333
f 2333//2334 2336//2334 2335//2334
f 2334//2335 2335//2335 2333//2335
f 2335//2336 2336//2336 2333//2336
f 2337//2337 2339//2337 2338//2337
f 2337//2338 2340//2338 2339//2338
f 2338//2339 2339//2339 2337//2339
f 2339//2340 2340//2340 2337//2340
f 2341//2341 2343//2341 2342//2341
f 2341//2342 2344//2342 2343//2342
f 2342//2343 2343//2343 2341//2343
f 2343//2344 2344//2344 2341//2344
f 2345//2345 2347//2345 2346//2345
f 2345//2346 2348//2346 2347//2346
f 2346//2347 2347//2347 2345//2347
f 2347//2348 2348//2348 2345//2348
f 2349//2349 2351//2349 2350//2349
f 2349//2350 2352//2350 2351//2350
f 2350//2351 2351//2351 2349//2351
f 2351//2352 2352//2352 2349//2352
f 2353//2353 2355//2353 2354//2353
f 2353//2354 2356//2354 2355//2354
f 2354//2355 2355//2355 2353//2355
f 2355//2356 2356//2356 2353//2356
f 2357//2357 2359//2357 2358//2357
f 2357//2358 2360//2358 2359//2358
f 2358//2359 2359//2359 2357//2359
f 2359//2360 2360//2360 2357//2360
f 2361//2361 2363//2361 2362//2361
f 2361//2362 2364//2362 2363//2362
f 2362//2363 2363//2363 2361//2363
f 2363//2364 2364//2364 2361//2364
f 2365//2365 2367//2365 2366//2365
f 2365//2366 2368//2366 2367//2366
f 2366//2367 2367//2367 2365//2367
f 2367//2368 2368//2368 2365//2368
f 2369//2369 2371//2369 2370//2369
f 2369//2370 2372//2370 2371//2370
f 2370//2371 2371//2371 2369//2371
f 2371//2372 2372//2372 2369//2372
f 2373//2373 2375//2373 2374//2373
f 2373//2374 2376//2374 2375//2374
f 2374//2375 2375//2375 2373//2375
f 2375//2376 2376//2376 2373//2376
f 2377//2377 2379//2377 2378//2377
f 2377//2378 2380//2378 2379//2378
f 2378//2379 2379//2379 2377//2379
f 2379//2380 2380//2380 2377//2380
f 2381//2381 2383//2381 2382//2381
f 2381//2382 2384//2382 2383//2382
f 2382//2383 2383//2383 2381//2383
f 2383//2384 2384//2384 2381//2384
f 2385//2385 2387//2385 2386//2385
f 2385//2386 2388//2386 2387//2386
f 2386//2387 2387//2387 2385//2387
f 2387//2388 2388//2388 2385//2388
f 2389//2389 2391//2389 2390//2389
f 2389//2390 2392//2390 2391//2390
f 2390//2391 2391//2391 2389//2391
f 2391//2392 2392//2392 2389//2392
f 2393//2393 2395//2393 2394//2393
f 2393//2394 2396//2394 2395//2394
f 2394//2395 2395//2395 2393//2395
f 2395//2396 2396//2396 2393//2396
f 2397//2397 2399//2397 2398//2397
f 2397//2398 2400//2398 2399//2398
f 2398//2399 2399//2399 2397//2399
f 2399//2400 2400//2400 2397//2400
f 2401//2401 2403//2401 2402//2401
f 2401//2402 2404//2402 2403//2402
f 2402//2403 2403//2403 2401//2403
f 2403//2404 2404//2404 2401//2404
f 2405//2405 2407//2405 2406//2405
f 2405//2406 2408//2406 2407//2406
f 2406//2407 2407//2407 2405//2407
f 2407//2408 2408//2408 2405//2408
f 2409//2409 2411//2409 2410//2409
f 2409//2410 2412//2410 2411//2410
f 2410//2411 2411//2411 2409//2411
f 2411//2412 2412//2412 2409//2412
f 2413//2413 2415//2413 2414//2413
f 2413//2414 2416//2414 2415//2414
f 2414//2415 2415//2415 2413//2415
f 2415//2416 2416//2416 2413//2416
f 2417//2417 2419//2417 2418//2417
f 2417//2418 2420//2418 2419//2418
f 2418//2419 2419//2419 2417//2419
f 2419//2420 2420//2420 2417//2420
f 2421//2421 2423//2421 2422//2421
f 2421//2422 2424//2422 2423//2422
f 2422//2423 2423//2423 2421//2423
f 2423//2424 2424//2424 2421//2424
f 2425//2425 2427//2425 2426//2425
f 2425//2426 2428//2426 2427//2426
f 2426//2427 2427//2427 2425//2427
f 2427//2428 2428//2428 2425//2428
f 2429//2429 2431//2429 2430//2429
f 2429//2430 2432//2430 2431//2430
f 2430//2431 2431//2431 2429//2431
f 2431//2432 2432//2432 2429//2432
f 2433//2433 2435//2433 2434//2433
f 2433//2434 2436//2434 2435//2434
f 2434//2435 2435//2435 2433//2435
f 2435//2436 2436//2436 2433//2436
f 2437//2437 2439//2437 2438//2437
f 2437//2438 2440//2438 2439//2438
f 2438//2439 2439//2439 2437//2439
f 2439//2440 2440//2440 2437//2440
f 2441//2441 2443//2441 2442//2441
f 2441//2442 2444//2442 2443//2442
f 2442//2443 2443//2443 2441//2443
f 2443//2444 2444//2444 2441//2444
f 2445//2445 2447//2445 2446//2445
f 2445//2446 2448//2446 2447//2446
f 2446//2447 2447//2447 2445//2447
f 2447//2448 2448//2448 2445//2448
f 2449//2449 2451//2449 2450//2449
f 2449//2450 2452//2450 2451//2450
f 2450//2451 2451//2451 2449//2451
f 2451//2452 2452//2452 2449//2452
f 2453//2453 2455//2453 2454//2453
f 2453//2454 2456//2454 2455//2454
f 2454//2455 2455//2455 2453//2455
f 2455//2456 2456//2456 2453//2456
f 2457//2457 2459//2457 2458//2457
f 2457//2458 2460//2458 2459//2458
f 2458//2459 2459//2459 2457//2459
f 2459//2460 2460//2460 2457//2460
f 2461//2461 2463//2461 2462//2461
f 2461//2462 2464//2462 2463//2462
f 2462//2463 2463//2463 2461//2463
f 2463//2464 2464//2464 2461//2464
f 2465//2465 2467//2465 2466//2465
f 2465//2466 2468//2466 2467//2466
f 2466//2467 2467//2467 2465//2467
f 2467//2468 2468//2468 2465//2468
f 2469//2469 2471//2469 2470//2469
f 2469//2470 2472//2470 2471//2470
f 2470//2471 2471//2471 2469//2471
f 2471//2472 2472//2472 2469//2472
f 2473//2473 2475//2473 2474//2473
f 2473//2474 2476//2474 2475//2474
f 2474//2475 2475//2475 2473//2475
f 2475//2476 2476//2476 2473//2476
f 2477//2477 2479//2477 2478//2477
f 2477//2478 2480//2478 2479//2478
f 2478//2479 2479//2479 2477//2479
f 2479//2480 2480//2480 2477//2480
f 2481//2481 2483//2481 2482//2481
f 2481//2482 2484//2482 2483//2482
f 2482//2483 2483//2483 2481//2483
f 2483//2484 2484//2484 2481//2484
f 2485//2485 2487//2485 2486//2485
f 2485//2486 2488//2486 2487//2486
f 2486//2487 2487//2487 2485//2487
f 2487//2488 2488//2488 2485//2488
f 2489//2489 2491//2489 2490//2489
f 2489//2490 2492//2490 2491//2490
f 2490//2491 2491//2491 2489//2491
f 2491//2492 2492//2492 2489//2492
f 2493//2493 2495//2493 2494//2493
f 2493//2494 2496//2494 2495//2494
f 2494//2495 2495//2495 2493//2495
f 2495//2496 2496//2496 2493//2496
f 2497//2497 2499//2497 2498//2497
f 2497//2498 2500//2498 2499//2498
f 2498//2499 2499//2499 2497//2499
f 2499//2500 2500//2500 2497//2500
f 2501//2501 2503//2501 2502//2501
f 2501//2502 2504//2502 2503//2502
f 2502//2503 2503//2503 2501//2503
f 2503//2504 2504//2504 2501//2504
f 2505//2505 2507//2505 2506//2505
f 2505//2506 2508//2506 2507//2506
f 2506//2507 2507//2507 2505//2507
f 2507//2508 2508//2508 2505//2508
f 2509//2509 2511//2509 2510//2509
f 2509//2510 2512//2510 2511//2510
f 2510//2511 2511//2511 2509//2511
f 2511//2512 2512//2512 2509//2512
f 2513//2513 2515//2513 2514//2513
f 2513//2514 2516//2514 2515//2514
f 2514//2515 2515//2515 2513//2515
f 2515//2516 2516//2516 2513//2516
f 2517//2517 2519//2517 2518//2517
f 2517//2518 2520//2518 2519//2518
f 2518//2519 2519//2519 2517//2519
f 2519//2520 2520//2520 2517//2520
f 2521//2521 2523//2521 2522//2521
f 2521//2522 2524//2522 2523//2522
f 2522//2523 2523//2523 2521//2523
f 2523//2524 2524//2524 2521//2524
f 2525//2525 2527//2525 2526//2525
f 2525//2526 2528//2526 2527//2526
f 2526//2527 2527//2527 2525//2527
f 2527//2528 2528//2528 2525//2528
f 2529//2529 2531//2529 2530//2529
f 2529//2530 2532//2530 2531//2530
f 2530//2531 2531//2531 2529//2531
f 2531//2532 2532//2532 2529//2532
f 2533//2533 2535//2533 2534//2533
f 2533//2534 2536//2534 2535//2534
f 2534//2535 2535//2535 2533//2535
f 2535//2536 2536//2536 2533//2536
f 2537//2537 2539//2537 2538//2537
f 2537//2538 2540//2538 2539//2538
f 2538//2539 2539//2539 2537//2539
f 2539//2540 2540//2540 2537//2540
f 2541//2541 2543//2541 2542//2541
f 2541//2542 2544//2542 2543//2542
f 2542//2543 2543//2543 2541//2543
f 2543//2544 2544//2544 2541//2544
f 2545//2545 2547//2545 2546//2545
f 2545//2546 2548//2546 2547//2546
f 2546//2547 2547//2547 2545//2547
f 2547//2548 2548//2548 2545//2548
f 2549//2549 2551//2549 2550//2549
f 2549//2550 2552//2550 2551//2550
f 2550//2551 2551//2551 2549//2551
f 2551//2552 2552//2552 2549//2552
f 2553//2553 2555//2553 2554//2553
f 2553//2554 2556//2554 2555//2554
f 2554//2555 2555//2555 2553//2555
f 2555//2556 2556//2556 2553//2556
f 2557//2557 2559//2557 2558//2557
f 2557//2558 2560//2558 2559//2558
f 2558//2559 2559//2559 2557//2559
f 2559//2560 2560//2560 2557//2560
f 2561//2561 2563//2561 2562//2561
f 2561//2562 2564//2562 2563//2562
f 2562//2563 2563//2563 2561//2563
f 2563//2564 2564//2564 2561//2564
f 2565//2565 2567//2565 2566//2565
f 2565//2566 2568//2566 2567//2566
f 2566//2567 2567//2567 2565//2567
f 2567//2568 2568//2568 2565//2568
f 2569//2569 2571//2569 2570//2569
f 2569//2570 2572//2570 2571//2570
f 2570//2571 2571//2571 2569//2571
f 2571//2572 2572//2572 2569//2572
f 2573//2573 2575//2573 2574//2573
f 2573//2574 2576//2574 2575//2574
f 2574//2575 2575//2575 2573//2575
f 2575//2576 2576//2576 2573//2576
f 2577//2577 2579//2577 2578//2577
f 2577//2578 2580//2578 2579//2578
f 2578//2579 2579//2579 2577//2579
f 2579//2580 2580//2580 2577//2580
f 2581//2581 2583//2581 2582//2581
f 2581//2582 2584//2582 2583//2582
f 2582//2583 2583//2583 2581//2583
f 2583//2584 2584//2584 2581//2584
f 2585//2585 2587//2585 2586//2585
f 2585//2586 2588//2586 2587//2586
f 2586//2587 2587//2587 2585//2587
f 2587//2588 2588//2588 2585//2588
f 2589//2589 2591//2589 2590//2589
f 2589//2590 2592//2590 2591//2590
f 2590//2591 2591//2591 2589//2591
f 2591//2592 2592//2592 2589//2592
f 2593//2593 2595//2593 2594//2593
f 2593//2594 2596//2594 2595//2594
f 2594//2595 2595//2595 2593//2595
f 2595//2596 2596//2596 2593//2596
f 2597//2597 2599//2597 2598//2597
f 2597//2598 2600//2598 2599//2598
f 2598//2599 2599//2599 2597//2599
f 2599//2600 2600//2600 2597//2600
f 2601//2601 2603//2601 2602//2601
f 2601//2602 2604//2602 2603//2602
f 2602//2603 2603//2603 2601//2603
f 2603//2604 2604//2604 2601//2604
f 2605//2605 2607//2605 2606//2605
f 2605//2606 2608//2606 2607//2606
f 2606//2607 2607//2607 2605//2607
f 2607//2608 2608//2608 2605//2608
f 2609//2609 2611//2609 2610//2609
f 2609//2610 2612//2610 2611//2610
f 2610//2611 2611//2611 2609//2611
f 2611//2612 2612//2612 2609//2612
f 2613//2613 2615//2613 2614//2613
f 2613//2614 2616//2614 2615//2614
f 2614//2615 2615//2615 2613//2615
f 2615//2616 2616//2616 2613//2616
f 2617//2617 2619//2617 2618//2617
f 2617//2618 2620//2618 2619//2618
f 2618//2619 2619//2619 2617//2619
f 2619//2620 2620//2620 2617//2620
f 2621//2621 2623//2621 2622//2621
f 2621//2622 2624//2622 2623//2622
f 2622//2623 2623//2623 2621//2623
f 2623//2624 2624//2624 2621//2624
f 2625//2625 2627//2625 2626//2625
f 2625//2626 2628//2626 2627//2626
f 2626//2627 2627//2627 2625//2627
f 2627//2628 2628//2628 2625//2628
f 2629//2629 2631//2629 2630//2629
f 2629//2630 2632//2630 2631//2630
f 2630//2631 2631//2631 2629//2631
f 2631//2632 2632//2632 2629//2632
f 2633//2633 2635//2633 2634//2633
f 2633//2634 2636//2634 2635//2634
f 2634//2635 2635//2635 2633//2635
f 2635//2636 2636//2636 2633//2636
f 2637//2637 2639//2637 2638//2637
f 2637//2638 2640//2638 2639//2638
f 2638//2639 2639//2639 2637//2639
f 2639//2640 2640//2640 2637//2640
f 2641//2641 2643//2641 2642//2641
f 2641//2642 2644//2642 2643//2642
f 2642//2643 2643//2643 2641//2643
f 2643//2644 2644//2644 2641//2644
f 2645//2645 2647//2645 2646//2645
f 2645//2646 2648//2646 2647//2646
f 2646//2647 2647//2647 2645//2647
f 2647//2648 2648//2648 2645//2648
f 2649//2649 2651//2649 2650//2649
f 2649//2650 2652//2650 2651//2650
f 2650//2651 2651//2651 2649//2651
f 2651//2652 2652//2652 2649//2652
f 2653//2653 2655//2653 2654//2653
f 2653//2654 2656//2654 2655//2654
f 2654//2655 2655//2655 2653//2655
f 2655//2656 2656//2656 2653//2656
f 2657//2657 2659//2657 2658//2657
f 2657//2658 2660//2658 2659//2658
f 2658//2659 2659//2659 2657//2659
f 2659//2660 2660//2660 2657//2660
f 2661//2661 2663//2661 2662//2661
f 2661//2662 2664//2662 2663//2662
f 2662//2663 2663//2663 2661//2663
f 2663//2664 2664//2664 2661//2664
f 2665//2665 2667//2665 2666//2665
f 2665//2666 2668//2666 2667//2666
f 2666//2667 2667//2667 2665//2667
f 2667//2668 2668//2668 2665//2668
f 2669//2669 2671//2669 2670//2669
f 2669//2670 2672//2670 2671//2670
f 2670//2671 2671//2671 2669//2671
f 2671//2672 2672//2672 2669//2672
f 2673//2673 2675//2673 2674//2673
f 2673//2674 2676//2674 2675//2674
f 2674//2675 2675//2675 2673//2675
f 2675//2676 2676//2676 2673//2676
f 2677//2677 2679//2677 2678//2677
f 2677//2678 2680//2678 2679//2678
f 2678//2679 2679//2679 2677//2679
f 2679//2680 2680//2680 2677//2680
f 2681//2681 2683//2681 2682//2681
f 2681//2682 2684//2682 2683//2682
f 2682//2683 2683//2683 2681//2683
f 2683//2684 2684//2684 2681//2684
f 2685//2685 2687//2685 2686//2685
f 2685//2686 2688//2686 2687//2686
f 2686//2687 2687//2687 2685//2687
f 2687//2688 2688//2688 2685//2688
f 2689//2689 2691//2689 2690//2689
f 2689//2690 2692//2690 2691//2690
f 2690//2691 2691//2691 2689//2691
f 2691//2692 2692//2692 2689//2692
f 2693//2693 2695//2693 2694//2693
f 2693//2694 2696//2694 2695//2694
f 2694//2695 2695//2695 2693//2695
f 2695//2696 2696//2696 2693//2696
f 2697//2697 2699//2697 2698//2697
f 2697//2698 2700//2698 2699//2698
f 2698//2699 2699//2699 2697//2699
f 2699//2700 2700//2700 2697//2700
f 2701//2701 2703//2701 2702//2701
f 2701//2702 2704//2702 2703//2702
f 2702//2703 2703//2703 2701//2703
f 2703//2704 2704//2704 2701//2704
f 2705//2705 2707//2705 2706//2705
f 2705//2706 2708//2706 2707//2706
f 2706//2707 2707//2707 2705//2707
f 2707//2708 2708//2708 2705//2708
f 2709//2709 2711//2709 2710//2709
f 2709//2710 2712//2710 2711//2710
f 2710//2711 2711//2711 2709//2711
f 2711//2712 2712//2712 2709//2712
f 2713//2713 2715//2713 2714//2713
f 2713//2714 2716//2714 2715//2714
f 2714//2715 2715//2715 2713//2715
f 2715//2716 2716//2716 2713//2716
f 2717//2717 2719//2717 2718//2717
f 2717//2718 2720//2718 2719//2718
f 2718//2719 2719//2719 2717//2719
f 2719//2720 2720//2720 2717//2720
f 2721//2721 2723//2721 2722//2721
f 2721//2722 2724//2722 2723//2722
f 2722//2723 2723//2723 2721//2723
f 2723//2724 2724//2724 2721//2724
f 2725//2725 2727//2725 2726//2725
f 2725//2726 2728//2726 2727//2726
f 2726//2727 2727//2727 2725//2727
f 2727//2728 2728//2728 2725//2728
f 2729//2729 2731//2729 2730//2729
f 2729//2730 2732//2730 2731//2730
f 2730//2731 2731//2731 2729//2731
f 2731//2732 2732//2732 2729//2732
f 2733//2733 2735//2733 2734//2733
f 2733//2734 2736//2734 2735//2734
f 2734//2735 2735//2735 2733//2735
f 2735//2736 2736//2736 2733//2736
f 2737//2737 2739//2737 2738//2737
f 2737//2738 2740//2738 2739//2738
f 2738//2739 2739//2739 2737//2739
f 2739//2740 2740//2740 2737//2740
f 2741//2741 2743//2741 2742//2741
f 2741//2742 2744//2742 2743//2742
f 2742//2743 2743//2743 2741//2743
f 2743//2744 2744//2744 2741//2744
f 2745//2745 2747//2745 2746//2745
f 2745//2746 2748//2746 2747//2746
f 2746//2747 2747//2747 2745//2747
f 2747//2748 2748//2748 2745//2748
f 2749//2749 2751//2749 2750//2749
f 2749//2750 2752//2750 2751//2750
f 2750//2751 2751//2751 2749//2751
f 2751//2752 2752//2752 2749//2752
f 2753//2753 2755//2753 2754//2753
f 2753//2754 2756//2754 2755//2754
f 2754//2755 2755//2755 2753//2755
f 2755//2756 2756//2756 2753//2756
f 2757//2757 2759//2757 2758//2757
f 2757//2758 2760//2758 2759//2758
f 2758//2759 2759//2759 2757//2759
f 2759//2760 2760//2760 2757//2760
f 2761//2761 2763//2761 2762//2761
f 2761//2762 2764//2762 2763//2762
f 2762//2763 2763//2763 2761//2763
f 2763//2764 2764//2764 2761//2764
f 2765//2765 2767//2765 2766//2765
f 2765//2766 2768//2766 2767//2766
f 2766//2767 2767//2767 2765//2767
f 2767//2768 2768//2768 2765//2768
f 2769//2769 2771//2769 2770//2769
f 2769//2770 2772//2770 2771//2770
f 2770//2771 2771//2771 2769//2771
f 2771//2772 2772//2772 2769//2772
f 2773//2773 2775//2773 2774//2773
f 2773//2774 2776//2774 2775//2774
f 2774//2775 2775//2775 2773//2775
f 2775//2776 2776//2776 2773//2776
f 2777//2777 2779//2777 2778//2777
f 2777//2778 2780//2778 2779//2778
f 2778//2779 2779//2779 2777//2779
f 2779//2780 2780//2780 2777//2780
f 2781//2781 2783//2781 2782//2781
f 2781//2782 2784//2782 2783//2782
f 2782//2783 2783//2783 2781//2783
f 2783//2784 2784//2784 2781//2784
f 2785//2785 2787//2785 2786//2785
f 2785//2786 2788//2786 2787//2786
f 2786//2787 2787//2787 2785//2787
f 2787//2788 2788//2788 2785//2788
f 2789//2789 2791//2789 2790//2789
f 2789//2790 2792//2790 2791//2790
f 2790//2791 2791//2791 2789//2791
f 2791//2792 2792//2792 2789//2792
f 2793//2793 2795//2793 2794//2793
f 2793//2794 2796//2794 2795//2794
f 2794//2795 2795//2795 2793//2795
f 2795//2796 2796//2796 2793//2796
f 2797//2797 2799//2797 2798//2797
f 2797//2798 2800//2798 2799//2798
f 2798//2799 2799//2799 2797//2799
f 2799//2800 2800//2800 2797//2800
f 2801//2801 2803//2801 2802//2801
f 2801//2802 2804//2802 2803//2802
f 2802//2803 2803//2803 2801//2803
f 2803//2804 2804//2804 2801//2804
f 2805//2805 2807//2805 2806//2805
f 2805//2806 2808//2806 2807//2806
f 2806//2807 2807//2807 2805//2807
f 2807//2808 2808//2808 2805//2808
f 2809//2809 2811//2809 2810//2809
f 2809//2810 2812//2810 2811//2810
f 2810//2811 2811//2811 2809//2811
f 2811//2812 2812//2812 2809//2812
f 2813//2813 2815//2813 2814//2813
f 2813//2814 2816//2814 2815//2814
f 2814//2815 2815//2815 2813//2815
f 2815//2816 2816//2816 2813//2816
f 2817//2817 2819//2817 2818//2817
f 2817//2818 2820//2818 2819//2818
f 2818//2819 2819//2819 2817//2819
f 2819//2820 2820//2820 2817//2820
f 2821//2821 2823//2821 2822//2821
f 2821//2822 2824//2822 2823//2822
f 2822//2823 2823//2823 2821//2823
f 2823//2824 2824//2824 2821//2824
f 2825//2825 2827//2825 2826//2825
f 2825//2826 2828//2826 2827//2826
f 2826//2827 2827//2827 2825//2827
f 2827//2828 2828//2828 2825//2828
f 2829//2829 2831//2829 2830//2829
f 2829//2830 2832//2830 2831//2830
f 2830//2831 2831//2831 2829//2831
f 2831//2832 2832//2832 2829//2832
f 2833//2833 2835//2833 2834//2833
f 2833//2834 2836//2834 2835//2834
f 2834//2835 2835//2835 2833//2835
f 2835//2836 2836//2836 2833//2836
f 2837//2837 2839//2837 2838//2837
f 2837//2838 2840//2838 2839//2838
f 2838//2839 2839//2839 2837//2839
f 2839//2840 2840//2840 2837//2840
f 2841//2841 2843//2841 2842//2841
f 2841//2842 2844//2842 2843//2842
f 2842//2843 2843//2843 2841//2843
f 2843//2844 2844//2844 2841//2844
f 2845//2845 2847//2845 2846//2845
f 2845//2846 2848//2846 2847//2846
f 2846//2847 2847//2847 2845//2847
f 2847//2848 2848//2848 2845//2848
f 2849//2849 2851//2849 2850//2849
f 2849//2850 2852//2850 2851//2850
f 2850//2851 2851//2851 2849//2851
f 2851//2852 2852//2852 2849//2852
f 2853//2853 2855//2853 2854//2853
f 2853//2854 2856//2854 2855//2854
f 2854//2855 2855//2855 2853//2855
f 2855//2856 2856//2856 2853//2856
f 2857//2857 2859//2857 2858//2857
f 2857//2858 2860//2858 2859//2858
f 2858//2859 2859//2859 2857//2859
f 2859//2860 2860//2860 2857//2860
f 2861//2861 2863//2861 2862//2861
f 2861//2862 2864//2862 2863//2862
f 2862//2863 2863//2863 2861//2863
f 2863//2864 2864//2864 2861//2864
f 2865//2865 2867//2865 2866//2865
f 2865//2866 2868//2866 2867//2866
f 2866//2867 2867//2867 2865//2867
f 2867//2868 2868//2868 2865//2868
f 2869//2869 2871//2869 2870//2869
f 2869//2870 2872//2870 2871//2870
f 2870//2871 2871//2871 2869//2871
f 2871//2872 2872//2872 2869//2872
f 2873//2873 2875//2873 2874//2873
f 2873//2874 2876//2874 2875//2874
f 2874//2875 2875//2875 2873//2875
f 2875//2876 2876//2876 2873//2876
f 2877//2877 2879//2877 2878//2877
f 2877//2878 2880//2878 2879//2878
f 2878//2879 2879//2879 2877//2879
f 2879//2880 2880//2880 2877//2880
f 2881//2881 2883//2881 2882//2881
f 2881//2882 2884//2882 2883//2882
f 2882//2883 2883//2883 2881//2883
f 2883//2884 2884//2884 2881//2884
f 2885//2885 2887//2885 2886//2885
f 2885//2886 2888//2886 2887//2886
f 2886//2887 2887//2887 2885//2887
f 2887//2888 2888//2888 2885//2888
f 2889//2889 2891//2889 2890//2889
f 2889//2890 2892//2890 2891//2890
f 2890//2891 2891//2891 2889//2891
f 2891//2892 2892//2892 2889//2892
f 2893//2893 2895//2893 2894//2893
f 2893//2894 2896//2894 2895//2894
f 2894//2895 2895//2895 2893//2895
f 2895//2896 2896//2896 2893//2896
f 2897//2897 2899//2897 2898//2897
f 2897//2898 2900//2898 2899//2898
f 2898//2899 2899//2899 2897//2899
f 2899//2900 2900//2900 2897//2900
f 2901//2901 2903//2901 2902//2901
f 2901//2902 2904//2902 2903//2902
f 2902//2903 2903//2903 2901//2903
f 2903//2904 2904//2904 2901//2904
f 2905//2905 2907//2905 2906//2905
f 2905//2906 2908//2906 2907//2906
f 2906//2907 2907//2907 2905//2907
f 2907//2908 2908//2908 2905//2908
f 2909//2909 2911//2909 2910//2909
f 2909//2910 2912//2910 2911//2910
f 2910//2911 2911//2911 2909//2911
f 2911//2912 2912//2912 2909//2912
f 2913//2913 2915//2913 2914//2913
f 2913//2914 2916//2914 2915//2914
f 2914//2915 2915//2915 2913//2915
f 2915//2916 2916//2916 2913//2916
f 2917//2917 2919//2917 2918//2917
f 2917//2918 2920//2918 2919//2918
f 2918//2919 2919//2919 2917//2919
f 2919//2920 2920//2920 2917//2920
f 2921//2921 2923//2921 2922//2921
f 2921//2922 2924//2922 2923//2922
f 2922//2923 2923//2923 2921//2923
f 2923//2924 2924//2924 2921//2924
f 2925//2925 2927//2925 2926//2925
f 2925//2926 2928//2926 2927//2926
f 2926//2927 2927//2927 2925//2927
f 2927//2928 2928//2928 2925//2928
f 2929//2929 2931//2929 2930//2929
f 2929//2930 2932//2930 2931//2930
f 2930//2931 2931//2931 2929//2931
f 2931//2932 2932//2932 2929//2932
f 2933//2933 2935//2933 2934//2933
f 2933//2934 2936//2934 2935//2934
f 2934//2935 2935//2935 2933//2935
f 2935//2936 2936//2936 2933//2936
f 2937//2937 2939//2937 2938//2937
f 2937//2938 2940//2938 2939//2938
f 2938//2939 2939//2939 2937//2939
f 2939//2940 2940//2940 2937//2940
f 2941//2941 2943//2941 2942//2941
f 2941//2942 2944//2942 2943//2942
f 2942//2943 2943//2943 2941//2943
f 2943//2944 2944//2944 2941//2944
f 2945//2945 2947//2945 2946//2945
f 2945//2946 2948//2946 2947//2946
f 2946//2947 2947//2947 2945//2947
f 2947//2948 2948//2948 2945//2948
f 2949//2949 2951//2949 2950//2949
f 2949//2950 2952//2950 2951//2950
f 2950//2951 2951//2951 2949//2951
f 2951//2952 2952//2952 2949//2952
f 2953//2953 2955//2953 2954//2953
f 2953//2954 2956//2954 2955//2954
f 2954//2955 2955//2955 2953//2955
f 2955//2956 2956//2956 2953//2956
f 2957//2957 2959//2957 2958//2957
f 2957//2958 2960//2958 2959//2958
f 2958//2959 2959//2959 2957//2959
f 2959//2960 2960//2960 2957//2960
f 2961//2961 2963//2961 2962//2961
f 2961//2962 2964//2962 2963//2962
f 2962//2963 2963//2963 2961//2963
f 2963//2964 2964//2964 2961//2964
f 2965//2965 2967//2965 2966//2965
f 2965//2966 2968//2966 2967//2966
f 2966//2967 2967//2967 2965//2967
f 2967//2968 2968//2968 2965//2968
f 2969//2969 2971//2969 2970//2969
f 2969//2970 2972//2970 2971//2970
f 2970//2971 2971//2971 2969//2971
f 2971//2972 2972//2972 2969//2972
f 2973//2973 2975//2973 2974//2973
f 2973//2974 2976//2974 2975//2974
f 2974//2975 2975//2975 2973//2975
f 2975//2976 2976//2976 2973//2976
f 2977//2977 2979//2977 2978//2977
f 2977//2978 2980//2978 2979//2978
f 2978//2979 2979//2979 2977//2979
f 2979//2980 2980//2980 2977//2980
f 2981//2981 2983//2981 2982//2981
f 2981//2982 2984//2982 2983//2982
f 2982//2983 2983//2983 2981//2983
f 2983//2984 2984//2984 2981//2984
f 2985//2985 2987//2985 2986//2985
f 2985//2986 2988//2986 2987//2986
f 2986//2987 2987//2987 2985//2987
f 2987//2988 2988//2988 2985//2988
f 2989//2989 2991//2989 2990//2989
f 2989//2990 2992//2990 2991//2990
f 2990//2991 2991//2991 2989//2991
f 2991//2992 2992//2992 2989//2992
f 2993//2993 2995//2993 2994//2993
f 2993//2994 2996//2994 2995//2994
f 2994//2995 2995//2995 2993//2995
f 2995//2996 2996//2996 2993//2996
f 2997//2997 2999//2997 2998//2997
f 2997//2998 3000//2998 2999//2998
f 2998//2999 2999//2999 2997//2999
f 2999//3000 3000//3000 2997//3000
f 3001//3001 3003//3001 3002//3001
f 3001//3002 3004//3002 3003//3002
f 3002//3003 3003//3003 3001//3003
f 3003//3004 3004//3004 3001//3004
f 3005//3005 3007//3005 3006//3005
f 3005//3006 3008//3006 3007//3006
f 3006//3007 3007//3007 3005//3007
f 3007//3008 3008//3008 3005//3008
f 3009//3009 3011//3009 3010//3009
f 3009//3010 3012//3010 3011//3010
f 3010//3011 3011//3011 3009//3011
f 3011//3012 3012//3012 3009//3012
f 3013//3013 3015//3013 3014//3013
f 3013//3014 3016//3014 3015//3014
f 3014//3015 3015//3015 3013//3015
f 3015//3016 3016//3016 3013//3016
f 3017//3017 3019//3017 3018//3017
f 3017//3018 3020//3018 3019//3018
f 3018//3019 3019//3019 3017//3019
f 3019//3020 3020//3020 3017//3020
f 3021//3021 3023//3021 3022//3021
f 3021//3022 3024//3022 3023//3022
f 3022//3023 3023//3023 3021//3023
f 3023//3024 3024//3024 3021//3024
f 3025//3025 3027//3025 3026//3025
f 3025//3026 3028//3026 3027//3026
f 3026//3027 3027//3027 3025//3027
f 3027//3028 3028//3028 3025//3028
f 3029//3029 3031//3029 3030//3029
f 3029//3030 3032//3030 3031//3030
f 3030//3031 3031//3031 3029//3031
f 3031//3032 3032//3032 3029//3032
f 3033//3033 3035//3033 3034//3033
f 3033//3034 3036//3034 3035//3034
f 3034//3035 3035//3035 3033//3035
f 3035//3036 3036//3036 3033//3036
f 3037//3037 3039//3037 3038//3037
f 3037//3038 3040//3038 3039//3038
f 3038//3039 3039//3039 3037//3039
f 3039//3040 3040//3040 3037//3040
f 3041//3041 3043//3041 3042//3041
f 3041//3042 3044//3042 3043//3042
f 3042//3043 3043//3043 3041//3043
f 3043//3044 3044//3044 3041//3044
f 3045//3045 3047//3045 3046//3045
f 3045//3046 3048//3046 3047//3046
f 3046//3047 3047//3047 3045//3047
f 3047//3048 3048//3048 3045//3048
f 3049//3049 3051//3049 3050//3049
f 3049//3050 3052//3050 3051//3050
f 3050//3051 3051//3051 3049//3051
f 3051//3052 3052//3052 3049//3052
f 3053//3053 3055//3053 3054//3053
f 3053//3054 3056//3054 3055//3054
f 3054//3055 3055//3055 3053//3055
f 3055//3056 3056//3056 3053//3056
f 3057//3057 3059//3057 3058//3057
f 3057//3058 3060//3058 3059//3058
f 3058//3059 3059//3059 3057//3059
f 3059//3060 3060//3060 3057//3060
f 3061//3061 3063//3061 3062//3061
f 3061//3062 3064//3062 3063//3062
f 3062//3063 3063//3063 3061//3063
f 3063//3064 3064//3064 3061//3064
f 3065//3065 3067//3065 3066//3065
f 3065//3066 3068//3066 3067//3066
f 3066//3067 3067//3067 3065//3067
f 3067//3068 3068//3068 3065//3068
f 3069//3069 3071//3069 3070//3069
f 3069//3070 3072//3070 3071//3070
f 3070//3071 3071//3071 3069//3071
f 3071//3072 3072//3072 3069//3072
f 3073//3073 3075//3073 3074//3073
f 3073//3074 3076//3074 3075//3074
f 3074//3075 3075//3075 3073//3075
f 3075//3076 3076//3076 3073//3076
f 3077//3077 3079//3077 3078//3077
f 3077//3078 3080//3078 3079//3078
f 3078//3079 3079//3079 3077//3079
f 3079//3080 3080//3080 3077//3080
f 3081//3081 3083//3081 3082//3081
f 3081//3082 3084//3082 3083//3082
f 3082//3083 3083//3083 3081//3083
f 3083//3084 3084//3084 3081//3084
f 3085//3085 3087//3085 3086//3085
f 3085//3086 3088//3086 3087//3086
f 3086//3087 3087//3087 3085//3087
f 3087//3088 3088//3088 3085//3088
f 3089//3089 3091//3089 3090//3089
f 3089//3090 3092//3090 3091//3090
f 3090//3091 3091//3091 3089//3091
f 3091//3092 3092//3092 3089//3092
f 3093//3093 3095//3093 3094//3093
f 3093//3094 3096//3094 3095//3094
f 3094//3095 3095//3095 3093//3095
f 3095//3096 3096//3096 3093//3096
f 3097//3097 3099//3097 3098//3097
f 3097//3098 3100//3098 3099//3098
f 3098//3099 3099//3099 3097//3099
f 3099//3100 3100//3100 3097//3100
f 3101//3101 3103//3101 3102//3101
f 3101//3102 3104//3102 3103//3102
f 3102//3103 3103//3103 3101//3103
f 3103//3104 3104//3104 3101//3104
f 3105//3105 3107//3105 3106//3105
f 3105//3106 3108//3106 3107//3106
f 3106//3107 3107//3107 3105//3107
f 3107//3108 3108//3108 3105//3108
f 3109//3109 3111//3109 3110//3109
f 3109//3110 3112//3110 3111//3110
f 3110//3111 3111//3111 3109//3111
f 3111//3112 3112//3112 3109//3112
f 3113//3113 3115//3113 3114//3113
f 3113//3114 3116//3114 3115//3114
f 3114//3115 3115//3115 3113//3115
f 3115//3116 3116//3116 3113//3116
f 3117//3117 3119//3117 3118//3117
f 3117//3118 3120//3118 3119//3118
f 3118//3119 3119//3119 3117//3119
f 3119//3120 3120//3120 3117//3120
f 3121//3121 3123//3121 3122//3121
f 3121//3122 3124//3122 3123//3122
f 3122//3123 3123//3123 3121//3123
f 3123//3124 3124//3124 3121//3124
f 3125//3125 3127//3125 3126//3125
f 3125//3126 3128//3126 3127//3126
f 3126//3127 3127//3127 3125//3127
f 3127//3128 3128//3128 3125//3128
f 3129//3129 3131//3129 3130//3129
f 3129//3130 3132//3130 3131//3130
f 3130//3131 3131//3131 3129//3131
f 3131//3132 3132//3132 3129//3132
f 3133//3133 3135//3133 3134//3133
f 3133//3134 3136//3134 3135//3134
f 3134//3135 3135//3135 3133//3135
f 3135//3136 3136//3136 3133//3136
f 3137//3137 3139//3137 3138//3137
f 3137//3138 3140//3138 3139//3138
f 3138//3139 3139//3139 3137//3139
f 3139//3140 3140//3140 3137//3140
f 3141//3141 3143//3141 3142//3141
f 3141//3142 3144//3142 3143//3142
f 3142//3143 3143//3143 3141//3143
f 3143//3144 3144//3144 3141//3144
f 3145//3145 3147//3145 3146//3145
f 3145//3146 3148//3146 3147//3146
f 3146//3147 3147//3147 3145//3147
f 3147//3148 3148//3148 3145//3148
f 3149//3149 3151//3149 3150//3149
f 3149//3150 3152//3150 3151//3150
f 3150//3151 3151//3151 3149//3151
f 3151//3152 3152//3152 3149//3152
f 3153//3153 3155//3153 3154//3153
f 3153//3154 3156//3154 3155//3154
f 3154//3155 3155//3155 3153//3155
f 3155//3156 3156//3156 3153//3156
f 3157//3157 3159//3157 3158//3157
f 3157//3158 3160//3158 3159//3158
f 3158//3159 3159//3159 3157//3159
f 3159//3160 3160//3160 3157//3160
f 3161//3161 3163//3161 3162//3161
f 3161//3162 3164//3162 3163//3162
f 3162//3163 3163//3163 3161//3163
f 3163//3164 3164//3164 3161//3164
f 3165//3165 3167//3165 3166//3165
f 3165//3166 3168//3166 3167//3166
f 3166//3167 3167//3167 3165//3167
f 3167//3168 3168//3168 3165//3168
f 3169//3169 3171//3169 3170//3169
f 3169//3170 3172//3170 3171//3170
f 3170//3171 3171//3171 3169//3171
f 3171//3172 3172//3172 3169//3172
f 3173//3173 3175//3173 3174//3173
f 3173//3174 3176//3174 3175//3174
f 3174//3175 3175//3175 3173//3175
f 3175//3176 3176//3176 3173//3176
f 3177//3177 3179//3177 3178//3177
f 3177//3178 3180//3178 3179//3178
f 3178//3179 3179//3179 3177//3179
f 3179//3180 3180//3180 3177//3180
f 3181//3181 3183//3181 3182//3181
f 3181//3182 3184//3182 3183//3182
f 3182//3183 3183//3183 3181//3183
f 3183//3184 3184//3184 3181//3184
f 3185//3185 3187//3185 3186//3185
f 3185//3186 3188//3186 3187//3186
f 3186//3187 3187//3187 3185//3187
f 3187//3188 3188//3188 3185//3188
f 3189//3189 3191//3189 3190//3189
f 3189//3190 3192//3190 3191//3190
f 3190//3191 3191//3191 3189//3191
f 3191//3192 3192//3192 3189//3192
f 3193//3193 3195//3193 3194//3193
f 3193//3194 3196//3194 3195//3194
f 3194//3195 3195//3195 3193//3195
f 3195//3196 3196//3196 3193//3196
f 3197//3197 3199//3197 3198//3197
f 3197//3198 3200//3198 3199//3198
f 3198//3199 3199//3199 3197//3199
f 3199//3200 3200//3200 3197//3200
f 3201//3201 3203//3201 3202//3201
f 3201//3202 3204//3202 3203//3202
f 3202//3203 3203//3203 3201//3203
f 3203//3204 3204//3204 3201//3204
f 3205//3205 3207//3205 3206//3205
f 3205//3206 3208//3206 3207//3206
f 3206//3207 3207//3207 3205//3207
f 3207//3208 3208//3208 3205//3208
f 3209//3209 3211//3209 3210//3209
f 3209//3210 3212//3210 3211//3210
f 3210//3211 3211//3211 3209//3211
f 3211//3212 3212//3212 3209//3212
f 3213//3213 3215//3213 3214//3213
f 3213//3214 3216//3214 3215//3214
f 3214//3215 3215//3215 3213//3215
f 3215//3216 3216//3216 3213//3216
f 3217//3217 3219//3217 3218//3217
f 3217//3218 3220//3218 3219//3218
f 3218//3219 3219//3219 3217//3219
f 3219//3220 3220//3220 3217//3220
f 3221//3221 3223//3221 3222//3221
f 3221//3222 3224//3222 3223//3222
f 3222//3223 3223//3223 3221//3223
f 3223//3224 3224//3224 3221//3224
f 3225//3225 3227//3225 3226//3225
f 3225//3226 3228//3226 3227//3226
f 3226//3227 3227//3227 3225//3227
f 3227//3228 3228//3228 3225//3228
f 3229//3229 3231//3229 3230//3229
f 3229//3230 3232//3230 3231//3230
f 3230//3231 3231//3231 3229//3231
f 3231//3232 3232//3232 3229//3232
f 3233//3233 3235//3233 3234//3233
f 3233//3234 3236//3234 3235//3234
f 3234//3235 3235//3235 3233//3235
f 3235//3236 3236//3236 3233//3236
f 3237//3237 3239//3237 3238//3237
f 3237//3238 3240//3238 3239//3238
f 3238//3239 3239//3239 3237//3239
f 3239//3240 3240//3240 3237//3240
f 3241//3241 3243//3241 3242//3241
f 3241//3242 3244//3242 3243//3242
f 3242//3243 3243//3243 3241//3243
f 3243//3244 3244//3244 3241//3244
f 3245//3245 3247//3245 3246//3245
f 3245//3246 3248//3246 3247//3246
f 3246//3247 3247//3247 3245//3247
f 3247//3248 3248//3248 3245//3248
f 3249//3249 3251//3249 3250//3249
f 3249//3250 3252//3250 3251//3250
f 3250//3251 3251//3251 3249//3251
f 3251//3252 3252//3252 3249//3252
f 3253//3253 3255//3253 3254//3253
f 3253//3254 3256//3254 3255//3254
f 3254//3255 3255//3255 3253//3255
f 3255//3256 3256//3256 3253//3256
f 3257//3257 3259//3257 3258//3257
f 3257//3258 3260//3258 3259//3258
f 3258//3259 3259//3259 3257//3259
f 3259//3260 3260//3260 3257//3260
f 3261//3261 3263//3261 3262//3261
f 3261//3262 3264//3262 3263//3262
f 3262//3263 3263//3263 3261//3263
f 3263//3264 3264//3264 3261//3264
f 3265//3265 3267//3265 3266//3265
f 3265//3266 3268//3266 3267//3266
f 3266//3267 3267//3267 3265//3267
f 3267//3268 3268//3268 3265//3268
f 3269//3269 3271//3269 3270//3269
f 3269//3270 3272//3270 3271//3270
f 3270//3271 3271//3271 3269//3271
f 3271//3272 3272//3272 3269//3272
f 3273//3273 3275//3273 3274//3273
f 3273//3274 3276//3274 3275//3274
f 3274//3275 3275//3275 3273//3275
f 3275//3276 3276//3276 3273//3276
f 3277//3277 3279//3277 3278//3277
f 3277//3278 3280//3278 3279//3278
f 3278//3279 3279//3279 3277//3279
f 3279//3280 3280//3280 3277//3280
f 3281//3281 3283//3281 3282//3281
f 3281//3282 3284//3282 3283//3282
f 3282//3283 3283//3283 3281//3283
f 3283//3284 3284//3284 3281//3284
f 3285//3285 3287//3285 3286//3285
f 3285//3286 3288//3286 3287//3286
f 3286//3287 3287//3287 3285//3287
f 3287//3288 3288//3288 3285//3288
f 3289//3289 3291//3289 3290//3289
f 3289//3290 3292//3290 3291//3290
f 3290//3291 3291//3291 3289//3291
f 3291//3292 3292//3292 3289//3292
f 3293//3293 3295//3293 3294//3293
f 3293//3294 3296//3294 3295//3294
f 3294//3295 3295//3295 3293//3295
f 3295//3296 3296//3296 3293//3296
f 3297//3297 3299//3297 3298//3297
f 3297//3298 3300//3298 3299//3298
f 3298//3299 3299//3299 3297//3299
f 3299//3300 3300//3300 3297//3300
f 3301//3301 3303//3301 3302//3301
f 3301//3302 3304//3302 3303//3302
f 3302//3303 3303//3303 3301//3303
f 3303//3304 3304//3304 3301//3304
f 3305//3305 3307//3305 3306//3305
f 3305//3306 3308//3306 3307//3306
f 3306//3307 3307//3307 3305//3307
f 3307//3308 3308//3308 3305//3308
f 3309//3309 3311//3309 3310//3309
f 3309//3310 3312//3310 3311//3310
f 3310//3311 3311//3311 3309//3311
f 3311//3312 3312//3312 3309//3312
f 3313//3313 3315//3313 3314//3313
f 3313//3314 3316//3314 3315//3314
f 3314//3315 3315//3315 3313//3315
f 3315//3316 3316//3316 3313//3316
f 3317//3317 3319//3317 3318//3317
f 3317//3318 3320//3318 3319//3318
f 3318//3319 3319//3319 3317//3319
f 3319//3320 3320//3320 3317//3320
f 3321//3321 3323//3321 3322//3321
f 3321//3322 3324//3322 3323//3322
f 3322//3323 3323//3323 3321//3323
f 3323//3324 3324//3324 3321//3324
f 3325//3325 3327//3325 3326//3325
f 3325//3326 3328//3326 3327//3326
f 3326//3327 3327//3327 3325//3327
f 3327//3328 3328//3328 3325//3328
f 3329//3329 3331//3329 3330//3329
f 3329//3330 3332//3330 3331//3330
f 3330//3331 3331//3331 3329//3331
f 3331//3332 3332//3332 3329//3332
f 3333//3333 3335//3333 3334//3333
f 3333//3334 3336//3334 3335//3334
f 3334//3335 3335//3335 3333//3335
f 3335//3336 3336//3336 3333//3336
f 3337//3337 3339//3337 3338//3337
f 3337//3338 3340//3338 3339//3338
f 3338//3339 3339//3339 3337//3339
f 3339//3340 3340//3340 3337//3340
f 3341//3341 3343//3341 3342//3341
f 3341//3342 3344//3342 3343//3342
f 3342//3343 3343//3343 3341//3343
f 3343//3344 3344//3344 3341//3344
f 3345//3345 3347//3345 3346//3345
f 3345//3346 3348//3346 3347//3346
f 3346//3347 3347//3347 3345//3347
f 3347//3348 3348//3348 3345//3348
f 3349//3349 3351//3349 3350//3349
f 3349//3350 3352//3350 3351//3350
f 3350//3351 3351//3351 3349//3351
f 3351//3352 3352//3352 3349//3352
f 3353//3353 3355//3353 3354//3353
f 3353//3354 3356//3354 3355//3354
f 3354//3355 3355//3355 3353//3355
f 3355//3356 3356//3356 3353//3356
f 3357//3357 3359//3357 3358//3357
f 3357//3358 3360//3358 3359//3358
f 3358//3359 3359//3359 3357//3359
f 3359//3360 3360//3360 3357//3360
f 3361//3361 3363//3361 3362//3361
f 3361//3362 3364//3362 3363//3362
f 3362//3363 3363//3363 3361//3363
f 3363//3364 3364//3364 3361//3364
f 3365//3365 3367//3365 3366//3365
f 3365//3366 3368//3366 3367//3366
f 3366//3367 3367//3367 3365//3367
f 3367//3368 3368//3368 3365//3368
f 3369//3369 3371//3369 3370//3369
f 3369//3370 3372//3370 3371//3370
f 3370//3371 3371//3371 3369//3371
f 3371//3372 3372//3372 3369//3372
f 3373//3373 3375//3373 3374//3373
f 3373//3374 3376//3374 3375//3374
f 3374//3375 3375//3375 3373//3375
f 3375//3376 3376//3376 3373//3376
f 3377//3377 3379//3377 3378//3377
f 3377//3378 3380//3378 3379//3378
f 3378//3379 3379//3379 3377//3379
f 3379//3380 3380//3380 3377//3380
f 3381//3381 3383//3381 3382//3381
f 3381//3382 3384//3382 3383//3382
f 3382//3383 3383//3383 3381//3383
f 3383//3384 3384//3384 3381//3384
f 3385//3385 3387//3385 3386//3385
f 3385//3386 3388//3386 3387//3386
f 3386//3387 3387//3387 3385//3387
f 3387//3388 3388//3388 3385//3388
f 3389//3389 3391//3389 3390//3389
f 3389//3390 3392//3390 3391//3390
f 3390//3391 3391//3391 3389//3391
f 3391//3392 3392//3392 3389//3392
f 3393//3393 3395//3393 3394//3393
f 3393//3394 3396//3394 3395//3394
f 3394//3395 3395//3395 3393//3395
f 3395//3396 3396//3396 3393//3396
f 3397//3397 3399//3397 3398//3397
f 3397//3398 3400//3398 3399//3398
f 3398//3399 3399//3399 3397//3399
f 3399//3400 3400//3400 3397//3400
f 3401//3401 3403//3401 3402//3401
f 3401//3402 3404//3402 3403//3402
f 3402//3403 3403//3403 3401//3403
f 3403//3404 3404//3404 3401//3404
f 3405//3405 3407//3405 3406//3405
f 3405//3406 3408//3406 3407//3406
f 3406//3407 3407//3407 3405//3407
f 3407//3408 3408//3408 3405//3408
f 3409//3409 3411//3409 3410//3409
f 3409//3410 3412//3410 3411//3410
f 3410//3411 3411//3411 3409//3411
f 3411//3412 3412//3412 3409//3412
f 3413//3413 3415//3413 3414//3413
f 3413//3414 3416//3414 3415//3414
f 3414//3415 3415//3415 3413//3415
f 3415//3416 3416//3416 3413//3416
f 3417//3417 3419//3417 3418//3417
f 3417//3418 3420//3418 3419//3418
f 3418//3419 3419//3419 3417//3419
f 3419//3420 3420//3420 3417//3420
f 3421//3421 3423//3421 3422//3421
f 3421//3422 3424//3422 3423//3422
f 3422//3423 3423//3423 3421//3423
f 3423//3424 3424//3424 3421//3424
f 3425//3425 3427//3425 3426//3425
f 3425//3426 3428//3426 3427//3426
f 3426//3427 3427//3427 3425//3427
f 3427//3428 3428//3428 3425//3428
f 3429//3429 3431//3429 3430//3429
f 3429//3430 3432//3430 3431//3430
f 3430//3431 3431//3431 3429//3431
f 3431//3432 3432//3432 3429//3432
f 3433//3433 3435//3433 3434//3433
f 3433//3434 3436//3434 3435//3434
f 3434//3435 3435//3435 3433//3435
f 3435//3436 3436//3436 3433//3436
f 3437//3437 3439//3437 3438//3437
f 3437//3438 3440//3438 3439//3438
f 3438//3439 3439//3439 3437//3439
f 3439//3440 3440//3440 3437//3440
f 3441//3441 3443//3441 3442//3441
f 3441//3442 3444//3442 3443//3442
f 3442//3443 3443//3443 3441//3443
f 3443//3444 3444//3444 3441//3444
f 3445//3445 3447//3445 3446//3445
f 3445//3446 3448//3446 3447//3446
f 3446//3447 3447//3447 3445//3447
f 3447//3448 3448//3448 3445//3448
f 3449//3449 3451//3449 3450//3449
f 3449//3450 3452//3450 3451//3450
f 3450//3451 3451//3451 3449//3451
f 3451//3452 3452//3452 3449//3452
f 3453//3453 3455//3453 3454//3453
f 3453//3454 3456//3454 3455//3454
f 3454//3455 3455//3455 3453//3455
f 3455//3456 3456//3456 3453//3456
f 3457//3457 3459//3457 3458//3457
f 3457//3458 3460//3458 3459//3458
f 3458//3459 3459//3459 3457//3459
f 3459//3460 3460//3460 3457//3460
f 3461//3461 3463//3461 3462//3461
f 3461//3462 3464//3462 3463//3462
f 3462//3463 3463//3463 3461//3463
f 3463//3464 3464//3464 3461//3464
f 3465//3465 3467//3465 3466//3465
f 3465//3466 3468//3466 3467//3466
f 3466//3467 3467//3467 3465//3467
f 3467//3468 3468//3468 3465//3468
f 3469//3469 3471//3469 3470//3469
f 3469//3470 3472//3470 3471//3470
f 3470//3471 3471//3471 3469//3471
f 3471//3472 3472//3472 3469//3472
f 3473//3473 3475//3473 3474//3473
f 3473//3474 3476//3474 3475//3474
f 3474//3475 3475//3475 3473//3475
f 3475//3476 3476//3476 3473//3476
f 3477//3477 3479//3477 3478//3477
f 3477//3478 3480//3478 3479//3478
f 3478//3479 3479//3479 3477//3479
f 3479//3480 3480//3480 3477//3480
f 3481//3481 3483//3481 3482//3481
f 3481//3482 3484//3482 3483//3482
f 3482//3483 3483//3483 3481//3483
f 3483//3484 3484//3484 3481//3484
f 3485//3485 3487//3485 3486//3485
f 3485//3486 3488//3486 3487//3486
f 3486//3487 3487//3487 3485//3487
f 3487//3488 3488//3488 3485//3488
f 3489//3489 3491//3489 3490//3489
f 3489//3490 3492//3490 3491//3490
f 3490//3491 3491//3491 3489//3491
f 3491//3492 3492//3492 3489//3492
f 3493//3493 3495//3493 3494//3493
f 3493//3494 3496//3494 3495//3494
f 3494//3495 3495//3495 3493//3495
f 3495//3496 3496//3496 3493//3496
f 3497//3497 3499//3497 3498//3497
f 3497//3498 3500//3498 3499//3498
f 3498//3499 3499//3499 3497//3499
f 3499//3500 3500//3500 3497//3500
f 3501//3501 3503//3501 3502//3501
f 3501//3502 3504//3502 3503//3502
f 3502//3503 3503//3503 3501//3503
f 3503//3504 3504//3504 3501//3504
f 3505//3505 3507//3505 3506//3505
f 3505//3506 3508//3506 3507//3506
f 3506//3507 3507//3507 3505//3507
f 3507//3508 3508//3508 3505//3508
f 3509//3509 3511//3509 3510//3509
f 3509//3510 3512//3510 3511//3510
f 3510//3511 3511//3511 3509//3511
f 3511//3512 3512//3512 3509//3512
f 3513//3513 3515//3513 3514//3513
f 3513//3514 3516//3514 3515//3514
f 3514//3515 3515//3515 3513//3515
f 3515//3516 3516//3516 3513//3516
f 3517//3517 3519//3517 3518//3517
f 3517//3518 3520//3518 3519//3518
f 3518//3519 3519//3519 3517//3519
f 3519//3520 3520//3520 3517//3520
f 3521//3521 3523//3521 3522//3521
f 3521//3522 3524//3522 3523//3522
f 3522//3523 3523//3523 3521//3523
f 3523//3524 3524//3524 3521//3524
f 3525//3525 3527//3525 3526//3525
f 3525//3526 3528//3526 3527//3526
f 3526//3527 3527//3527 3525//3527
f 3527//3528 3528//3528 3525//3528
f 3529//3529 3531//3529 3530//3529
f 3529//3530 3532//3530 3531//3530
f 3530//3531 3531//3531 3529//3531
f 3531//3532 3532//3532 3529//3532
f 3533//3533 3535//3533 3534//3533
f 3533//3534 3536//3534 3535//3534
f 3534//3535 3535//3535 3533//3535
f 3535//3536 3536//3536 3533//3536
f 3537//3537 3539//3537 3538//3537
f 3537//3538 3540//3538 3539//3538
f 3538//3539 3539//3539 3537//3539
f 3539//3540 3540//3540 3537//3540
f 3541//3541 3543//3541 3542//3541
f 3541//3542 3544//3542 3543//3542
f 3542//3543 3543//3543 3541//3543
f 3543//3544 3544//3544 3541//3544
f 3545//3545 3547//3545 3546//3545
f 3545//3546 3548//3546 3547//3546
f 3546//3547 3547//3547 3545//3547
f 3547//3548 3548//3548 3545//3548
f 3549//3549 3551//3549 3550//3549
f 3549//3550 3552//3550 3551//3550
f 3550//3551 3551//3551 3549//3551
f 3551//3552 3552//3552 3549//3552
f 3553//3553 3555//3553 3554//3553
f 3553//3554 3556//3554 3555//3554
f 3554//3555 3555//3555 3553//3555
f 3555//3556 3556//3556 3553//3556
f 3557//3557 3559//3557 3558//3557
f 3557//3558 3560//3558 3559//3558
f 3558//3559 3559//3559 3557//3559
f 3559//3560 3560//3560 3557//3560
f 3561//3561 3563//3561 3562//3561
f 3561//3562 3564//3562 3563//3562
f 3562//3563 3563//3563 3561//3563
f 3563//3564 3564//3564 3561//3564
f 3565//3565 3567//3565 3566//3565
f 3565//3566 3568//3566 3567//3566
f 3566//3567 3567//3567 3565//3567
f 3567//3568 3568//3568 3565//3568
f 3569//3569 3571//3569 3570//3569
f 3569//3570 3572//3570 3571//3570
f 3570//3571 3571//3571 3569//3571
f 3571//3572 3572//3572 3569//3572
f 3573//3573 3575//3573 3574//3573
f 3573//3574 3576//3574 3575//3574
f 3574//3575 3575//3575 3573//3575
f 3575//3576 3576//3576 3573//3576
f 3577//3577 3579//3577 3578//3577
f 3577//3578 3580//3578 3579//3578
f 3578//3579 3579//3579 3577//3579
f 3579//3580 3580//3580 3577//3580
f 3581//3581 3583//3581 3582//3581
f 3581//3582 3584//3582 3583//3582
f 3582//3583 3583//3583 3581//3583
f 3583//3584 3584//3584 3581//3584
f 3585//3585 3587//3585 3586//3585
f 3585//3586 3588//3586 3587//3586
f 3586//3587 3587//3587 3585//3587
f 3587//3588 3588//3588 3585//3588
f 3589//3589 3591//3589 3590//3589
f 3589//3590 3592//3590 3591//3590
f 3590//3591 3591//3591 3589//3591
f 3591//3592 3592//3592 3589//3592
f 3593//3593 3595//3593 3594//3593
f 3593//3594 3596//3594 3595//3594
f 3594//3595 3595//3595 3593//3595
f 3595//3596 3596//3596 3593//3596
f 3597//3597 3599//3597 3598//3597
f 3597//3598 3600//3598 3599//3598
f 3598//3599 3599//3599 3597//3599
f 3599//3600 3600//3600 3597//3600
f 3601//3601 3603//3601 3602//3601
f 3601//3602 3604//3602 3603//3602
f 3602//3603 3603//3603 3601//3603
f 3603//3604 3604//3604 3601//3604
f 3605//3605 3607//3605 3606//3605
f 3605//3606 3608//3606 3607//3606
f 3606//3607 3607//3607 3605//3607
f 3607//3608 3608//3608 3605//3608
f 3609//3609 3611//3609 3610//3609
f 3609//3610 3612//3610 3611//3610
f 3610//3611 3611//3611 3609//3611
f 3611//3612 3612//3612 3609//3612
f 3613//3613 3615//3613 3614//3613
f 3613//3614 3616//3614 3615//3614
f 3614//3615 3615//3615 3613//3615
f 3615//3616 3616//3616 3613//3616
f 3617//3617 3619//3617 3618//3617
f 3617//3618 3620//3618 3619//3618
f 3618//3619 3619//3619 3617//3619
f 3619//3620 3620//3620 3617//3620
f 3621//3621 3623//3621 3622//3621
f 3621//3622 3624//3622 3623//3622
f 3622//3623 3623//3623 3621//3623
f 3623//3624 3624//3624 3621//3624
f 3625//3625 3627//3625 3626//3625
f 3625//3626 3628//3626 3627//3626
f 3626//3627 3627//3627 3625//3627
f 3627//3628 3628//3628 3625//3628
f 3629//3629 3631//3629 3630//3629
f 3629//3630 3632//3630 3631//3630
f 3630//3631 3631//3631 3629//3631
f 3631//3632 3632//3632 3629//3632
f 3633//3633 3635//3633 3634//3633
f 3633//3634 3636//3634 3635//3634
f 3634//3635 3635//3635 3633//3635
f 3635//3636 3636//3636 3633//3636
f 3637//3637 3639//3637 3638//3637
f 3637//3638 3640//3638 3639//3638
f 3638//3639 3639//3639 3637//3639
f 3639//3640 3640//3640 3637//3640
f 3641//3641 3643//3641 3642//3641
f 3641//3642 3644//3642 3643//3642
f 3642//3643 3643//3643 3641//3643
f 3643//3644 3644//3644 3641//3644
f 3645//3645 3647//3645 3646//3645
f 3645//3646 3648//3646 3647//3646
f 3646//3647 3647//3647 3645//3647
f 3647//3648 3648//3648 3645//3648
f 3649//3649 3651//3649 3650//3649
f 3649//3650 3652//3650 3651//3650
f 3650//3651 3651//3651 3649//3651
f 3651//3652 3652//3652 3649//3652
f 3653//3653 3655//3653 3654//3653
f 3653//3654 3656//3654 3655//3654
f 3654//3655 3655//3655 3653//3655
f 3655//3656 3656//3656 3653//3656
f 3657//3657 3659//3657 3658//3657
f 3657//3658 3660//3658 3659//3658
f 3658//3659 3659//3659 3657//3659
f 3659//3660 3660//3660 3657//3660
f 3661//3661 3663//3661 3662//3661
f 3661//3662 3664//3662 3663//3662
f 3662//3663 3663//3663 3661//3663
f 3663//3664 3664//3664 3661//3664
f 3665//3665 3667//3665 3666//3665
f 3665//3666 3668//3666 3667//3666
f 3666//3667 3667//3667 3665//3667
f 3667//3668 3668//3668 3665//3668
f 3669//3669 3671//3669 3670//3669
f 3669//3670 3672//3670 3671//3670
f 3670//3671 3671//3671 3669//3671
f 3671//3672 3672//3672 3669//3672
f 3673//3673 3675//3673 3674//3673
f 3673//3674 3676//3674 3675//3674
f 3674//3675 3675//3675 3673//3675
f 3675//3676 3676//3676 3673//3676
f 3677//3677 3679//3677 3678//3677
f 3677//3678 3680//3678 3679//3678
f 3678//3679 3679//3679 3677//3679
f 3679//3680 3680//3680 3677//3680
f 3681//3681 3683//3681 3682//3681
f 3681//3682 3684//3682 3683//3682
f 3682//3683 3683//3683 3681//3683
f 3683//3684 3684//3684 3681//3684
f 3685//3685 3687//3685 3686//3685
f 3685//3686 3688//3686 3687//3686
f 3686//3687 3687//3687 3685//3687
f 3687//3688 3688//3688 3685//3688
f 3689//3689 3691//3689 3690//3689
f 3689//3690 3692//3690 3691//3690
f 3690//3691 3691//3691 3689//3691
f 3691//3692 3692//3692 3689//3692
f 3693//3693 3695//3693 3694//3693
f 3693//3694 3696//3694 3695//3694
f 3694//3695 3695//3695 3693//3695
f 3695//3696 3696//3696 3693//3696
f 3697//3697 3699//3697 3698//3697
f 3697//3698 3700//3698 3699//3698
f 3698//3699 3699//3699 3697//3699
f 3699//3700 3700//3700 3697//3700
f 3701//3701 3703//3701 3702//3701
f 3701//3702 3704//3702 3703//3702
f 3702//3703 3703//3703 3701//3703
f 3703//3704 3704//3704 3701//3704
f 3705//3705 3707//3705 3706//3705
f 3705//3706 3708//3706 3707//3706
f 3706//3707 3707//3707 3705//3707
f 3707//3708 3708//3708 3705//3708
f 3709//3709 3711//3709 3710//3709
f 3709//3710 3712//3710 3711//3710
f 3710//3711 3711//3711 3709//3711
f 3711//3712 3712//3712 3709//3712
f 3713//3713 3715//3713 3714//3713
f 3713//3714 3716//3714 3715//3714
f 3714//3715 3715//3715 3713//3715
f 3715//3716 3716//3716 3713//3716
f 3717//3717 3719//3717 3718//3717
f 3717//3718 3720//3718 3719//3718
f 3718//3719 3719//3719 3717//3719
f 3719//3720 3720//3720 3717//3720
f 3721//3721 3723//3721 3722//3721
f 3721//3722 3724//3722 3723//3722
f 3722//3723 3723//3723 3721//3723
f 3723//3724 3724//3724 3721//3724
f 3725//3725 3727//3725 3726//3725
f 3725//3726 3728//3726 3727//3726
f 3726//3727 3727//3727 3725//3727
f 3727//3728 3728//3728 3725//3728
f 3729//3729 3731//3729 3730//3729
f 3729//3730 3732//3730 3731//3730
f 3730//3731 3731//3731 3729//3731
f 3731//3732 3732//3732 3729//3732
f 3733//3733 3735//3733 3734//3733
f 3733//3734 3736//3734 3735//3734
f 3734//3735 3735//3735 3733//3735
f 3735//3736 3736//3736 3733//3736
f 3737//3737 3739//3737 3738//3737
f 3737//3738 3740//3738 3739//3738
f 3738//3739 3739//3739 3737//3739
f 3739//3740 3740//3740 3737//3740
f 3741//3741 3743//3741 3742//3741
f 3741//3742 3744//3742 3743//3742
f 3742//3743 3743//3743 3741//3743
f 3743//3744 3744//3744 3741//3744
f 3745//3745 3747//3745 3746//3745
f 3745//3746 3748//3746 3747//3746
f 3746//3747 3747//3747 3745//3747
f 3747//3748 3748//3748 3745//3748
f 3749//3749 3751//3749 3750//3749
f 3749//3750 3752//3750 3751//3750
f 3750//3751 3751//3751 3749//3751
f 3751//3752 3752//3752 3749//3752
f 3753//3753 3755//3753 3754//3753
f 3753//3754 3756//3754 3755//3754
f 3754//3755 3755//3755 3753//3755
f 3755//3756 3756//3756 3753//3756
f 3757//3757 3759//3757 3758//3757
f 3757//3758 3760//3758 3759//3758
f 3758//3759 3759//3759 3757//3759
f 3759//3760 3760//3760 3757//3760
f 3761//3761 3763//3761 3762//3761
f 3761//3762 3764//3762 3763//3762
f 3762//3763 3763//3763 3761//3763
f 3763//3764 3764//3764 3761//3764
f 3765//3765 3767//3765 3766//3765
f 3765//3766 3768//3766 3767//3766
f 3766//3767 3767//3767 3765//3767
f 3767//3768 3768//3768 3765//3768
f 3769//3769 3771//3769 3770//3769
f 3769//3770 3772//3770 3771//3770
f 3770//3771 3771//3771 3769//3771
f 3771//3772 3772//3772 3769//3772
f 3773//3773 3775//3773 3774//3773
f 3773//3774 3776//3774 3775//3774
f 3774//3775 3775//3775 3773//3775
f 3775//3776 3776//3776 3773//3776
f 3777//3777 3779//3777 3778//3777
f 3777//3778 3780//3778 3779//3778
f 3778//3779 3779//3779 3777//3779
f 3779//3780 3780//3780 3777//3780
f 3781//3781 3783//3781 3782//3781
f 3781//3782 3784//3782 3783//3782
f 3782//3783 3783//3783 3781//3783
f 3783//3784 3784//3784 3781//3784
f 3785//3785 3787//3785 3786//3785
f 3785//3786 3788//3786 3787//3786
f 3786//3787 3787//3787 3785//3787
f 3787//3788 3788//3788 3785//3788
f 3789//3789 3791//3789 3790//3789
f 3789//3790 3792//3790 3791//3790
f 3790//3791 3791//3791 3789//3791
f 3791//3792 3792//3792 3789//3792
f 3793//3793 3795//3793 3794//3793
f 3793//3794 3796//3794 3795//3794
f 3794//3795 3795//3795 3793//3795
f 3795//3796 3796//3796 3793//3796
f 3797//3797 3799//3797 3798//3797
f 3797//3798 3800//3798 3799//3798
f 3798//3799 3799//3799 3797//3799
f 3799//3800 3800//3800 3797//3800
f 3801//3801 3803//3801 3802//3801
f 3801//3802 3804//3802 3803//3802
f 3802//3803 3803//3803 3801//3803
f 3803//3804 3804//3804 3801//3804
f 3805//3805 3807//3805 3806//3805
f 3805//3806 3808//3806 3807//3806
f 3806//3807 3807//3807 3805//3807
f 3807//3808 3808//3808 3805//3808
f 3809//3809 3811//3809 3810//3809
f 3809//3810 3812//3810 3811//3810
f 3810//3811 3811//3811 3809//3811
f 3811//3812 3812//3812 3809//3812
f 3813//3813 3815//3813 3814//3813
f 3813//3814 3816//3814 3815//3814
f 3814//3815 3815//3815 3813//3815
f 3815//3816 3816//3816 3813//3816
f 3817//3817 3819//3817 3818//3817
f 3817//3818 3820//3818 3819//3818
f 3818//3819 3819//3819 3817//3819
f 3819//3820 3820//3820 3817//3820
f 3821//3821 3823//3821 3822//3821
f 3821//3822 3824//3822 3823//3822
f 3822//3823 3823//3823 3821//3823
f 3823//3824 3824//3824 3821//3824
f 3825//3825 3827//3825 3826//3825
f 3825//3826 3828//3826 3827//3826
f 3826//3827 3827//3827 3825//3827
f 3827//3828 3828//3828 3825//3828
f 3829//3829 3831//3829 3830//3829
f 3829//3830 3832//3830 3831//3830
f 3830//3831 3831//3831 3829//3831
f 3831//3832 3832//3832 3829//3832
f 3833//3833 3835//3833 3834//3833
f 3833//3834 3836//3834 3835//3834
f 3834//3835 3835//3835 3833//3835
f 3835//3836 3836//3836 3833//3836
f 3837//3837 3839//3837 3838//3837
f 3837//3838 3840//3838 3839//3838
f 3838//3839 3839//3839 3837//3839
f 3839//3840 3840//3840 3837//3840
f 3841//3841 3843//3841 3842//3841
f 3841//3842 3844//3842 3843//3842
f 3842//3843 3843//3843 3841//3843
f 3843//3844 3844//3844 3841//3844
f 3845//3845 3847//3845 3846//3845
f 3845//3846 3848//3846 3847//3846
f 3846//3847 3847//3847 3845//3847
f 3847//3848 3848//3848 3845//3848
f 3849//3849 3851//3849 3850//3849
f 3849//3850 3852//3850 3851//3850
f 3850//3851 3851//3851 3849//3851
f 3851//3852 3852//3852 3849//3852
f 3853//3853 3855//3853 3854//3853
f 3853//3854 3856//3854 3855//3854
f 3854//3855 3855//3855 3853//3855
f 3855//3856 3856//3856 3853//3856
f 3857//3857 3859//3857 3858//3857
f 3857//3858 3860//3858 3859//3858
f 3858//3859 3859//3859 3857//3859
f 3859//3860 3860//3860 3857//3860
f 3861//3861 3863//3861 3862//3861
f 3861//3862 3864//3862 3863//3862
f 3862//3863 3863//3863 3861//3863
f 3863//3864 3864//3864 3861//3864
f 3865//3865 3867//3865 3866//3865
f 3865//3866 3868//3866 3867//3866
f 3866//3867 3867//3867 3865//3867
f 3867//3868 3868//3868 3865//3868
f 3869//3869 3871//3869 3870//3869
f 3869//3870 3872//3870 3871//3870
f 3870//3871 3871//3871 3869//3871
f 3871//3872 3872//3872 3869//3872
f 3873//3873 3875//3873 3874//3873
f 3873//3874 3876//3874 3875//3874
f 3874//3875 3875//3875 3873//3875
f 3875//3876 3876//3876 3873//3876
f 3877//3877 3879//3877 3878//3877
f 3877//3878 3880//3878 3879//3878
f 3878//3879 3879//3879 3877//3879
f 3879//3880 3880//3880 3877//3880
f 3881//3881 3883//3881 3882//3881
f 3881//3882 3884//3882 3883//3882
f 3882//3883 3883//3883 3881//3883
f 3883//3884 3884//3884 3881//3884
f 3885//3885 3887//3885 3886//3885
f 3885//3886 3888//3886 3887//3886
f 3886//3887 3887//3887 3885//3887
f 3887//3888 3888//3888 3885//3888
f 3889//3889 3891//3889 3890//3889
f 3889//3890 3892//3890 3891//3890
f 3890//3891 3891//3891 3889//3891
f 3891//3892 3892//3892 3889//3892
f 3893//3893 3895//3893 3894//3893
f 3893//3894 3896//3894 3895//3894
f 3894//3895 3895//3895 3893//3895
f 3895//3896 3896//3896 3893//3896
f 3897//3897 3899//3897 3898//3897
f 3897//3898 3900//3898 3899//3898
f 3898//3899 3899//3899 3897//3899
f 3899//3900 3900//3900 3897//3900
f 3901//3901 3903//3901 3902//3901
f 3901//3902 3904//3902 3903//3902
f 3902//3903 3903//3903 3901//3903
f 3903//3904 3904//3904 3901//3904
f 3905//3905 3907//3905 3906//3905
f 3905//3906 3908//3906 3907//3906
f 3906//3907 3907//3907 3905//3907
f 3907//3908 3908//3908 3905//3908
f 3909//3909 3911//3909 3910//3909
f 3909//3910 3912//3910 3911//3910
f 3910//3911 3911//3911 3909//3911
f 3911//3912 3912//3912 3909//3912
f 3913//3913 3915//3913 3914//3913
f 3913//3914 3916//3914 3915//3914
f 3914//3915 3915//3915 3913//3915
f 3915//3916 3916//3916 3913//3916
f 3917//3917 3919//3917 3918//3917
f 3917//3918 3920//3918 3919//3918
f 3918//3919 3919//3919 3917//3919
f 3919//3920 3920//3920 3917//3920
f 3921//3921 3923//3921 3922//3921
f 3921//3922 3924//3922 3923//3922
f 3922//3923 3923//3923 3921//3923
f 3923//3924 3924//3924 3921//3924
f 3925//3925 3927//3925 3926//3925
f 3925//3926 3928//3926 3927//3926
f 3926//3927 3927//3927 3925//3927
f 3927//3928 3928//3928 3925//3928
f 3929//3929 3931//3929 3930//3929
f 3929//3930 3932//3930 3931//3930
f 3930//3931 3931//3931 3929//3931
f 3931//3932 3932//3932 3929//3932
f 3933//3933 3935//3933 3934//3933
f 3933//3934 3936//3934 3935//3934
f 3934//3935 3935//3935 3933//3935
f 3935//3936 3936//3936 3933//3936
f 3937//3937 3939//3937 3938//3937
f 3937//3938 3940//3938 3939//3938
f 3938//3939 3939//3939 3937//3939
f 3939//3940 3940//3940 3937//3940
f 3941//3941 3943//3941 3942//3941
f 3941//3942 3944//3942 3943//3942
f 3942//3943 3943//3943 3941//3943
f 3943//3944 3944//3944 3941//3944
f 3945//3945 3947//3945 3946//3945
f 3945//3946 3948//3946 3947//3946
f 3946//3947 3947//3947 3945//3947
f 3947//3948 3948//3948 3945//3948
f 3949//3949 3951//3949 3950//3949
f 3949//3950 3952//3950 3951//3950
f 3950//3951 3951//3951 3949//3951
f 3951//3952 3952//3952 3949//3952
f 3953//3953 3955//3953 3954//3953
f 3953//3954 3956//3954 3955//3954
f 3954//3955 3955//3955 3953//3955
f 3955//3956 3956//3956 3953//3956
f 3957//3957 3959//3957 3958//3957
f 3957//3958 3960//3958 3959//3958
f 3958//3959 3959//3959 3957//3959
f 3959//3960 3960//3960 3957//3960
f 3961//3961 3963//3961 3962//3961
f 3961//3962 3964//3962 3963//3962
f 3962//3963 3963//3963 3961//3963
f 3963//3964 3964//3964 3961//3964
f 3965//3965 3967//3965 3966//3965
f 3965//3966 3968//3966 3967//3966
f 3966//3967 3967//3967 3965//3967
f 3967//3968 3968//3968 3965//3968
f 3969//3969 3971//3969 3970//3969
f 3969//3970 3972//3970 3971//3970
f 3970//3971 3971//3971 3969//3971
f 3971//3972 3972//3972 3969//3972
f 3973//3973 3975//3973 3974//3973
f 3973//3974 3976//3974 3975//3974
f 3974//3975 3975//3975 3973//3975
f 3975//3976 3976//3976 3973//3976
f 3977//3977 3979//3977 3978//3977
f 3977//3978 3980//3978 3979//3978
f 3978//3979 3979//3979 3977//3979
f 3979//3980 3980//3980 3977//3980
f 3981//3981 3983//3981 3982//3981
f 3981//3982 3984//3982 3983//3982
f 3982//3983 3983//3983 3981//3983
f 3983//3984 3984//3984 3981//3984
f 3985//3985 3987//3985 3986//3985
f 3985//3986 3988//3986 3987//3986
f 3986//3987 3987//3987 3985//3987
f 3987//3988 3988//3988 3985//3988
f 3989//3989 3991//3989 3990//3989
f 3989//3990 3992//3990 3991//3990
f 3990//3991 3991//3991 3989//3991
f 3991//3992 3992//3992 3989//3992
f 3993//3993 3995//3993 3994//3993
f 3993//3994 3996//3994 3995//3994
f 3994//3995 3995//3995 3993//3995
f 3995//3996 3996//3996 3993//3996
f 3997//3997 3999//3997 3998//3997
f 3997//3998 4000//3998 3999//3998
f 3998//3999 3999//3999 3997//3999
f 3999//4000 4000//4000 3997//4000
f 4001//4001 4003//4001 4002//4001
f 4001//4002 4004//4002 4003//4002
f 4002//4003 4003//4003 4001//4003
f 4003//4004 4004//4004 4001//4004
f 4005//4005 4007//4005 4006//4005
f 4005//4006 4008//4006 4007//4006
f 4006//4007 4007//4007 4005//4007
f 4007//4008 4008//4008 4005//4008
f 4009//4009 4011//4009 4010//4009
f 4009//4010 4012//4010 4011//4010
f 4010//4011 4011//4011 4009//4011
f 4011//4012 4012//4012 4009//4012
f 4013//4013 4015//4013 4014//4013
f 4013//4014 4016//4014 4015//4014
f 4014//4015 4015//4015 4013//4015
f 4015//4016 4016//4016 4013//4016
f 4017//4017 4019//4017 4018//4017
f 4017//4018 4020//4018 4019//4018
f 4018//4019 4019//4019 4017//4019
f 4019//4020 4020//4020 4017//4020
f 4021//4021 4023//4021 4022//4021
f 4021//4022 4024//4022 4023//4022
f 4022//4023 4023//4023 4021//4023
f 4023//4024 4024//4024 4021//4024
f 4025//4025 4027//4025 4026//4025
f 4025//4026 4028//4026 4027//4026
f 4026//4027 4027//4027 4025//4027
f 4027//4028 4028//4028 4025//4028
f 4029//4029 4031//4029 4030//4029
f 4029//4030 4032//4030 4031//4030
f 4030//4031 4031//4031 4029//4031
f 4031//4032 4032//4032 4029//4032
f 4033//4033 4035//4033 4034//4033
f 4033//4034 4036//4034 4035//4034
f 4034//4035 4035//4035 4033//4035
f 4035//4036 4036//4036 4033//4036
f 4037//4037 4039//4037 4038//4037
f 4037//4038 4040//4038 4039//4038
f 4038//4039 4039//4039 4037//4039
f 4039//4040 4040//4040 4037//4040
f 4041//4041 4043//4041 4042//4041
f 4041//4042 4044//4042 4043//4042
f 4042//4043 4043//4043 4041//4043
f 4043//4044 4044//4044 4041//4044
f 4045//4045 4047//4045 4046//4045
f 4045//4046 4048//4046 4047//4046
f 4046//4047 4047//4047 4045//4047
f 4047//4048 4048//4048 4045//4048
f 4049//4049 4051//4049 4050//4049
f 4049//4050 4052//4050 4051//4050
f 4050//4051 4051//4051 4049//4051
f 4051//4052 4052//4052 4049//4052
f 4053//4053 4055//4053 4054//4053
f 4053//4054 4056//4054 4055//4054
f 4054//4055 4055//4055 4053//4055
f 4055//4056 4056//4056 4053//4056
f 4057//4057 4059//4057 4058//4057
f 4057//4058 4060//4058 4059//4058
f 4058//4059 4059//4059 4057//4059
f 4059//4060 4060//4060 4057//4060
f 4061//4061 4063//4061 4062//4061
f 4061//4062 4064//4062 4063//4062
f 4062//4063 4063//4063 4061//4063
f 4063//4064 4064//4064 4061//4064
f 4065//4065 4067//4065 4066//4065
f 4065//4066 4068//4066 4067//4066
f 4066//4067 4067//4067 4065//4067
f 4067//4068 4068//4068 4065//4068
f 4069//4069 4071//4069 4070//4069
f 4069//4070 4072//4070 4071//4070
f 4070//4071 4071//4071 4069//4071
f 4071//4072 4072//4072 4069//4072
f 4073//4073 4075//4073 4074//4073
f 4073//4074 4076//4074 4075//4074
f 4074//4075 4075//4075 4073//4075
f 4075//4076 4076//4076 4073//4076
f 4077//4077 4079//4077 4078//4077
f 4077//4078 4080//4078 4079//4078
f 4078//4079 4079//4079 4077//4079
f 4079//4080 4080//4080 4077//4080
f 4081//4081 4083//4081 4082//4081
f 4081//4082 4084//4082 4083//4082
f 4082//4083 4083//4083 4081//4083
f 4083//4084 4084//4084 4081//4084
f 4085//4085 4087//4085 4086//4085
f 4085//4086 4088//4086 4087//4086
f 4086//4087 4087//4087 4085//4087
f 4087//4088 4088//4088 4085//4088
f 4089//4089 4091//4089 4090//4089
f 4089//4090 4092//4090 4091//4090
f 4090//4091 4091//4091 4089//4091
f 4091//4092 4092//4092 4089//4092
f 4093//4093 4095//4093 4094//4093
f 4093//4094 4096//4094 4095//4094
f 4094//4095 4095//4095 4093//4095
f 4095//4096 4096//4096 4093//4096
f 4097//4097 4099//4097 4098//4097
f 4097//4098 4100//4098 4099//4098
f 4098//4099 4099//4099 4097//4099
f 4099//4100 4100//4100 4097//4100
f 4101//4101 4103//4101 4102//4101
f 4101//4102 4104//4102 4103//4102
f 4102//4103 4103//4103 4101//4103
f 4103//4104 4104//4104 4101//4104
f 4105//4105 4107//4105 4106//4105
f 4105//4106 4108//4106 4107//4106
f 4106//4107 4107//4107 4105//4107
f 4107//4108 4108//4108 4105//4108
f 4109//4109 4111//4109 4110//4109
f 4109//4110 4112//4110 4111//4110
f 4110//4111 4111//4111 4109//4111
f 4111//4112 4112//4112 4109//4112
f 4113//4113 4115//4113 4114//4113
f 4113//4114 4116//4114 4115//4114
f 4114//4115 4115//4115 4113//4115
f 4115//4116 4116//4116 4113//4116
f 4117//4117 4119//4117 4118//4117
f 4117//4118 4120//4118 4119//4118
f 4118//4119 4119//4119 4117//4119
f 4119//4120 4120//4120 4117//4120
f 4121//4121 4123//4121 4122//4121
f 4121//4122 4124//4122 4123//4122
f 4122//4123 4123//4123 4121//4123
f 4123//4124 4124//4124 4121//4124
f 4125//4125 4127//4125 4126//4125
f 4125//4126 4128//4126 4127//4126
f 4126//4127 4127//4127 4125//4127
f 4127//4128 4128//4128 4125//4128
f 4129//4129 4131//4129 4130//4129
f 4129//4130 4132//4130 4131//4130
f 4130//4131 4131//4131 4129//4131
f 4131//4132 4132//4132 4129//4132
f 4133//4133 4135//4133 4134//4133
f 4133//4134 4136//4134 4135//4134
f 4134//4135 4135//4135 4133//4135
f 4135//4136 4136//4136 4133//4136
f 4137//4137 4139//4137 4138//4137
f 4137//4138 4140//4138 4139//4138
f 4138//4139 4139//4139 4137//4139
f 4139//4140 4140//4140 4137//4140
f 4141//4141 4143//4141 4142//4141
f 4141//4142 4144//4142 4143//4142
f 4142//4143 4143//4143 4141//4143
f 4143//4144 4144//4144 4141//4144
f 4145//4145 4147//4145 4146//4145
f 4145//4146 4148//4146 4147//4146
f 4146//4147 4147//4147 4145//4147
f 4147//4148 4148//4148 4145//4148
f 4149//4149 4151//4149 4150//4149
f 4149//4150 4152//4150 4151//4150
f 4150//4151 4151//4151 4149//4151
f 4151//4152 4152//4152 4149//4152
f 4153//4153 4155//4153 4154//4153
f 4153//4154 4156//4154 4155//4154
f 4154//4155 4155//4155 4153//4155
f 4155//4156 4156//4156 4153//4156
f 4157//4157 4159//4157 4158//4157
f 4157//4158 4160//4158 4159//4158
f 4158//4159 4159//4159 4157//4159
f 4159//4160 4160//4160 4157//4160
f 4161//4161 4163//4161 4162//4161
f 4161//4162 4164//4162 4163//4162
f 4162//4163 4163//4163 4161//4163
f 4163//4164 4164//4164 4161//4164
f 4165//4165 4167//4165 4166//4165
f 4165//4166 4168//4166 4167//4166
f 4166//4167 4167//4167 4165//4167
f 4167//4168 4168//4168 4165//4168
f 4169//4169 4171//4169 4170//4169
f 4169//4170 4172//4170 4171//4170
f 4170//4171 4171//4171 4169//4171
f 4171//4172 4172//4172 4169//4172
f 4173//4173 4175//4173 4174//4173
f 4173//4174 4176//4174 4175//4174
f 4174//4175 4175//4175 4173//4175
f 4175//4176 4176//4176 4173//4176
f 4177//4177 4179//4177 4178//4177
f 4177//4178 4180//4178 4179//4178
f 4178//4179 4179//4179 4177//4179
f 4179//4180 4180//4180 4177//4180
f 4181//4181 4183//4181 4182//4181
f 4181//4182 4184//4182 4183//4182
f 4182//4183 4183//4183 4181//4183
f 4183//4184 4184//4184 4181//4184
f 4185//4185 4187//4185 4186//4185
f 4185//4186 4188//4186 4187//4186
f 4186//4187 4187//4187 4185//4187
f 4187//4188 4188//4188 4185//4188
f 4189//4189 4191//4189 4190//4189
f 4189//4190 4192//4190 4191//4190
f 4190//4191 4191//4191 4189//4191
f 4191//4192 4192//4192 4189//4192
f 4193//4193 4195//4193 4194//4193
f 4193//4194 4196//4194 4195//4194
f 4194//4195 4195//4195 4193//4195
f 4195//4196 4196//4196 4193//4196
f 4197//4197 4199//4197 4198//4197
f 4197//4198 4200//4198 4199//4198
f 4198//4199 4199//4199 4197//4199
f 4199//4200 4200//4200 4197//4200
f 4201//4201 4203//4201 4202//4201
f 4201//4202 4204//4202 4203//4202
f 4202//4203 4203//4203 4201//4203
f 4203//4204 4204//4204 4201//4204
f 4205//4205 4207//4205 4206//4205
f 4205//4206 4208//4206 4207//4206
f 4206//4207 4207//4207 4205//4207
f 4207//4208 4208//4208 4205//4208
f 4209//4209 4211//4209 4210//4209
f 4209//4210 4212//4210 4211//4210
f 4210//4211 4211//4211 4209//4211
f 4211//4212 4212//4212 4209//4212
f 4213//4213 4215//4213 4214//4213
f 4213//4214 4216//4214 4215//4214
f 4214//4215 4215//4215 4213//4215
f 4215//4216 4216//4216 4213//4216
f 4217//4217 4219//4217 4218//4217
f 4217//4218 4220//4218 4219//4218
f 4218//4219 4219//4219 4217//4219
f 4219//4220 4220//4220 4217//4220
f 4221//4221 4223//4221 4222//4221
f 4221//4222 4224//4222 4223//4222
f 4222//4223 4223//4223 4221//4223
f 4223//4224 4224//4224 4221//4224
f 4225//4225 4227//4225 4226//4225
f 4225//4226 4228//4226 4227//4226
f 4226//4227 4227//4227 4225//4227
f 4227//4228 4228//4228 4225//4228
f 4229//4229 4231//4229 4230//4229
f 4229//4230 4232//4230 4231//4230
f 4230//4231 4231//4231 4229//4231
f 4231//4232 4232//4232 4229//4232
f 4233//4233 4235//4233 4234//4233
f 4233//4234 4236//4234 4235//4234
f 4234//4235 4235//4235 4233//4235
f 4235//4236 4236//4236 4233//4236
f 4237//4237 4239//4237 4238//4237
f 4237//4238 4240//4238 4239//4238
f 4238//4239 4239//4239 4237//4239
f 4239//4240 4240//4240 4237//4240
f 4241//4241 4243//4241 4242//4241
f 4241//4242 4244//4242 4243//4242
f 4242//4243 4243//4243 4241//4243
f 4243//4244 4244//4244 4241//4244
f 4245//4245 4247//4245 4246//4245
f 4245//4246 4248//4246 4247//4246
f 4246//4247 4247//4247 4245//4247
f 4247//4248 4248//4248 4245//4248
f 4249//4249 4251//4249 4250//4249
f 4249//4250 4252//4250 4251//4250
f 4250//4251 4251//4251 4249//4251
f 4251//4252 4252//4252 4249//4252
f 4253//4253 4255//4253 4254//4253
f 4253//4254 4256//4254 4255//4254
f 4254//4255 4255//4255 4253//4255
f 4255//4256 4256//4256 4253//4256
f 4257//4257 4259//4257 4258//4257
f 4257//4258 4260//4258 4259//4258
f 4258//4259 4259//4259 4257//4259
f 4259//4260 4260//4260 4257//4260
f 4261//4261 4263//4261 4262//4261
f 4261//4262 4264//4262 4263//4262
f 4262//4263 4263//4263 4261//4263
f 4263//4264 4264//4264 4261//4264
f 4265//4265 4267//4265 4266//4265
f 4265//4266 4268//4266 4267//4266
f 4266//4267 4267//4267 4265//4267
f 4267//4268 4268//4268 4265//4268
f 4269//4269 4271//4269 4270//4269
f 4269//4270 4272//4270 4271//4270
f 4270//4271 4271//4271 4269//4271
f 4271//4272 4272//4272 4269//4272
f 4273//4273 4275//4273 4274//4273
f 4273//4274 4276//4274 4275//4274
f 4274//4275 4275//4275 4273//4275
f 4275//4276 4276//4276 4273//4276
f 4277//4277 4279//4277 4278//4277
f 4277//4278 4280//4278 4279//4278
f 4278//4279 4279//4279 4277//4279
f 4279//4280 4280//4280 4277//4280
f 4281//4281 4283//4281 4282//4281
f 4281//4282 4284//4282 4283//4282
f 4282//4283 4283//4283 4281//4283
f 4283//4284 4284//4284 4281//4284
f 4285//4285 4287//4285 4286//4285
f 4285//4286 4288//4286 4287//4286
f 4286//4287 4287//4287 4285//4287
f 4287//4288 4288//4288 4285//4288
f 4289//4289 4291//4289 4290//4289
f 4289//4290 4292//4290 4291//4290
f 4290//4291 4291//4291 4289//4291
f 4291//4292 4292//4292 4289//4292
f 4293//4293 4295//4293 4294//4293
f 4293//4294 4296//4294 4295//4294
f 4294//4295 4295//4295 4293//4295
f 4295//4296 4296//4296 4293//4296
f 4297//4297 4299//4297 4298//4297
f 4297//4298 4300//4298 4299//4298
f 4298//4299 4299//4299 4297//4299
f 4299//4300 4300//4300 4297//4300
f 4301//4301 4303//4301 4302//4301
f 4301//4302 4304//4302 4303//4302
f 4302//4303 4303//4303 4301//4303
f 4303//4304 4304//4304 4301//4304
f 4305//4305 4307//4305 4306//4305
f 4305//4306 4308//4306 4307//4306
f 4306//4307 4307//4307 4305//4307
f 4307//4308 4308//4308 4305//4308
f 4309//4309 4311//4309 4310//4309
f 4309//4310 4312//4310 4311//4310
f 4310//4311 4311//4311 4309//4311
f 4311//4312 4312//4312 4309//4312
f 4313//4313 4315//4313 4314//4313
f 4313//4314 4316//4314 4315//4314
f 4314//4315 4315//4315 4313//4315
f 4315//4316 4316//4316 4313//4316
f 4317//4317 4319//4317 4318//4317
f 4317//4318 4320//4318 4319//4318
f 4318//4319 4319//4319 4317//4319
f 4319//4320 4320//4320 4317//4320
f 4321//4321 4323//4321 4322//4321
f 4321//4322 4324//4322 4323//4322
f 4322//4323 4323//4323 4321//4323
f 4323//4324 4324//4324 4321//4324
f 4325//4325 4327//4325 4326//4325
f 4325//4326 4328//4326 4327//4326
f 4326//4327 4327//4327 4325//4327
f 4327//4328 4328//4328 4325//4328
f 4329//4329 4331//4329 4330//4329
f 4329//4330 4332//4330 4331//4330
f 4330//4331 4331//4331 4329//4331
f 4331//4332 4332//4332 4329//4332
f 4333//4333 4335//4333 4334//4333
f 4333//4334 4336//4334 4335//4334
f 4334//4335 4335//4335 4333//4335
f 4335//4336 4336//4336 4333//4336
f 4337//4337 4339//4337 4338//4337
f 4337//4338 4340//4338 4339//4338
f 4338//4339 4339//4339 4337//4339
f 4339//4340 4340//4340 4337//4340
f 4341//4341 4343//4341 4342//4341
f 4341//4342 4344//4342 4343//4342
f 4342//4343 4343//4343 4341//4343
f 4343//4344 4344//4344 4341//4344
f 4345//4345 4347//4345 4346//4345
f 4345//4346 4348//4346 4347//4346
f 4346//4347 4347//4347 4345//4347
f 4347//4348 4348//4348 4345//4348
f 4349//4349 4351//4349 4350//4349
f 4349//4350 4352//4350 4351//4350
f 4350//4351 4351//4351 4349//4351
f 4351//4352 4352//4352 4349//4352
f 4353//4353 4355//4353 4354//4353
f 4353//4354 4356//4354 4355//4354
f 4354//4355 4355//4355 4353//4355
f 4355//4356 4356//4356 4353//4356
f 4357//4357 4359//4357 4358//4357
f 4357//4358 4360//4358 4359//4358
f 4358//4359 4359//4359 4357//4359
f 4359//4360 4360//4360 4357//4360
f 4361//4361 4363//4361 4362//4361
f 4361//4362 4364//4362 4363//4362
f 4362//4363 4363//4363 4361//4363
f 4363//4364 4364//4364 4361//4364
f 4365//4365 4367//4365 4366//4365
f 4365//4366 4368//4366 4367//4366
f 4366//4367 4367//4367 4365//4367
f 4367//4368 4368//4368 4365//4368
f 4369//4369 4371//4369 4370//4369
f 4369//4370 4372//4370 4371//4370
f 4370//4371 4371//4371 4369//4371
f 4371//4372 4372//4372 4369//4372
f 4373//4373 4375//4373 4374//4373
f 4373//4374 4376//4374 4375//4374
f 4374//4375 4375//4375 4373//4375
f 4375//4376 4376//4376 4373//4376
f 4377//4377 4379//4377 4378//4377
f 4377//4378 4380//4378 4379//4378
f 4378//4379 4379//4379 4377//4379
f 4379//4380 4380//4380 4377//4380
f 4381//4381 4383//4381 4382//4381
f 4381//4382 4384//4382 4383//4382
f 4382//4383 4383//4383 4381//4383
f 4383//4384 4384//4384 4381//4384
f 4385//4385 4387//4385 4386//4385
f 4385//4386 4388//4386 4387//4386
f 4386//4387 4387//4387 4385//4387
f 4387//4388 4388//4388 4385//4388
f 4389//4389 4391//4389 4390//4389
f 4389//4390 4392//4390 4391//4390
f 4390//4391 4391//4391 4389//4391
f 4391//4392 4392//4392 4389//4392
f 4393//4393 4395//4393 4394//4393
f 4393//4394 4396//4394 4395//4394
f 4394//4395 4395//4395 4393//4395
f 4395//4396 4396//4396 4393//4396
f 4397//4397 4399//4397 4398//4397
f 4397//4398 4400//4398 4399//4398
f 4398//4399 4399//4399 4397//4399
f 4399//4400 4400//4400 4397//4400
f 4401//4401 4403//4401 4402//4401
f 4401//4402 4404//4402 4403//4402
f 4402//4403 4403//4403 4401//4403
f 4403//4404 4404//4404 4401//4404
f 4405//4405 4407//4405 4406//4405
f 4405//4406 4408//4406 4407//4406
f 4406//4407 4407//4407 4405//4407
f 4407//4408 4408//4408 4405//4408
f 4409//4409 4411//4409 4410//4409
f 4409//4410 4412//4410 4411//4410
f 4410//4411 4411//4411 4409//4411
f 4411//4412 4412//4412 4409//4412
f 4413//4413 4415//4413 4414//4413
f 4413//4414 4416//4414 4415//4414
f 4414//4415 4415//4415 4413//4415
f 4415//4416 4416//4416 4413//4416
f 4417//4417 4419//4417 4418//4417
f 4417//4418 4420//4418 4419//4418
f 4418//4419 4419//4419 4417//4419
f 4419//4420 4420//4420 4417//4420
f 4421//4421 4423//4421 4422//4421
f 4421//4422 4424//4422 4423//4422
f 4422//4423 4423//4423 4421//4423
f 4423//4424 4424//4424 4421//4424
f 4425//4425 4427//4425 4426//4425
f 4425//4426 4428//4426 4427//4426
f 4426//4427 4427//4427 4425//4427
f 4427//4428 4428//4428 4425//4428
f 4429//4429 4431//4429 4430//4429
f 4429//4430 4432//4430 4431//4430
f 4430//4431 4431//4431 4429//4431
f 4431//4432 4432//4432 4429//4432
f 4433//4433 4435//4433 4434//4433
f 4433//4434 4436//4434 4435//4434
f 4434//4435 4435//4435 4433//4435
f 4435//4436 4436//4436 4433//4436
f 4437//4437 4439//4437 4438//4437
f 4437//4438 4440//4438 4439//4438
f 4438//4439 4439//4439 4437//4439
f 4439//4440 4440//4440 4437//4440
f 4441//4441 4443//4441 4442//4441
f 4441//4442 4444//4442 4443//4442
f 4442//4443 4443//4443 4441//4443
f 4443//4444 4444//4444 4441//4444
f 4445//4445 4447//4445 4446//4445
f 4445//4446 4448//4446 4447//4446
f 4446//4447 4447//4447 4445//4447
f 4447//4448 4448//4448 4445//4448
f 4449//4449 4451//4449 4450//4449
f 4449//4450 4452//4450 4451//4450
f 4450//4451 4451//4451 4449//4451
f 4451//4452 4452//4452 4449//4452
f 4453//4453 4455//4453 4454//4453
f 4453//4454 4456//4454 4455//4454
f 4454//4455 4455//4455 4453//4455
f 4455//4456 4456//4456 4453//4456
f 4457//4457 4459//4457 4458//4457
f 4457//4458 4460//4458 4459//4458
f 4458//4459 4459//4459 4457//4459
f 4459//4460 4460//4460 4457//4460
f 4461//4461 4463//4461 4462//4461
f 4461//4462 4464//4462 4463//4462
f 4462//4463 4463//4463 4461//4463
f 4463//4464 4464//4464 4461//4464
f 4465//4465 4467//4465 4466//4465
f 4465//4466 4468//4466 4467//4466
f 4466//4467 4467//4467 4465//4467
f 4467//4468 4468//4468 4465//4468
f 4469//4469 4471//4469 4470//4469
f 4469//4470 4472//4470 4471//4470
f 4470//4471 4471//4471 4469//4471
f 4471//4472 4472//4472 4469//4472
f 4473//4473 4475//4473 4474//4473
f 4473//4474 4476//4474 4475//4474
f 4474//4475 4475//4475 4473//4475
f 4475//4476 4476//4476 4473//4476
f 4477//4477 4479//4477 4478//4477
f 4477//4478 4480//4478 4479//4478
f 4478//4479 4479//4479 4477//4479
f 4479//4480 4480//4480 4477//4480
f 4481//4481 4483//4481 4482//4481
f 4481//4482 4484//4482 4483//4482
f 4482//4483 4483//4483 4481//4483
f 4483//4484 4484//4484 4481//4484
f 4485//4485 4487//4485 4486//4485
f 4485//4486 4488//4486 4487//4486
f 4486//4487 4487//4487 4485//4487
f 4487//4488 4488//4488 4485//4488
f 4489//4489 4491//4489 4490//4489
f 4489//4490 4492//4490 4491//4490
f 4490//4491 4491//4491 4489//4491
f 4491//4492 4492//4492 4489//4492
f 4493//4493 4495//4493 4494//4493
f 4493//4494 4496//4494 4495//4494
f 4494//4495 4495//4495 4493//4495
f 4495//4496 4496//4496 4493//4496
f 4497//4497 4499//4497 4498//4497
f 4497//4498 4500//4498 4499//4498
f 4498//4499 4499//4499 4497//4499
f 4499//4500 4500//4500 4497//4500
f 4501//4501 4503//4501 4502//4501
f 4501//4502 4504//4502 4503//4502
f 4502//4503 4503//4503 4501//4503
f 4503//4504 4504//4504 4501//4504
f 4505//4505 4507//4505 4506//4505
f 4505//4506 4508//4506 4507//4506
f 4506//4507 4507//4507 4505//4507
f 4507//4508 4508//4508 4505//4508
f 4509//4509 4511//4509 4510//4509
f 4509//4510 4512//4510 4511//4510
f 4510//4511 4511//4511 4509//4511
f 4511//4512 4512//4512 4509//4512
f 4513//4513 4515//4513 4514//4513
f 4513//4514 4516//4514 4515//4514
f 4514//4515 4515//4515 4513//4515
f 4515//4516 4516//4516 4513//4516
f 4517//4517 4519//4517 4518//4517
f 4517//4518 4520//4518 4519//4518
f 4518//4519 4519//4519 4517//4519
f 4519//4520 4520//4520 4517//4520
f 4521//4521 4523//4521 4522//4521
f 4521//4522 4524//4522 4523//4522
f 4522//4523 4523//4523 4521//4523
f 4523//4524 4524//4524 4521//4524
f 4525//4525 4527//4525 4526//4525
f 4525//4526 4528//4526 4527//4526
f 4526//4527 4527//4527 4525//4527
f 4527//4528 4528//4528 4525//4528
f 4529//4529 4531//4529 4530//4529
f 4529//4530 4532//4530 4531//4530
f 4530//4531 4531//4531 4529//4531
f 4531//4532 4532//4532 4529//4532
f 4533//4533 4535//4533 4534//4533
f 4533//4534 4536//4534 4535//4534
f 4534//4535 4535//4535 4533//4535
f 4535//4536 4536//4536 4533//4536
f 4537//4537 4539//4537 4538//4537
f 4537//4538 4540//4538 4539//4538
f 4538//4539 4539//4539 4537//4539
f 4539//4540 4540//4540 4537//4540
f 4541//4541 4543//4541 4542//4541
f 4541//4542 4544//4542 4543//4542
f 4542//4543 4543//4543 4541//4543
f 4543//4544 4544//4544 4541//4544
f 4545//4545 4547//4545 4546//4545
f 4545//4546 4548//4546 4547//4546
f 4546//4547 4547//4547 4545//4547
f 4547//4548 4548//4548 4545//4548
f 4549//4549 4551//4549 4550//4549
f 4549//4550 4552//4550 4551//4550
f 4550//4551 4551//4551 4549//4551
f 4551//4552 4552//4552 4549//4552
f 4553//4553 4555//4553 4554//4553
f 4553//4554 4556//4554 4555//4554
f 4554//4555 4555//4555 4553//4555
f 4555//4556 4556//4556 4553//4556
f 4557//4557 4559//4557 4558//4557
f 4557//4558 4560//4558 4559//4558
f 4558//4559 4559//4559 4557//4559
f 4559//4560 4560//4560 4557//4560
f 4561//4561 4563//4561 4562//4561
f 4561//4562 4564//4562 4563//4562
f 4562//4563 4563//4563 4561//4563
f 4563//4564 4564//4564 4561//4564
f 4565//4565 4567//4565 4566//4565
f 4565//4566 4568//4566 4567//4566
f 4566//4567 4567//4567 4565//4567
f 4567//4568 4568//4568 4565//4568
f 4569//4569 4571//4569 4570//4569
f 4569//4570 4572//4570 4571//4570
f 4570//4571 4571//4571 4569//4571
f 4571//4572 4572//4572 4569//4572
f 4573//4573 4575//4573 4574//4573
f 4573//4574 4576//4574 4575//4574
f 4574//4575 4575//4575 4573//4575
f 4575//4576 4576//4576 4573//4576
f 4577//4577 4579//4577 4578//4577
f 4577//4578 4580//4578 4579//4578
f 4578//4579 4579//4579 4577//4579
f 4579//4580 4580//4580 4577//4580
f 4581//4581 4583//4581 4582//4581
f 4581//4582 4584//4582 4583//4582
f 4582//4583 4583//4583 4581//4583
f 4583//4584 4584//4584 4581//4584
f 4585//4585 4587//4585 4586//4585
f 4585//4586 4588//4586 4587//4586
f 4586//4587 4587//4587 4585//4587
f 4587//4588 4588//4588 4585//4588
f 4589//4589 4591//4589 4590//4589
f 4589//4590 4592//4590 4591//4590
f 4590//4591 4591//4591 4589//4591
f 4591//4592 4592//4592 4589//4592
f 4593//4593 4595//4593 4594//4593
f 4593//4594 4596//4594 4595//4594
f 4594//4595 4595//4595 4593//4595
f 4595//4596 4596//4596 4593//4596
f 4597//4597 4599//4597 4598//4597
f 4597//4598 4600//4598 4599//4598
f 4598//4599 4599//4599 4597//4599
f 4599//4600 4600//4600 4597//4600
f 4601//4601 4603//4601 4602//4601
f 4601//4602 4604//4602 4603//4602
f 4602//4603 4603//4603 4601//4603
f 4603//4604 4604//4604 4601//4604
f 4605//4605 4607//4605 4606//4605
f 4605//4606 4608//4606 4607//4606
f 4606//4607 4607//4607 4605//4607
f 4607//4608 4608//4608 4605//4608
f 4609//4609 4611//4609 4610//4609
f 4609//4610 4612//4610 4611//4610
f 4610//4611 4611//4611 4609//4611
f 4611//4612 4612//4612 4609//4612
f 4613//4613 4615//4613 4614//4613
f 4613//4614 4616//4614 4615//4614
f 4614//4615 4615//4615 4613//4615
f 4615//4616 4616//4616 4613//4616
f 4617//4617 4619//4617 4618//4617
f 4617//4618 4620//4618 4619//4618
f 4618//4619 4619//4619 4617//4619
f 4619//4620 4620//4620 4617//4620
f 4621//4621 4623//4621 4622//4621
f 4621//4622 4624//4622 4623//4622
f 4622//4623 4623//4623 4621//4623
f 4623//4624 4624//4624 4621//4624
f 4625//4625 4627//4625 4626//4625
f 4625//4626 4628//4626 4627//4626
f 4626//4627 4627//4627 4625//4627
f 4627//4628 4628//4628 4625//4628
f 4629//4629 4631//4629 4630//4629
f 4629//4630 4632//4630 4631//4630
f 4630//4631 4631//4631 4629//4631
f 4631//4632 4632//4632 4629//4632
f 4633//4633 4635//4633 4634//4633
f 4633//4634 4636//4634 4635//4634
f 4634//4635 4635//4635 4633//4635
f 4635//4636 4636//4636 4633//4636
f 4637//4637 4639//4637 4638//4637
f 4637//4638 4640//4638 4639//4638
f 4638//4639 4639//4639 4637//4639
f 4639//4640 4640//4640 4637//4640
f 4641//4641 4643//4641 4642//4641
f 4641//4642 4644//4642 4643//4642
f 4642//4643 4643//4643 4641//4643
f 4643//4644 4644//4644 4641//4644
f 4645//4645 4647//4645 4646//4645
f 4645//4646 4648//4646 4647//4646
f 4646//4647 4647//4647 4645//4647
f 4647//4648 4648//4648 4645//4648
f 4649//4649 4651//4649 4650//4649
f 4649//4650 4652//4650 4651//4650
f 4650//4651 4651//4651 4649//4651
f 4651//4652 4652//4652 4649//4652
f 4653//4653 4655//4653 4654//4653
f 4653//4654 4656//4654 4655//4654
f 4654//4655 4655//4655 4653//4655
f 4655//4656 4656//4656 4653//4656
f 4657//4657 4659//4657 4658//4657
f 4657//4658 4660//4658 4659//4658
f 4658//4659 4659//4659 4657//4659
f 4659//4660 4660//4660 4657//4660
f 4661//4661 4663//4661 4662//4661
f 4661//4662 4664//4662 4663//4662
f 4662//4663 4663//4663 4661//4663
f 4663//4664 4664//4664 4661//4664
f 4665//4665 4667//4665 4666//4665
f 4665//4666 4668//4666 4667//4666
f 4666//4667 4667//4667 4665//4667
f 4667//4668 4668//4668 4665//4668
f 4669//4669 4671//4669 4670//4669
f 4669//4670 4672//4670 4671//4670
f 4670//4671 4671//4671 4669//4671
f 4671//4672 4672//4672 4669//4672
f 4673//4673 4675//4673 4674//4673
f 4673//4674 4676//4674 4675//4674
f 4674//4675 4675//4675 4673//4675
f 4675//4676 4676//4676 4673//4676
f 4677//4677 4679//4677 4678//4677
f 4677//4678 4680//4678 4679//4678
f 4678//4679 4679//4679 4677//4679
f 4679//4680 4680//4680 4677//4680
f 4681//4681 4683//4681 4682//4681
f 4681//4682 4684//4682 4683//4682
f 4682//4683 4683//4683 4681//4683
f 4683//4684 4684//4684 4681//4684
f 4685//4685 4687//4685 4686//4685
f 4685//4686 4688//4686 4687//4686
f 4686//4687 4687//4687 4685//4687
f 4687//4688 4688//4688 4685//4688
f 4689//4689 4691//4689 4690//4689
f 4689//4690 4692//4690 4691//4690
f 4690//4691 4691//4691 4689//4691
f 4691//4692 4692//4692 4689//4692
f 4693//4693 4695//4693 4694//4693
f 4693//4694 4696//4694 4695//4694
f 4694//4695 4695//4695 4693//4695
f 4695//4696 4696//4696 4693//4696
f 4697//4697 4699//4697 4698//4697
f 4697//4698 4700//4698 4699//4698
f 4698//4699 4699//4699 4697//4699
f 4699//4700 4700//4700 4697//4700
f 4701//4701 4703//4701 4702//4701
f 4701//4702 4704//4702 4703//4702
f 4702//4703 4703//4703 4701//4703
f 4703//4704 4704//4704 4701//4704
f 4705//4705 4707//4705 4706//4705
f 4705//4706 4708//4706 4707//4706
f 4706//4707 4707//4707 4705//4707
f 4707//4708 4708//4708 4705//4708
f 4709//4709 4711//4709 4710//4709
f 4709//4710 4712//4710 4711//4710
f 4710//4711 4711//4711 4709//4711
f 4711//4712 4712//4712 4709//4712
f 4713//4713 4715//4713 4714//4713
f 4713//4714 4716//4714 4715//4714
f 4714//4715 4715//4715 4713//4715
f 4715//4716 4716//4716 4713//4716
f 4717//4717 4719//4717 4718//4717
f 4717//4718 4720//4718 4719//4718
f 4718//4719 4719//4719 4717//4719
f 4719//4720 4720//4720 4717//4720
f 4721//4721 4723//4721 4722//4721
f 4721//4722 4724//4722 4723//4722
f 4722//4723 4723//4723 4721//4723
f 4723//4724 4724//4724 4721//4724
f 4725//4725 4727//4725 4726//4725
f 4725//4726 4728//4726 4727//4726
f 4726//4727 4727//4727 4725//4727
f 4727//4728 4728//4728 4725//4728
f 4729//4729 4731//4729 4730//4729
f 4729//4730 4732//4730 4731//4730
f 4730//4731 4731//4731 4729//4731
f 4731//4732 4732//4732 4729//4732
f 4733//4733 4735//4733 4734//4733
f 4733//4734 4736//4734 4735//4734
f 4734//4735 4735//4735 4733//4735
f 4735//4736 4736//4736 4733//4736
f 4737//4737 4739//4737 4738//4737
f 4737//4738 4740//4738 4739//4738
f 4738//4739 4739//4739 4737//4739
f 4739//4740 4740//4740 4737//4740
f 4741//4741 4743//4741 4742//4741
f 4741//4742 4744//4742 4743//4742
f 4742//4743 4743//4743 4741//4743
f 4743//4744 4744//4744 4741//4744
f 4745//4745 4747//4745 4746//4745
f 4745//4746 4748//4746 4747//4746
f 4746//4747 4747//4747 4745//4747
f 4747//4748 4748//4748 4745//4748
f 4749//4749 4751//4749 4750//4749
f 4749//4750 4752//4750 4751//4750
f 4750//4751 4751//4751 4749//4751
f 4751//4752 4752//4752 4749//4752
f 4753//4753 4755//4753 4754//4753
f 4753//4754 4756//4754 4755//4754
f 4754//4755 4755//4755 4753//4755
f 4755//4756 4756//4756 4753//4756
f 4757//4757 4759//4757 4758//4757
f 4757//4758 4760//4758 4759//4758
f 4758//4759 4759//4759 4757//4759
f 4759//4760 4760//4760 4757//4760
f 4761//4761 4763//4761 4762//4761
f 4761//4762 4764//4762 4763//4762
f 4762//4763 4763//4763 4761//4763
f 4763//4764 4764//4764 4761//4764
f 4765//4765 4767//4765 4766//4765
f 4765//4766 4768//4766 4767//4766
f 4766//4767 4767//4767 4765//4767
f 4767//4768 4768//4768 4765//4768
f 4769//4769 4771//4769 4770//4769
f 4769//4770 4772//4770 4771//4770
f 4770//4771 4771//4771 4769//4771
f 4771//4772 4772//4772 4769//4772
f 4773//4773 4775//4773 4774//4773
f 4773//4774 4776//4774 4775//4774
f 4774//4775 4775//4775 4773//4775
f 4775//4776 4776//4776 4773//4776
f 4777//4777 4779//4777 4778//4777
f 4777//4778 4780//4778 4779//4778
f 4778//4779 4779//4779 4777//4779
f 4779//4780 4780//4780 4777//4780
f 4781//4781 4783//4781 4782//4781
f 4781//4782 4784//4782 4783//4782
f 4782//4783 4783//4783 4781//4783
f 4783//4784 4784//4784 4781//4784
f 4785//4785 4787//4785 4786//4785
f 4785//4786 4788//4786 4787//4786
f 4786//4787 4787//4787 4785//4787
f 4787//4788 4788//4788 4785//4788
f 4789//4789 4791//4789 4790//4789
f 4789//4790 4792//4790 4791//4790
f 4790//4791 4791//4791 4789//4791
f 4791//4792 4792//4792 4789//4792
f 4793//4793 4795//4793 4794//4793
f 4793//4794 4796//4794 4795//4794
f 4794//4795 4795//4795 4793//4795
f 4795//4796 4796//4796 4793//4796
f 4797//4797 4799//4797 4798//4797
f 4797//4798 4800//4798 4799//4798
f 4798//4799 4799//4799 4797//4799
f 4799//4800 4800//4800 4797//4800
f 4801//4801 4803//4801 4802//4801
f 4801//4802 4804//4802 4803//4802
f 4802//4803 4803//4803 4801//4803
f 4803//4804 4804//4804 4801//4804
f 4805//4805 4807//4805 4806//4805
f 4805//4806 4808//4806 4807//4806
f 4806//4807 4807//4807 4805//4807
f 4807//4808 4808//4808 4805//4808
f 4809//4809 4811//4809 4810//4809
f 4809//4810 4812//4810 4811//4810
f 4810//4811 4811//4811 4809//4811
f 4811//4812 4812//4812 4809//4812
f 4813//4813 4815//4813 4814//4813
f 4813//4814 4816//4814 4815//4814
f 4814//4815 4815//4815 4813//4815
f 4815//4816 4816//4816 4813//4816
f 4817//4817 4819//4817 4818//4817
f 4817//4818 4820//4818 4819//4818
f 4818//4819 4819//4819 4817//4819
f 4819//4820 4820//4820 4817//4820
f 4821//4821 4823//4821 4822//4821
f 4821//4822 4824//4822 4823//4822
f 4822//4823 4823//4823 4821//4823
f 4823//4824 4824//4824 4821//4824
f 4825//4825 4827//4825 4826//4825
f 4825//4826 4828//4826 4827//4826
f 4826//4827 4827//4827 4825//4827
f 4827//4828 4828//4828 4825//4828
f 4829//4829 4831//4829 4830//4829
f 4829//4830 4832//4830 4831//4830
f 4830//4831 4831//4831 4829//4831
f 4831//4832 4832//4832 4829//4832
f 4833//4833 4835//4833 4834//4833
f 4833//4834 4836//4834 4835//4834
f 4834//4835 4835//4835 4833//4835
f 4835//4836 4836//4836 4833//4836
f 4837//4837 4839//4837 4838//4837
f 4837//4838 4840//4838 4839//4838
f 4838//4839 4839//4839 4837//4839
f 4839//4840 4840//4840 4837//4840
f 4841//4841 4843//4841 4842//4841
f 4841//4842 4844//4842 4843//4842
f 4842//4843 4843//4843 4841//4843
f 4843//4844 4844//4844 4841//4844
f 4845//4845 4847//4845 4846//4845
f 4845//4846 4848//4846 4847//4846
f 4846//4847 4847//4847 4845//4847
f 4847//4848 4848//4848 4845//4848
f 4849//4849 4851//4849 4850//4849
f 4849//4850 4852//4850 4851//4850
f 4850//4851 4851//4851 4849//4851
f 4851//4852 4852//4852 4849//4852
f 4853//4853 4855//4853 4854//4853
f 4853//4854 4856//4854 4855//4854
f 4854//4855 4855//4855 4853//4855
f 4855//4856 4856//4856 4853//4856
f 4857//4857 4859//4857 4858//4857
f 4857//4858 4860//4858 4859//4858
f 4858//4859 4859//4859 4857//4859
f 4859//4860 4860//4860 4857//4860
f 4861//4861 4863//4861 4862//4861
f 4861//4862 4864//4862 4863//4862
f 4862//4863 4863//4863 4861//4863
f 4863//4864 4864//4864 4861//4864
f 4865//4865 4867//4865 4866//4865
f 4865//4866 4868//4866 4867//4866
f 4866//4867 4867//4867 4865//4867
f 4867//4868 4868//4868 4865//4868
f 4869//4869 4871//4869 4870//4869
f 4869//4870 4872//4870 4871//4870
f 4870//4871 4871//4871 4869//4871
f 4871//4872 4872//4872 4869//4872
f 4873//4873 4875//4873 4874//4873
f 4873//4874 4876//4874 4875//4874
f 4874//4875 4875//4875 4873//4875
f 4875//4876 4876//4876 4873//4876
f 4877//4877 4879//4877 4878//4877
f 4877//4878 4880//4878 4879//4878
f 4878//4879 4879//4879 4877//4879
f 4879//4880 4880//4880 4877//4880
f 4881//4881 4883//4881 4882//4881
f 4881//4882 4884//4882 4883//4882
f 4882//4883 4883//4883 4881//4883
f 4883//4884 4884//4884 4881//4884
f 4885//4885 4887//4885 4886//4885
f 4885//4886 4888//4886 4887//4886
f 4886//4887 4887//4887 4885//4887
f 4887//4888 4888//4888 4885//4888
f 4889//4889 4891//4889 4890//4889
f 4889//4890 4892//4890 4891//4890
f 4890//4891 4891//4891 4889//4891
f 4891//4892 4892//4892 4889//4892
f 4893//4893 4895//4893 4894//4893
f 4893//4894 4896//4894 4895//4894
f 4894//4895 4895//4895 4893//4895
f 4895//4896 4896//4896 4893//4896
f 4897//4897 4899//4897 4898//4897
f 4897//4898 4900//4898 4899//4898
f 4898//4899 4899//4899 4897//4899
f 4899//4900 4900//4900 4897//4900
f 4901//4901 4903//4901 4902//4901
f 4901//4902 4904//4902 4903//4902
f 4902//4903 4903//4903 4901//4903
f 4903//4904 4904//4904 4901//4904
f 4905//4905 4907//4905 4906//4905
f 4905//4906 4908//4906 4907//4906
f 4906//4907 4907//4907 4905//4907
f 4907//4908 4908//4908 4905//4908
f 4909//4909 4911//4909 4910//4909
f 4909//4910 4912//4910 4911//4910
f 4910//4911 4911//4911 4909//4911
f 4911//4912 4912//4912 4909//4912
f 4913//4913 4915//4913 4914//4913
f 4913//4914 4916//4914 4915//4914
f 4914//4915 4915//4915 4913//4915
f 4915//4916 4916//4916 4913//4916
f 4917//4917 4919//4917 4918//4917
f 4917//4918 4920//4918 4919//4918
f 4918//4919 4919//4919 4917//4919
f 4919//4920 4920//4920 4917//4920
f 4921//4921 4923//4921 4922//4921
f 4921//4922 4924//4922 4923//4922
f 4922//4923 4923//4923 4921//4923
f 4923//4924 4924//4924 4921//4924
f 4925//4925 4927//4925 4926//4925
f 4925//4926 4928//4926 4927//4926
f 4926//4927 4927//4927 4925//4927
f 4927//4928 4928//4928 4925//4928
f 4929//4929 4931//4929 4930//4929
f 4929//4930 4932//4930 4931//4930
f 4930//4931 4931//4931 4929//4931
f 4931//4932 4932//4932 4929//4932
f 4933//4933 4935//4933 4934//4933
f 4933//4934 4936//4934 4935//4934
f 4934//4935 4935//4935 4933//4935
f 4935//4936 4936//4936 4933//4936
f 4937//4937 4939//4937 4938//4937
f 4937//4938 4940//4938 4939//4938
f 4938//4939 4939//4939 4937//4939
f 4939//4940 4940//4940 4937//4940
f 4941//4941 4943//4941 4942//4941
f 4941//4942 4944//4942 4943//4942
f 4942//4943 4943//4943 4941//4943
f 4943//4944 4944//4944 4941//4944
f 4945//4945 4947//4945 4946//4945
f 4945//4946 4948//4946 4947//4946
f 4946//4947 4947//4947 4945//4947
f 4947//4948 4948//4948 4945//4948
f 4949//4949 4951//4949 4950//4949
f 4949//4950 4952//4950 4951//4950
f 4950//4951 4951//4951 4949//4951
f 4951//4952 4952//4952 4949//4952
f 4953//4953 4955//4953 4954//4953
f 4953//4954 4956//4954 4955//4954
f 4954//4955 4955//4955 4953//4955
f 4955//4956 4956//4956 4953//4956
f 4957//4957 4959//4957 4958//4957
f 4957//4958 4960//4958 4959//4958
f 4958//4959 4959//4959 4957//4959
f 4959//4960 4960//4960 4957//4960
f 4961//4961 4963//4961 4962//4961
f 4961//4962 4964//4962 4963//4962
f 4962//4963 4963//4963 4961//4963
f 4963//4964 4964//4964 4961//4964
f 4965//4965 4967//4965 4966//4965
f 4965//4966 4968//4966 4967//4966
f 4966//4967 4967//4967 4965//4967
f 4967//4968 4968//4968 4965//4968
f 4969//4969 4971//4969 4970//4969
f 4969//4970 4972//4970 4971//4970
f 4970//4971 4971//4971 4969//4971
f 4971//4972 4972//4972 4969//4972
f 4973//4973 4975//4973 4974//4973
f 4973//4974 4976//4974 4975//4974
f 4974//4975 4975//4975 4973//4975
f 4975//4976 4976//4976 4973//4976
f 4977//4977 4979//4977 4978//4977
f 4977//4978 4980//4978 4979//4978
f 4978//4979 4979//4979 4977//4979
f 4979//4980 4980//4980 4977//4980
f 4981//4981 4983//4981 4982//4981
f 4981//4982 4984//4982 4983//4982
f 4982//4983 4983//4983 4981//4983
f 4983//4984 4984//4984 4981//4984
f 4985//4985 4987//4985 4986//4985
f 4985//4986 4988//4986 4987//4986
f 4986//4987 4987//4987 4985//4987
f 4987//4988 4988//4988 4985//4988
f 4989//4989 4991//4989 4990//4989
f 4989//4990 4992//4990 4991//4990
f 4990//4991 4991//4991 4989//4991
f 4991//4992 4992//4992 4989//4992
f 4993//4993 4995//4993 4994//4993
f 4993//4994 4996//4994 4995//4994
f 4994//4995 4995//4995 4993//4995
f 4995//4996 4996//4996 4993//4996
f 4997//4997 4999//4997 4998//4997
f 4997//4998 5000//4998 4999//4998
f 4998//4999 4999//4999 4997//4999
f 4999//5000 5000//5000 4997//5000
f 5001//5001 5003//5001 5002//5001
f 5001//5002 5004//5002 5003//5002
f 5002//5003 5003//5003 5001//5003
f 5003//5004 5004//5004 5001//5004
f 5005//5005 5007//5005 5006//5005
f 5005//5006 5008//5006 5007//5006
f 5006//5007 5007//5007 5005//5007
f 5007//5008 5008//5008 5005//5008
f 5009//5009 5011//5009 5010//5009
f 5009//5010 5012//5010 5011//5010
f 5010//5011 5011//5011 5009//5011
f 5011//5012 5012//5012 5009//5012
f 5013//5013 5015//5013 5014//5013
f 5013//5014 5016//5014 5015//5014
f 5014//5015 5015//5015 5013//5015
f 5015//5016 5016//5016 5013//5016
f 5017//5017 5019//5017 5018//5017
f 5017//5018 5020//5018 5019//5018
f 5018//5019 5019//5019 5017//5019
f 5019//5020 5020//5020 5017//5020
f 5021//5021 5023//5021 5022//5021
f 5021//5022 5024//5022 5023//5022
f 5022//5023 5023//5023 5021//5023
f 5023//5024 5024//5024 5021//5024
f 5025//5025 5027//5025 5026//5025
f 5025//5026 5028//5026 5027//5026
f 5026//5027 5027//5027 5025//5027
f 5027//5028 5028//5028 5025//5028
f 5029//5029 5031//5029 5030//5029
f 5029//5030 5032//5030 5031//5030
f 5030//5031 5031//5031 5029//5031
f 5031//5032 5032//5032 5029//5032
f 5033//5033 5035//5033 5034//5033
f 5033//5034 5036//5034 5035//5034
f 5034//5035 5035//5035 5033//5035
f 5035//5036 5036//5036 5033//5036
f 5037//5037 5039//5037 5038//5037
f 5037//5038 5040//5038 5039//5038
f 5038//5039 5039//5039 5037//5039
f 5039//5040 5040//5040 5037//5040
f 5041//5041 5043//5041 5042//5041
f 5041//5042 5044//5042 5043//5042
f 5042//5043 5043//5043 5041//5043
f 5043//5044 5044//5044 5041//5044
f 5045//5045 5047//5045 5046//5045
f 5045//5046 5048//5046 5047//5046
f 5046//5047 5047//5047 5045//5047
f 5047//5048 5048//5048 5045//5048
f 5049//5049 5051//5049 5050//5049
f 5049//5050 5052//5050 5051//5050
f 5050//5051 5051//5051 5049//5051
f 5051//5052 5052//5052 5049//5052
f 5053//5053 5055//5053 5054//5053
f 5053//5054 5056//5054 5055//5054
f 5054//5055 5055//5055 5053//5055
f 5055//5056 5056//5056 5053//5056
f 5057//5057 5059//5057 5058//5057
f 5057//5058 5060//5058 5059//5058
f 5058//5059 5059//5059 5057//5059
f 5059//5060 5060//5060 5057//5060
f 5061//5061 5063//5061 5062//5061
f 5061//5062 5064//5062 5063//5062
f 5062//5063 5063//5063 5061//5063
f 5063//5064 5064//5064 5061//5064
f 5065//5065 5067//5065 5066//5065
f 5065//5066 5068//5066 5067//5066
f 5066//5067 5067//5067 5065//5067
f 5067//5068 5068//5068 5065//5068
f 5069//5069 5071//5069 5070//5069
f 5069//5070 5072//5070 5071//5070
f 5070//5071 5071//5071 5069//5071
f 5071//5072 5072//5072 5069//5072
f 5073//5073 5075//5073 5074//5073
f 5073//5074 5076//5074 5075//5074
f 5074//5075 5075//5075 5073//5075
f 5075//5076 5076//5076 5073//5076
f 5077//5077 5079//5077 5078//5077
f 5077//5078 5080//5078 5079//5078
f 5078//5079 5079//5079 5077//5079
f 5079//5080 5080//5080 5077//5080
f 5081//5081 5083//5081 5082//5081
f 5081//5082 5084//5082 5083//5082
f 5082//5083 5083//5083 5081//5083
f 5083//5084 5084//5084 5081//5084
f 5085//5085 5087//5085 5086//5085
f 5085//5086 5088//5086 5087//5086
f 5086//5087 5087//5087 5085//5087
f 5087//5088 5088//5088 5085//5088
f 5089//5089 5091//5089 5090//5089
f 5089//5090 5092//5090 5091//5090
f 5090//5091 5091//5091 5089//5091
f 5091//5092 5092//5092 5089//5092
f 5093//5093 5095//5093 5094//5093
f 5093//5094 5096//5094 5095//5094
f 5094//5095 5095//5095 5093//5095
f 5095//5096 5096//5096 5093//5096
f 5097//5097 5099//5097 5098//5097
f 5097//5098 5100//5098 5099//5098
f 5098//5099 5099//5099 5097//5099
f 5099//5100 5100//5100 5097//5100
f 5101//5101 5103//5101 5102//5101
f 5101//5102 5104//5102 5103//5102
f 5102//5103 5103//5103 5101//5103
f 5103//5104 5104//5104 5101//5104
f 5105//5105 5107//5105 5106//5105
f 5105//5106 5108//5106 5107//5106
f 5106//5107 5107//5107 5105//5107
f 5107//5108 5108//5108 5105//5108
f 5109//5109 5111//5109 5110//5109
f 5109//5110 5112//5110 5111//5110
f 5110//5111 5111//5111 5109//5111
f 5111//5112 5112//5112 5109//5112
f 5113//5113 5115//5113 5114//5113
f 5113//5114 5116//5114 5115//5114
f 5114//5115 5115//5115 5113//5115
f 5115//5116 5116//5116 5113//5116
f 5117//5117 5119//5117 5118//5117
f 5117//5118 5120//5118 5119//5118
f 5118//5119 5119//5119 5117//5119
f 5119//5120 5120//5120 5117//5120
f 5121//5121 5123//5121 5122//5121
f 5121//5122 5124//5122 5123//5122
f 5122//5123 5123//5123 5121//5123
f 5123//5124 5124//5124 5121//5124
f 5125//5125 5127//5125 5126//5125
f 5125//5126 5128//5126 5127//5126
f 5126//5127 5127//5127 5125//5127
f 5127//5128 5128//5128 5125//5128
f 5129//5129 5131//5129 5130//5129
f 5129//5130 5132//5130 5131//5130
f 5130//5131 5131//5131 5129//5131
f 5131//5132 5132//5132 5129//5132
f 5133//5133 5135//5133 5134//5133
f 5133//5134 5136//5134 5135//5134
f 5134//5135 5135//5135 5133//5135
f 5135//5136 5136//5136 5133//5136
f 5137//5137 5139//5137 5138//5137
f 5137//5138 5140//5138 5139//5138
f 5138//5139 5139//5139 5137//5139
f 5139//5140 5140//5140 5137//5140
f 5141//5141 5143//5141 5142//5141
f 5141//5142 5144//5142 5143//5142
f 5142//5143 5143//5143 5141//5143
f 5143//5144 5144//5144 5141//5144
f 5145//5145 5147//5145 5146//5145
f 5145//5146 5148//5146 5147//5146
f 5146//5147 5147//5147 5145//5147
f 5147//5148 5148//5148 5145//5148
f 5149//5149 5151//5149 5150//5149
f 5149//5150 5152//5150 5151//5150
f 5150//5151 5151//5151 5149//5151
f 5151//5152 5152//5152 5149//5152
f 5153//5153 5155//5153 5154//5153
f 5153//5154 5156//5154 5155//5154
f 5154//5155 5155//5155 5153//5155
f 5155//5156 5156//5156 5153//5156
f 5157//5157 5159//5157 5158//5157
f 5157//5158 5160//5158 5159//5158
f 5158//5159 5159//5159 5157//5159
f 5159//5160 5160//5160 5157//5160
f 5161//5161 5163//5161 5162//5161
f 5161//5162 5164//5162 5163//5162
f 5162//5163 5163//5163 5161//5163
f 5163//5164 5164//5164 5161//5164
f 5165//5165 5167//5165 5166//5165
f 5165//5166 5168//5166 5167//5166
f 5166//5167 5167//5167 5165//5167
f 5167//5168 5168//5168 5165//5168
f 5169//5169 5171//5169 5170//5169
f 5169//5170 5172//5170 5171//5170
f 5170//5171 5171//5171 5169//5171
f 5171//5172 5172//5172 5169//5172
f 5173//5173 5175//5173 5174//5173
f 5173//5174 5176//5174 5175//5174
f 5174//5175 5175//5175 5173//5175
f 5175//5176 5176//5176 5173//5176
f 5177//5177 5179//5177 5178//5177
f 5177//5178 5180//5178 5179//5178
f 5178//5179 5179//5179 5177//5179
f 5179//5180 5180//5180 5177//5180
f 5181//5181 5183//5181 5182//5181
f 5181//5182 5184//5182 5183//5182
f 5182//5183 5183//5183 5181//5183
f 5183//5184 5184//5184 5181//5184
f 5185//5185 5187//5185 5186//5185
f 5185//5186 5188//5186 5187//5186
f 5186//5187 5187//5187 5185//5187
f 5187//5188 5188//5188 5185//5188
f 5189//5189 5191//5189 5190//5189
f 5189//5190 5192//5190 5191//5190
f 5190//5191 5191//5191 5189//5191
f 5191//5192 5192//5192 5189//5192
f 5193//5193 5195//5193 5194//5193
f 5193//5194 5196//5194 5195//5194
f 5194//5195 5195//5195 5193//5195
f 5195//5196 5196//5196 5193//5196
f 5197//5197 5199//5197 5198//5197
f 5197//5198 5200//5198 5199//5198
f 5198//5199 5199//5199 5197//5199
f 5199//5200 5200//5200 5197//5200
f 5201//5201 5203//5201 5202//5201
f 5201//5202 5204//5202 5203//5202
f 5202//5203 5203//5203 5201//5203
f 5203//5204 5204//5204 5201//5204
f 5205//5205 5207//5205 5206//5205
f 5205//5206 5208//5206 5207//5206
f 5206//5207 5207//5207 5205//5207
f 5207//5208 5208//5208 5205//5208
f 5209//5209 5211//5209 5210//5209
f 5209//5210 5212//5210 5211//5210
f 5210//5211 5211//5211 5209//5211
f 5211//5212 5212//5212 5209//5212
f 5213//5213 5215//5213 5214//5213
f 5213//5214 5216//5214 5215//5214
f 5214//5215 5215//5215 5213//5215
f 5215//5216 5216//5216 5213//5216
f 5217//5217 5219//5217 5218//5217
f 5217//5218 5220//5218 5219//5218
f 5218//5219 5219//5219 5217//5219
f 5219//5220 5220//5220 5217//5220
f 5221//5221 5223//5221 5222//5221
f 5221//5222 5224//5222 5223//5222
f 5222//5223 5223//5223 5221//5223
f 5223//5224 5224//5224 5221//5224
f 5225//5225 5227//5225 5226//5225
f 5225//5226 5228//5226 5227//5226
f 5226//5227 5227//5227 5225//5227
f 5227//5228 5228//5228 5225//5228
f 5229//5229 5231//5229 5230//5229
f 5229//5230 5232//5230 5231//5230
f 5230//5231 5231//5231 5229//5231
f 5231//5232 5232//5232 5229//5232
f 5233//5233 5235//5233 5234//5233
f 5233//5234 5236//5234 5235//5234
f 5234//5235 5235//5235 5233//5235
f 5235//5236 5236//5236 5233//5236
f 5237//5237 5239//5237 5238//5237
f 5237//5238 5240//5238 5239//5238
f 5238//5239 5239//5239 5237//5239
f 5239//5240 5240//5240 5237//5240
f 5241//5241 5243//5241 5242//5241
f 5241//5242 5244//5242 5243//5242
f 5242//5243 5243//5243 5241//5243
f 5243//5244 5244//5244 5241//5244
f 5245//5245 5247//5245 5246//5245
f 5245//5246 5248//5246 5247//5246
f 5246//5247 5247//5247 5245//5247
f 5247//5248 5248//5248 5245//5248
f 5249//5249 5251//5249 5250//5249
f 5249//5250 5252//5250 5251//5250
f 5250//5251 5251//5251 5249//5251
f 5251//5252 5252//5252 5249//5252
f 5253//5253 5255//5253 5254//5253
f 5253//5254 5256//5254 5255//5254
f 5254//5255 5255//5255 5253//5255
f 5255//5256 5256//5256 5253//5256
f 5257//5257 5259//5257 5258//5257
f 5257//5258 5260//5258 5259//5258
f 5258//5259 5259//5259 5257//5259
f 5259//5260 5260//5260 5257//5260
f 5261//5261 5263//5261 5262//5261
f 5261//5262 5264//5262 5263//5262
f 5262//5263 5263//5263 5261//5263
f 5263//5264 5264//5264 5261//5264
f 5265//5265 5267//5265 5266//5265
f 5265//5266 5268//5266 5267//5266
f 5266//5267 5267//5267 5265//5267
f 5267//5268 5268//5268 5265//5268
f 5269//5269 5271//5269 5270//5269
f 5269//5270 5272//5270 5271//5270
f 5270//5271 5271//5271 5269//5271
f 5271//5272 5272//5272 5269//5272
f 5273//5273 5275//5273 5274//5273
f 5273//5274 5276//5274 5275//5274
f 5274//5275 5275//5275 5273//5275
f 5275//5276 5276//5276 5273//5276
f 5277//5277 5279//5277 5278//5277
f 5277//5278 5280//5278 5279//5278
f 5278//5279 5279//5279 5277//5279
f 5279//5280 5280//5280 5277//5280
f 5281//5281 5283//5281 5282//5281
f 5281//5282 5284//5282 5283//5282
f 5282//5283 5283//5283 5281//5283
f 5283//5284 5284//5284 5281//5284
f 5285//5285 5287//5285 5286//5285
f 5285//5286 5288//5286 5287//5286
f 5286//5287 5287//5287 5285//5287
f 5287//5288 5288//5288 5285//5288
f 5289//5289 5291//5289 5290//5289
f 5289//5290 5292//5290 5291//5290
f 5290//5291 5291//5291 5289//5291
f 5291//5292 5292//5292 5289//5292
f 5293//5293 5295//5293 5294//5293
f 5293//5294 5296//5294 5295//5294
f 5294//5295 5295//5295 5293//5295
f 5295//5296 5296//5296 5293//5296
f 5297//5297 5299//5297 5298//5297
f 5297//5298 5300//5298 5299//5298
f 5298//5299 5299//5299 5297//5299
f 5299//5300 5300//5300 5297//5300
f 5301//5301 5303//5301 5302//5301
f 5301//5302 5304//5302 5303//5302
f 5302//5303 5303//5303 5301//5303
f 5303//5304 5304//5304 5301//5304
f 5305//5305 5307//5305 5306//5305
f 5305//5306 5308//5306 5307//5306
f 5306//5307 5307//5307 5305//5307
f 5307//5308 5308//5308 5305//5308
f 5309//5309 5311//5309 5310//5309
f 5309//5310 5312//5310 5311//5310
f 5310//5311 5311//5311 5309//5311
f 5311//5312 5312//5312 5309//5312
f 5313//5313 5315//5313 5314//5313
f 5313//5314 5316//5314 5315//5314
f 5314//5315 5315//5315 5313//5315
f 5315//5316 5316//5316 5313//5316
f 5317//5317 5319//5317 5318//5317
f 5317//5318 5320//5318 5319//5318
f 5318//5319 5319//5319 5317//5319
f 5319//5320 5320//5320 5317//5320
f 5321//5321 5323//5321 5322//5321
f 5321//5322 5324//5322 5323//5322
f 5322//5323 5323//5323 5321//5323
f 5323//5324 5324//5324 5321//5324
f 5325//5325 5327//5325 5326//5325
f 5325//5326 5328//5326 5327//5326
f 5326//5327 5327//5327 5325//5327
f 5327//5328 5328//5328 5325//5328
f 5329//5329 5331//5329 5330//5329
f 5329//5330 5332//5330 5331//5330
f 5330//5331 5331//5331 5329//5331
f 5331//5332 5332//5332 5329//5332
f 5333//5333 5335//5333 5334//5333
f 5333//5334 5336//5334 5335//5334
f 5334//5335 5335//5335 5333//5335
f 5335//5336 5336//5336 5333//5336
f 5337//5337 5339//5337 5338//5337
f 5337//5338 5340//5338 5339//5338
f 5338//5339 5339//5339 5337//5339
f 5339//5340 5340//5340 5337//5340
f 5341//5341 5343//5341 5342//5341
f 5341//5342 5344//5342 5343//5342
f 5342//5343 5343//5343 5341//5343
f 5343//5344 5344//5344 5341//5344
f 5345//5345 5347//5345 5346//5345
f 5345//5346 5348//5346 5347//5346
f 5346//5347 5347//5347 5345//5347
f 5347//5348 5348//5348 5345//5348
f 5349//5349 5351//5349 5350//5349
f 5349//5350 5352//5350 5351//5350
f 5350//5351 5351//5351 5349//5351
f 5351//5352 5352//5352 5349//5352
f 5353//5353 5355//5353 5354//5353
f 5353//5354 5356//5354 5355//5354
f 5354//5355 5355//5355 5353//5355
f 5355//5356 5356//5356 5353//5356
f 5357//5357 5359//5357 5358//5357
f 5357//5358 5360//5358 5359//5358
f 5358//5359 5359//5359 5357//5359
f 5359//5360 5360//5360 5357//5360
f 5361//5361 5363//5361 5362//5361
f 5361//5362 5364//5362 5363//5362
f 5362//5363 5363//5363 5361//5363
f 5363//5364 5364//5364 5361//5364
f 5365//5365 5367//5365 5366//5365
f 5365//5366 5368//5366 5367//5366
f 5366//5367 5367//5367 5365//5367
f 5367//5368 5368//5368 5365//5368
f 5369//5369 5371//5369 5370//5369
f 5369//5370 5372//5370 5371//5370
f 5370//5371 5371//5371 5369//5371
f 5371//5372 5372//5372 5369//5372
f 5373//5373 5375//5373 5374//5373
f 5373//5374 5376//5374 5375//5374
f 5374//5375 5375//5375 5373//5375
f 5375//5376 5376//5376 5373//5376
f 5377//5377 5379//5377 5378//5377
f 5377//5378 5380//5378 5379//5378
f 5378//5379 5379//5379 5377//5379
f 5379//5380 5380//5380 5377//5380
f 5381//5381 5383//5381 5382//5381
f 5381//5382 5384//5382 5383//5382
f 5382//5383 5383//5383 5381//5383
f 5383//5384 5384//5384 5381//5384
f 5385//5385 5387//5385 5386//5385
f 5385//5386 5388//5386 5387//5386
f 5386//5387 5387//5387 5385//5387
f 5387//5388 5388//5388 5385//5388
f 5389//5389 5391//5389 5390//5389
f 5389//5390 5392//5390 5391//5390
f 5390//5391 5391//5391 5389//5391
f 5391//5392 5392//5392 5389//5392
f 5393//5393 5395//5393 5394//5393
f 5393//5394 5396//5394 5395//5394
f 5394//5395 5395//5395 5393//5395
f 5395//5396 5396//5396 5393//5396
f 5397//5397 5399//5397 5398//5397
f 5397//5398 5400//5398 5399//5398
f 5398//5399 5399//5399 5397//5399
f 5399//5400 5400//5400 5397//5400
f 5401//5401 5403//5401 5402//5401
f 5401//5402 5404//5402 5403//5402
f 5402//5403 5403//5403 5401//5403
f 5403//5404 5404//5404 5401//5404
f 5405//5405 5407//5405 5406//5405
f 5405//5406 5408//5406 5407//5406
f 5406//5407 5407//5407 5405//5407
f 5407//5408 5408//5408 5405//5408
f 5409//5409 5411//5409 5410//5409
f 5409//5410 5412//5410 5411//5410
f 5410//5411 5411//5411 5409//5411
f 5411//5412 5412//5412 5409//5412
f 5413//5413 5415//5413 5414//5413
f 5413//5414 5416//5414 5415//5414
f 5414//5415 5415//5415 5413//5415
f 5415//5416 5416//5416 5413//5416
f 5417//5417 5419//5417 5418//5417
f 5417//5418 5420//5418 5419//5418
f 5418//5419 5419//5419 5417//5419
f 5419//5420 5420//5420 5417//5420
f 5421//5421 5423//5421 5422//5421
f 5421//5422 5424//5422 5423//5422
f 5422//5423 5423//5423 5421//5423
f 5423//5424 5424//5424 5421//5424
f 5425//5425 5427//5425 5426//5425
f 5425//5426 5428//5426 5427//5426
f 5426//5427 5427//5427 5425//5427
f 5427//5428 5428//5428 5425//5428
f 5429//5429 5431//5429 5430//5429
f 5429//5430 5432//5430 5431//5430
f 5430//5431 5431//5431 5429//5431
f 5431//5432 5432//5432 5429//5432
f 5433//5433 5435//5433 5434//5433
f 5433//5434 5436//5434 5435//5434
f 5434//5435 5435//5435 5433//5435
f 5435//5436 5436//5436 5433//5436
f 5437//5437 5439//5437 5438//5437
f 5437//5438 5440//5438 5439//5438
f 5438//5439 5439//5439 5437//5439
f 5439//5440 5440//5440 5437//5440
f 5441//5441 5443//5441 5442//5441
f 5441//5442 5444//5442 5443//5442
f 5442//5443 5443//5443 5441//5443
f 5443//5444 5444//5444 5441//5444
f 5445//5445 5447//5445 5446//5445
f 5445//5446 5448//5446 5447//5446
f 5446//5447 5447//5447 5445//5447
f 5447//5448 5448//5448 5445//5448
f 5449//5449 5451//5449 5450//5449
f 5449//5450 5452//5450 5451//5450
f 5450//5451 5451//5451 5449//5451
f 5451//5452 5452//5452 5449//5452
f 5453//5453 5455//5453 5454//5453
f 5453//5454 5456//5454 5455//5454
f 5454//5455 5455//5455 5453//5455
f 5455//5456 5456//5456 5453//5456
f 5457//5457 5459//5457 5458//5457
f 5457//5458 5460//5458 5459//5458
f 5458//5459 5459//5459 5457//5459
f 5459//5460 5460//5460 5457//5460
f 5461//5461 5463//5461 5462//5461
f 5461//5462 5464//5462 5463//5462
f 5462//5463 5463//5463 5461//5463
f 5463//5464 5464//5464 5461//5464
f 5465//5465 5467//5465 5466//5465
f 5465//5466 5468//5466 5467//5466
f 5466//5467 5467//5467 5465//5467
f 5467//5468 5468//5468 5465//5468
f 5469//5469 5471//5469 5470//5469
f 5469//5470 5472//5470 5471//5470
f 5470//5471 5471//5471 5469//5471
f 5471//5472 5472//5472 5469//5472
f 5473//5473 5475//5473 5474//5473
f 5473//5474 5476//5474 5475//5474
f 5474//5475 5475//5475 5473//5475
f 5475//5476 5476//5476 5473//5476
f 5477//5477 5479//5477 5478//5477
f 5477//5478 5480//5478 5479//5478
f 5478//5479 5479//5479 5477//5479
f 5479//5480 5480//5480 5477//5480
f 5481//5481 5483//5481 5482//5481
f 5481//5482 5484//5482 5483//5482
f 5482//5483 5483//5483 5481//5483
f 5483//5484 5484//5484 5481//5484
f 5485//5485 5487//5485 5486//5485
f 5485//5486 5488//5486 5487//5486
f 5486//5487 5487//5487 5485//5487
f 5487//5488 5488//5488 5485//5488
f 5489//5489 5491//5489 5490//5489
f 5489//5490 5492//5490 5491//5490
f 5490//5491 5491//5491 5489//5491
f 5491//5492 5492//5492 5489//5492
f 5493//5493 5495//5493 5494//5493
f 5493//5494 5496//5494 5495//5494
f 5494//5495 5495//5495 5493//5495
f 5495//5496 5496//5496 5493//5496
f 5497//5497 5499//5497 5498//5497
f 5497//5498 5500//5498 5499//5498
f 5498//5499 5499//5499 5497//5499
f 5499//5500 5500//5500 5497//5500
f 5501//5501 5503//5501 5502//5501
f 5501//5502 5504//5502 5503//5502
f 5502//5503 5503//5503 5501//5503
f 5503//5504 5504//5504 5501//5504
f 5505//5505 5507//5505 5506//5505
f 5505//5506 5508//5506 5507//5506
f 5506//5507 5507//5507 5505//5507
f 5507//5508 5508//5508 5505//5508
f 5509//5509 5511//5509 5510//5509
f 5509//5510 5512//5510 5511//5510
f 5510//5511 5511//5511 5509//5511
f 5511//5512 5512//5512 5509//5512
f 5513//5513 5515//5513 5514//5513
f 5513//5514 5516//5514 5515//5514
f 5514//5515 5515//5515 5513//5515
f 5515//5516 5516//5516 5513//5516
f 5517//5517 5519//5517 5518//5517
f 5517//5518 5520//5518 5519//5518
f 5518//5519 5519//5519 5517//5519
f 5519//5520 5520//5520 5517//5520
f 5521//5521 5523//5521 5522//5521
f 5521//5522 5524//5522 5523//5522
f 5522//5523 5523//5523 5521//5523
f 5523//5524 5524//5524 5521//5524
f 5525//5525 5527//5525 5526//5525
f 5525//5526 5528//5526 5527//5526
f 5526//5527 5527//5527 5525//5527
f 5527//5528 5528//5528 5525//5528
f 5529//5529 5531//5529 5530//5529
f 5529//5530 5532//5530 5531//5530
f 5530//5531 5531//5531 5529//5531
f 5531//5532 5532//5532 5529//5532
f 5533//5533 5535//5533 5534//5533
f 5533//5534 5536//5534 5535//5534
f 5534//5535 5535//5535 5533//5535
f 5535//5536 5536//5536 5533//5536
f 5537//5537 5539//5537 5538//5537
f 5537//5538 5540//5538 5539//5538
f 5538//5539 5539//5539 5537//5539
f 5539//5540 5540//5540 5537//5540
f 5541//5541 5543//5541 5542//5541
f 5541//5542 5544//5542 5543//5542
f 5542//5543 5543//5543 5541//5543
f 5543//5544 5544//5544 5541//5544
f 5545//5545 5547//5545 5546//5545
f 5545//5546 5548//5546 5547//5546
f 5546//5547 5547//5547 5545//5547
f 5547//5548 5548//5548 5545//5548
f 5549//5549 5551//5549 5550//5549
f 5549//5550 5552//5550 5551//5550
f 5550//5551 5551//5551 5549//5551
f 5551//5552 5552//5552 5549//5552
f 5553//5553 5555//5553 5554//5553
f 5553//5554 5556//5554 5555//5554
f 5554//5555 5555//5555 5553//5555
f 5555//5556 5556//5556 5553//5556
f 5557//5557 5559//5557 5558//5557
f 5557//5558 5560//5558 5559//5558
f 5558//5559 5559//5559 5557//5559
f 5559//5560 5560//5560 5557//5560
f 5561//5561 5563//5561 5562//5561
f 5561//5562 5564//5562 5563//5562
f 5562//5563 5563//5563 5561//5563
f 5563//5564 5564//5564 5561//5564
f 5565//5565 5567//5565 5566//5565
f 5565//5566 5568//5566 5567//5566
f 5566//5567 5567//5567 5565//5567
f 5567//5568 5568//5568 5565//5568
f 5569//5569 5571//5569 5570//5569
f 5569//5570 5572//5570 5571//5570
f 5570//5571 5571//5571 5569//5571
f 5571//5572 5572//5572 5569//5572
f 5573//5573 5575//5573 5574//5573
f 5573//5574 5576//5574 5575//5574
f 5574//5575 5575//5575 5573//5575
f 5575//5576 5576//5576 5573//5576
f 5577//5577 5579//5577 5578//5577
f 5577//5578 5580//5578 5579//5578
f 5578//5579 5579//5579 5577//5579
f 5579//5580 5580//5580 5577//5580
f 5581//5581 5583//5581 5582//5581
f 5581//5582 5584//5582 5583//5582
f 5582//5583 5583//5583 5581//5583
f 5583//5584 5584//5584 5581//5584
f 5585//5585 5587//5585 5586//5585
f 5585//5586 5588//5586 5587//5586
f 5586//5587 5587//5587 5585//5587
f 5587//5588 5588//5588 5585//5588
f 5589//5589 5591//5589 5590//5589
f 5589//5590 5592//5590 5591//5590
f 5590//5591 5591//5591 5589//5591
f 5591//5592 5592//5592 5589//5592
f 5593//5593 5595//5593 5594//5593
f 5593//5594 5596//5594 5595//5594
f 5594//5595 5595//5595 5593//5595
f 5595//5596 5596//5596 5593//5596
f 5597//5597 5599//5597 5598//5597
f 5597//5598 5600//5598 5599//5598
f 5598//5599 5599//5599 5597//5599
f 5599//5600 5600//5600 5597//5600
f 5601//5601 5603//5601 5602//5601
f 5601//5602 5604//5602 5603//5602
f 5602//5603 5603//5603 5601//5603
f 5603//5604 5604//5604 5601//5604
f 5605//5605 5607//5605 5606//5605
f 5605//5606 5608//5606 5607//5606
f 5606//5607 5607//5607 5605//5607
f 5607//5608 5608//5608 5605//5608
f 5609//5609 5611//5609 5610//5609
f 5609//5610 5612//5610 5611//5610
f 5610//5611 5611//5611 5609//5611
f 5611//5612 5612//5612 5609//5612
f 5613//5613 5615//5613 5614//5613
f 5613//5614 5616//5614 5615//5614
f 5614//5615 5615//5615 5613//5615
f 5615//5616 5616//5616 5613//5616
f 5617//5617 5619//5617 5618//5617
f 5617//5618 5620//5618 5619//5618
f 5618//5619 5619//5619 5617//5619
f 5619//5620 5620//5620 5617//5620
f 5621//5621 5623//5621 5622//5621
f 5621//5622 5624//5622 5623//5622
f 5622//5623 5623//5623 5621//5623
f 5623//5624 5624//5624 5621//5624
f 5625//5625 5627//5625 5626//5625
f 5625//5626 5628//5626 5627//5626
f 5626//5627 5627//5627 5625//5627
f 5627//5628 5628//5628 5625//5628
f 5629//5629 5631//5629 5630//5629
f 5629//5630 5632//5630 5631//5630
f 5630//5631 5631//5631 5629//5631
f 5631//5632 5632//5632 5629//5632
f 5633//5633 5635//5633 5634//5633
f 5633//5634 5636//5634 5635//5634
f 5634//5635 5635//5635 5633//5635
f 5635//5636 5636//5636 5633//5636
f 5637//5637 5639//5637 5638//5637
f 5637//5638 5640//5638 5639//5638
f 5638//5639 5639//5639 5637//5639
f 5639//5640 5640//5640 5637//5640
f 5641//5641 5643//5641 5642//5641
f 5641//5642 5644//5642 5643//5642
f 5642//5643 5643//5643 5641//5643
f 5643//5644 5644//5644 5641//5644
f 5645//5645 5647//5645 5646//5645
f 5645//5646 5648//5646 5647//5646
f 5646//5647 5647//5647 5645//5647
f 5647//5648 5648//5648 5645//5648
f 5649//5649 5651//5649 5650//5649
f 5649//5650 5652//5650 5651//5650
f 5650//5651 5651//5651 5649//5651
f 5651//5652 5652//5652 5649//5652
f 5653//5653 5655//5653 5654//5653
f 5653//5654 5656//5654 5655//5654
f 5654//5655 5655//5655 5653//5655
f 5655//5656 5656//5656 5653//5656
f 5657//5657 5659//5657 5658//5657
f 5657//5658 5660//5658 5659//5658
f 5658//5659 5659//5659 5657//5659
f 5659//5660 5660//5660 5657//5660
f 5661//5661 5663//5661 5662//5661
f 5661//5662 5664//5662 5663//5662
f 5662//5663 5663//5663 5661//5663
f 5663//5664 5664//5664 5661//5664
f 5665//5665 5667//5665 5666//5665
f 5665//5666 5668//5666 5667//5666
f 5666//5667 5667//5667 5665//5667
f 5667//5668 5668//5668 5665//5668
f 5669//5669 5671//5669 5670//5669
f 5669//5670 5672//5670 5671//5670
f 5670//5671 5671//5671 5669//5671
f 5671//5672 5672//5672 5669//5672
f 5673//5673 5675//5673 5674//5673
f 5673//5674 5676//5674 5675//5674
f 5674//5675 5675//5675 5673//5675
f 5675//5676 5676//5676 5673//5676
f 5677//5677 5679//5677 5678//5677
f 5677//5678 5680//5678 5679//5678
f 5678//5679 5679//5679 5677//5679
f 5679//5680 5680//5680 5677//5680
f 5681//5681 5683//5681 5682//5681
f 5681//5682 5684//5682 5683//5682
f 5682//5683 5683//5683 5681//5683
f 5683//5684 5684//5684 5681//5684
f 5685//5685 5687//5685 5686//5685
f 5685//5686 5688//5686 5687//5686
f 5686//5687 5687//5687 5685//5687
f 5687//5688 5688//5688 5685//5688
f 5689//5689 5691//5689 5690//5689
f 5689//5690 5692//5690 5691//5690
f 5690//5691 5691//5691 5689//5691
f 5691//5692 5692//5692 5689//5692
f 5693//5693 5695//5693 5694//5693
f 5693//5694 5696//5694 5695//5694
f 5694//5695 5695//5695 5693//5695
f 5695//5696 5696//5696 5693//5696
f 5697//5697 5699//5697 5698//5697
f 5697//5698 5700//5698 5699//5698
f 5698//5699 5699//5699 5697//5699
f 5699//5700 5700//5700 5697//5700
f 5701//5701 5703//5701 5702//5701
f 5701//5702 5704//5702 5703//5702
f 5702//5703 5703//5703 5701//5703
f 5703//5704 5704//5704 5701//5704
f 5705//5705 5707//5705 5706//5705
f 5705//5706 5708//5706 5707//5706
f 5706//5707 5707//5707 5705//5707
f 5707//5708 5708//5708 5705//5708
f 5709//5709 5711//5709 5710//5709
f 5709//5710 5712//5710 5711//5710
f 5710//5711 5711//5711 5709//5711
f 5711//5712 5712//5712 5709//5712
f 5713//5713 5715//5713 5714//5713
f 5713//5714 5716//5714 5715//5714
f 5714//5715 5715//5715 5713//5715
f 5715//5716 5716//5716 5713//5716
f 5717//5717 5719//5717 5718//5717
f 5717//5718 5720//5718 5719//5718
f 5718//5719 5719//5719 5717//5719
f 5719//5720 5720//5720 5717//5720
f 5721//5721 5723//5721 5722//5721
f 5721//5722 5724//5722 5723//5722
f 5722//5723 5723//5723 5721//5723
f 5723//5724 5724//5724 5721//5724
f 5725//5725 5727//5725 5726//5725
f 5725//5726 5728//5726 5727//5726
f 5726//5727 5727//5727 5725//5727
f 5727//5728 5728//5728 5725//5728
f 5729//5729 5731//5729 5730//5729
f 5729//5730 5732//5730 5731//5730
f 5730//5731 5731//5731 5729//5731
f 5731//5732 5732//5732 5729//5732
f 5733//5733 5735//5733 5734//5733
f 5733//5734 5736//5734 5735//5734
f 5734//5735 5735//5735 5733//5735
f 5735//5736 5736//5736 5733//5736
f 5737//5737 5739//5737 5738//5737
f 5737//5738 5740//5738 5739//5738
f 5738//5739 5739//5739 5737//5739
f 5739//5740 5740//5740 5737//5740
f 5741//5741 5743//5741 5742//5741
f 5741//5742 5744//5742 5743//5742
f 5742//5743 5743//5743 5741//5743
f 5743//5744 5744//5744 5741//5744
f 5745//5745 5747//5745 5746//5745
f 5745//5746 5748//5746 5747//5746
f 5746//5747 5747//5747 5745//5747
f 5747//5748 5748//5748 5745//5748
f 5749//5749 5751//5749 5750//5749
f 5749//5750 5752//5750 5751//5750
f 5750//5751 5751//5751 5749//5751
f 5751//5752 5752//5752 5749//5752
f 5753//5753 5755//5753 5754//5753
f 5753//5754 5756//5754 5755//5754
f 5754//5755 5755//5755 5753//5755
f 5755//5756 5756//5756 5753//5756
f 5757//5757 5759//5757 5758//5757
f 5757//5758 5760//5758 5759//5758
f 5758//5759 5759//5759 5757//5759
f 5759//5760 5760//5760 5757//5760
f 5761//5761 5763//5761 5762//5761
f 5761//5762 5764//5762 5763//5762
f 5762//5763 5763//5763 5761//5763
f 5763//5764 5764//5764 5761//5764
f 5765//5765 5767//5765 5766//5765
f 5765//5766 5768//5766 5767//5766
f 5766//5767 5767//5767 5765//5767
f 5767//5768 5768//5768 5765//5768
f 5769//5769 5771//5769 5770//5769
f 5769//5770 5772//5770 5771//5770
f 5770//5771 5771//5771 5769//5771
f 5771//5772 5772//5772 5769//5772
f 5773//5773 5775//5773 5774//5773
f 5773//5774 5776//5774 5775//5774
f 5774//5775 5775//5775 5773//5775
f 5775//5776 5776//5776 5773//5776
f 5777//5777 5779//5777 5778//5777
f 5777//5778 5780//5778 5779//5778
f 5778//5779 5779//5779 5777//5779
f 5779//5780 5780//5780 5777//5780
f 5781//5781 5783//5781 5782//5781
f 5781//5782 5784//5782 5783//5782
f 5782//5783 5783//5783 5781//5783
f 5783//5784 5784//5784 5781//5784
f 5785//5785 5787//5785 5786//5785
f 5785//5786 5788//5786 5787//5786
f 5786//5787 5787//5787 5785//5787
f 5787//5788 5788//5788 5785//5788
f 5789//5789 5791//5789 5790//5789
f 5789//5790 5792//5790 5791//5790
f 5790//5791 5791//5791 5789//5791
f 5791//5792 5792//5792 5789//5792
f 5793//5793 5795//5793 5794//5793
f 5793//5794 5796//5794 5795//5794
f 5794//5795 5795//5795 5793//5795
f 5795//5796 5796//5796 5793//5796
f 5797//5797 5799//5797 5798//5797
f 5797//5798 5800//5798 5799//5798
f 5798//5799 5799//5799 5797//5799
f 5799//5800 5800//5800 5797//5800
f 5801//5801 5803//5801 5802//5801
f 5801//5802 5804//5802 5803//5802
f 5802//5803 5803//5803 5801//5803
f 5803//5804 5804//5804 5801//5804
f 5805//5805 5807//5805 5806//5805
f 5805//5806 5808//5806 5807//5806
f 5806//5807 5807//5807 5805//5807
f 5807//5808 5808//5808 5805//5808
f 5809//5809 5811//5809 5810//5809
f 5809//5810 5812//5810 5811//5810
f 5810//5811 5811//5811 5809//5811
f 5811//5812 5812//5812 5809//5812
f 5813//5813 5815//5813 5814//5813
f 5813//5814 5816//5814 5815//5814
f 5814//5815 5815//5815 5813//5815
f 5815//5816 5816//5816 5813//5816
f 5817//5817 5819//5817 5818//5817
f 5817//5818 5820//5818 5819//5818
f 5818//5819 5819//5819 5817//5819
f 5819//5820 5820//5820 5817//5820
f 5821//5821 5823//5821 5822//5821
f 5821//5822 5824//5822 5823//5822
f 5822//5823 5823//5823 5821//5823
f 5823//5824 5824//5824 5821//5824
f 5825//5825 5827//5825 5826//5825
f 5825//5826 5828//5826 5827//5826
f 5826//5827 5827//5827 5825//5827
f 5827//5828 5828//5828 5825//5828
f 5829//5829 5831//5829 5830//5829
f 5829//5830 5832//5830 5831//5830
f 5830//5831 5831//5831 5829//5831
f 5831//5832 5832//5832 5829//5832
f 5833//5833 5835//5833 5834//5833
f 5833//5834 5836//5834 5835//5834
f 5834//5835 5835//5835 5833//5835
f 5835//5836 5836//5836 5833//5836
f 5837//5837 5839//5837 5838//5837
f 5837//5838 5840//5838 5839//5838
f 5838//5839 5839//5839 5837//5839
f 5839//5840 5840//5840 5837//5840
f 5841//5841 5843//5841 5842//5841
f 5841//5842 5844//5842 5843//5842
f 5842//5843 5843//5843 5841//5843
f 5843//5844 5844//5844 5841//5844
f 5845//5845 5847//5845 5846//5845
f 5845//5846 5848//5846 5847//5846
f 5846//5847 5847//5847 5845//5847
f 5847//5848 5848//5848 5845//5848
f 5849//5849 5851//5849 5850//5849
f 5849//5850 5852//5850 5851//5850
f 5850//5851 5851//5851 5849//5851
f 5851//5852 5852//5852 5849//5852
f 5853//5853 5855//5853 5854//5853
f 5853//5854 5856//5854 5855//5854
f 5854//5855 5855//5855 5853//5855
f 5855//5856 5856//5856 5853//5856
f 5857//5857 5859//5857 5858//5857
f 5857//5858 5860//5858 5859//5858
f 5858//5859 5859//5859 5857//5859
f 5859//5860 5860//5860 5857//5860
f 5861//5861 5863//5861 5862//5861
f 5861//5862 5864//5862 5863//5862
f 5862//5863 5863//5863 5861//5863
f 5863//5864 5864//5864 5861//5864
f 5865//5865 5867//5865 5866//5865
f 5865//5866 5868//5866 5867//5866
f 5866//5867 5867//5867 5865//5867
f 5867//5868 5868//5868 5865//5868
f 5869//5869 5871//5869 5870//5869
f 5869//5870 5872//5870 5871//5870
f 5870//5871 5871//5871 5869//5871
f 5871//5872 5872//5872 5869//5872
f 5873//5873 5875//5873 5874//5873
f 5873//5874 5876//5874 5875//5874
f 5874//5875 5875//5875 5873//5875
f 5875//5876 5876//5876 5873//5876
f 5877//5877 5879//5877 5878//5877
f 5877//5878 5880//5878 5879//5878
f 5878//5879 5879//5879 5877//5879
f 5879//5880 5880//5880 5877//5880
f 5881//5881 5883//5881 5882//5881
f 5881//5882 5884//5882 5883//5882
f 5882//5883 5883//5883 5881//5883
f 5883//5884 5884//5884 5881//5884
f 5885//5885 5887//5885 5886//5885
f 5885//5886 5888//5886 5887//5886
f 5886//5887 5887//5887 5885//5887
f 5887//5888 5888//5888 5885//5888
f 5889//5889 5891//5889 5890//5889
f 5889//5890 5892//5890 5891//5890
f 5890//5891 5891//5891 5889//5891
f 5891//5892 5892//5892 5889//5892
f 5893//5893 5895//5893 5894//5893
f 5893//5894 5896//5894 5895//5894
f 5894//5895 5895//5895 5893//5895
f 5895//5896 5896//5896 5893//5896
f 5897//5897 5899//5897 5898//5897
f 5897//5898 5900//5898 5899//5898
f 5898//5899 5899//5899 5897//5899
f 5899//5900 5900//5900 5897//5900
f 5901//5901 5903//5901 5902//5901
f 5901//5902 5904//5902 5903//5902
f 5902//5903 5903//5903 5901//5903
f 5903//5904 5904//5904 5901//5904
f 5905//5905 5907//5905 5906//5905
f 5905//5906 5908//5906 5907//5906
f 5906//5907 5907//5907 5905//5907
f 5907//5908 5908//5908 5905//5908
f 5909//5909 5911//5909 5910//5909
f 5909//5910 5912//5910 5911//5910
f 5910//5911 5911//5911 5909//5911
f 5911//5912 5912//5912 5909//5912
f 5913//5913 5915//5913 5914//5913
f 5913//5914 5916//5914 5915//5914
f 5914//5915 5915//5915 5913//5915
f 5915//5916 5916//5916 5913//5916
f 5917//5917 5919//5917 5918//5917
f 5917//5918 5920//5918 5919//5918
f 5918//5919 5919//5919 5917//5919
f 5919//5920 5920//5920 5917//5920
f 5921//5921 5923//5921 5922//5921
f 5921//5922 5924//5922 5923//5922
f 5922//5923 5923//5923 5921//5923
f 5923//5924 5924//5924 5921//5924
f 5925//5925 5927//5925 5926//5925
f 5925//5926 5928//5926 5927//5926
f 5926//5927 5927//5927 5925//5927
f 5927//5928 5928//5928 5925//5928
f 5929//5929 5931//5929 5930//5929
f 5929//5930 5932//5930 5931//5930
f 5930//5931 5931//5931 5929//5931
f 5931//5932 5932//5932 5929//5932
f 5933//5933 5935//5933 5934//5933
f 5933//5934 5936//5934 5935//5934
f 5934//5935 5935//5935 5933//5935
f 5935//5936 5936//5936 5933//5936
f 5937//5937 5939//5937 5938//5937
f 5937//5938 5940//5938 5939//5938
f 5938//5939 5939//5939 5937//5939
f 5939//5940 5940//5940 5937//5940
f 5941//5941 5943//5941 5942//5941
f 5941//5942 5944//5942 5943//5942
f 5942//5943 5943//5943 5941//5943
f 5943//5944 5944//5944 5941//5944
f 5945//5945 5947//5945 5946//5945
f 5945//5946 5948//5946 5947//5946
f 5946//5947 5947//5947 5945//5947
f 5947//5948 5948//5948 5945//5948
f 5949//5949 5951//5949 5950//5949
f 5949//5950 5952//5950 5951//5950
f 5950//5951 5951//5951 5949//5951
f 5951//5952 5952//5952 5949//5952
f 5953//5953 5955//5953 5954//5953
f 5953//5954 5956//5954 5955//5954
f 5954//5955 5955//5955 5953//5955
f 5955//5956 5956//5956 5953//5956
f 5957//5957 5959//5957 5958//5957
f 5957//5958 5960//5958 5959//5958
f 5958//5959 5959//5959 5957//5959
f 5959//5960 5960//5960 5957//5960
f 5961//5961 5963//5961 5962//5961
f 5961//5962 5964//5962 5963//5962
f 5962//5963 5963//5963 5961//5963
f 5963//5964 5964//5964 5961//5964
f 5965//5965 5967//5965 5966//5965
f 5965//5966 5968//5966 5967//5966
f 5966//5967 5967//5967 5965//5967
f 5967//5968 5968//5968 5965//5968
f 5969//5969 5971//5969 5970//5969
f 5969//5970 5972//5970 5971//5970
f 5970//5971 5971//5971 5969//5971
f 5971//5972 5972//5972 5969//5972
f 5973//5973 5975//5973 5974//5973
f 5973//5974 5976//5974 5975//5974
f 5974//5975 5975//5975 5973//5975
f 5975//5976 5976//5976 5973//5976
f 5977//5977 5979//5977 5978//5977
f 5977//5978 5980//5978 5979//5978
f 5978//5979 5979//5979 5977//5979
f 5979//5980 5980//5980 5977//5980
f 5981//5981 5983//5981 5982//5981
f 5981//5982 5984//5982 5983//5982
f 5982//5983 5983//5983 5981//5983
f 5983//5984 5984//5984 5981//5984
f 5985//5985 5987//5985 5986//5985
f 5985//5986 5988//5986 5987//5986
f 5986//5987 5987//5987 5985//5987
f 5987//5988 5988//5988 5985//5988
f 5989//5989 5991//5989 5990//5989
f 5989//5990 5992//5990 5991//5990
f 5990//5991 5991//5991 5989//5991
f 5991//5992 5992//5992 5989//5992
f 5993//5993 5995//5993 5994//5993
f 5993//5994 5996//5994 5995//5994
f 5994//5995 5995//5995 5993//5995
f 5995//5996 5996//5996 5993//5996
f 5997//5997 5999//5997 5998//5997
f 5997//5998 6000//5998 5999//5998
f 5998//5999 5999//5999 5997//5999
f 5999//6000 6000//6000 5997//6000
f 6001//6001 6003//6001 6002//6001
f 6001//6002 6004//6002 6003//6002
f 6002//6003 6003//6003 6001//6003
f 6003//6004 6004//6004 6001//6004
f 6005//6005 6007//6005 6006//6005
f 6005//6006 6008//6006 6007//6006
f 6006//6007 6007//6007 6005//6007
f 6007//6008 6008//6008 6005//6008
f 6009//6009 6011//6009 6010//6009
f 6009//6010 6012//6010 6011//6010
f 6010//6011 6011//6011 6009//6011
f 6011//6012 6012//6012 6009//6012
f 6013//6013 6015//6013 6014//6013
f 6013//6014 6016//6014 6015//6014
f 6014//6015 6015//6015 6013//6015
f 6015//6016 6016//6016 6013//6016
f 6017//6017 6019//6017 6018//6017
f 6017//6018 6020//6018 6019//6018
f 6018//6019 6019//6019 6017//6019
f 6019//6020 6020//6020 6017//6020
f 6021//6021 6023//6021 6022//6021
f 6021//6022 6024//6022 6023//6022
f 6022//6023 6023//6023 6021//6023
f 6023//6024 6024//6024 6021//6024
f 6025//6025 6027//6025 6026//6025
f 6025//6026 6028//6026 6027//6026
f 6026//6027 6027//6027 6025//6027
f 6027//6028 6028//6028 6025//6028
f 6029//6029 6031//6029 6030//6029
f 6029//6030 6032//6030 6031//6030
f 6030//6031 6031//6031 6029//6031
f 6031//6032 6032//6032 6029//6032
f 6033//6033 6035//6033 6034//6033
f 6033//6034 6036//6034 6035//6034
f 6034//6035 6035//6035 6033//6035
f 6035//6036 6036//6036 6033//6036
f 6037//6037 6039//6037 6038//6037
f 6037//6038 6040//6038 6039//6038
f 6038//6039 6039//6039 6037//6039
f 6039//6040 6040//6040 6037//6040
f 6041//6041 6043//6041 6042//6041
f 6041//6042 6044//6042 6043//6042
f 6042//6043 6043//6043 6041//6043
f 6043//6044 6044//6044 6041//6044
f 6045//6045 6047//6045 6046//6045
f 6045//6046 6048//6046 6047//6046
f 6046//6047 6047//6047 6045//6047
f 6047//6048 6048//6048 6045//6048
f 6049//6049 6051//6049 6050//6049
f 6049//6050 6052//6050 6051//6050
f 6050//6051 6051//6051 6049//6051
f 6051//6052 6052//6052 6049//6052
f 6053//6053 6055//6053 6054//6053
f 6053//6054 6056//6054 6055//6054
f 6054//6055 6055//6055 6053//6055
f 6055//6056 6056//6056 6053//6056
f 6057//6057 6059//6057 6058//6057
f 6057//6058 6060//6058 6059//6058
f 6058//6059 6059//6059 6057//6059
f 6059//6060 6060//6060 6057//6060
f 6061//6061 6063//6061 6062//6061
f 6061//6062 6064//6062 6063//6062
f 6062//6063 6063//6063 6061//6063
f 6063//6064 6064//6064 6061//6064
f 6065//6065 6067//6065 6066//6065
f 6065//6066 6068//6066 6067//6066
f 6066//6067 6067//6067 6065//6067
f 6067//6068 6068//6068 6065//6068
f 6069//6069 6071//6069 6070//6069
f 6069//6070 6072//6070 6071//6070
f 6070//6071 6071//6071 6069//6071
f 6071//6072 6072//6072 6069//6072
f 6073//6073 6075//6073 6074//6073
f 6073//6074 6076//6074 6075//6074
f 6074//6075 6075//6075 6073//6075
f 6075//6076 6076//6076 6073//6076
f 6077//6077 6079//6077 6078//6077
f 6077//6078 6080//6078 6079//6078
f 6078//6079 6079//6079 6077//6079
f 6079//6080 6080//6080 6077//6080
f 6081//6081 6083//6081 6082//6081
f 6081//6082 6084//6082 6083//6082
f 6082//6083 6083//6083 6081//6083
f 6083//6084 6084//6084 6081//6084
f 6085//6085 6087//6085 6086//6085
f 6085//6086 6088//6086 6087//6086
f 6086//6087 6087//6087 6085//6087
f 6087//6088 6088//6088 6085//6088
f 6089//6089 6091//6089 6090//6089
f 6089//6090 6092//6090 6091//6090
f 6090//6091 6091//6091 6089//6091
f 6091//6092 6092//6092 6089//6092
f 6093//6093 6095//6093 6094//6093
f 6093//6094 6096//6094 6095//6094
f 6094//6095 6095//6095 6093//6095
f 6095//6096 6096//6096 6093//6096
f 6097//6097 6099//6097 6098//6097
f 6097//6098 6100//6098 6099//6098
f 6098//6099 6099//6099 6097//6099
f 6099//6100 6100//6100 6097//6100
f 6101//6101 6103//6101 6102//6101
f 6101//6102 6104//6102 6103//6102
f 6102//6103 6103//6103 6101//6103
f 6103//6104 6104//6104 6101//6104
f 6105//6105 6107//6105 6106//6105
f 6105//6106 6108//6106 6107//6106
f 6106//6107 6107//6107 6105//6107
f 6107//6108 6108//6108 6105//6108
f 6109//6109 6111//6109 6110//6109
f 6109//6110 6112//6110 6111//6110
f 6110//6111 6111//6111 6109//6111
f 6111//6112 6112//6112 6109//6112
f 6113//6113 6115//6113 6114//6113
f 6113//6114 6116//6114 6115//6114
f 6114//6115 6115//6115 6113//6115
f 6115//6116 6116//6116 6113//6116
f 6117//6117 6119//6117 6118//6117
f 6117//6118 6120//6118 6119//6118
f 6118//6119 6119//6119 6117//6119
f 6119//6120 6120//6120 6117//6120
f 6121//6121 6123//6121 6122//6121
f 6121//6122 6124//6122 6123//6122
f 6122//6123 6123//6123 6121//6123
f 6123//6124 6124//6124 6121//6124
f 6125//6125 6127//6125 6126//6125
f 6125//6126 6128//6126 6127//6126
f 6126//6127 6127//6127 6125//6127
f 6127//6128 6128//6128 6125//6128
f 6129//6129 6131//6129 6130//6129
f 6129//6130 6132//6130 6131//6130
f 6130//6131 6131//6131 6129//6131
f 6131//6132 6132//6132 6129//6132
f 6133//6133 6135//6133 6134//6133
f 6133//6134 6136//6134 6135//6134
f 6134//6135 6135//6135 6133//6135
f 6135//6136 6136//6136 6133//6136
f 6137//6137 6139//6137 6138//6137
f 6137//6138 6140//6138 6139//6138
f 6138//6139 6139//6139 6137//6139
f 6139//6140 6140//6140 6137//6140
f 6141//6141 6143//6141 6142//6141
f 6141//6142 6144//6142 6143//6142
f 6142//6143 6143//6143 6141//6143
f 6143//6144 6144//6144 6141//6144
f 6145//6145 6147//6145 6146//6145
f 6145//6146 6148//6146 6147//6146
f 6146//6147 6147//6147 6145//6147
f 6147//6148 6148//6148 6145//6148
f 6149//6149 6151//6149 6150//6149
f 6149//6150 6152//6150 6151//6150
f 6150//6151 6151//6151 6149//6151
f 6151//6152 6152//6152 6149//6152
f 6153//6153 6155//6153 6154//6153
f 6153//6154 6156//6154 6155//6154
f 6154//6155 6155//6155 6153//6155
f 6155//6156 6156//6156 6153//6156
f 6157//6157 6159//6157 6158//6157
f 6157//6158 6160//6158 6159//6158
f 6158//6159 6159//6159 6157//6159
f 6159//6160 6160//6160 6157//6160
f 6161//6161 6163//6161 6162//6161
f 6161//6162 6164//6162 6163//6162
f 6162//6163 6163//6163 6161//6163
f 6163//6164 6164//6164 6161//6164
f 6165//6165 6167//6165 6166//6165
f 6165//6166 6168//6166 6167//6166
f 6166//6167 6167//6167 6165//6167
f 6167//6168 6168//6168 6165//6168
f 6169//6169 6171//6169 6170//6169
f 6169//6170 6172//6170 6171//6170
f 6170//6171 6171//6171 6169//6171
f 6171//6172 6172//6172 6169//6172
f 6173//6173 6175//6173 6174//6173
f 6173//6174 6176//6174 6175//6174
f 6174//6175 6175//6175 6173//6175
f 6175//6176 6176//6176 6173//6176
f 6177//6177 6179//6177 6178//6177
f 6177//6178 6180//6178 6179//6178
f 6178//6179 6179//6179 6177//6179
f 6179//6180 6180//6180 6177//6180
f 6181//6181 6183//6181 6182//6181
f 6181//6182 6184//6182 6183//6182
f 6182//6183 6183//6183 6181//6183
f 6183//6184 6184//6184 6181//6184
f 6185//6185 6187//6185 6186//6185
f 6185//6186 6188//6186 6187//6186
f 6186//6187 6187//6187 6185//6187
f 6187//6188 6188//6188 6185//6188
f 6189//6189 6191//6189 6190//6189
f 6189//6190 6192//6190 6191//6190
f 6190//6191 6191//6191 6189//6191
f 6191//6192 6192//6192 6189//6192
f 6193//6193 6195//6193 6194//6193
f 6193//6194 6196//6194 6195//6194
f 6194//6195 6195//6195 6193//6195
f 6195//6196 6196//6196 6193//6196
f 6197//6197 6199//6197 6198//6197
f 6197//6198 6200//6198 6199//6198
f 6198//6199 6199//6199 6197//6199
f 6199//6200 6200//6200 6197//6200
f 6201//6201 6203//6201 6202//6201
f 6201//6202 6204//6202 6203//6202
f 6202//6203 6203//6203 6201//6203
f 6203//6204 6204//6204 6201//6204
f 6205//6205 6207//6205 6206//6205
f 6205//6206 6208//6206 6207//6206
f 6206//6207 6207//6207 6205//6207
f 6207//6208 6208//6208 6205//6208
f 6209//6209 6211//6209 6210//6209
f 6209//6210 6212//6210 6211//6210
f 6210//6211 6211//6211 6209//6211
f 6211//6212 6212//6212 6209//6212
f 6213//6213 6215//6213 6214//6213
f 6213//6214 6216//6214 6215//6214
f 6214//6215 6215//6215 6213//6215
f 6215//6216 6216//6216 6213//6216
f 6217//6217 6219//6217 6218//6217
f 6217//6218 6220//6218 6219//6218
f 6218//6219 6219//6219 6217//6219
f 6219//6220 6220//6220 6217//6220
f 6221//6221 6223//6221 6222//6221
f 6221//6222 6224//6222 6223//6222
f 6222//6223 6223//6223 6221//6223
f 6223//6224 6224//6224 6221//6224
f 6225//6225 6227//6225 6226//6225
f 6225//6226 6228//6226 6227//6226
f 6226//6227 6227//6227 6225//6227
f 6227//6228 6228//6228 6225//6228
f 6229//6229 6231//6229 6230//6229
f 6229//6230 6232//6230 6231//6230
f 6230//6231 6231//6231 6229//6231
f 6231//6232 6232//6232 6229//6232
f 6233//6233 6235//6233 6234//6233
f 6233//6234 6236//6234 6235//6234
f 6234//6235 6235//6235 6233//6235
f 6235//6236 6236//6236 6233//6236
f 6237//6237 6239//6237 6238//6237
f 6237//6238 6240//6238 6239//6238
f 6238//6239 6239//6239 6237//6239
f 6239//6240 6240//6240 6237//6240
f 6241//6241 6243//6241 6242//6241
f 6241//6242 6244//6242 6243//6242
f 6242//6243 6243//6243 6241//6243
f 6243//6244 6244//6244 6241//6244
f 6245//6245 6247//6245 6246//6245
f 6245//6246 6248//6246 6247//6246
f 6246//6247 6247//6247 6245//6247
f 6247//6248 6248//6248 6245//6248
f 6249//6249 6251//6249 6250//6249
f 6249//6250 6252//6250 6251//6250
f 6250//6251 6251//6251 6249//6251
f 6251//6252 6252//6252 6249//6252
f 6253//6253 6255//6253 6254//6253
f 6253//6254 6256//6254 6255//6254
f 6254//6255 6255//6255 6253//6255
f 6255//6256 6256//6256 6253//6256
f 6257//6257 6259//6257 6258//6257
f 6257//6258 6260//6258 6259//6258
f 6258//6259 6259//6259 6257//6259
f 6259//6260 6260//6260 6257//6260
f 6261//6261 6263//6261 6262//6261
f 6261//6262 6264//6262 6263//6262
f 6262//6263 6263//6263 6261//6263
f 6263//6264 6264//6264 6261//6264
f 6265//6265 6267//6265 6266//6265
f 6265//6266 6268//6266 6267//6266
f 6266//6267 6267//6267 6265//6267
f 6267//6268 6268//6268 6265//6268
f 6269//6269 6271//6269 6270//6269
f 6269//6270 6272//6270 6271//6270
f 6270//6271 6271//6271 6269//6271
f 6271//6272 6272//6272 6269//6272
f 6273//6273 6275//6273 6274//6273
f 6273//6274 6276//6274 6275//6274
f 6274//6275 6275//6275 6273//6275
f 6275//6276 6276//6276 6273//6276
f 6277//6277 6279//6277 6278//6277
f 6277//6278 6280//6278 6279//6278
f 6278//6279 6279//6279 6277//6279
f 6279//6280 6280//6280 6277//6280
f 6281//6281 6283//6281 6282//6281
f 6281//6282 6284//6282 6283//6282
f 6282//6283 6283//6283 6281//6283
f 6283//6284 6284//6284 6281//6284
f 6285//6285 6287//6285 6286//6285
f 6285//6286 6288//6286 6287//6286
f 6286//6287 6287//6287 6285//6287
f 6287//6288 6288//6288 6285//6288
f 6289//6289 6291//6289 6290//6289
f 6289//6290 6292//6290 6291//6290
f 6290//6291 6291//6291 6289//6291
f 6291//6292 6292//6292 6289//6292
f 6293//6293 6295//6293 6294//6293
f 6293//6294 6296//6294 6295//6294
f 6294//6295 6295//6295 6293//6295
f 6295//6296 6296//6296 6293//6296
f 6297//6297 6299//6297 6298//6297
f 6297//6298 6300//6298 6299//6298
f 6298//6299 6299//6299 6297//6299
f 6299//6300 6300//6300 6297//6300
f 6301//6301 6303//6301 6302//6301
f 6301//6302 6304//6302 6303//6302
f 6302//6303 6303//6303 6301//6303
f 6303//6304 6304//6304 6301//6304
f 6305//6305 6307//6305 6306//6305
f 6305//6306 6308//6306 6307//6306
f 6306//6307 6307//6307 6305//6307
f 6307//6308 6308//6308 6305//6308
f 6309//6309 6311//6309 6310//6309
f 6309//6310 6312//6310 6311//6310
f 6310//6311 6311//6311 6309//6311
f 6311//6312 6312//6312 6309//6312
f 6313//6313 6315//6313 6314//6313
f 6313//6314 6316//6314 6315//6314
f 6314//6315 6315//6315 6313//6315
f 6315//6316 6316//6316 6313//6316
f 6317//6317 6319//6317 6318//6317
f 6317//6318 6320//6318 6319//6318
f 6318//6319 6319//6319 6317//6319
f 6319//6320 6320//6320 6317//6320
f 6321//6321 6323//6321 6322//6321
f 6321//6322 6324//6322 6323//6322
f 6322//6323 6323//6323 6321//6323
f 6323//6324 6324//6324 6321//6324
f 6325//6325 6327//6325 6326//6325
f 6325//6326 6328//6326 6327//6326
f 6326//6327 6327//6327 6325//6327
f 6327//6328 6328//6328 6325//6328
f 6329//6329 6331//6329 6330//6329
f 6329//6330 6332//6330 6331//6330
f 6330//6331 6331//6331 6329//6331
f 6331//6332 6332//6332 6329//6332
f 6333//6333 6335//6333 6334//6333
f 6333//6334 6336//6334 6335//6334
f 6334//6335 6335//6335 6333//6335
f 6335//6336 6336//6336 6333//6336
f 6337//6337 6339//6337 6338//6337
f 6337//6338 6340//6338 6339//6338
f 6338//6339 6339//6339 6337//6339
f 6339//6340 6340//6340 6337//6340
f 6341//6341 6343//6341 6342//6341
f 6341//6342 6344//6342 6343//6342
f 6342//6343 6343//6343 6341//6343
f 6343//6344 6344//6344 6341//6344
f 6345//6345 6347//6345 6346//6345
f 6345//6346 6348//6346 6347//6346
f 6346//6347 6347//6347 6345//6347
f 6347//6348 6348//6348 6345//6348
f 6349//6349 6351//6349 6350//6349
f 6349//6350 6352//6350 6351//6350
f 6350//6351 6351//6351 6349//6351
f 6351//6352 6352//6352 6349//6352
f 6353//6353 6355//6353 6354//6353
f 6353//6354 6356//6354 6355//6354
f 6354//6355 6355//6355 6353//6355
f 6355//6356 6356//6356 6353//6356
f 6357//6357 6359//6357 6358//6357
f 6357//6358 6360//6358 6359//6358
f 6358//6359 6359//6359 6357//6359
f 6359//6360 6360//6360 6357//6360
f 6361//6361 6363//6361 6362//6361
f 6361//6362 6364//6362 6363//6362
f 6362//6363 6363//6363 6361//6363
f 6363//6364 6364//6364 6361//6364
f 6365//6365 6367//6365 6366//6365
f 6365//6366 6368//6366 6367//6366
f 6366//6367 6367//6367 6365//6367
f 6367//6368 6368//6368 6365//6368
f 6369//6369 6371//6369 6370//6369
f 6369//6370 6372//6370 6371//6370
f 6370//6371 6371//6371 6369//6371
f 6371//6372 6372//6372 6369//6372
f 6373//6373 6375//6373 6374//6373
f 6373//6374 6376//6374 6375//6374
f 6374//6375 6375//6375 6373//6375
f 6375//6376 6376//6376 6373//6376
f 6377//6377 6379//6377 6378//6377
f 6377//6378 6380//6378 6379//6378
f 6378//6379 6379//6379 6377//6379
f 6379//6380 6380//6380 6377//6380
f 6381//6381 6383//6381 6382//6381
f 6381//6382 6384//6382 6383//6382
f 6382//6383 6383//6383 6381//6383
f 6383//6384 6384//6384 6381//6384
f 6385//6385 6387//6385 6386//6385
f 6385//6386 6388//6386 6387//6386
f 6386//6387 6387//6387 6385//6387
f 6387//6388 6388//6388 6385//6388
f 6389//6389 6391//6389 6390//6389
f 6389//6390 6392//6390 6391//6390
f 6390//6391 6391//6391 6389//6391
f 6391//6392 6392//6392 6389//6392
f 6393//6393 6395//6393 6394//6393
f 6393//6394 6396//6394 6395//6394
f 6394//6395 6395//6395 6393//6395
f 6395//6396 6396//6396 6393//6396
f 6397//6397 6399//6397 6398//6397
f 6397//6398 6400//6398 6399//6398
f 6398//6399 6399//6399 6397//6399
f 6399//6400 6400//6400 6397//6400
f 6401//6401 6403//6401 6402//6401
f 6401//6402 6404//6402 6403//6402
f 6402//6403 6403//6403 6401//6403
f 6403//6404 6404//6404 6401//6404
f 6405//6405 6407//6405 6406//6405
f 6405//6406 6408//6406 6407//6406
f 6406//6407 6407//6407 6405//6407
f 6407//6408 6408//6408 6405//6408
f 6409//6409 6411//6409 6410//6409
f 6409//6410 6412//6410 6411//6410
f 6410//6411 6411//6411 6409//6411
f 6411//6412 6412//6412 6409//6412
f 6413//6413 6415//6413 6414//6413
f 6413//6414 6416//6414 6415//6414
f 6414//6415 6415//6415 6413//6415
f 6415//6416 6416//6416 6413//6416
f 6417//6417 6419//6417 6418//6417
f 6417//6418 6420//6418 6419//6418
f 6418//6419 6419//6419 6417//6419
f 6419//6420 6420//6420 6417//6420
f 6421//6421 6423//6421 6422//6421
f 6421//6422 6424//6422 6423//6422
f 6422//6423 6423//6423 6421//6423
f 6423//6424 6424//6424 6421//6424
f 6425//6425 6427//6425 6426//6425
f 6425//6426 6428//6426 6427//6426
f 6426//6427 6427//6427 6425//6427
f 6427//6428 6428//6428 6425//6428
f 6429//6429 6431//6429 6430//6429
f 6429//6430 6432//6430 6431//6430
f 6430//6431 6431//6431 6429//6431
f 6431//6432 6432//6432 6429//6432
f 6433//6433 6435//6433 6434//6433
f 6433//6434 6436//6434 6435//6434
f 6434//6435 6435//6435 6433//6435
f 6435//6436 6436//6436 6433//6436
f 6437//6437 6439//6437 6438//6437
f 6437//6438 6440//6438 6439//6438
f 6438//6439 6439//6439 6437//6439
f 6439//6440 6440//6440 6437//6440
f 6441//6441 6443//6441 6442//6441
f 6441//6442 6444//6442 6443//6442
f 6442//6443 6443//6443 6441//6443
f 6443//6444 6444//6444 6441//6444
f 6445//6445 6447//6445 6446//6445
f 6445//6446 6448//6446 6447//6446
f 6446//6447 6447//6447 6445//6447
f 6447//6448 6448//6448 6445//6448
f 6449//6449 6451//6449 6450//6449
f 6449//6450 6452//6450 6451//6450
f 6450//6451 6451//6451 6449//6451
f 6451//6452 6452//6452 6449//6452
f 6453//6453 6455//6453 6454//6453
f 6453//6454 6456//6454 6455//6454
f 6454//6455 6455//6455 6453//6455
f 6455//6456 6456//6456 6453//6456
f 6457//6457 6459//6457 6458//6457
f 6457//6458 6460//6458 6459//6458
f 6458//6459 6459//6459 6457//6459
f 6459//6460 6460//6460 6457//6460
f 6461//6461 6463//6461 6462//6461
f 6461//6462 6464//6462 6463//6462
f 6462//6463 6463//6463 6461//6463
f 6463//6464 6464//6464 6461//6464
f 6465//6465 6467//6465 6466//6465
f 6465//6466 6468//6466 6467//6466
f 6466//6467 6467//6467 6465//6467
f 6467//6468 6468//6468 6465//6468
f 6469//6469 6471//6469 6470//6469
f 6469//6470 6472//6470 6471//6470
f 6470//6471 6471//6471 6469//6471
f 6471//6472 6472//6472 6469//6472
f 6473//6473 6475//6473 6474//6473
f 6473//6474 6476//6474 6475//6474
f 6474//6475 6475//6475 6473//6475
f 6475//6476 6476//6476 6473//6476
f 6477//6477 6479//6477 6478//6477
f 6477//6478 6480//6478 6479//6478
f 6478//6479 6479//6479 6477//6479
f 6479//6480 6480//6480 6477//6480
f 6481//6481 6483//6481 6482//6481
f 6481//6482 6484//6482 6483//6482
f 6482//6483 6483//6483 6481//6483
f 6483//6484 6484//6484 6481//6484
f 6485//6485 6487//6485 6486//6485
f 6485//6486 6488//6486 6487//6486
f 6486//6487 6487//6487 6485//6487
f 6487//6488 6488//6488 6485//6488
f 6489//6489 6491//6489 6490//6489
f 6489//6490 6492//6490 6491//6490
f 6490//6491 6491//6491 6489//6491
f 6491//6492 6492//6492 6489//6492
f 6493//6493 6495//6493 6494//6493
f 6493//6494 6496//6494 6495//6494
f 6494//6495 6495//6495 6493//6495
f 6495//6496 6496//6496 6493//6496
f 6497//6497 6499//6497 6498//6497
f 6497//6498 6500//6498 6499//6498
f 6498//6499 6499//6499 6497//6499
f 6499//6500 6500//6500 6497//6500
f 6501//6501 6503//6501 6502//6501
f 6501//6502 6504//6502 6503//6502
f 6502//6503 6503//6503 6501//6503
f 6503//6504 6504//6504 6501//6504
f 6505//6505 6507//6505 6506//6505
f 6505//6506 6508//6506 6507//6506
f 6506//6507 6507//6507 6505//6507
f 6507//6508 6508//6508 6505//6508
f 6509//6509 6511//6509 6510//6509
f 6509//6510 6512//6510 6511//6510
f 6510//6511 6511//6511 6509//6511
f 6511//6512 6512//6512 6509//6512
f 6513//6513 6515//6513 6514//6513
f 6513//6514 6516//6514 6515//6514
f 6514//6515 6515//6515 6513//6515
f 6515//6516 6516//6516 6513//6516
f 6517//6517 6519//6517 6518//6517
f 6517//6518 6520//6518 6519//6518
f 6518//6519 6519//6519 6517//6519
f 6519//6520 6520//6520 6517//6520
f 6521//6521 6523//6521 6522//6521
f 6521//6522 6524//6522 6523//6522
f 6522//6523 6523//6523 6521//6523
f 6523//6524 6524//6524 6521//6524
f 6525//6525 6527//6525 6526//6525
f 6525//6526 6528//6526 6527//6526
f 6526//6527 6527//6527 6525//6527
f 6527//6528 6528//6528 6525//6528
f 6529//6529 6531//6529 6530//6529
f 6529//6530 6532//6530 6531//6530
f 6530//6531 6531//6531 6529//6531
f 6531//6532 6532//6532 6529//6532
f 6533//6533 6535//6533 6534//6533
f 6533//6534 6536//6534 6535//6534
f 6534//6535 6535//6535 6533//6535
f 6535//6536 6536//6536 6533//6536
f 6537//6537 6539//6537 6538//6537
f 6537//6538 6540//6538 6539//6538
f 6538//6539 6539//6539 6537//6539
f 6539//6540 6540//6540 6537//6540
f 6541//6541 6543//6541 6542//6541
f 6541//6542 6544//6542 6543//6542
f 6542//6543 6543//6543 6541//6543
f 6543//6544 6544//6544 6541//6544
f 6545//6545 6547//6545 6546//6545
f 6545//6546 6548//6546 6547//6546
f 6546//6547 6547//6547 6545//6547
f 6547//6548 6548//6548 6545//6548
f 6549//6549 6551//6549 6550//6549
f 6549//6550 6552//6550 6551//6550
f 6550//6551 6551//6551 6549//6551
f 6551//6552 6552//6552 6549//6552
f 6553//6553 6555//6553 6554//6553
f 6553//6554 6556//6554 6555//6554
f 6554//6555 6555//6555 6553//6555
f 6555//6556 6556//6556 6553//6556
f 6557//6557 6559//6557 6558//6557
f 6557//6558 6560//6558 6559//6558
f 6558//6559 6559//6559 6557//6559
f 6559//6560 6560//6560 6557//6560
f 6561//6561 6563//6561 6562//6561
f 6561//6562 6564//6562 6563//6562
f 6562//6563 6563//6563 6561//6563
f 6563//6564 6564//6564 6561//6564
f 6565//6565 6567//6565 6566//6565
f 6565//6566 6568//6566 6567//6566
f 6566//6567 6567//6567 6565//6567
f 6567//6568 6568//6568 6565//6568
f 6569//6569 6571//6569 6570//6569
f 6569//6570 6572//6570 6571//6570
f 6570//6571 6571//6571 6569//6571
f 6571//6572 6572//6572 6569//6572
f 6573//6573 6575//6573 6574//6573
f 6573//6574 6576//6574 6575//6574
f 6574//6575 6575//6575 6573//6575
f 6575//6576 6576//6576 6573//6576
f 6577//6577 6579//6577 6578//6577
f 6577//6578 6580//6578 6579//6578
f 6578//6579 6579//6579 6577//6579
f 6579//6580 6580//6580 6577//6580
f 6581//6581 6583//6581 6582//6581
f 6581//6582 6584//6582 6583//6582
f 6582//6583 6583//6583 6581//6583
f 6583//6584 6584//6584 6581//6584
f 6585//6585 6587//6585 6586//6585
f 6585//6586 6588//6586 6587//6586
f 6586//6587 6587//6587 6585//6587
f 6587//6588 6588//6588 6585//6588
f 6589//6589 6591//6589 6590//6589
f 6589//6590 6592//6590 6591//6590
f 6590//6591 6591//6591 6589//6591
f 6591//6592 6592//6592 6589//6592
f 6593//6593 6595//6593 6594//6593
f 6593//6594 6596//6594 6595//6594
f 6594//6595 6595//6595 6593//6595
f 6595//6596 6596//6596 6593//6596
f 6597//6597 6599//6597 6598//6597
f 6597//6598 6600//6598 6599//6598
f 6598//6599 6599//6599 6597//6599
f 6599//6600 6600//6600 6597//6600
f 6601//6601 6603//6601 6602//6601
f 6601//6602 6604//6602 6603//6602
f 6602//6603 6603//6603 6601//6603
f 6603//6604 6604//6604 6601//6604
f 6605//6605 6607//6605 6606//6605
f 6605//6606 6608//6606 6607//6606
f 6606//6607 6607//6607 6605//6607
f 6607//6608 6608//6608 6605//6608
f 6609//6609 6611//6609 6610//6609
f 6609//6610 6612//6610 6611//6610
f 6610//6611 6611//6611 6609//6611
f 6611//6612 6612//6612 6609//6612
f 6613//6613 6615//6613 6614//6613
f 6613//6614 6616//6614 6615//6614
f 6614//6615 6615//6615 6613//6615
f 6615//6616 6616//6616 6613//6616
f 6617//6617 6619//6617 6618//6617
f 6617//6618 6620//6618 6619//6618
f 6618//6619 6619//6619 6617//6619
f 6619//6620 6620//6620 6617//6620
f 6621//6621 6623//6621 6622//6621
f 6621//6622 6624//6622 6623//6622
f 6622//6623 6623//6623 6621//6623
f 6623//6624 6624//6624 6621//6624
f 6625//6625 6627//6625 6626//6625
f 6625//6626 6628//6626 6627//6626
f 6626//6627 6627//6627 6625//6627
f 6627//6628 6628//6628 6625//6628
f 6629//6629 6631//6629 6630//6629
f 6629//6630 6632//6630 6631//6630
f 6630//6631 6631//6631 6629//6631
f 6631//6632 6632//6632 6629//6632
f 6633//6633 6635//6633 6634//6633
f 6633//6634 6636//6634 6635//6634
f 6634//6635 6635//6635 6633//6635
f 6635//6636 6636//6636 6633//6636
f 6637//6637 6639//6637 6638//6637
f 6637//6638 6640//6638 6639//6638
f 6638//6639 6639//6639 6637//6639
f 6639//6640 6640//6640 6637//6640
f 6641//6641 6643//6641 6642//6641
f 6641//6642 6644//6642 6643//6642
f 6642//6643 6643//6643 6641//6643
f 6643//6644 6644//6644 6641//6644
f 6645//6645 6647//6645 6646//6645
f 6645//6646 6648//6646 6647//6646
f 6646//6647 6647//6647 6645//6647
f 6647//6648 6648//6648 6645//6648
f 6649//6649 6651//6649 6650//6649
f 6649//6650 6652//6650 6651//6650
f 6650//6651 6651//6651 6649//6651
f 6651//6652 6652//6652 6649//6652
f 6653//6653 6655//6653 6654//6653
f 6653//6654 6656//6654 6655//6654
f 6654//6655 6655//6655 6653//6655
f 6655//6656 6656//6656 6653//6656
f 6657//6657 6659//6657 6658//6657
f 6657//6658 6660//6658 6659//6658
f 6658//6659 6659//6659 6657//6659
f 6659//6660 6660//6660 6657//6660
f 6661//6661 6663//6661 6662//6661
f 6661//6662 6664//6662 6663//6662
f 6662//6663 6663//6663 6661//6663
f 6663//6664 6664//6664 6661//6664
f 6665//6665 6667//6665 6666//6665
f 6665//6666 6668//6666 6667//6666
f 6666//6667 6667//6667 6665//6667
f 6667//6668 6668//6668 6665//6668
f 6669//6669 6671//6669 6670//6669
f 6669//6670 6672//6670 6671//6670
f 6670//6671 6671//6671 6669//6671
f 6671//6672 6672//6672 6669//6672
f 6673//6673 6675//6673 6674//6673
f 6673//6674 6676//6674 6675//6674
f 6674//6675 6675//6675 6673//6675
f 6675//6676 6676//6676 6673//6676
f 6677//6677 6679//6677 6678//6677
f 6677//6678 6680//6678 6679//6678
f 6678//6679 6679//6679 6677//6679
f 6679//6680 6680//6680 6677//6680
f 6681//6681 6683//6681 6682//6681
f 6681//6682 6684//6682 6683//6682
f 6682//6683 6683//6683 6681//6683
f 6683//6684 6684//6684 6681//6684
f 6685//6685 6687//6685 6686//6685
f 6685//6686 6688//6686 6687//6686
f 6686//6687 6687//6687 6685//6687
f 6687//6688 6688//6688 6685//6688
f 6689//6689 6691//6689 6690//6689
f 6689//6690 6692//6690 6691//6690
f 6690//6691 6691//6691 6689//6691
f 6691//6692 6692//6692 6689//6692
f 6693//6693 6695//6693 6694//6693
f 6693//6694 6696//6694 6695//6694
f 6694//6695 6695//6695 6693//6695
f 6695//6696 6696//6696 6693//6696
f 6697//6697 6699//6697 6698//6697
f 6697//6698 6700//6698 6699//6698
f 6698//6699 6699//6699 6697//6699
f 6699//6700 6700//6700 6697//6700
f 6701//6701 6703//6701 6702//6701
f 6701//6702 6704//6702 6703//6702
f 6702//6703 6703//6703 6701//6703
f 6703//6704 6704//6704 6701//6704
f 6705//6705 6707//6705 6706//6705
f 6705//6706 6708//6706 6707//6706
f 6706//6707 6707//6707 6705//6707
f 6707//6708 6708//6708 6705//6708
f 6709//6709 6711//6709 6710//6709
f 6709//6710 6712//6710 6711//6710
f 6710//6711 6711//6711 6709//6711
f 6711//6712 6712//6712 6709//6712
f 6713//6713 6715//6713 6714//6713
f 6713//6714 6716//6714 6715//6714
f 6714//6715 6715//6715 6713//6715
f 6715//6716 6716//6716 6713//6716
f 6717//6717 6719//6717 6718//6717
f 6717//6718 6720//6718 6719//6718
f 6718//6719 6719//6719 6717//6719
f 6719//6720 6720//6720 6717//6720
f 6721//6721 6723//6721 6722//6721
f 6721//6722 6724//6722 6723//6722
f 6722//6723 6723//6723 6721//6723
f 6723//6724 6724//6724 6721//6724
f 6725//6725 6727//6725 6726//6725
f 6725//6726 6728//6726 6727//6726
f 6726//6727 6727//6727 6725//6727
f 6727//6728 6728//6728 6725//6728
f 6729//6729 6731//6729 6730//6729
f 6729//6730 6732//6730 6731//6730
f 6730//6731 6731//6731 6729//6731
f 6731//6732 6732//6732 6729//6732
f 6733//6733 6735//6733 6734//6733
f 6733//6734 6736//6734 6735//6734
f 6734//6735 6735//6735 6733//6735
f 6735//6736 6736//6736 6733//6736
f 6737//6737 6739//6737 6738//6737
f 6737//6738 6740//6738 6739//6738
f 6738//6739 6739//6739 6737//6739
f 6739//6740 6740//6740 6737//6740
f 6741//6741 6743//6741 6742//6741
f 6741//6742 6744//6742 6743//6742
f 6742//6743 6743//6743 6741//6743
f 6743//6744 6744//6744 6741//6744
f 6745//6745 6747//6745 6746//6745
f 6745//6746 6748//6746 6747//6746
f 6746//6747 6747//6747 6745//6747
f 6747//6748 6748//6748 6745//6748
f 6749//6749 6751//6749 6750//6749
f 6749//6750 6752//6750 6751//6750
f 6750//6751 6751//6751 6749//6751
f 6751//6752 6752//6752 6749//6752
f 6753//6753 6755//6753 6754//6753
f 6753//6754 6756//6754 6755//6754
f 6754//6755 6755//6755 6753//6755
f 6755//6756 6756//6756 6753//6756
f 6757//6757 6759//6757 6758//6757
f 6757//6758 6760//6758 6759//6758
f 6758//6759 6759//6759 6757//6759
f 6759//6760 6760//6760 6757//6760
f 6761//6761 6763//6761 6762//6761
f 6761//6762 6764//6762 6763//6762
f 6762//6763 6763//6763 6761//6763
f 6763//6764 6764//6764 6761//6764
f 6765//6765 6767//6765 6766//6765
f 6765//6766 6768//6766 6767//6766
f 6766//6767 6767//6767 6765//6767
f 6767//6768 6768//6768 6765//6768
f 6769//6769 6771//6769 6770//6769
f 6769//6770 6772//6770 6771//6770
f 6770//6771 6771//6771 6769//6771
f 6771//6772 6772//6772 6769//6772
f 6773//6773 6775//6773 6774//6773
f 6773//6774 6776//6774 6775//6774
f 6774//6775 6775//6775 6773//6775
f 6775//6776 6776//6776 6773//6776
f 6777//6777 6779//6777 6778//6777
f 6777//6778 6780//6778 6779//6778
f 6778//6779 6779//6779 6777//6779
f 6779//6780 6780//6780 6777//6780
f 6781//6781 6783//6781 6782//6781
f 6781//6782 6784//6782 6783//6782
f 6782//6783 6783//6783 6781//6783
f 6783//6784 6784//6784 6781//6784
f 6785//6785 6787//6785 6786//6785
f 6785//6786 6788//6786 6787//6786
f 6786//6787 6787//6787 6785//6787
f 6787//6788 6788//6788 6785//6788
f 6789//6789 6791//6789 6790//6789
f 6789//6790 6792//6790 6791//6790
f 6790//6791 6791//6791 6789//6791
f 6791//6792 6792//6792 6789//6792
f 6793//6793 6795//6793 6794//6793
f 6793//6794 6796//6794 6795//6794
f 6794//6795 6795//6795 6793//6795
f 6795//6796 6796//6796 6793//6796
f 6797//6797 6799//6797 6798//6797
f 6797//6798 6800//6798 6799//6798
f 6798//6799 6799//6799 6797//6799
f 6799//6800 6800//6800 6797//6800
f 6801//6801 6803//6801 6802//6801
f 6801//6802 6804//6802 6803//6802
f 6802//6803 6803//6803 6801//6803
f 6803//6804 6804//6804 6801//6804
f 6805//6805 6807//6805 6806//6805
f 6805//6806 6808//6806 6807//6806
f 6806//6807 6807//6807 6805//6807
f 6807//6808 6808//6808 6805//6808
f 6809//6809 6811//6809 6810//6809
f 6809//6810 6812//6810 6811//6810
f 6810//6811 6811//6811 6809//6811
f 6811//6812 6812//6812 6809//6812
f 6813//6813 6815//6813 6814//6813
f 6813//6814 6816//6814 6815//6814
f 6814//6815 6815//6815 6813//6815
f 6815//6816 6816//6816 6813//6816
f 6817//6817 6819//6817 6818//6817
f 6817//6818 6820//6818 6819//6818
f 6818//6819 6819//6819 6817//6819
f 6819//6820 6820//6820 6817//6820
f 6821//6821 6823//6821 6822//6821
f 6821//6822 6824//6822 6823//6822
f 6822//6823 6823//6823 6821//6823
f 6823//6824 6824//6824 6821//6824
f 6825//6825 6827//6825 6826//6825
f 6825//6826 6828//6826 6827//6826
f 6826//6827 6827//6827 6825//6827
f 6827//6828 6828//6828 6825//6828
f 6829//6829 6831//6829 6830//6829
f 6829//6830 6832//6830 6831//6830
f 6830//6831 6831//6831 6829//6831
f 6831//6832 6832//6832 6829//6832
f 6833//6833 6835//6833 6834//6833
f 6833//6834 6836//6834 6835//6834
f 6834//6835 6835//6835 6833//6835
f 6835//6836 6836//6836 6833//6836
f 6837//6837 6839//6837 6838//6837
f 6837//6838 6840//6838 6839//6838
f 6838//6839 6839//6839 6837//6839
f 6839//6840 6840//6840 6837//6840
f 6841//6841 6843//6841 6842//6841
f 6841//6842 6844//6842 6843//6842
f 6842//6843 6843//6843 6841//6843
f 6843//6844 6844//6844 6841//6844
f 6845//6845 6847//6845 6846//6845
f 6845//6846 6848//6846 6847//6846
f 6846//6847 6847//6847 6845//6847
f 6847//6848 6848//6848 6845//6848
f 6849//6849 6851//6849 6850//6849
f 6849//6850 6852//6850 6851//6850
f 6850//6851 6851//6851 6849//6851
f 6851//6852 6852//6852 6849//6852
f 6853//6853 6855//6853 6854//6853
f 6853//6854 6856//6854 6855//6854
f 6854//6855 6855//6855 6853//6855
f 6855//6856 6856//6856 6853//6856
f 6857//6857 6859//6857 6858//6857
f 6857//6858 6860//6858 6859//6858
f 6858//6859 6859//6859 6857//6859
f 6859//6860 6860//6860 6857//6860
f 6861//6861 6863//6861 6862//6861
f 6861//6862 6864//6862 6863//6862
f 6862//6863 6863//6863 6861//6863
f 6863//6864 6864//6864 6861//6864
f 6865//6865 6867//6865 6866//6865
f 6865//6866 6868//6866 6867//6866
f 6866//6867 6867//6867 6865//6867
f 6867//6868 6868//6868 6865//6868
f 6869//6869 6871//6869 6870//6869
f 6869//6870 6872//6870 6871//6870
f 6870//6871 6871//6871 6869//6871
f 6871//6872 6872//6872 6869//6872
f 6873//6873 6875//6873 6874//6873
f 6873//6874 6876//6874 6875//6874
f 6874//6875 6875//6875 6873//6875
f 6875//6876 6876//6876 6873//6876
f 6877//6877 6879//6877 6878//6877
f 6877//6878 6880//6878 6879//6878
f 6878//6879 6879//6879 6877//6879
f 6879//6880 6880//6880 6877//6880
f 6881//6881 6883//6881 6882//6881
f 6881//6882 6884//6882 6883//6882
f 6882//6883 6883//6883 6881//6883
f 6883//6884 6884//6884 6881//6884
f 6885//6885 6887//6885 6886//6885
f 6885//6886 6888//6886 6887//6886
f 6886//6887 6887//6887 6885//6887
f 6887//6888 6888//6888 6885//6888
f 6889//6889 6891//6889 6890//6889
f 6889//6890 6892//6890 6891//6890
f 6890//6891 6891//6891 6889//6891
f 6891//6892 6892//6892 6889//6892
f 6893//6893 6895//6893 6894//6893
f 6893//6894 6896//6894 6895//6894
f 6894//6895 6895//6895 6893//6895
f 6895//6896 6896//6896 6893//6896
f 6897//6897 6899//6897 6898//6897
f 6897//6898 6900//6898 6899//6898
f 6898//6899 6899//6899 6897//6899
f 6899//6900 6900//6900 6897//6900
f 6901//6901 6903//6901 6902//6901
f 6901//6902 6904//6902 6903//6902
f 6902//6903 6903//6903 6901//6903
f 6903//6904 6904//6904 6901//6904
f 6905//6905 6907//6905 6906//6905
f 6905//6906 6908//6906 6907//6906
f 6906//6907 6907//6907 6905//6907
f 6907//6908 6908//6908 6905//6908
f 6909//6909 6911//6909 6910//6909
f 6909//6910 6912//6910 6911//6910
f 6910//6911 6911//6911 6909//6911
f 6911//6912 6912//6912 6909//6912
f 6913//6913 6915//6913 6914//6913
f 6913//6914 6916//6914 6915//6914
f 6914//6915 6915//6915 6913//6915
f 6915//6916 6916//6916 6913//6916
f 6917//6917 6919//6917 6918//6917
f 6917//6918 6920//6918 6919//6918
f 6918//6919 6919//6919 6917//6919
f 6919//6920 6920//6920 6917//6920
f 6921//6921 6923//6921 6922//6921
f 6921//6922 6924//6922 6923//6922
f 6922//6923 6923//6923 6921//6923
f 6923//6924 6924//6924 6921//6924
f 6925//6925 6927//6925 6926//6925
f 6925//6926 6928//6926 6927//6926
f 6926//6927 6927//6927 6925//6927
f 6927//6928 6928//6928 6925//6928
f 6929//6929 6931//6929 6930//6929
f 6929//6930 6932//6930 6931//6930
f 6930//6931 6931//6931 6929//6931
f 6931//6932 6932//6932 6929//6932
f 6933//6933 6935//6933 6934//6933
f 6933//6934 6936//6934 6935//6934
f 6934//6935 6935//6935 6933//6935
f 6935//6936 6936//6936 6933//6936
f 6937//6937 6939//6937 6938//6937
f 6937//6938 6940//6938 6939//6938
f 6938//6939 6939//6939 6937//6939
f 6939//6940 6940//6940 6937//6940
f 6941//6941 6943//6941 6942//6941
f 6941//6942 6944//6942 6943//6942
f 6942//6943 6943//6943 6941//6943
f 6943//6944 6944//6944 6941//6944
f 6945//6945 6947//6945 6946//6945
f 6945//6946 6948//6946 6947//6946
f 6946//6947 6947//6947 6945//6947
f 6947//6948 6948//6948 6945//6948
f 6949//6949 6951//6949 6950//6949
f 6949//6950 6952//6950 6951//6950
f 6950//6951 6951//6951 6949//6951
f 6951//6952 6952//6952 6949//6952
f 6953//6953 6955//6953 6954//6953
f 6953//6954 6956//6954 6955//6954
f 6954//6955 6955//6955 6953//6955
f 6955//6956 6956//6956 6953//6956
f 6957//6957 6959//6957 6958//6957
f 6957//6958 6960//6958 6959//6958
f 6958//6959 6959//6959 6957//6959
f 6959//6960 6960//6960 6957//6960
f 6961//6961 6963//6961 6962//6961
f 6961//6962 6964//6962 6963//6962
f 6962//6963 6963//6963 6961//6963
f 6963//6964 6964//6964 6961//6964
f 6965//6965 6967//6965 6966//6965
f 6965//6966 6968//6966 6967//6966
f 6966//6967 6967//6967 6965//6967
f 6967//6968 6968//6968 6965//6968
f 6969//6969 6971//6969 6970//6969
f 6969//6970 6972//6970 6971//6970
f 6970//6971 6971//6971 6969//6971
f 6971//6972 6972//6972 6969//6972
f 6973//6973 6975//6973 6974//6973
f 6973//6974 6976//6974 6975//6974
f 6974//6975 6975//6975 6973//6975
f 6975//6976 6976//6976 6973//6976
f 6977//6977 6979//6977 6978//6977
f 6977//6978 6980//6978 6979//6978
f 6978//6979 6979//6979 6977//6979
f 6979//6980 6980//6980 6977//6980
f 6981//6981 6983//6981 6982//6981
f 6981//6982 6984//6982 6983//6982
f 6982//6983 6983//6983 6981//6983
f 6983//6984 6984//6984 6981//6984
f 6985//6985 6987//6985 6986//6985
f 6985//6986 6988//6986 6987//6986
f 6986//6987 6987//6987 6985//6987
f 6987//6988 6988//6988 6985//6988
f 6989//6989 6991//6989 6990//6989
f 6989//6990 6992//6990 6991//6990
f 6990//6991 6991//6991 6989//6991
f 6991//6992 6992//6992 6989//6992
f 6993//6993 6995//6993 6994//6993
f 6993//6994 6996//6994 6995//6994
f 6994//6995 6995//6995 6993//6995
f 6995//6996 6996//6996 6993//6996
f 6997//6997 6999//6997 6998//6997
f 6997//6998 7000//6998 6999//6998
f 6998//6999 6999//6999 6997//6999
f 6999//7000 7000//7000 6997//7000
f 7001//7001 7003//7001 7002//7001
f 7001//7002 7004//7002 7003//7002
f 7002//7003 7003//7003 7001//7003
f 7003//7004 7004//7004 7001//7004
f 7005//7005 7007//7005 7006//7005
f 7005//7006 7008//7006 7007//7006
f 7006//7007 7007//7007 7005//7007
f 7007//7008 7008//7008 7005//7008
f 7009//7009 7011//7009 7010//7009
f 7009//7010 7012//7010 7011//7010
f 7010//7011 7011//7011 7009//7011
f 7011//7012 7012//7012 7009//7012
f 7013//7013 7015//7013 7014//7013
f 7013//7014 7016//7014 7015//7014
f 7014//7015 7015//7015 7013//7015
f 7015//7016 7016//7016 7013//7016
f 7017//7017 7019//7017 7018//7017
f 7017//7018 7020//7018 7019//7018
f 7018//7019 7019//7019 7017//7019
f 7019//7020 7020//7020 7017//7020
f 7021//7021 7023//7021 7022//7021
f 7021//7022 7024//7022 7023//7022
f 7022//7023 7023//7023 7021//7023
f 7023//7024 7024//7024 7021//7024
f 7025//7025 7027//7025 7026//7025
f 7025//7026 7028//7026 7027//7026
f 7026//7027 7027//7027 7025//7027
f 7027//7028 7028//7028 7025//7028
f 7029//7029 7031//7029 7030//7029
f 7029//7030 7032//7030 7031//7030
f 7030//7031 7031//7031 7029//7031
f 7031//7032 7032//7032 7029//7032
f 7033//7033 7035//7033 7034//7033
f 7033//7034 7036//7034 7035//7034
f 7034//7035 7035//7035 7033//7035
f 7035//7036 7036//7036 7033//7036
f 7037//7037 7039//7037 7038//7037
f 7037//7038 7040//7038 7039//7038
f 7038//7039 7039//7039 7037//7039
f 7039//7040 7040//7040 7037//7040
f 7041//7041 7043//7041 7042//7041
f 7041//7042 7044//7042 7043//7042
f 7042//7043 7043//7043 7041//7043
f 7043//7044 7044//7044 7041//7044
f 7045//7045 7047//7045 7046//7045
f 7045//7046 7048//7046 7047//7046
f 7046//7047 7047//7047 7045//7047
f 7047//7048 7048//7048 7045//7048
f 7049//7049 7051//7049 7050//7049
f 7049//7050 7052//7050 7051//7050
f 7050//7051 7051//7051 7049//7051
f 7051//7052 7052//7052 7049//7052
f 7053//7053 7055//7053 7054//7053
f 7053//7054 7056//7054 7055//7054
f 7054//7055 7055//7055 7053//7055
f 7055//7056 7056//7056 7053//7056
f 7057//7057 7059//7057 7058//7057
f 7057//7058 7060//7058 7059//7058
f 7058//7059 7059//7059 7057//7059
f 7059//7060 7060//7060 7057//7060
f 7061//7061 7063//7061 7062//7061
f 7061//7062 7064//7062 7063//7062
f 7062//7063 7063//7063 7061//7063
f 7063//7064 7064//7064 7061//7064
f 7065//7065 7067//7065 7066//7065
f 7065//7066 7068//7066 7067//7066
f 7066//7067 7067//7067 7065//7067
f 7067//7068 7068//7068 7065//7068
f 7069//7069 7071//7069 7070//7069
f 7069//7070 7072//7070 7071//7070
f 7070//7071 7071//7071 7069//7071
f 7071//7072 7072//7072 7069//7072
f 7073//7073 7075//7073 7074//7073
f 7073//7074 7076//7074 7075//7074
f 7074//7075 7075//7075 7073//7075
f 7075//7076 7076//7076 7073//7076
f 7077//7077 7079//7077 7078//7077
f 7077//7078 7080//7078 7079//7078
f 7078//7079 7079//7079 7077//7079
f 7079//7080 7080//7080 7077//7080
f 7081//7081 7083//7081 7082//7081
f 7081//7082 7084//7082 7083//7082
f 7082//7083 7083//7083 7081//7083
f 7083//7084 7084//7084 7081//7084
f 7085//7085 7087//7085 7086//7085
f 7085//7086 7088//7086 7087//7086
f 7086//7087 7087//7087 7085//7087
f 7087//7088 7088//7088 7085//7088
f 7089//7089 7091//7089 7090//7089
f 7089//7090 7092//7090 7091//7090
f 7090//7091 7091//7091 7089//7091
f 7091//7092 7092//7092 7089//7092
f 7093//7093 7095//7093 7094//7093
f 7093//7094 7096//7094 7095//7094
f 7094//7095 7095//7095 7093//7095
f 7095//7096 7096//7096 7093//7096
f 7097//7097 7099//7097 7098//7097
f 7097//7098 7100//7098 7099//7098
f 7098//7099 7099//7099 7097//7099
f 7099//7100 7100//7100 7097//7100
f 7101//7101 7103//7101 7102//7101
f 7101//7102 7104//7102 7103//7102
f 7102//7103 7103//7103 7101//7103
f 7103//7104 7104//7104 7101//7104
f 7105//7105 7107//7105 7106//7105
f 7105//7106 7108//7106 7107//7106
f 7106//7107 7107//7107 7105//7107
f 7107//7108 7108//7108 7105//7108
f 7109//7109 7111//7109 7110//7109
f 7109//7110 7112//7110 7111//7110
f 7110//7111 7111//7111 7109//7111
f 7111//7112 7112//7112 7109//7112
f 7113//7113 7115//7113 7114//7113
f 7113//7114 7116//7114 7115//7114
f 7114//7115 7115//7115 7113//7115
f 7115//7116 7116//7116 7113//7116
f 7117//7117 7119//7117 7118//7117
f 7117//7118 7120//7118 7119//7118
f 7118//7119 7119//7119 7117//7119
f 7119//7120 7120//7120 7117//7120
f 7121//7121 7123//7121 7122//7121
f 7121//7122 7124//7122 7123//7122
f 7122//7123 7123//7123 7121//7123
f 7123//7124 7124//7124 7121//7124
f 7125//7125 7127//7125 7126//7125
f 7125//7126 7128//7126 7127//7126
f 7126//7127 7127//7127 7125//7127
f 7127//7128 7128//7128 7125//7128
f 7129//7129 7131//7129 7130//7129
f 7129//7130 7132//7130 7131//7130
f 7130//7131 7131//7131 7129//7131
f 7131//7132 7132//7132 7129//7132
f 7133//7133 7135//7133 7134//7133
f 7133//7134 7136//7134 7135//7134
f 7134//7135 7135//7135 7133//7135
f 7135//7136 7136//7136 7133//7136
f 7137//7137 7139//7137 7138//7137
f 7137//7138 7140//7138 7139//7138
f 7138//7139 7139//7139 7137//7139
f 7139//7140 7140//7140 7137//7140
f 7141//7141 7143//7141 7142//7141
f 7141//7142 7144//7142 7143//7142
f 7142//7143 7143//7143 7141//7143
f 7143//7144 7144//7144 7141//7144
f 7145//7145 7147//7145 7146//7145
f 7145//7146 7148//7146 7147//7146
f 7146//7147 7147//7147 7145//7147
f 7147//7148 7148//7148 7145//7148
f 7149//7149 7151//7149 7150//7149
f 7149//7150 7152//7150 7151//7150
f 7150//7151 7151//7151 7149//7151
f 7151//7152 7152//7152 7149//7152
f 7153//7153 7155//7153 7154//7153
f 7153//7154 7156//7154 7155//7154
f 7154//7155 7155//7155 7153//7155
f 7155//7156 7156//7156 7153//7156
f 7157//7157 7159//7157 7158//7157
f 7157//7158 7160//7158 7159//7158
f 7158//7159 7159//7159 7157//7159
f 7159//7160 7160//7160 7157//7160
f 7161//7161 7163//7161 7162//7161
f 7161//7162 7164//7162 7163//7162
f 7162//7163 7163//7163 7161//7163
f 7163//7164 7164//7164 7161//7164
f 7165//7165 7167//7165 7166//7165
f 7165//7166 7168//7166 7167//7166
f 7166//7167 7167//7167 7165//7167
f 7167//7168 7168//7168 7165//7168
f 7169//7169 7171//7169 7170//7169
f 7169//7170 7172//7170 7171//7170
f 7170//7171 7171//7171 7169//7171
f 7171//7172 7172//7172 7169//7172
f 7173//7173 7175//7173 7174//7173
f 7173//7174 7176//7174 7175//7174
f 7174//7175 7175//7175 7173//7175
f 7175//7176 7176//7176 7173//7176
f 7177//7177 7179//7177 7178//7177
f 7177//7178 7180//7178 7179//7178
f 7178//7179 7179//7179 7177//7179
f 7179//7180 7180//7180 7177//7180
f 7181//7181 7183//7181 7182//7181
f 7181//7182 7184//7182 7183//7182
f 7182//7183 7183//7183 7181//7183
f 7183//7184 7184//7184 7181//7184
f 7185//7185 7187//7185 7186//7185
f 7185//7186 7188//7186 7187//7186
f 7186//7187 7187//7187 7185//7187
f 7187//7188 7188//7188 7185//7188
f 7189//7189 7191//7189 7190//7189
f 7189//7190 7192//7190 7191//7190
f 7190//7191 7191//7191 7189//7191
f 7191//7192 7192//7192 7189//7192
f 7193//7193 7195//7193 7194//7193
f 7193//7194 7196//7194 7195//7194
f 7194//7195 7195//7195 7193//7195
f 7195//7196 7196//7196 7193//7196
f 7197//7197 7199//7197 7198//7197
f 7197//7198 7200//7198 7199//7198
f 7198//7199 7199//7199 7197//7199
f 7199//7200 7200//7200 7197//7200
f 7201//7201 7203//7201 7202//7201
f 7201//7202 7204//7202 7203//7202
f 7202//7203 7203//7203 7201//7203
f 7203//7204 7204//7204 7201//7204
f 7205//7205 7207//7205 7206//7205
f 7205//7206 7208//7206 7207//7206
f 7206//7207 7207//7207 7205//7207
f 7207//7208 7208//7208 7205//7208
f 7209//7209 7211//7209 7210//7209
f 7209//7210 7212//7210 7211//7210
f 7210//7211 7211//7211 7209//7211
f 7211//7212 7212//7212 7209//7212
f 7213//7213 7215//7213 7214//7213
f 7213//7214 7216//7214 7215//7214
f 7214//7215 7215//7215 7213//7215
f 7215//7216 7216//7216 7213//7216
f 7217//7217 7219//7217 7218//7217
f 7217//7218 7220//7218 7219//7218
f 7218//7219 7219//7219 7217//7219
f 7219//7220 7220//7220 7217//7220
f 7221//7221 7223//7221 7222//7221
f 7221//7222 7224//7222 7223//7222
f 7222//7223 7223//7223 7221//7223
f 7223//7224 7224//7224 7221//7224
f 7225//7225 7227//7225 7226//7225
f 7225//7226 7228//7226 7227//7226
f 7226//7227 7227//7227 7225//7227
f 7227//7228 7228//7228 7225//7228
f 7229//7229 7231//7229 7230//7229
f 7229//7230 7232//7230 7231//7230
f 7230//7231 7231//7231 7229//7231
f 7231//7232 7232//7232 7229//7232
f 7233//7233 7235//7233 7234//7233
f 7233//7234 7236//7234 7235//7234
f 7234//7235 7235//7235 7233//7235
f 7235//7236 7236//7236 7233//7236
f 7237//7237 7239//7237 7238//7237
f 7237//7238 7240//7238 7239//7238
f 7238//7239 7239//7239 7237//7239
f 7239//7240 7240//7240 7237//7240
f 7241//7241 7243//7241 7242//7241
f 7241//7242 7244//7242 7243//7242
f 7242//7243 7243//7243 7241//7243
f 7243//7244 7244//7244 7241//7244
f 7245//7245 7247//7245 7246//7245
f 7245//7246 7248//7246 7247//7246
f 7246//7247 7247//7247 7245//7247
f 7247//7248 7248//7248 7245//7248
f 7249//7249 7251//7249 7250//7249
f 7249//7250 7252//7250 7251//7250
f 7250//7251 7251//7251 7249//7251
f 7251//7252 7252//7252 7249//7252
f 7253//7253 7255//7253 7254//7253
f 7253//7254 7256//7254 7255//7254
f 7254//7255 7255//7255 7253//7255
f 7255//7256 7256//7256 7253//7256
f 7257//7257 7259//7257 7258//7257
f 7257//7258 7260//7258 7259//7258
f 7258//7259 7259//7259 7257//7259
f 7259//7260 7260//7260 7257//7260
f 7261//7261 7263//7261 7262//7261
f 7261//7262 7264//7262 7263//7262
f 7262//7263 7263//7263 7261//7263
f 7263//7264 7264//7264 7261//7264
f 7265//7265 7267//7265 7266//7265
f 7265//7266 7268//7266 7267//7266
f 7266//7267 7267//7267 7265//7267
f 7267//7268 7268//7268 7265//7268
f 7269//7269 7271//7269 7270//7269
f 7269//7270 7272//7270 7271//7270
f 7270//7271 7271//7271 7269//7271
f 7271//7272 7272//7272 7269//7272
f 7273//7273 7275//7273 7274//7273
f 7273//7274 7276//7274 7275//7274
f 7274//7275 7275//7275 7273//7275
f 7275//7276 7276//7276 7273//7276
f 7277//7277 7279//7277 7278//7277
f 7277//7278 7280//7278 7279//7278
f 7278//7279 7279//7279 7277//7279
f 7279//7280 7280//7280 7277//7280
f 7281//7281 7283//7281 7282//7281
f 7281//7282 7284//7282 7283//7282
f 7282//7283 7283//7283 7281//7283
f 7283//7284 7284//7284 7281//7284
f 7285//7285 7287//7285 7286//7285
f 7285//7286 7288//7286 7287//7286
f 7286//7287 7287//7287 7285//7287
f 7287//7288 7288//7288 7285//7288
f 7289//7289 7291//7289 7290//7289
f 7289//7290 7292//7290 7291//7290
f 7290//7291 7291//7291 7289//7291
f 7291//7292 7292//7292 7289//7292
f 7293//7293 7295//7293 7294//7293
f 7293//7294 7296//7294 7295//7294
f 7294//7295 7295//7295 7293//7295
f 7295//7296 7296//7296 7293//7296
f 7297//7297 7299//7297 7298//7297
f 7297//7298 7300//7298 7299//7298
f 7298//7299 7299//7299 7297//7299
f 7299//7300 7300//7300 7297//7300
f 7301//7301 7303//7301 7302//7301
f 7301//7302 7304//7302 7303//7302
f 7302//7303 7303//7303 7301//7303
f 7303//7304 7304//7304 7301//7304
f 7305//7305 7307//7305 7306//7305
f 7305//7306 7308//7306 7307//7306
f 7306//7307 7307//7307 7305//7307
f 7307//7308 7308//7308 7305//7308
f 7309//7309 7311//7309 7310//7309
f 7309//7310 7312//7310 7311//7310
f 7310//7311 7311//7311 7309//7311
f 7311//7312 7312//7312 7309//7312
f 7313//7313 7315//7313 7314//7313
f 7313//7314 7316//7314 7315//7314
f 7314//7315 7315//7315 7313//7315
f 7315//7316 7316//7316 7313//7316
f 7317//7317 7319//7317 7318//7317
f 7317//7318 7320//7318 7319//7318
f 7318//7319 7319//7319 7317//7319
f 7319//7320 7320//7320 7317//7320
f 7321//7321 7323//7321 7322//7321
f 7321//7322 7324//7322 7323//7322
f 7322//7323 7323//7323 7321//7323
f 7323//7324 7324//7324 7321//7324
f 7325//7325 7327//7325 7326//7325
f 7325//7326 7328//7326 7327//7326
f 7326//7327 7327//7327 7325//7327
f 7327//7328 7328//7328 7325//7328
f 7329//7329 7331//7329 7330//7329
f 7329//7330 7332//7330 7331//7330
f 7330//7331 7331//7331 7329//7331
f 7331//7332 7332//7332 7329//7332
f 7333//7333 7335//7333 7334//7333
f 7333//7334 7336//7334 7335//7334
f 7334//7335 7335//7335 7333//7335
f 7335//7336 7336//7336 7333//7336
f 7337//7337 7339//7337 7338//7337
f 7337//7338 7340//7338 7339//7338
f 7338//7339 7339//7339 7337//7339
f 7339//7340 7340//7340 7337//7340
f 7341//7341 7343//7341 7342//7341
f 7341//7342 7344//7342 7343//7342
f 7342//7343 7343//7343 7341//7343
f 7343//7344 7344//7344 7341//7344
f 7345//7345 7347//7345 7346//7345
f 7345//7346 7348//7346 7347//7346
f 7346//7347 7347//7347 7345//7347
f 7347//7348 7348//7348 7345//7348
f 7349//7349 7351//7349 7350//7349
f 7349//7350 7352//7350 7351//7350
f 7350//7351 7351//7351 7349//7351
f 7351//7352 7352//7352 7349//7352
f 7353//7353 7355//7353 7354//7353
f 7353//7354 7356//7354 7355//7354
f 7354//7355 7355//7355 7353//7355
f 7355//7356 7356//7356 7353//7356
f 7357//7357 7359//7357 7358//7357
f 7357//7358 7360//7358 7359//7358
f 7358//7359 7359//7359 7357//7359
f 7359//7360 7360//7360 7357//7360
f 7361//7361 7363//7361 7362//7361
f 7361//7362 7364//7362 7363//7362
f 7362//7363 7363//7363 7361//7363
f 7363//7364 7364//7364 7361//7364
f 7365//7365 7367//7365 7366//7365
f 7365//7366 7368//7366 7367//7366
f 7366//7367 7367//7367 7365//7367
f 7367//7368 7368//7368 7365//7368
f 7369//7369 7371//7369 7370//7369
f 7369//7370 7372//7370 7371//7370
f 7370//7371 7371//7371 7369//7371
f 7371//7372 7372//7372 7369//7372
f 7373//7373 7375//7373 7374//7373
f 7373//7374 7376//7374 7375//7374
f 7374//7375 7375//7375 7373//7375
f 7375//7376 7376//7376 7373//7376
f 7377//7377 7379//7377 7378//7377
f 7377//7378 7380//7378 7379//7378
f 7378//7379 7379//7379 7377//7379
f 7379//7380 7380//7380 7377//7380
f 7381//7381 7383//7381 7382//7381
f 7381//7382 7384//7382 7383//7382
f 7382//7383 7383//7383 7381//7383
f 7383//7384 7384//7384 7381//7384
f 7385//7385 7387//7385 7386//7385
f 7385//7386 7388//7386 7387//7386
f 7386//7387 7387//7387 7385//7387
f 7387//7388 7388//7388 7385//7388
f 7389//7389 7391//7389 7390//7389
f 7389//7390 7392//7390 7391//7390
f 7390//7391 7391//7391 7389//7391
f 7391//7392 7392//7392 7389//7392
f 7393//7393 7395//7393 7394//7393
f 7393//7394 7396//7394 7395//7394
f 7394//7395 7395//7395 7393//7395
f 7395//7396 7396//7396 7393//7396
f 7397//7397 7399//7397 7398//7397
f 7397//7398 7400//7398 7399//7398
f 7398//7399 7399//7399 7397//7399
f 7399//7400 7400//7400 7397//7400
f 7401//7401 7403//7401 7402//7401
f 7401//7402 7404//7402 7403//7402
f 7402//7403 7403//7403 7401//7403
f 7403//7404 7404//7404 7401//7404
f 7405//7405 7407//7405 7406//7405
f 7405//7406 7408//7406 7407//7406
f 7406//7407 7407//7407 7405//7407
f 7407//7408 7408//7408 7405//7408
f 7409//7409 7411//7409 7410//7409
f 7409//7410 7412//7410 7411//7410
f 7410//7411 7411//7411 7409//7411
f 7411//7412 7412//7412 7409//7412
f 7413//7413 7415//7413 7414//7413
f 7413//7414 7416//7414 7415//7414
f 7414//7415 7415//7415 7413//7415
f 7415//7416 7416//7416 7413//7416
f 7417//7417 7419//7417 7418//7417
f 7417//7418 7420//7418 7419//7418
f 7418//7419 7419//7419 7417//7419
f 7419//7420 7420//7420 7417//7420
f 7421//7421 7423//7421 7422//7421
f 7421//7422 7424//7422 7423//7422
f 7422//7423 7423//7423 7421//7423
f 7423//7424 7424//7424 7421//7424
f 7425//7425 7427//7425 7426//7425
f 7425//7426 7428//7426 7427//7426
f 7426//7427 7427//7427 7425//7427
f 7427//7428 7428//7428 7425//7428
f 7429//7429 7431//7429 7430//7429
f 7429//7430 7432//7430 7431//7430
f 7430//7431 7431//7431 7429//7431
f 7431//7432 7432//7432 7429//7432
f 7433//7433 7435//7433 7434//7433
f 7433//7434 7436//7434 7435//7434
f 7434//7435 7435//7435 7433//7435
f 7435//7436 7436//7436 7433//7436
f 7437//7437 7439//7437 7438//7437
f 7437//7438 7440//7438 7439//7438
f 7438//7439 7439//7439 7437//7439
f 7439//7440 7440//7440 7437//7440
f 7441//7441 7443//7441 7442//7441
f 7441//7442 7444//7442 7443//7442
f 7442//7443 7443//7443 7441//7443
f 7443//7444 7444//7444 7441//7444
f 7445//7445 7447//7445 7446//7445
f 7445//7446 7448//7446 7447//7446
f 7446//7447 7447//7447 7445//7447
f 7447//7448 7448//7448 7445//7448
f 7449//7449 7451//7449 7450//7449
f 7449//7450 7452//7450 7451//7450
f 7450//7451 7451//7451 7449//7451
f 7451//7452 7452//7452 7449//7452
f 7453//7453 7455//7453 7454//7453
f 7453//7454 7456//7454 7455//7454
f 7454//7455 7455//7455 7453//7455
f 7455//7456 7456//7456 7453//7456
f 7457//7457 7459//7457 7458//7457
f 7457//7458 7460//7458 7459//7458
f 7458//7459 7459//7459 7457//7459
f 7459//7460 7460//7460 7457//7460
f 7461//7461 7463//7461 7462//7461
f 7461//7462 7464//7462 7463//7462
f 7462//7463 7463//7463 7461//7463
f 7463//7464 7464//7464 7461//7464
f 7465//7465 7467//7465 7466//7465
f 7465//7466 7468//7466 7467//7466
f 7466//7467 7467//7467 7465//7467
f 7467//7468 7468//7468 7465//7468
f 7469//7469 7471//7469 7470//7469
f 7469//7470 7472//7470 7471//7470
f 7470//7471 7471//7471 7469//7471
f 7471//7472 7472//7472 7469//7472
f 7473//7473 7475//7473 7474//7473
f 7473//7474 7476//7474 7475//7474
f 7474//7475 7475//7475 7473//7475
f 7475//7476 7476//7476 7473//7476
f 7477//7477 7479//7477 7478//7477
f 7477//7478 7480//7478 7479//7478
f 7478//7479 7479//7479 7477//7479
f 7479//7480 7480//7480 7477//7480
f 7481//7481 7483//7481 7482//7481
f 7481//7482 7484//7482 7483//7482
f 7482//7483 7483//7483 7481//7483
f 7483//7484 7484//7484 7481//7484
f 7485//7485 7487//7485 7486//7485
f 7485//7486 7488//7486 7487//7486
f 7486//7487 7487//7487 7485//7487
f 7487//7488 7488//7488 7485//7488
f 7489//7489 7491//7489 7490//7489
f 7489//7490 7492//7490 7491//7490
f 7490//7491 7491//7491 7489//7491
f 7491//7492 7492//7492 7489//7492
f 7493//7493 7495//7493 7494//7493
f 7493//7494 7496//7494 7495//7494
f 7494//7495 7495//7495 7493//7495
f 7495//7496 7496//7496 7493//7496
f 7497//7497 7499//7497 7498//7497
f 7497//7498 7500//7498 7499//7498
f 7498//7499 7499//7499 7497//7499
f 7499//7500 7500//7500 7497//7500
f 7501//7501 7503//7501 7502//7501
f 7501//7502 7504//7502 7503//7502
f 7502//7503 7503//7503 7501//7503
f 7503//7504 7504//7504 7501//7504
f 7505//7505 7507//7505 7506//7505
f 7505//7506 7508//7506 7507//7506
f 7506//7507 7507//7507 7505//7507
f 7507//7508 7508//7508 7505//7508
f 7509//7509 7511//7509 7510//7509
f 7509//7510 7512//7510 7511//7510
f 7510//7511 7511//7511 7509//7511
f 7511//7512 7512//7512 7509//7512
f 7513//7513 7515//7513 7514//7513
f 7513//7514 7516//7514 7515//7514
f 7514//7515 7515//7515 7513//7515
f 7515//7516 7516//7516 7513//7516
f 7517//7517 7519//7517 7518//7517
f 7517//7518 7520//7518 7519//7518
f 7518//7519 7519//7519 7517//7519
f 7519//7520 7520//7520 7517//7520
f 7521//7521 7523//7521 7522//7521
f 7521//7522 7524//7522 7523//7522
f 7522//7523 7523//7523 7521//7523
f 7523//7524 7524//7524 7521//7524
f 7525//7525 7527//7525 7526//7525
f 7525//7526 7528//7526 7527//7526
f 7526//7527 7527//7527 7525//7527
f 7527//7528 7528//7528 7525//7528
f 7529//7529 7531//7529 7530//7529
f 7529//7530 7532//7530 7531//7530
f 7530//7531 7531//7531 7529//7531
f 7531//7532 7532//7532 7529//7532
f 7533//7533 7535//7533 7534//7533
f 7533//7534 7536//7534 7535//7534
f 7534//7535 7535//7535 7533//7535
f 7535//7536 7536//7536 7533//7536
f 7537//7537 7539//7537 7538//7537
f 7537//7538 7540//7538 7539//7538
f 7538//7539 7539//7539 7537//7539
f 7539//7540 7540//7540 7537//7540
f 7541//7541 7543//7541 7542//7541
f 7541//7542 7544//7542 7543//7542
f 7542//7543 7543//7543 7541//7543
f 7543//7544 7544//7544 7541//7544
f 7545//7545 7547//7545 7546//7545
f 7545//7546 7548//7546 7547//7546
f 7546//7547 7547//7547 7545//7547
f 7547//7548 7548//7548 7545//7548
f 7549//7549 7551//7549 7550//7549
f 7549//7550 7552//7550 7551//7550
f 7550//7551 7551//7551 7549//7551
f 7551//7552 7552//7552 7549//7552
f 7553//7553 7555//7553 7554//7553
f 7553//7554 7556//7554 7555//7554
f 7554//7555 7555//7555 7553//7555
f 7555//7556 7556//7556 7553//7556
f 7557//7557 7559//7557 7558//7557
f 7557//7558 7560//7558 7559//7558
f 7558//7559 7559//7559 7557//7559
f 7559//7560 7560//7560 7557//7560
f 7561//7561 7563//7561 7562//7561
f 7561//7562 7564//7562 7563//7562
f 7562//7563 7563//7563 7561//7563
f 7563//7564 7564//7564 7561//7564
f 7565//7565 7567//7565 7566//7565
f 7565//7566 7568//7566 7567//7566
f 7566//7567 7567//7567 7565//7567
f 7567//7568 7568//7568 7565//7568
f 7569//7569 7571//7569 7570//7569
f 7569//7570 7572//7570 7571//7570
f 7570//7571 7571//7571 7569//7571
f 7571//7572 7572//7572 7569//7572
f 7573//7573 7575//7573 7574//7573
f 7573//7574 7576//7574 7575//7574
f 7574//7575 7575//7575 7573//7575
f 7575//7576 7576//7576 7573//7576
f 7577//7577 7579//7577 7578//7577
f 7577//7578 7580//7578 7579//7578
f 7578//7579 7579//7579 7577//7579
f 7579//7580 7580//7580 7577//7580
f 7581//7581 7583//7581 7582//7581
f 7581//7582 7584//7582 7583//7582
f 7582//7583 7583//7583 7581//7583
f 7583//7584 7584//7584 7581//7584
f 7585//7585 7587//7585 7586//7585
f 7585//7586 7588//7586 7587//7586
f 7586//7587 7587//7587 7585//7587
f 7587//7588 7588//7588 7585//7588
f 7589//7589 7591//7589 7590//7589
f 7589//7590 7592//7590 7591//7590
f 7590//7591 7591//7591 7589//7591
f 7591//7592 7592//7592 7589//7592
f 7593//7593 7595//7593 7594//7593
f 7593//7594 7596//7594 7595//7594
f 7594//7595 7595//7595 7593//7595
f 7595//7596 7596//7596 7593//7596
f 7597//7597 7599//7597 7598//7597
f 7597//7598 7600//7598 7599//7598
f 7598//7599 7599//7599 7597//7599
f 7599//7600 7600//7600 7597//7600
f 7601//7601 7603//7601 7602//7601
f 7601//7602 7604//7602 7603//7602
f 7602//7603 7603//7603 7601//7603
f 7603//7604 7604//7604 7601//7604
f 7605//7605 7607//7605 7606//7605
f 7605//7606 7608//7606 7607//7606
f 7606//7607 7607//7607 7605//7607
f 7607//7608 7608//7608 7605//7608
f 7609//7609 7611//7609 7610//7609
f 7609//7610 7612//7610 7611//7610
f 7610//7611 7611//7611 7609//7611
f 7611//7612 7612//7612 7609//7612
f 7613//7613 7615//7613 7614//7613
f 7613//7614 7616//7614 7615//7614
f 7614//7615 7615//7615 7613//7615
f 7615//7616 7616//7616 7613//7616
f 7617//7617 7619//7617 7618//7617
f 7617//7618 7620//7618 7619//7618
f 7618//7619 7619//7619 7617//7619
f 7619//7620 7620//7620 7617//7620
f 7621//7621 7623//7621 7622//7621
f 7621//7622 7624//7622 7623//7622
f 7622//7623 7623//7623 7621//7623
f 7623//7624 7624//7624 7621//7624
f 7625//7625 7627//7625 7626//7625
f 7625//7626 7628//7626 7627//7626
f 7626//7627 7627//7627 7625//7627
f 7627//7628 7628//7628 7625//7628
f 7629//7629 7631//7629 7630//7629
f 7629//7630 7632//7630 7631//7630
f 7630//7631 7631//7631 7629//7631
f 7631//7632 7632//7632 7629//7632
f 7633//7633 7635//7633 7634//7633
f 7633//7634 7636//7634 7635//7634
f 7634//7635 7635//7635 7633//7635
f 7635//7636 7636//7636 7633//7636
f 7637//7637 7639//7637 7638//7637
f 7637//7638 7640//7638 7639//7638
f 7638//7639 7639//7639 7637//7639
f 7639//7640 7640//7640 7637//7640
f 7641//7641 7643//7641 7642//7641
f 7641//7642 7644//7642 7643//7642
f 7642//7643 7643//7643 7641//7643
f 7643//7644 7644//7644 7641//7644
f 7645//7645 7647//7645 7646//7645
f 7645//7646 7648//7646 7647//7646
f 7646//7647 7647//7647 7645//7647
f 7647//7648 7648//7648 7645//7648
f 7649//7649 7651//7649 7650//7649
f 7649//7650 7652//7650 7651//7650
f 7650//7651 7651//7651 7649//7651
f 7651//7652 7652//7652 7649//7652
f 7653//7653 7655//7653 7654//7653
f 7653//7654 7656//7654 7655//7654
f 7654//7655 7655//7655 7653//7655
f 7655//7656 7656//7656 7653//7656
f 7657//7657 7659//7657 7658//7657
f 7657//7658 7660//7658 7659//7658
f 7658//7659 7659//7659 7657//7659
f 7659//7660 7660//7660 7657//7660
f 7661//7661 7663//7661 7662//7661
f 7661//7662 7664//7662 7663//7662
f 7662//7663 7663//7663 7661//7663
f 7663//7664 7664//7664 7661//7664
f 7665//7665 7667//7665 7666//7665
f 7665//7666 7668//7666 7667//7666
f 7666//7667 7667//7667 7665//7667
f 7667//7668 7668//7668 7665//7668
f 7669//7669 7671//7669 7670//7669
f 7669//7670 7672//7670 7671//7670
f 7670//7671 7671//7671 7669//7671
f 7671//7672 7672//7672 7669//7672
f 7673//7673 7675//7673 7674//7673
f 7673//7674 7676//7674 7675//7674
f 7674//7675 7675//7675 7673//7675
f 7675//7676 7676//7676 7673//7676
f 7677//7677 7679//7677 7678//7677
f 7677//7678 7680//7678 7679//7678
f 7678//7679 7679//7679 7677//7679
f 7679//7680 7680//7680 7677//7680
f 7681//7681 7683//7681 7682//7681
f 7681//7682 7684//7682 7683//7682
f 7682//7683 7683//7683 7681//7683
f 7683//7684 7684//7684 7681//7684
f 7685//7685 7687//7685 7686//7685
f 7685//7686 7688//7686 7687//7686
f 7686//7687 7687//7687 7685//7687
f 7687//7688 7688//7688 7685//7688
f 7689//7689 7691//7689 7690//7689
f 7689//7690 7692//7690 7691//7690
f 7690//7691 7691//7691 7689//7691
f 7691//7692 7692//7692 7689//7692
f 7693//7693 7695//7693 7694//7693
f 7693//7694 7696//7694 7695//7694
f 7694//7695 7695//7695 7693//7695
f 7695//7696 7696//7696 7693//7696
f 7697//7697 7699//7697 7698//7697
f 7697//7698 7700//7698 7699//7698
f 7698//7699 7699//7699 7697//7699
f 7699//7700 7700//7700 7697//7700
f 7701//7701 7703//7701 7702//7701
f 7701//7702 7704//7702 7703//7702
f 7702//7703 7703//7703 7701//7703
f 7703//7704 7704//7704 7701//7704
f 7705//7705 7707//7705 7706//7705
f 7705//7706 7708//7706 7707//7706
f 7706//7707 7707//7707 7705//7707
f 7707//7708 7708//7708 7705//7708
f 7709//7709 7711//7709 7710//7709
f 7709//7710 7712//7710 7711//7710
f 7710//7711 7711//7711 7709//7711
f 7711//7712 7712//7712 7709//7712
f 7713//7713 7715//7713 7714//7713
f 7713//7714 7716//7714 7715//7714
f 7714//7715 7715//7715 7713//7715
f 7715//7716 7716//7716 7713//7716
f 7717//7717 7719//7717 7718//7717
f 7717//7718 7720//7718 7719//7718
f 7718//7719 7719//7719 7717//7719
f 7719//7720 7720//7720 7717//7720
f 7721//7721 7723//7721 7722//7721
f 7721//7722 7724//7722 7723//7722
f 7722//7723 7723//7723 7721//7723
f 7723//7724 7724//7724 7721//7724
f 7725//7725 7727//7725 7726//7725
f 7725//7726 7728//7726 7727//7726
f 7726//7727 7727//7727 7725//7727
f 7727//7728 7728//7728 7725//7728
f 7729//7729 7731//7729 7730//7729
f 7729//7730 7732//7730 7731//7730
f 7730//7731 7731//7731 7729//7731
f 7731//7732 7732//7732 7729//7732
f 7733//7733 7735//7733 7734//7733
f 7733//7734 7736//7734 7735//7734
f 7734//7735 7735//7735 7733//7735
f 7735//7736 7736//7736 7733//7736
f 7737//7737 7739//7737 7738//7737
f 7737//7738 7740//7738 7739//7738
f 7738//7739 7739//7739 7737//7739
f 7739//7740 7740//7740 7737//7740
f 7741//7741 7743//7741 7742//7741
f 7741//7742 7744//7742 7743//7742
f 7742//7743 7743//7743 7741//7743
f 7743//7744 7744//7744 7741//7744
f 7745//7745 7747//7745 7746//7745
f 7745//7746 7748//7746 7747//7746
f 7746//7747 7747//7747 7745//7747
f 7747//7748 7748//7748 7745//7748
f 7749//7749 7751//7749 7750//7749
f 7749//7750 7752//7750 7751//7750
f 7750//7751 7751//7751 7749//7751
f 7751//7752 7752//7752 7749//7752
f 7753//7753 7755//7753 7754//7753
f 7753//7754 7756//7754 7755//7754
f 7754//7755 7755//7755 7753//7755
f 7755//7756 7756//7756 7753//7756
f 7757//7757 7759//7757 7758//7757
f 7757//7758 7760//7758 7759//7758
f 7758//7759 7759//7759 7757//7759
f 7759//7760 7760//7760 7757//7760
f 7761//7761 7763//7761 7762//7761
f 7761//7762 7764//7762 7763//7762
f 7762//7763 7763//7763 7761//7763
f 7763//7764 7764//7764 7761//7764
f 7765//7765 7767//7765 7766//7765
f 7765//7766 7768//7766 7767//7766
f 7766//7767 7767//7767 7765//7767
f 7767//7768 7768//7768 7765//7768
f 7769//7769 7771//7769 7770//7769
f 7769//7770 7772//7770 7771//7770
f 7770//7771 7771//7771 7769//7771
f 7771//7772 7772//7772 7769//7772
f 7773//7773 7775//7773 7774//7773
f 7773//7774 7776//7774 7775//7774
f 7774//7775 7775//7775 7773//7775
f 7775//7776 7776//7776 7773//7776
f 7777//7777 7779//7777 7778//7777
f 7777//7778 7780//7778 7779//7778
f 7778//7779 7779//7779 7777//7779
f 7779//7780 7780//7780 7777//7780
f 7781//7781 7783//7781 7782//7781
f 7781//7782 7784//7782 7783//7782
f 7782//7783 7783//7783 7781//7783
f 7783//7784 7784//7784 7781//7784
f 7785//7785 7787//7785 7786//7785
f 7785//7786 7788//7786 7787//7786
f 7786//7787 7787//7787 7785//7787
f 7787//7788 7788//7788 7785//7788
f 7789//7789 7791//7789 7790//7789
f 7789//7790 7792//7790 7791//7790
f 7790//7791 7791//7791 7789//7791
f 7791//7792 7792//7792 7789//7792
f 7793//7793 7795//7793 7794//7793
f 7793//7794 7796//7794 7795//7794
f 7794//7795 7795//7795 7793//7795
f 7795//7796 7796//7796 7793//7796
f 7797//7797 7799//7797 7798//7797
f 7797//7798 7800//7798 7799//7798
f 7798//7799 7799//7799 7797//7799
f 7799//7800 7800//7800 7797//7800
f 7801//7801 7803//7801 7802//7801
f 7801//7802 7804//7802 7803//7802
f 7802//7803 7803//7803 7801//7803
f 7803//7804 7804//7804 7801//7804
f 7805//7805 7807//7805 7806//7805
f 7805//7806 7808//7806 7807//7806
f 7806//7807 7807//7807 7805//7807
f 7807//7808 7808//7808 7805//7808
f 7809//7809 7811//7809 7810//7809
f 7809//7810 7812//7810 7811//7810
f 7810//7811 7811//7811 7809//7811
f 7811//7812 7812//7812 7809//7812
f 7813//7813 7815//7813 7814//7813
f 7813//7814 7816//7814 7815//7814
f 7814//7815 7815//7815 7813//7815
f 7815//7816 7816//7816 7813//7816
f 7817//7817 7819//7817 7818//7817
f 7817//7818 7820//7818 7819//7818
f 7818//7819 7819//7819 7817//7819
f 7819//7820 7820//7820 7817//7820
f 7821//7821 7823//7821 7822//7821
f 7821//7822 7824//7822 7823//7822
f 7822//7823 7823//7823 7821//7823
f 7823//7824 7824//7824 7821//7824
f 7825//7825 7827//7825 7826//7825
f 7825//7826 7828//7826 7827//7826
f 7826//7827 7827//7827 7825//7827
f 7827//7828 7828//7828 7825//7828
f 7829//7829 7831//7829 7830//7829
f 7829//7830 7832//7830 7831//7830
f 7830//7831 7831//7831 7829//7831
f 7831//7832 7832//7832 7829//7832
f 7833//7833 7835//7833 7834//7833
f 7833//7834 7836//7834 7835//7834
f 7834//7835 7835//7835 7833//7835
f 7835//7836 7836//7836 7833//7836
f 7837//7837 7839//7837 7838//7837
f 7837//7838 7840//7838 7839//7838
f 7838//7839 7839//7839 7837//7839
f 7839//7840 7840//7840 7837//7840
f 7841//7841 7843//7841 7842//7841
f 7841//7842 7844//7842 7843//7842
f 7842//7843 7843//7843 7841//7843
f 7843//7844 7844//7844 7841//7844
f 7845//7845 7847//7845 7846//7845
f 7845//7846 7848//7846 7847//7846
f 7846//7847 7847//7847 7845//7847
f 7847//7848 7848//7848 7845//7848
f 7849//7849 7851//7849 7850//7849
f 7849//7850 7852//7850 7851//7850
f 7850//7851 7851//7851 7849//7851
f 7851//7852 7852//7852 7849//7852
f 7853//7853 7855//7853 7854//7853
f 7853//7854 7856//7854 7855//7854
f 7854//7855 7855//7855 7853//7855
f 7855//7856 7856//7856 7853//7856
f 7857//7857 7859//7857 7858//7857
f 7857//7858 7860//7858 7859//7858
f 7858//7859 7859//7859 7857//7859
f 7859//7860 7860//7860 7857//7860
f 7861//7861 7863//7861 7862//7861
f 7861//7862 7864//7862 7863//7862
f 7862//7863 7863//7863 7861//7863
f 7863//7864 7864//7864 7861//7864
f 7865//7865 7867//7865 7866//7865
f 7865//7866 7868//7866 7867//7866
f 7866//7867 7867//7867 7865//7867
f 7867//7868 7868//7868 7865//7868
f 7869//7869 7871//7869 7870//7869
f 7869//7870 7872//7870 7871//7870
f 7870//7871 7871//7871 7869//7871
f 7871//7872 7872//7872 7869//7872
f 7873//7873 7875//7873 7874//7873
f 7873//7874 7876//7874 7875//7874
f 7874//7875 7875//7875 7873//7875
f 7875//7876 7876//7876 7873//7876
f 7877//7877 7879//7877 7878//7877
f 7877//7878 7880//7878 7879//7878
f 7878//7879 7879//7879 7877//7879
f 7879//7880 7880//7880 7877//7880
f 7881//7881 7883//7881 7882//7881
f 7881//7882 7884//7882 7883//7882
f 7882//7883 7883//7883 7881//7883
f 7883//7884 7884//7884 7881//7884
f 7885//7885 7887//7885 7886//7885
f 7885//7886 7888//7886 7887//7886
f 7886//7887 7887//7887 7885//7887
f 7887//7888 7888//7888 7885//7888
f 7889//7889 7891//7889 7890//7889
f 7889//7890 7892//7890 7891//7890
f 7890//7891 7891//7891 7889//7891
f 7891//7892 7892//7892 7889//7892
f 7893//7893 7895//7893 7894//7893
f 7893//7894 7896//7894 7895//7894
f 7894//7895 7895//7895 7893//7895
f 7895//7896 7896//7896 7893//7896
f 7897//7897 7899//7897 7898//7897
f 7897//7898 7900//7898 7899//7898
f 7898//7899 7899//7899 7897//7899
f 7899//7900 7900//7900 7897//7900
f 7901//7901 7903//7901 7902//7901
f 7901//7902 7904//7902 7903//7902
f 7902//7903 7903//7903 7901//7903
f 7903//7904 7904//7904 7901//7904
f 7905//7905 7907//7905 7906//7905
f 7905//7906 7908//7906 7907//7906
f 7906//7907 7907//7907 7905//7907
f 7907//7908 7908//7908 7905//7908
f 7909//7909 7911//7909 7910//7909
f 7909//7910 7912//7910 7911//7910
f 7910//7911 7911//7911 7909//7911
f 7911//7912 7912//7912 7909//7912
f 7913//7913 7915//7913 7914//7913
f 7913//7914 7916//7914 7915//7914
f 7914//7915 7915//7915 7913//7915
f 7915//7916 7916//7916 7913//7916
f 7917//7917 7919//7917 7918//7917
f 7917//7918 7920//7918 7919//7918
f 7918//7919 7919//7919 7917//7919
f 7919//7920 7920//7920 7917//7920
f 7921//7921 7923//7921 7922//7921
f 7921//7922 7924//7922 7923//7922
f 7922//7923 7923//7923 7921//7923
f 7923//7924 7924//7924 7921//7924
f 7925//7925 7927//7925 7926//7925
f 7925//7926 7928//7926 7927//7926
f 7926//7927 7927//7927 7925//7927
f 7927//7928 7928//7928 7925//7928
f 7929//7929 7931//7929 7930//7929
f 7929//7930 7932//7930 7931//7930
f 7930//7931 7931//7931 7929//7931
f 7931//7932 7932//7932 7929//7932
f 7933//7933 7935//7933 7934//7933
f 7933//7934 7936//7934 7935//7934
f 7934//7935 7935//7935 7933//7935
f 7935//7936 7936//7936 7933//7936
f 7937//7937 7939//7937 7938//7937
f 7937//7938 7940//7938 7939//7938
f 7938//7939 7939//7939 7937//7939
f 7939//7940 7940//7940 7937//7940
f 7941//7941 7943//7941 7942//7941
f 7941//7942 7944//7942 7943//7942
f 7942//7943 7943//7943 7941//7943
f 7943//7944 7944//7944 7941//7944
f 7945//7945 7947//7945 7946//7945
f 7945//7946 7948//7946 7947//7946
f 7946//7947 7947//7947 7945//7947
f 7947//7948 7948//7948 7945//7948
f 7949//7949 7951//7949 7950//7949
f 7949//7950 7952//7950 7951//7950
f 7950//7951 7951//7951 7949//7951
f 7951//7952 7952//7952 7949//7952
f 7953//7953 7955//7953 7954//7953
f 7953//7954 7956//7954 7955//7954
f 7954//7955 7955//7955 7953//7955
f 7955//7956 7956//7956 7953//7956
f 7957//7957 7959//7957 7958//7957
f 7957//7958 7960//7958 7959//7958
f 7958//7959 7959//7959 7957//7959
f 7959//7960 7960//7960 7957//7960
f 7961//7961 7963//7961 7962//7961
f 7961//7962 7964//7962 7963//7962
f 7962//7963 7963//7963 7961//7963
f 7963//7964 7964//7964 7961//7964
f 7965//7965 7967//7965 7966//7965
f 7965//7966 7968//7966 7967//7966
f 7966//7967 7967//7967 7965//7967
f 7967//7968 7968//7968 7965//7968
f 7969//7969 7971//7969 7970//7969
f 7969//7970 7972//7970 7971//7970
f 7970//7971 7971//7971 7969//7971
f 7971//7972 7972//7972 7969//7972
f 7973//7973 7975//7973 7974//7973
f 7973//7974 7976//7974 7975//7974
f 7974//7975 7975//7975 7973//7975
f 7975//7976 7976//7976 7973//7976
f 7977//7977 7979//7977 7978//7977
f 7977//7978 7980//7978 7979//7978
f 7978//7979 7979//7979 7977//7979
f 7979//7980 7980//7980 7977//7980
f 7981//7981 7983//7981 7982//7981
f 7981//7982 7984//7982 7983//7982
f 7982//7983 7983//7983 7981//7983
f 7983//7984 7984//7984 7981//7984
f 7985//7985 7987//7985 7986//7985
f 7985//7986 7988//7986 7987//7986
f 7986//7987 7987//7987 7985//7987
f 7987//7988 7988//7988 7985//7988
f 7989//7989 7991//7989 7990//7989
f 7989//7990 7992//7990 7991//7990
f 7990//7991 7991//7991 7989//7991
f 7991//7992 7992//7992 7989//7992
f 7993//7993 7995//7993 7994//7993
f 7993//7994 7996//7994 7995//7994
f 7994//7995 7995//7995 7993//7995
f 7995//7996 7996//7996 7993//7996
f 7997//7997 7999//7997 7998//7997
f 7997//7998 8000//7998 7999//7998
f 7998//7999 7999//7999 7997//7999
f 7999//8000 8000//8000 7997//8000
f 8001//8001 8003//8001 8002//8001
f 8001//8002 8004//8002 8003//8002
f 8002//8003 8003//8003 8001//8003
f 8003//8004 8004//8004 8001//8004
f 8005//8005 8007//8005 8006//8005
f 8005//8006 8008//8006 8007//8006
f 8006//8007 8007//8007 8005//8007
f 8007//8008 8008//8008 8005//8008
f 8009//8009 8011//8009 8010//8009
f 8009//8010 8012//8010 8011//8010
f 8010//8011 8011//8011 8009//8011
f 8011//8012 8012//8012 8009//8012
f 8013//8013 8015//8013 8014//8013
f 8013//8014 8016//8014 8015//8014
f 8014//8015 8015//8015 8013//8015
f 8015//8016 8016//8016 8013//8016
f 8017//8017 8019//8017 8018//8017
f 8017//8018 8020//8018 8019//8018
f 8018//8019 8019//8019 8017//8019
f 8019//8020 8020//8020 8017//8020
f 8021//8021 8023//8021 8022//8021
f 8021//8022 8024//8022 8023//8022
f 8022//8023 8023//8023 8021//8023
f 8023//8024 8024//8024 8021//8024
f 8025//8025 8027//8025 8026//8025
f 8025//8026 8028//8026 8027//8026
f 8026//8027 8027//8027 8025//8027
f 8027//8028 8028//8028 8025//8028
f 8029//8029 8031//8029 8030//8029
f 8029//8030 8032//8030 8031//8030
f 8030//8031 8031//8031 8029//8031
f 8031//8032 8032//8032 8029//8032
f 8033//8033 8035//8033 8034//8033
f 8033//8034 8036//8034 8035//8034
f 8034//8035 8035//8035 8033//8035
f 8035//8036 8036//8036 8033//8036
f 8037//8037 8039//8037 8038//8037
f 8037//8038 8040//8038 8039//8038
f 8038//8039 8039//8039 8037//8039
f 8039//8040 8040//8040 8037//8040
f 8041//8041 8043//8041 8042//8041
f 8041//8042 8044//8042 8043//8042
f 8042//8043 8043//8043 8041//8043
f 8043//8044 8044//8044 8041//8044
f 8045//8045 8047//8045 8046//8045
f 8045//8046 8048//8046 8047//8046
f 8046//8047 8047//8047 8045//8047
f 8047//8048 8048//8048 8045//8048
f 8049//8049 8051//8049 8050//8049
f 8049//8050 8052//8050 8051//8050
f 8050//8051 8051//8051 8049//8051
f 8051//8052 8052//8052 8049//8052
f 8053//8053 8055//8053 8054//8053
f 8053//8054 8056//8054 8055//8054
f 8054//8055 8055//8055 8053//8055
f 8055//8056 8056//8056 8053//8056
f 8057//8057 8059//8057 8058//8057
f 8057//8058 8060//8058 8059//8058
f 8058//8059 8059//8059 8057//8059
f 8059//8060 8060//8060 8057//8060
f 8061//8061 8063//8061 8062//8061
f 8061//8062 8064//8062 8063//8062
f 8062//8063 8063//8063 8061//8063
f 8063//8064 8064//8064 8061//8064
f 8065//8065 8067//8065 8066//8065
f 8065//8066 8068//8066 8067//8066
f 8066//8067 8067//8067 8065//8067
f 8067//8068 8068//8068 8065//8068
f 8069//8069 8071//8069 8070//8069
f 8069//8070 8072//8070 8071//8070
f 8070//8071 8071//8071 8069//8071
f 8071//8072 8072//8072 8069//8072
f 8073//8073 8075//8073 8074//8073
f 8073//8074 8076//8074 8075//8074
f 8074//8075 8075//8075 8073//8075
f 8075//8076 8076//8076 8073//8076
f 8077//8077 8079//8077 8078//8077
f 8077//8078 8080//8078 8079//8078
f 8078//8079 8079//8079 8077//8079
f 8079//8080 8080//8080 8077//8080
f 8081//8081 8083//8081 8082//8081
f 8081//8082 8084//8082 8083//8082
f 8082//8083 8083//8083 8081//8083
f 8083//8084 8084//8084 8081//8084
f 8085//8085 8087//8085 8086//8085
f 8085//8086 8088//8086 8087//8086
f 8086//8087 8087//8087 8085//8087
f 8087//8088 8088//8088 8085//8088
f 8089//8089 8091//8089 8090//8089
f 8089//8090 8092//8090 8091//8090
f 8090//8091 8091//8091 8089//8091
f 8091//8092 8092//8092 8089//8092
f 8093//8093 8095//8093 8094//8093
f 8093//8094 8096//8094 8095//8094
f 8094//8095 8095//8095 8093//8095
f 8095//8096 8096//8096 8093//8096
f 8097//8097 8099//8097 8098//8097
f 8097//8098 8100//8098 8099//8098
f 8098//8099 8099//8099 8097//8099
f 8099//8100 8100//8100 8097//8100
f 8101//8101 8103//8101 8102//8101
f 8101//8102 8104//8102 8103//8102
f 8102//8103 8103//8103 8101//8103
f 8103//8104 8104//8104 8101//8104
f 8105//8105 8107//8105 8106//8105
f 8105//8106 8108//8106 8107//8106
f 8106//8107 8107//8107 8105//8107
f 8107//8108 8108//8108 8105//8108
f 8109//8109 8111//8109 8110//8109
f 8109//8110 8112//8110 8111//8110
f 8110//8111 8111//8111 8109//8111
f 8111//8112 8112//8112 8109//8112
f 8113//8113 8115//8113 8114//8113
f 8113//8114 8116//8114 8115//8114
f 8114//8115 8115//8115 8113//8115
f 8115//8116 8116//8116 8113//8116
f 8117//8117 8119//8117 8118//8117
f 8117//8118 8120//8118 8119//8118
f 8118//8119 8119//8119 8117//8119
f 8119//8120 8120//8120 8117//8120
f 8121//8121 8123//8121 8122//8121
f 8121//8122 8124//8122 8123//8122
f 8122//8123 8123//8123 8121//8123
f 8123//8124 8124//8124 8121//8124
f 8125//8125 8127//8125 8126//8125
f 8125//8126 8128//8126 8127//8126
f 8126//8127 8127//8127 8125//8127
f 8127//8128 8128//8128 8125//8128
f 8129//8129 8131//8129 8130//8129
f 8129//8130 8132//8130 8131//8130
f 8130//8131 8131//8131 8129//8131
f 8131//8132 8132//8132 8129//8132
f 8133//8133 8135//8133 8134//8133
f 8133//8134 8136//8134 8135//8134
f 8134//8135 8135//8135 8133//8135
f 8135//8136 8136//8136 8133//8136
f 8137//8137 8139//8137 8138//8137
f 8137//8138 8140//8138 8139//8138
f 8138//8139 8139//8139 8137//8139
f 8139//8140 8140//8140 8137//8140
f 8141//8141 8143//8141 8142//8141
f 8141//8142 8144//8142 8143//8142
f 8142//8143 8143//8143 8141//8143
f 8143//8144 8144//8144 8141//8144
f 8145//8145 8147//8145 8146//8145
f 8145//8146 8148//8146 8147//8146
f 8146//8147 8147//8147 8145//8147
f 8147//8148 8148//8148 8145//8148
f 8149//8149 8151//8149 8150//8149
f 8149//8150 8152//8150 8151//8150
f 8150//8151 8151//8151 8149//8151
f 8151//8152 8152//8152 8149//8152
f 8153//8153 8155//8153 8154//8153
f 8153//8154 8156//8154 8155//8154
f 8154//8155 8155//8155 8153//8155
f 8155//8156 8156//8156 8153//8156
f 8157//8157 8159//8157 8158//8157
f 8157//8158 8160//8158 8159//8158
f 8158//8159 8159//8159 8157//8159
f 8159//8160 8160//8160 8157//8160
f 8161//8161 8163//8161 8162//8161
f 8161//8162 8164//8162 8163//8162
f 8162//8163 8163//8163 8161//8163
f 8163//8164 8164//8164 8161//8164
f 8165//8165 8167//8165 8166//8165
f 8165//8166 8168//8166 8167//8166
f 8166//8167 8167//8167 8165//8167
f 8167//8168 8168//8168 8165//8168
f 8169//8169 8171//8169 8170//8169
f 8169//8170 8172//8170 8171//8170
f 8170//8171 8171//8171 8169//8171
f 8171//8172 8172//8172 8169//8172
f 8173//8173 8175//8173 8174//8173
f 8173//8174 8176//8174 8175//8174
f 8174//8175 8175//8175 8173//8175
f 8175//8176 8176//8176 8173//8176
f 8177//8177 8179//8177 8178//8177
f 8177//8178 8180//8178 8179//8178
f 8178//8179 8179//8179 8177//8179
f 8179//8180 8180//8180 8177//8180
f 8181//8181 8183//8181 8182//8181
f 8181//8182 8184//8182 8183//8182
f 8182//8183 8183//8183 8181//8183
f 8183//8184 8184//8184 8181//8184
f 8185//8185 8187//8185 8186//8185
f 8185//8186 8188//8186 8187//8186
f 8186//8187 8187//8187 8185//8187
f 8187//8188 8188//8188 8185//8188
f 8189//8189 8191//8189 8190//8189
f 8189//8190 8192//8190 8191//8190
f 8190//8191 8191//8191 8189//8191
f 8191//8192 8192//8192 8189//8192
f 8193//8193 8195//8193 8194//8193
f 8193//8194 8196//8194 8195//8194
f 8194//8195 8195//8195 8193//8195
f 8195//8196 8196//8196 8193//8196
f 8197//8197 8199//8197 8198//8197
f 8197//8198 8200//8198 8199//8198
f 8198//8199 8199//8199 8197//8199
f 8199//8200 8200//8200 8197//8200
f 8201//8201 8203//8201 8202//8201
f 8201//8202 8204//8202 8203//8202
f 8202//8203 8203//8203 8201//8203
f 8203//8204 8204//8204 8201//8204
f 8205//8205 8207//8205 8206//8205
f 8205//8206 8208//8206 8207//8206
f 8206//8207 8207//8207 8205//8207
f 8207//8208 8208//8208 8205//8208
f 8209//8209 8211//8209 8210//8209
f 8209//8210 8212//8210 8211//8210
f 8210//8211 8211//8211 8209//8211
f 8211//8212 8212//8212 8209//8212
f 8213//8213 8215//8213 8214//8213
f 8213//8214 8216//8214 8215//8214
f 8214//8215 8215//8215 8213//8215
f 8215//8216 8216//8216 8213//8216
f 8217//8217 8219//8217 8218//8217
f 8217//8218 8220//8218 8219//8218
f 8218//8219 8219//8219 8217//8219
f 8219//8220 8220//8220 8217//8220
f 8221//8221 8223//8221 8222//8221
f 8221//8222 8224//8222 8223//8222
f 8222//8223 8223//8223 8221//8223
f 8223//8224 8224//8224 8221//8224
f 8225//8225 8227//8225 8226//8225
f 8225//8226 8228//8226 8227//8226
f 8226//8227 8227//8227 8225//8227
f 8227//8228 8228//8228 8225//8228
f 8229//8229 8231//8229 8230//8229
f 8229//8230 8232//8230 8231//8230
f 8230//8231 8231//8231 8229//8231
f 8231//8232 8232//8232 8229//8232
f 8233//8233 8235//8233 8234//8233
f 8233//8234 8236//8234 8235//8234
f 8234//8235 8235//8235 8233//8235
f 8235//8236 8236//8236 8233//8236
f 8237//8237 8239//8237 8238//8237
f 8237//8238 8240//8238 8239//8238
f 8238//8239 8239//8239 8237//8239
f 8239//8240 8240//8240 8237//8240
f 8241//8241 8243//8241 8242//8241
f 8241//8242 8244//8242 8243//8242
f 8242//8243 8243//8243 8241//8243
f 8243//8244 8244//8244 8241//8244
f 8245//8245 8247//8245 8246//8245
f 8245//8246 8248//8246 8247//8246
f 8246//8247 8247//8247 8245//8247
f 8247//8248 8248//8248 8245//8248
f 8249//8249 8251//8249 8250//8249
f 8249//8250 8252//8250 8251//8250
f 8250//8251 8251//8251 8249//8251
f 8251//8252 8252//8252 8249//8252
f 8253//8253 8255//8253 8254//8253
f 8253//8254 8256//8254 8255//8254
f 8254//8255 8255//8255 8253//8255
f 8255//8256 8256//8256 8253//8256
f 8257//8257 8259//8257 8258//8257
f 8257//8258 8260//8258 8259//8258
f 8258//8259 8259//8259 8257//8259
f 8259//8260 8260//8260 8257//8260
f 8261//8261 8263//8261 8262//8261
f 8261//8262 8264//8262 8263//8262
f 8262//8263 8263//8263 8261//8263
f 8263//8264 8264//8264 8261//8264
f 8265//8265 8267//8265 8266//8265
f 8265//8266 8268//8266 8267//8266
f 8266//8267 8267//8267 8265//8267
f 8267//8268 8268//8268 8265//8268
f 8269//8269 8271//8269 8270//8269
f 8269//8270 8272//8270 8271//8270
f 8270//8271 8271//8271 8269//8271
f 8271//8272 8272//8272 8269//8272
f 8273//8273 8275//8273 8274//8273
f 8273//8274 8276//8274 8275//8274
f 8274//8275 8275//8275 8273//8275
f 8275//8276 8276//8276 8273//8276
f 8277//8277 8279//8277 8278//8277
f 8277//8278 8280//8278 8279//8278
f 8278//8279 8279//8279 8277//8279
f 8279//8280 8280//8280 8277//8280
f 8281//8281 8283//8281 8282//8281
f 8281//8282 8284//8282 8283//8282
f 8282//8283 8283//8283 8281//8283
f 8283//8284 8284//8284 8281//8284
f 8285//8285 8287//8285 8286//8285
f 8285//8286 8288//8286 8287//8286
f 8286//8287 8287//8287 8285//8287
f 8287//8288 8288//8288 8285//8288
f 8289//8289 8291//8289 8290//8289
f 8289//8290 8292//8290 8291//8290
f 8290//8291 8291//8291 8289//8291
f 8291//8292 8292//8292 8289//8292
f 8293//8293 8295//8293 8294//8293
f 8293//8294 8296//8294 8295//8294
f 8294//8295 8295//8295 8293//8295
f 8295//8296 8296//8296 8293//8296
f 8297//8297 8299//8297 8298//8297
f 8297//8298 8300//8298 8299//8298
f 8298//8299 8299//8299 8297//8299
f 8299//8300 8300//8300 8297//8300
f 8301//8301 8303//8301 8302//8301
f 8301//8302 8304//8302 8303//8302
f 8302//8303 8303//8303 8301//8303
f 8303//8304 8304//8304 8301//8304
f 8305//8305 8307//8305 8306//8305
f 8305//8306 8308//8306 8307//8306
f 8306//8307 8307//8307 8305//8307
f 8307//8308 8308//8308 8305//8308
f 8309//8309 8311//8309 8310//8309
f 8309//8310 8312//8310 8311//8310
f 8310//8311 8311//8311 8309//8311
f 8311//8312 8312//8312 8309//8312
f 8313//8313 8315//8313 8314//8313
f 8313//8314 8316//8314 8315//8314
f 8314//8315 8315//8315 8313//8315
f 8315//8316 8316//8316 8313//8316
f 8317//8317 8319//8317 8318//8317
f 8317//8318 8320//8318 8319//8318
f 8318//8319 8319//8319 8317//8319
f 8319//8320 8320//8320 8317//8320
f 8321//8321 8323//8321 8322//8321
f 8321//8322 8324//8322 8323//8322
f 8322//8323 8323//8323 8321//8323
f 8323//8324 8324//8324 8321//8324
f 8325//8325 8327//8325 8326//8325
f 8325//8326 8328//8326 8327//8326
f 8326//8327 8327//8327 8325//8327
f 8327//8328 8328//8328 8325//8328
f 8329//8329 8331//8329 8330//8329
f 8329//8330 8332//8330 8331//8330
f 8330//8331 8331//8331 8329//8331
f 8331//8332 8332//8332 8329//8332
f 8333//8333 8335//8333 8334//8333
f 8333//8334 8336//8334 8335//8334
f 8334//8335 8335//8335 8333//8335
f 8335//8336 8336//8336 8333//8336
f 8337//8337 8339//8337 8338//8337
f 8337//8338 8340//8338 8339//8338
f 8338//8339 8339//8339 8337//8339
f 8339//8340 8340//8340 8337//8340
f 8341//8341 8343//8341 8342//8341
f 8341//8342 8344//8342 8343//8342
f 8342//8343 8343//8343 8341//8343
f 8343//8344 8344//8344 8341//8344
f 8345//8345 8347//8345 8346//8345
f 8345//8346 8348//8346 8347//8346
f 8346//8347 8347//8347 8345//8347
f 8347//8348 8348//8348 8345//8348
f 8349//8349 8351//8349 8350//8349
f 8349//8350 8352//8350 8351//8350
f 8350//8351 8351//8351 8349//8351
f 8351//8352 8352//8352 8349//8352
f 8353//8353 8355//8353 8354//8353
f 8353//8354 8356//8354 8355//8354
f 8354//8355 8355//8355 8353//8355
f 8355//8356 8356//8356 8353//8356
f 8357//8357 8359//8357 8358//8357
f 8357//8358 8360//8358 8359//8358
f 8358//8359 8359//8359 8357//8359
f 8359//8360 8360//8360 8357//8360
f 8361//8361 8363//8361 8362//8361
f 8361//8362 8364//8362 8363//8362
f 8362//8363 8363//8363 8361//8363
f 8363//8364 8364//8364 8361//8364
f 8365//8365 8367//8365 8366//8365
f 8365//8366 8368//8366 8367//8366
f 8366//8367 8367//8367 8365//8367
f 8367//8368 8368//8368 8365//8368
f 8369//8369 8371//8369 8370//8369
f 8369//8370 8372//8370 8371//8370
f 8370//8371 8371//8371 8369//8371
f 8371//8372 8372//8372 8369//8372
f 8373//8373 8375//8373 8374//8373
f 8373//8374 8376//8374 8375//8374
f 8374//8375 8375//8375 8373//8375
f 8375//8376 8376//8376 8373//8376
f 8377//8377 8379//8377 8378//8377
f 8377//8378 8380//8378 8379//8378
f 8378//8379 8379//8379 8377//8379
f 8379//8380 8380//8380 8377//8380
f 8381//8381 8383//8381 8382//8381
f 8381//8382 8384//8382 8383//8382
f 8382//8383 8383//8383 8381//8383
f 8383//8384 8384//8384 8381//8384
f 8385//8385 8387//8385 8386//8385
f 8385//8386 8388//8386 8387//8386
f 8386//8387 8387//8387 8385//8387
f 8387//8388 8388//8388 8385//8388
f 8389//8389 8391//8389 8390//8389
f 8389//8390 8392//8390 8391//8390
f 8390//8391 8391//8391 8389//8391
f 8391//8392 8392//8392 8389//8392
f 8393//8393 8395//8393 8394//8393
f 8393//8394 8396//8394 8395//8394
f 8394//8395 8395//8395 8393//8395
f 8395//8396 8396//8396 8393//8396
f 8397//8397 8399//8397 8398//8397
f 8397//8398 8400//8398 8399//8398
f 8398//8399 8399//8399 8397//8399
f 8399//8400 8400//8400 8397//8400
f 8401//8401 8403//8401 8402//8401
f 8401//8402 8404//8402 8403//8402
f 8402//8403 8403//8403 8401//8403
f 8403//8404 8404//8404 8401//8404
f 8405//8405 8407//8405 8406//8405
f 8405//8406 8408//8406 8407//8406
f 8406//8407 8407//8407 8405//8407
f 8407//8408 8408//8408 8405//8408
f 8409//8409 8411//8409 8410//8409
f 8409//8410 8412//8410 8411//8410
f 8410//8411 8411//8411 8409//8411
f 8411//8412 8412//8412 8409//8412
f 8413//8413 8415//8413 8414//8413
f 8413//8414 8416//8414 8415//8414
f 8414//8415 8415//8415 8413//8415
f 8415//8416 8416//8416 8413//8416
f 8417//8417 8419//8417 8418//8417
f 8417//8418 8420//8418 8419//8418
f 8418//8419 8419//8419 8417//8419
f 8419//8420 8420//8420 8417//8420
f 8421//8421 8423//8421 8422//8421
f 8421//8422 8424//8422 8423//8422
f 8422//8423 8423//8423 8421//8423
f 8423//8424 8424//8424 8421//8424
f 8425//8425 8427//8425 8426//8425
f 8425//8426 8428//8426 8427//8426
f 8426//8427 8427//8427 8425//8427
f 8427//8428 8428//8428 8425//8428
f 8429//8429 8431//8429 8430//8429
f 8429//8430 8432//8430 8431//8430
f 8430//8431 8431//8431 8429//8431
f 8431//8432 8432//8432 8429//8432
f 8433//8433 8435//8433 8434//8433
f 8433//8434 8436//8434 8435//8434
f 8434//8435 8435//8435 8433//8435
f 8435//8436 8436//8436 8433//8436
f 8437//8437 8439//8437 8438//8437
f 8437//8438 8440//8438 8439//8438
f 8438//8439 8439//8439 8437//8439
f 8439//8440 8440//8440 8437//8440
f 8441//8441 8443//8441 8442//8441
f 8441//8442 8444//8442 8443//8442
f 8442//8443 8443//8443 8441//8443
f 8443//8444 8444//8444 8441//8444
f 8445//8445 8447//8445 8446//8445
f 8445//8446 8448//8446 8447//8446
f 8446//8447 8447//8447 8445//8447
f 8447//8448 8448//8448 8445//8448
f 8449//8449 8451//8449 8450//8449
f 8449//8450 8452//8450 8451//8450
f 8450//8451 8451//8451 8449//8451
f 8451//8452 8452//8452 8449//8452
f 8453//8453 8455//8453 8454//8453
f 8453//8454 8456//8454 8455//8454
f 8454//8455 8455//8455 8453//8455
f 8455//8456 8456//8456 8453//8456
f 8457//8457 8459//8457 8458//8457
f 8457//8458 8460//8458 8459//8458
f 8458//8459 8459//8459 8457//8459
f 8459//8460 8460//8460 8457//8460
f 8461//8461 8463//8461 8462//8461
f 8461//8462 8464//8462 8463//8462
f 8462//8463 8463//8463 8461//8463
f 8463//8464 8464//8464 8461//8464
f 8465//8465 8467//8465 8466//8465
f 8465//8466 8468//8466 8467//8466
f 8466//8467 8467//8467 8465//8467
f 8467//8468 8468//8468 8465//8468
f 8469//8469 8471//8469 8470//8469
f 8469//8470 8472//8470 8471//8470
f 8470//8471 8471//8471 8469//8471
f 8471//8472 8472//8472 8469//8472
f 8473//8473 8475//8473 8474//8473
f 8473//8474 8476//8474 8475//8474
f 8474//8475 8475//8475 8473//8475
f 8475//8476 8476//8476 8473//8476
f 8477//8477 8479//8477 8478//8477
f 8477//8478 8480//8478 8479//8478
f 8478//8479 8479//8479 8477//8479
f 8479//8480 8480//8480 8477//8480
f 8481//8481 8483//8481 8482//8481
f 8481//8482 8484//8482 8483//8482
f 8482//8483 8483//8483 8481//8483
f 8483//8484 8484//8484 8481//8484
f 8485//8485 8487//8485 8486//8485
f 8485//8486 8488//8486 8487//8486
f 8486//8487 8487//8487 8485//8487
f 8487//8488 8488//8488 8485//8488
f 8489//8489 8491//8489 8490//8489
f 8489//8490 8492//8490 8491//8490
f 8490//8491 8491//8491 8489//8491
f 8491//8492 8492//8492 8489//8492
f 8493//8493 8495//8493 8494//8493
f 8493//8494 8496//8494 8495//8494
f 8494//8495 8495//8495 8493//8495
f 8495//8496 8496//8496 8493//8496
f 8497//8497 8499//8497 8498//8497
f 8497//8498 8500//8498 8499//8498
f 8498//8499 8499//8499 8497//8499
f 8499//8500 8500//8500 8497//8500
f 8501//8501 8503//8501 8502//8501
f 8501//8502 8504//8502 8503//8502
f 8502//8503 8503//8503 8501//8503
f 8503//8504 8504//8504 8501//8504
f 8505//8505 8507//8505 8506//8505
f 8505//8506 8508//8506 8507//8506
f 8506//8507 8507//8507 8505//8507
f 8507//8508 8508//8508 8505//8508
f 8509//8509 8511//8509 8510//8509
f 8509//8510 8512//8510 8511//8510
f 8510//8511 8511//8511 8509//8511
f 8511//8512 8512//8512 8509//8512
f 8513//8513 8515//8513 8514//8513
f 8513//8514 8516//8514 8515//8514
f 8514//8515 8515//8515 8513//8515
f 8515//8516 8516//8516 8513//8516
f 8517//8517 8519//8517 8518//8517
f 8517//8518 8520//8518 8519//8518
f 8518//8519 8519//8519 8517//8519
f 8519//8520 8520//8520 8517//8520
f 8521//8521 8523//8521 8522//8521
f 8521//8522 8524//8522 8523//8522
f 8522//8523 8523//8523 8521//8523
f 8523//8524 8524//8524 8521//8524
f 8525//8525 8527//8525 8526//8525
f 8525//8526 8528//8526 8527//8526
f 8526//8527 8527//8527 8525//8527
f 8527//8528 8528//8528 8525//8528
f 8529//8529 8531//8529 8530//8529
f 8529//8530 8532//8530 8531//8530
f 8530//8531 8531//8531 8529//8531
f 8531//8532 8532//8532 8529//8532
f 8533//8533 8535//8533 8534//8533
f 8533//8534 8536//8534 8535//8534
f 8534//8535 8535//8535 8533//8535
f 8535//8536 8536//8536 8533//8536
f 8537//8537 8539//8537 8538//8537
f 8537//8538 8540//8538 8539//8538
f 8538//8539 8539//8539 8537//8539
f 8539//8540 8540//8540 8537//8540
f 8541//8541 8543//8541 8542//8541
f 8541//8542 8544//8542 8543//8542
f 8542//8543 8543//8543 8541//8543
f 8543//8544 8544//8544 8541//8544
f 8545//8545 8547//8545 8546//8545
f 8545//8546 8548//8546 8547//8546
f 8546//8547 8547//8547 8545//8547
f 8547//8548 8548//8548 8545//8548
f 8549//8549 8551//8549 8550//8549
f 8549//8550 8552//8550 8551//8550
f 8550//8551 8551//8551 8549//8551
f 8551//8552 8552//8552 8549//8552
f 8553//8553 8555//8553 8554//8553
f 8553//8554 8556//8554 8555//8554
f 8554//8555 8555//8555 8553//8555
f 8555//8556 8556//8556 8553//8556
f 8557//8557 8559//8557 8558//8557
f 8557//8558 8560//8558 8559//8558
f 8558//8559 8559//8559 8557//8559
f 8559//8560 8560//8560 8557//8560
f 8561//8561 8563//8561 8562//8561
f 8561//8562 8564//8562 8563//8562
f 8562//8563 8563//8563 8561//8563
f 8563//8564 8564//8564 8561//8564
f 8565//8565 8567//8565 8566//8565
f 8565//8566 8568//8566 8567//8566
f 8566//8567 8567//8567 8565//8567
f 8567//8568 8568//8568 8565//8568
f 8569//8569 8571//8569 8570//8569
f 8569//8570 8572//8570 8571//8570
f 8570//8571 8571//8571 8569//8571
f 8571//8572 8572//8572 8569//8572
f 8573//8573 8575//8573 8574//8573
f 8573//8574 8576//8574 8575//8574
f 8574//8575 8575//8575 8573//8575
f 8575//8576 8576//8576 8573//8576
f 8577//8577 8579//8577 8578//8577
f 8577//8578 8580//8578 8579//8578
f 8578//8579 8579//8579 8577//8579
f 8579//8580 8580//8580 8577//8580
f 8581//8581 8583//8581 8582//8581
f 8581//8582 8584//8582 8583//8582
f 8582//8583 8583//8583 8581//8583
f 8583//8584 8584//8584 8581//8584
f 8585//8585 8587//8585 8586//8585
f 8585//8586 8588//8586 8587//8586
f 8586//8587 8587//8587 8585//8587
f 8587//8588 8588//8588 8585//8588
f 8589//8589 8591//8589 8590//8589
f 8589//8590 8592//8590 8591//8590
f 8590//8591 8591//8591 8589//8591
f 8591//8592 8592//8592 8589//8592
f 8593//8593 8595//8593 8594//8593
f 8593//8594 8596//8594 8595//8594
f 8594//8595 8595//8595 8593//8595
f 8595//8596 8596//8596 8593//8596
f 8597//8597 8599//8597 8598//8597
f 8597//8598 8600//8598 8599//8598
f 8598//8599 8599//8599 8597//8599
f 8599//8600 8600//8600 8597//8600
f 8601//8601 8603//8601 8602//8601
f 8601//8602 8604//8602 8603//8602
f 8602//8603 8603//8603 8601//8603
f 8603//8604 8604//8604 8601//8604
f 8605//8605 8607//8605 8606//8605
f 8605//8606 8608//8606 8607//8606
f 8606//8607 8607//8607 8605//8607
f 8607//8608 8608//8608 8605//8608
f 8609//8609 8611//8609 8610//8609
f 8609//8610 8612//8610 8611//8610
f 8610//8611 8611//8611 8609//8611
f 8611//8612 8612//8612 8609//8612
f 8613//8613 8615//8613 8614//8613
f 8613//8614 8616//8614 8615//8614
f 8614//8615 8615//8615 8613//8615
f 8615//8616 8616//8616 8613//8616
f 8617//8617 8619//8617 8618//8617
f 8617//8618 8620//8618 8619//8618
f 8618//8619 8619//8619 8617//8619
f 8619//8620 8620//8620 8617//8620
f 8621//8621 8623//8621 8622//8621
f 8621//8622 8624//8622 8623//8622
f 8622//8623 8623//8623 8621//8623
f 8623//8624 8624//8624 8621//8624
f 8625//8625 8627//8625 8626//8625
f 8625//8626 8628//8626 8627//8626
f 8626//8627 8627//8627 8625//8627
f 8627//8628 8628//8628 8625//8628
f 8629//8629 8631//8629 8630//8629
f 8629//8630 8632//8630 8631//8630
f 8630//8631 8631//8631 8629//8631
f 8631//8632 8632//8632 8629//8632
f 8633//8633 8635//8633 8634//8633
f 8633//8634 8636//8634 8635//8634
f 8634//8635 8635//8635 8633//8635
f 8635//8636 8636//8636 8633//8636
f 8637//8637 8639//8637 8638//8637
f 8637//8638 8640//8638 8639//8638
f 8638//8639 8639//8639 8637//8639
f 8639//8640 8640//8640 8637//8640
f 8641//8641 8643//8641 8642//8641
f 8641//8642 8644//8642 8643//8642
f 8642//8643 8643//8643 8641//8643
f 8643//8644 8644//8644 8641//8644
f 8645//8645 8647//8645 8646//8645
f 8645//8646 8648//8646 8647//8646
f 8646//8647 8647//8647 8645//8647
f 8647//8648 8648//8648 8645//8648
f 8649//8649 8651//8649 8650//8649
f 8649//8650 8652//8650 8651//8650
f 8650//8651 8651//8651 8649//8651
f 8651//8652 8652//8652 8649//8652
f 8653//8653 8655//8653 8654//8653
f 8653//8654 8656//8654 8655//8654
f 8654//8655 8655//8655 8653//8655
f 8655//8656 8656//8656 8653//8656
f 8657//8657 8659//8657 8658//8657
f 8657//8658 8660//8658 8659//8658
f 8658//8659 8659//8659 8657//8659
f 8659//8660 8660//8660 8657//8660
f 8661//8661 8663//8661 8662//8661
f 8661//8662 8664//8662 8663//8662
f 8662//8663 8663//8663 8661//8663
f 8663//8664 8664//8664 8661//8664
f 8665//8665 8667//8665 8666//8665
f 8665//8666 8668//8666 8667//8666
f 8666//8667 8667//8667 8665//8667
f 8667//8668 8668//8668 8665//8668
f 8669//8669 8671//8669 8670//8669
f 8669//8670 8672//8670 8671//8670
f 8670//8671 8671//8671 8669//8671
f 8671//8672 8672//8672 8669//8672
f 8673//8673 8675//8673 8674//8673
f 8673//8674 8676//8674 8675//8674
f 8674//8675 8675//8675 8673//8675
f 8675//8676 8676//8676 8673//8676
f 8677//8677 8679//8677 8678//8677
f 8677//8678 8680//8678 8679//8678
f 8678//8679 8679//8679 8677//8679
f 8679//8680 8680//8680 8677//8680
f 8681//8681 8683//8681 8682//8681
f 8681//8682 8684//8682 8683//8682
f 8682//8683 8683//8683 8681//8683
f 8683//8684 8684//8684 8681//8684
f 8685//8685 8687//8685 8686//8685
f 8685//8686 8688//8686 8687//8686
f 8686//8687 8687//8687 8685//8687
f 8687//8688 8688//8688 8685//8688
f 8689//8689 8691//8689 8690//8689
f 8689//8690 8692//8690 8691//8690
f 8690//8691 8691//8691 8689//8691
f 8691//8692 8692//8692 8689//8692
f 8693//8693 8695//8693 8694//8693
f 8693//8694 8696//8694 8695//8694
f 8694//8695 8695//8695 8693//8695
f 8695//8696 8696//8696 8693//8696
f 8697//8697 8699//8697 8698//8697
f 8697//8698 8700//8698 8699//8698
f 8698//8699 8699//8699 8697//8699
f 8699//8700 8700//8700 8697//8700
f 8701//8701 8703//8701 8702//8701
f 8701//8702 8704//8702 8703//8702
f 8702//8703 8703//8703 8701//8703
f 8703//8704 8704//8704 8701//8704
f 8705//8705 8707//8705 8706//8705
f 8705//8706 8708//8706 8707//8706
f 8706//8707 8707//8707 8705//8707
f 8707//8708 8708//8708 8705//8708
f 8709//8709 8711//8709 8710//8709
f 8709//8710 8712//8710 8711//8710
f 8710//8711 8711//8711 8709//8711
f 8711//8712 8712//8712 8709//8712
f 8713//8713 8715//8713 8714//8713
f 8713//8714 8716//8714 8715//8714
f 8714//8715 8715//8715 8713//8715
f 8715//8716 8716//8716 8713//8716
f 8717//8717 8719//8717 8718//8717
f 8717//8718 8720//8718 8719//8718
f 8718//8719 8719//8719 8717//8719
f 8719//8720 8720//8720 8717//8720
f 8721//8721 8723//8721 8722//8721
f 8721//8722 8724//8722 8723//8722
f 8722//8723 8723//8723 8721//8723
f 8723//8724 8724//8724 8721//8724
f 8725//8725 8727//8725 8726//8725
f 8725//8726 8728//8726 8727//8726
f 8726//8727 8727//8727 8725//8727
f 8727//8728 8728//8728 8725//8728
f 8729//8729 8731//8729 8730//8729
f 8729//8730 8732//8730 8731//8730
f 8730//8731 8731//8731 8729//8731
f 8731//8732 8732//8732 8729//8732
f 8733//8733 8735//8733 8734//8733
f 8733//8734 8736//8734 8735//8734
f 8734//8735 8735//8735 8733//8735
f 8735//8736 8736//8736 8733//8736
f 8737//8737 8739//8737 8738//8737
f 8737//8738 8740//8738 8739//8738
f 8738//8739 8739//8739 8737//8739
f 8739//8740 8740//8740 8737//8740
f 8741//8741 8743//8741 8742//8741
f 8741//8742 8744//8742 8743//8742
f 8742//8743 8743//8743 8741//8743
f 8743//8744 8744//8744 8741//8744
f 8745//8745 8747//8745 8746//8745
f 8745//8746 8748//8746 8747//8746
f 8746//8747 8747//8747 8745//8747
f 8747//8748 8748//8748 8745//8748
f 8749//8749 8751//8749 8750//8749
f 8749//8750 8752//8750 8751//8750
f 8750//8751 8751//8751 8749//8751
f 8751//8752 8752//8752 8749//8752
f 8753//8753 8755//8753 8754//8753
f 8753//8754 8756//8754 8755//8754
f 8754//8755 8755//8755 8753//8755
f 8755//8756 8756//8756 8753//8756
f 8757//8757 8759//8757 8758//8757
f 8757//8758 8760//8758 8759//8758
f 8758//8759 8759//8759 8757//8759
f 8759//8760 8760//8760 8757//8760
f 8761//8761 8763//8761 8762//8761
f 8761//8762 8764//8762 8763//8762
f 8762//8763 8763//8763 8761//8763
f 8763//8764 8764//8764 8761//8764
f 8765//8765 8767//8765 8766//8765
f 8765//8766 8768//8766 8767//8766
f 8766//8767 8767//8767 8765//8767
f 8767//8768 8768//8768 8765//8768
f 8769//8769 8771//8769 8770//8769
f 8769//8770 8772//8770 8771//8770
f 8770//8771 8771//8771 8769//8771
f 8771//8772 8772//8772 8769//8772
f 8773//8773 8775//8773 8774//8773
f 8773//8774 8776//8774 8775//8774
f 8774//8775 8775//8775 8773//8775
f 8775//8776 8776//8776 8773//8776
f 8777//8777 8779//8777 8778//8777
f 8777//8778 8780//8778 8779//8778
f 8778//8779 8779//8779 8777//8779
f 8779//8780 8780//8780 8777//8780
f 8781//8781 8783//8781 8782//8781
f 8781//8782 8784//8782 8783//8782
f 8782//8783 8783//8783 8781//8783
f 8783//8784 8784//8784 8781//8784
f 8785//8785 8787//8785 8786//8785
f 8785//8786 8788//8786 8787//8786
f 8786//8787 8787//8787 8785//8787
f 8787//8788 8788//8788 8785//8788
f 8789//8789 8791//8789 8790//8789
f 8789//8790 8792//8790 8791//8790
f 8790//8791 8791//8791 8789//8791
f 8791//8792 8792//8792 8789//8792
f 8793//8793 8795//8793 8794//8793
f 8793//8794 8796//8794 8795//8794
f 8794//8795 8795//8795 8793//8795
f 8795//8796 8796//8796 8793//8796
f 8797//8797 8799//8797 8798//8797
f 8797//8798 8800//8798 8799//8798
f 8798//8799 8799//8799 8797//8799
f 8799//8800 8800//8800 8797//8800
f 8801//8801 8803//8801 8802//8801
f 8801//8802 8804//8802 8803//8802
f 8802//8803 8803//8803 8801//8803
f 8803//8804 8804//8804 8801//8804
f 8805//8805 8807//8805 8806//8805
f 8805//8806 8808//8806 8807//8806
f 8806//8807 8807//8807 8805//8807
f 8807//8808 8808//8808 8805//8808
f 8809//8809 8811//8809 8810//8809
f 8809//8810 8812//8810 8811//8810
f 8810//8811 8811//8811 8809//8811
f 8811//8812 8812//8812 8809//8812
f 8813//8813 8815//8813 8814//8813
f 8813//8814 8816//8814 8815//8814
f 8814//8815 8815//8815 8813//8815
f 8815//8816 8816//8816 8813//8816
f 8817//8817 8819//8817 8818//8817
f 8817//8818 8820//8818 8819//8818
f 8818//8819 8819//8819 8817//8819
f 8819//8820 8820//8820 8817//8820
f 8821//8821 8823//8821 8822//8821
f 8821//8822 8824//8822 8823//8822
f 8822//8823 8823//8823 8821//8823
f 8823//8824 8824//8824 8821//8824
f 8825//8825 8827//8825 8826//8825
f 8825//8826 8828//8826 8827//8826
f 8826//8827 8827//8827 8825//8827
f 8827//8828 8828//8828 8825//8828
f 8829//8829 8831//8829 8830//8829
f 8829//8830 8832//8830 8831//8830
f 8830//8831 8831//8831 8829//8831
f 8831//8832 8832//8832 8829//8832
f 8833//8833 8835//8833 8834//8833
f 8833//8834 8836//8834 8835//8834
f 8834//8835 8835//8835 8833//8835
f 8835//8836 8836//8836 8833//8836
f 8837//8837 8839//8837 8838//8837
f 8837//8838 8840//8838 8839//8838
f 8838//8839 8839//8839 8837//8839
f 8839//8840 8840//8840 8837//8840
f 8841//8841 8843//8841 8842//8841
f 8841//8842 8844//8842 8843//8842
f 8842//8843 8843//8843 8841//8843
f 8843//8844 8844//8844 8841//8844
f 8845//8845 8847//8845 8846//8845
f 8845//8846 8848//8846 8847//8846
f 8846//8847 8847//8847 8845//8847
f 8847//8848 8848//8848 8845//8848
f 8849//8849 8851//8849 8850//8849
f 8849//8850 8852//8850 8851//8850
f 8850//8851 8851//8851 8849//8851
f 8851//8852 8852//8852 8849//8852
f 8853//8853 8855//8853 8854//8853
f 8853//8854 8856//8854 8855//8854
f 8854//8855 8855//8855 8853//8855
f 8855//8856 8856//8856 8853//8856
f 8857//8857 8859//8857 8858//8857
f 8857//8858 8860//8858 8859//8858
f 8858//8859 8859//8859 8857//8859
f 8859//8860 8860//8860 8857//8860
f 8861//8861 8863//8861 8862//8861
f 8861//8862 8864//8862 8863//8862
f 8862//8863 8863//8863 8861//8863
f 8863//8864 8864//8864 8861//8864
f 8865//8865 8867//8865 8866//8865
f 8865//8866 8868//8866 8867//8866
f 8866//8867 8867//8867 8865//8867
f 8867//8868 8868//8868 8865//8868
f 8869//8869 8871//8869 8870//8869
f 8869//8870 8872//8870 8871//8870
f 8870//8871 8871//8871 8869//8871
f 8871//8872 8872//8872 8869//8872
f 8873//8873 8875//8873 8874//8873
f 8873//8874 8876//8874 8875//8874
f 8874//8875 8875//8875 8873//8875
f 8875//8876 8876//8876 8873//8876
f 8877//8877 8879//8877 8878//8877
f 8877//8878 8880//8878 8879//8878
f 8878//8879 8879//8879 8877//8879
f 8879//8880 8880//8880 8877//8880
f 8881//8881 8883//8881 8882//8881
f 8881//8882 8884//8882 8883//8882
f 8882//8883 8883//8883 8881//8883
f 8883//8884 8884//8884 8881//8884
f 8885//8885 8887//8885 8886//8885
f 8885//8886 8888//8886 8887//8886
f 8886//8887 8887//8887 8885//8887
f 8887//8888 8888//8888 8885//8888
f 8889//8889 8891//8889 8890//8889
f 8889//8890 8892//8890 8891//8890
f 8890//8891 8891//8891 8889//8891
f 8891//8892 8892//8892 8889//8892
f 8893//8893 8895//8893 8894//8893
f 8893//8894 8896//8894 8895//8894
f 8894//8895 8895//8895 8893//8895
f 8895//8896 8896//8896 8893//8896
f 8897//8897 8899//8897 8898//8897
f 8897//8898 8900//8898 8899//8898
f 8898//8899 8899//8899 8897//8899
f 8899//8900 8900//8900 8897//8900
f 8901//8901 8903//8901 8902//8901
f 8901//8902 8904//8902 8903//8902
f 8902//8903 8903//8903 8901//8903
f 8903//8904 8904//8904 8901//8904
f 8905//8905 8907//8905 8906//8905
f 8905//8906 8908//8906 8907//8906
f 8906//8907 8907//8907 8905//8907
f 8907//8908 8908//8908 8905//8908
f 8909//8909 8911//8909 8910//8909
f 8909//8910 8912//8910 8911//8910
f 8910//8911 8911//8911 8909//8911
f 8911//8912 8912//8912 8909//8912
f 8913//8913 8915//8913 8914//8913
f 8913//8914 8916//8914 8915//8914
f 8914//8915 8915//8915 8913//8915
f 8915//8916 8916//8916 8913//8916
f 8917//8917 8919//8917 8918//8917
f 8917//8918 8920//8918 8919//8918
f 8918//8919 8919//8919 8917//8919
f 8919//8920 8920//8920 8917//8920
f 8921//8921 8923//8921 8922//8921
f 8921//8922 8924//8922 8923//8922
f 8922//8923 8923//8923 8921//8923
f 8923//8924 8924//8924 8921//8924
f 8925//8925 8927//8925 8926//8925
f 8925//8926 8928//8926 8927//8926
f 8926//8927 8927//8927 8925//8927
f 8927//8928 8928//8928 8925//8928
f 8929//8929 8931//8929 8930//8929
f 8929//8930 8932//8930 8931//8930
f 8930//8931 8931//8931 8929//8931
f 8931//8932 8932//8932 8929//8932
f 8933//8933 8935//8933 8934//8933
f 8933//8934 8936//8934 8935//8934
f 8934//8935 8935//8935 8933//8935
f 8935//8936 8936//8936 8933//8936
f 8937//8937 8939//8937 8938//8937
f 8937//8938 8940//8938 8939//8938
f 8938//8939 8939//8939 8937//8939
f 8939//8940 8940//8940 8937//8940
f 8941//8941 8943//8941 8942//8941
f 8941//8942 8944//8942 8943//8942
f 8942//8943 8943//8943 8941//8943
f 8943//8944 8944//8944 8941//8944
f 8945//8945 8947//8945 8946//8945
f 8945//8946 8948//8946 8947//8946
f 8946//8947 8947//8947 8945//8947
f 8947//8948 8948//8948 8945//8948
f 8949//8949 8951//8949 8950//8949
f 8949//8950 8952//8950 8951//8950
f 8950//8951 8951//8951 8949//8951
f 8951//8952 8952//8952 8949//8952
f 8953//8953 8955//8953 8954//8953
f 8953//8954 8956//8954 8955//8954
f 8954//8955 8955//8955 8953//8955
f 8955//8956 8956//8956 8953//8956
f 8957//8957 8959//8957 8958//8957
f 8957//8958 8960//8958 8959//8958
f 8958//8959 8959//8959 8957//8959
f 8959//8960 8960//8960 8957//8960
f 8961//8961 8963//8961 8962//8961
f 8961//8962 8964//8962 8963//8962
f 8962//8963 8963//8963 8961//8963
f 8963//8964 8964//8964 8961//8964
f 8965//8965 8967//8965 8966//8965
f 8965//8966 8968//8966 8967//8966
f 8966//8967 8967//8967 8965//8967
f 8967//8968 8968//8968 8965//8968
f 8969//8969 8971//8969 8970//8969
f 8969//8970 8972//8970 8971//8970
f 8970//8971 8971//8971 8969//8971
f 8971//8972 8972//8972 8969//8972
f 8973//8973 8975//8973 8974//8973
f 8973//8974 8976//8974 8975//8974
f 8974//8975 8975//8975 8973//8975
f 8975//8976 8976//8976 8973//8976
f 8977//8977 8979//8977 8978//8977
f 8977//8978 8980//8978 8979//8978
f 8978//8979 8979//8979 8977//8979
f 8979//8980 8980//8980 8977//8980
f 8981//8981 8983//8981 8982//8981
f 8981//8982 8984//8982 8983//8982
f 8982//8983 8983//8983 8981//8983
f 8983//8984 8984//8984 8981//8984
f 8985//8985 8987//8985 8986//8985
f 8985//8986 8988//8986 8987//8986
f 8986//8987 8987//8987 8985//8987
f 8987//8988 8988//8988 8985//8988
f 8989//8989 8991//8989 8990//8989
f 8989//8990 8992//8990 8991//8990
f 8990//8991 8991//8991 8989//8991
f 8991//8992 8992//8992 8989//8992
f 8993//8993 8995//8993 8994//8993
f 8993//8994 8996//8994 8995//8994
f 8994//8995 8995//8995 8993//8995
f 8995//8996 8996//8996 8993//8996
f 8997//8997 8999//8997 8998//8997
f 8997//8998 9000//8998 8999//8998
f 8998//8999 8999//8999 8997//8999
f 8999//9000 9000//9000 8997//9000
f 9001//9001 9003//9001 9002//9001
f 9001//9002 9004//9002 9003//9002
f 9002//9003 9003//9003 9001//9003
f 9003//9004 9004//9004 9001//9004
f 9005//9005 9007//9005 9006//9005
f 9005//9006 9008//9006 9007//9006
f 9006//9007 9007//9007 9005//9007
f 9007//9008 9008//9008 9005//9008
f 9009//9009 9011//9009 9010//9009
f 9009//9010 9012//9010 9011//9010
f 9010//9011 9011//9011 9009//9011
f 9011//9012 9012//9012 9009//9012
f 9013//9013 9015//9013 9014//9013
f 9013//9014 9016//9014 9015//9014
f 9014//9015 9015//9015 9013//9015
f 9015//9016 9016//9016 9013//9016
f 9017//9017 9019//9017 9018//9017
f 9017//9018 9020//9018 9019//9018
f 9018//9019 9019//9019 9017//9019
f 9019//9020 9020//9020 9017//9020
f 9021//9021 9023//9021 9022//9021
f 9021//9022 9024//9022 9023//9022
f 9022//9023 9023//9023 9021//9023
f 9023//9024 9024//9024 9021//9024
f 9025//9025 9027//9025 9026//9025
f 9025//9026 9028//9026 9027//9026
f 9026//9027 9027//9027 9025//9027
f 9027//9028 9028//9028 9025//9028
f 9029//9029 9031//9029 9030//9029
f 9029//9030 9032//9030 9031//9030
f 9030//9031 9031//9031 9029//9031
f 9031//9032 9032//9032 9029//9032
f 9033//9033 9035//9033 9034//9033
f 9033//9034 9036//9034 9035//9034
f 9034//9035 9035//9035 9033//9035
f 9035//9036 9036//9036 9033//9036
f 9037//9037 9039//9037 9038//9037
f 9037//9038 9040//9038 9039//9038
f 9038//9039 9039//9039 9037//9039
f 9039//9040 9040//9040 9037//9040
f 9041//9041 9043//9041 9042//9041
f 9041//9042 9044//9042 9043//9042
f 9042//9043 9043//9043 9041//9043
f 9043//9044 9044//9044 9041//9044
f 9045//9045 9047//9045 9046//9045
f 9045//9046 9048//9046 9047//9046
f 9046//9047 9047//9047 9045//9047
f 9047//9048 9048//9048 9045//9048
f 9049//9049 9051//9049 9050//9049
f 9049//9050 9052//9050 9051//9050
f 9050//9051 9051//9051 9049//9051
f 9051//9052 9052//9052 9049//9052
f 9053//9053 9055//9053 9054//9053
f 9053//9054 9056//9054 9055//9054
f 9054//9055 9055//9055 9053//9055
f 9055//9056 9056//9056 9053//9056
f 9057//9057 9059//9057 9058//9057
f 9057//9058 9060//9058 9059//9058
f 9058//9059 9059//9059 9057//9059
f 9059//9060 9060//9060 9057//9060
f 9061//9061 9063//9061 9062//9061
f 9061//9062 9064//9062 9063//9062
f 9062//9063 9063//9063 9061//9063
f 9063//9064 9064//9064 9061//9064
f 9065//9065 9067//9065 9066//9065
f 9065//9066 9068//9066 9067//9066
f 9066//9067 9067//9067 9065//9067
f 9067//9068 9068//9068 9065//9068
f 9069//9069 9071//9069 9070//9069
f 9069//9070 9072//9070 9071//9070
f 9070//9071 9071//9071 9069//9071
f 9071//9072 9072//9072 9069//9072
f 9073//9073 9075//9073 9074//9073
f 9073//9074 9076//9074 9075//9074
f 9074//9075 9075//9075 9073//9075
f 9075//9076 9076//9076 9073//9076
f 9077//9077 9079//9077 9078//9077
f 9077//9078 9080//9078 9079//9078
f 9078//9079 9079//9079 9077//9079
f 9079//9080 9080//9080 9077//9080
f 9081//9081 9083//9081 9082//9081
f 9081//9082 9084//9082 9083//9082
f 9082//9083 9083//9083 9081//9083
f 9083//9084 9084//9084 9081//9084
f 9085//9085 9087//9085 9086//9085
f 9085//9086 9088//9086 9087//9086
f 9086//9087 9087//9087 9085//9087
f 9087//9088 9088//9088 9085//9088
f 9089//9089 9091//9089 9090//9089
f 9089//9090 9092//9090 9091//9090
f 9090//9091 9091//9091 9089//9091
f 9091//9092 9092//9092 9089//9092
f 9093//9093 9095//9093 9094//9093
f 9093//9094 9096//9094 9095//9094
f 9094//9095 9095//9095 9093//9095
f 9095//9096 9096//9096 9093//9096
f 9097//9097 9099//9097 9098//9097
f 9097//9098 9100//9098 9099//9098
f 9098//9099 9099//9099 9097//9099
f 9099//9100 9100//9100 9097//9100
f 9101//9101 9103//9101 9102//9101
f 9101//9102 9104//9102 9103//9102
f 9102//9103 9103//9103 9101//9103
f 9103//9104 9104//9104 9101//9104
f 9105//9105 9107//9105 9106//9105
f 9105//9106 9108//9106 9107//9106
f 9106//9107 9107//9107 9105//9107
f 9107//9108 9108//9108 9105//9108
f 9109//9109 9111//9109 9110//9109
f 9109//9110 9112//9110 9111//9110
f 9110//9111 9111//9111 9109//9111
f 9111//9112 9112//9112 9109//9112
f 9113//9113 9115//9113 9114//9113
f 9113//9114 9116//9114 9115//9114
f 9114//9115 9115//9115 9113//9115
f 9115//9116 9116//9116 9113//9116
f 9117//9117 9119//9117 9118//9117
f 9117//9118 9120//9118 9119//9118
f 9118//9119 9119//9119 9117//9119
f 9119//9120 9120//9120 9117//9120
f 9121//9121 9123//9121 9122//9121
f 9121//9122 9124//9122 9123//9122
f 9122//9123 9123//9123 9121//9123
f 9123//9124 9124//9124 9121//9124
f 9125//9125 9127//9125 9126//9125
f 9125//9126 9128//9126 9127//9126
f 9126//9127 9127//9127 9125//9127
f 9127//9128 9128//9128 9125//9128
f 9129//9129 9131//9129 9130//9129
f 9129//9130 9132//9130 9131//9130
f 9130//9131 9131//9131 9129//9131
f 9131//9132 9132//9132 9129//9132
f 9133//9133 9135//9133 9134//9133
f 9133//9134 9136//9134 9135//9134
f 9134//9135 9135//9135 9133//9135
f 9135//9136 9136//9136 9133//9136
f 9137//9137 9139//9137 9138//9137
f 9137//9138 9140//9138 9139//9138
f 9138//9139 9139//9139 9137//9139
f 9139//9140 9140//9140 9137//9140
f 9141//9141 9143//9141 9142//9141
f 9141//9142 9144//9142 9143//9142
f 9142//9143 9143//9143 9141//9143
f 9143//9144 9144//9144 9141//9144
f 9145//9145 9147//9145 9146//9145
f 9145//9146 9148//9146 9147//9146
f 9146//9147 9147//9147 9145//9147
f 9147//9148 9148//9148 9145//9148
f 9149//9149 9151//9149 9150//9149
f 9149//9150 9152//9150 9151//9150
f 9150//9151 9151//9151 9149//9151
f 9151//9152 9152//9152 9149//9152
f 9153//9153 9155//9153 9154//9153
f 9153//9154 9156//9154 9155//9154
f 9154//9155 9155//9155 9153//9155
f 9155//9156 9156//9156 9153//9156
f 9157//9157 9159//9157 9158//9157
f 9157//9158 9160//9158 9159//9158
f 9158//9159 9159//9159 9157//9159
f 9159//9160 9160//9160 9157//9160
f 9161//9161 9163//9161 9162//9161
f 9161//9162 9164//9162 9163//9162
f 9162//9163 9163//9163 9161//9163
f 9163//9164 9164//9164 9161//9164
f 9165//9165 9167//9165 9166//9165
f 9165//9166 9168//9166 9167//9166
f 9166//9167 9167//9167 9165//9167
f 9167//9168 9168//9168 9165//9168
f 9169//9169 9171//9169 9170//9169
f 9169//9170 9172//9170 9171//9170
f 9170//9171 9171//9171 9169//9171
f 9171//9172 9172//9172 9169//9172
f 9173//9173 9175//9173 9174//9173
f 9173//9174 9176//9174 9175//9174
f 9174//9175 9175//9175 9173//9175
f 9175//9176 9176//9176 9173//9176
f 9177//9177 9179//9177 9178//9177
f 9177//9178 9180//9178 9179//9178
f 9178//9179 9179//9179 9177//9179
f 9179//9180 9180//9180 9177//9180
f 9181//9181 9183//9181 9182//9181
f 9181//9182 9184//9182 9183//9182
f 9182//9183 9183//9183 9181//9183
f 9183//9184 9184//9184 9181//9184
f 9185//9185 9187//9185 9186//9185
f 9185//9186 9188//9186 9187//9186
f 9186//9187 9187//9187 9185//9187
f 9187//9188 9188//9188 9185//9188
f 9189//9189 9191//9189 9190//9189
f 9189//9190 9192//9190 9191//9190
f 9190//9191 9191//9191 9189//9191
f 9191//9192 9192//9192 9189//9192
f 9193//9193 9195//9193 9194//9193
f 9193//9194 9196//9194 9195//9194
f 9194//9195 9195//9195 9193//9195
f 9195//9196 9196//9196 9193//9196
f 9197//9197 9199//9197 9198//9197
f 9197//9198 9200//9198 9199//9198
f 9198//9199 9199//9199 9197//9199
f 9199//9200 9200//9200 9197//9200
f 9201//9201 9203//9201 9202//9201
f 9201//9202 9204//9202 9203//9202
f 9202//9203 9203//9203 9201//9203
f 9203//9204 9204//9204 9201//9204
f 9205//9205 9207//9205 9206//9205
f 9205//9206 9208//9206 9207//9206
f 9206//9207 9207//9207 9205//9207
f 9207//9208 9208//9208 9205//9208
f 9209//9209 9211//9209 9210//9209
f 9209//9210 9212//9210 9211//9210
f 9210//9211 9211//9211 9209//9211
f 9211//9212 9212//9212 9209//9212
f 9213//9213 9215//9213 9214//9213
f 9213//9214 9216//9214 9215//9214
f 9214//9215 9215//9215 9213//9215
f 9215//9216 9216//9216 9213//9216
f 9217//9217 9219//9217 9218//9217
f 9217//9218 9220//9218 9219//9218
f 9218//9219 9219//9219 9217//9219
f 9219//9220 9220//9220 9217//9220
f 9221//9221 9223//9221 9222//9221
f 9221//9222 9224//9222 9223//9222
f 9222//9223 9223//9223 9221//9223
f 9223//9224 9224//9224 9221//9224
f 9225//9225 9227//9225 9226//9225
f 9225//9226 9228//9226 9227//9226
f 9226//9227 9227//9227 9225//9227
f 9227//9228 9228//9228 9225//9228
f 9229//9229 9231//9229 9230//9229
f 9229//9230 9232//9230 9231//9230
f 9230//9231 9231//9231 9229//9231
f 9231//9232 9232//9232 9229//9232
f 9233//9233 9235//9233 9234//9233
f 9233//9234 9236//9234 9235//9234
f 9234//9235 9235//9235 9233//9235
f 9235//9236 9236//9236 9233//9236
f 9237//9237 9239//9237 9238//9237
f 9237//9238 9240//9238 9239//9238
f 9238//9239 9239//9239 9237//9239
f 9239//9240 9240//9240 9237//9240
f 9241//9241 9243//9241 9242//9241
f 9241//9242 9244//9242 9243//9242
f 9242//9243 9243//9243 9241//9243
f 9243//9244 9244//9244 9241//9244
f 9245//9245 9247//9245 9246//9245
f 9245//9246 9248//9246 9247//9246
f 9246//9247 9247//9247 9245//9247
f 9247//9248 9248//9248 9245//9248
f 9249//9249 9251//9249 9250//9249
f 9249//9250 9252//9250 9251//9250
f 9250//9251 9251//9251 9249//9251
f 9251//9252 9252//9252 9249//9252
f 9253//9253 9255//9253 9254//9253
f 9253//9254 9256//9254 9255//9254
f 9254//9255 9255//9255 9253//9255
f 9255//9256 9256//9256 9253//9256
f 9257//9257 9259//9257 9258//9257
f 9257//9258 9260//9258 9259//9258
f 9258//9259 9259//9259 9257//9259
f 9259//9260 9260//9260 9257//9260
f 9261//9261 9263//9261 9262//9261
f 9261//9262 9264//9262 9263//9262
f 9262//9263 9263//9263 9261//9263
f 9263//9264 9264//9264 9261//9264
f 9265//9265 9267//9265 9266//9265
f 9265//9266 9268//9266 9267//9266
f 9266//9267 9267//9267 9265//9267
f 9267//9268 9268//9268 9265//9268
f 9269//9269 9271//9269 9270//9269
f 9269//9270 9272//9270 9271//9270
f 9270//9271 9271//9271 9269//9271
f 9271//9272 9272//9272 9269//9272
f 9273//9273 9275//9273 9274//9273
f 9273//9274 9276//9274 9275//9274
f 9274//9275 9275//9275 9273//9275
f 9275//9276 9276//9276 9273//9276
f 9277//9277 9279//9277 9278//9277
f 9277//9278 9280//9278 9279//9278
f 9278//9279 9279//9279 9277//9279
f 9279//9280 9280//9280 9277//9280
f 9281//9281 9283//9281 9282//9281
f 9281//9282 9284//9282 9283//9282
f 9282//9283 9283//9283 9281//9283
f 9283//9284 9284//9284 9281//9284
f 9285//9285 9287//9285 9286//9285
f 9285//9286 9288//9286 9287//9286
f 9286//9287 9287//9287 9285//9287
f 9287//9288 9288//9288 9285//9288
f 9289//9289 9291//9289 9290//9289
f 9289//9290 9292//9290 9291//9290
f 9290//9291 9291//9291 9289//9291
f 9291//9292 9292//9292 9289//9292
f 9293//9293 9295//9293 9294//9293
f 9293//9294 9296//9294 9295//9294
f 9294//9295 9295//9295 9293//9295
f 9295//9296 9296//9296 9293//9296
f 9297//9297 9299//9297 9298//9297
f 9297//9298 9300//9298 9299//9298
f 9298//9299 9299//9299 9297//9299
f 9299//9300 9300//9300 9297//9300
f 9301//9301 9303//9301 9302//9301
f 9301//9302 9304//9302 9303//9302
f 9302//9303 9303//9303 9301//9303
f 9303//9304 9304//9304 9301//9304
f 9305//9305 9307//9305 9306//9305
f 9305//9306 9308//9306 9307//9306
f 9306//9307 9307//9307 9305//9307
f 9307//9308 9308//9308 9305//9308
f 9309//9309 9311//9309 9310//9309
f 9309//9310 9312//9310 9311//9310
f 9310//9311 9311//9311 9309//9311
f 9311//9312 9312//9312 9309//9312
f 9313//9313 9315//9313 9314//9313
f 9313//9314 9316//9314 9315//9314
f 9314//9315 9315//9315 9313//9315
f 9315//9316 9316//9316 9313//9316
f 9317//9317 9319//9317 9318//9317
f 9317//9318 9320//9318 9319//9318
f 9318//9319 9319//9319 9317//9319
f 9319//9320 9320//9320 9317//9320
f 9321//9321 9323//9321 9322//9321
f 9321//9322 9324//9322 9323//9322
f 9322//9323 9323//9323 9321//9323
f 9323//9324 9324//9324 9321//9324
f 9325//9325 9327//9325 9326//9325
f 9325//9326 9328//9326 9327//9326
f 9326//9327 9327//9327 9325//9327
f 9327//9328 9328//9328 9325//9328
f 9329//9329 9331//9329 9330//9329
f 9329//9330 9332//9330 9331//9330
f 9330//9331 9331//9331 9329//9331
f 9331//9332 9332//9332 9329//9332
f 9333//9333 9335//9333 9334//9333
f 9333//9334 9336//9334 9335//9334
f 9334//9335 9335//9335 9333//9335
f 9335//9336 9336//9336 9333//9336
